URLs,H1 Tags,Meta Title,Meta Descriptions,Meta Keywords,Footer text
/cakes-to-pune,,,,,"<h2>Sending Cakes to Pune Was Never This Easy</h2>

<p>For a city like Pune, which is so full of life, people are always looking for some or the other reason to celebrate, be it birthdays or anniversaries or any other occasion. If your loved ones stay in Pune, you will know how true it is. So it becomes absolutely important for you to send cakes to Pune because you know they are going to enjoy it. Not just Pune, you can now also easily make <a href=""/cakes-to-jaipur"">online cake delivery in Jaipur</a> and every other major city in the country because that's how easy it has become. You can now even make same day cake delivery to Pune sitting from anywhere in the country and be sure that it will be delivered to the one you want to send it to. There is nothing better than cakes to light up even the dullest of days, right?</p> 

<h2>Nothing is better than Flowers and Cakes to Make Someone Feel Loved and Special</h2>

<p>Since ancient times, flowers have helped people express their emotions to each other and hence communicate their true feelings to their loved ones. You can never go wrong in making this day special with a delectable cake and a bunch of fresh flowers. This will not just make your loved one happy but also loan you a feeling of satisfaction. For online cake delivery to Pune or <a href=""/flowers-to-pune"">online flower delivery in Pune</a> at your loved ones doorsteps, you can choose from a plethora of cake and flower or combo options available and be assured of a perfect delivery of your special hamper of the tastiest cake and freshest flowers. You can even choose midnight delivery of cake to Pune to tantalize everyone’s taste buds with the wonderful options available online while saving yourself the hassle of buying them physically.</p>

<h2>Deliver Happiness and Love in a Box through Bookmyflowers</h2>

<p>Since finding cake shops in Pune isn’t a big deal, and you will find one in every lane, it is the quality that might get compromised and nobody wants to adjust on quality, right? This is where you want to find a trustworthy brand that you know will take care of your needs. Bookmyflowers.com does just that. Through us you can now <a href=""/gifts-to-pune"">send gifts to Pune</a> and cakes and flowers as well. We understand the importance of timely delivery and hence you can choose from our wide range of delivery options, like midnight delivery, express delivery and same day delivery and so on. We give utmost importance to your emotions behind the gift that you are sending and our delivery team ensures that your emotions are taken care of, which is why they work hard to deliver your love to your loved ones’ doorsteps.</p>

<h2>Online cake delivery in Pune</h2><p>Bridge the geographical boundaries by being a part of every occasion with Bookmyflowers. We understand how your wife feels when her Birthday is around the corner in Pune and you are out on a business tour. Buy <strong>Pune Special Cake online</strong> for her by choosing the right flavor and delivering it at her doorstep, making her feel that even though you are not around but she still matters to you. You can get online cake delivery in Pune at midnight with our mid nigh cake delivery service in Pune. </p> </br> <p>Our special cakes have been baked to the right temperature so that they are just soft enough to make your wife feel that no amount of business meetings can let him forget you. You can order both egg and <a href=""/eggless-cakes"">eggless cakes online</a> and be assured that you will be getting a timely delivery of the Cake in Pune city. You can send special cakes like Designer and Photo Cakes or you can also choose from the usual favorites of Chocolate, Vanilla and Pineapple. Book your cake now to get online cake delivery in Pune at your place.</p> </br><p>Choose the one that best suits your taste and requirements, and place an <a href=""/cakes"">order for online cake delivery</a> in Pune. We guarantee your cake will reach you on-time and in the most pristine of conditions. When you arrange a cake delivery online in Pune through us, you have chosen for the best services available out there. Our delivery services are a byword in the industry and we also offer custom delivery services such as same-day delivery, fixed- time delivery and midnight delivery options.</p> </br><p>Cakes are also ideal for celebrations and events; they lend an air of festivity to any occasion. In fact, when it comes to celebrations, it would indeed be incomplete without cakes. So on the occasions of a loved one or family, order them online and arrange a cake delivery in Pune through our portal. We have for you a range of occasion based cakes such as <a href=""/anniversary/cakes"">anniversary cakes</a>, wedding cakes and birthday cakes among others. Keeping in mind the huge vegetarian population of the country, we also provide eggless cakes. Check out the eggless version of your favorite cakes, they not only look the same but they taste as fabulous as the originals.</p> </br>At Bookmyflowers.com you can also complement your cake delivery in Pune with your favorite flowers. We provide <a href=""/"">fresh flowers</a> for all occasions which come in beautiful bouquets arranged by expert florists and gifts professionals. </p>

"
/flowers-with-cake,,,,,"<h2>Online Delivery of Flowers with Cake - The Perfect Way of Celebrating Occasions</h2>
<p>No celebration is considered complete without flowers and cakes. The sight of irresistible cakes and beautiful flowers will let the mouth drool and the eyes feel like heaven. Go for delicious cakes prepared using top quality ingredients and nothing can ever stop you from having a grand celebration. Complement your cakes with a beautiful bunch of flowers for making the occasion extra special. Send flowers and cake online for making occasions memorable and grand. If you are looking to impress your partner with something very romantic on a date or on your wedding anniversary then there can be nothing better than <a href=""/flowers-with-chocolates"">flowers and chocolate delivery</a>. You can now order chocolates, flowers and cakes online for anniversaries and special occasions. Get them gift wrapped and delivered with complete convenience to your desired destination just at the click of the mouse on your system.</p> 
<h2>Deliver Happiness Anywhere in India</h2>
<p><a href=""/cakes-to-delhi"">Online cake delivery in Delhi</a> and in other places throughout India will give you the ability of delivering happiness and joy to your friends and relative residing anywhere in India. Gifts serve as one of the best ways of expressing your affection and love for your friends, relatives and family members. The joy that they bring during different occasions is immeasurable. Whether, it is birthday, an anniversary or Valentine’s Day, make the choice of the best selection of chocolates, cakes and flowers and surprise your loved ones. The combos of cakes and flowers are considered the best suited gifts for different occasions. You can go for online cake and flower delivery within an affordable range. It is never a hassle to give the best gifts of flowers and cakes to your loved ones even if they are residing far away from you.</p>
<h2>Transcend Happiness and Joy with bookmyflowres.com</h2>
<p>You’re not being present physically for your loved ones might be your reason for disappointment but things can easily be sorted out by sending gifts like cakes and flowers for their special moments. With prospects of flowers and cake delivery in India resting right at your fingertips, you now have the ability of sending your loved ones a token of your wishes and blessings. At bookmyflowers.com, we have come up with a whole range of the <a href=""/"">best flowers</a>, cakes and chocolates for our customers to make their choice and get them delivered. The online gifting portals choose each and every gift meticulously with the help of the experts. You always have the option of going for <a href=""/flowers-with-sweets"">flowers and sweets delivery</a> online with our express delivery alternative. We constantly endeavor to strive for complete perfection and therefore we ensure that fresh cakes and flowers are delivered to your near and dear ones.</p>

<h2>Send Flowers and Cake Online</h2> 
<p>There are times when your dear ones are mad at you for forgetting their most important day, you start feeling that you have lost them forever and you don&rsquo;t know how to win them back. For all such tough situations, a bunch of flower is not enough to spell its magic, so you think of sending both cake and flowers. At Bookmyflowers, we have trained specialists, our florists will choose the best flowers to express the feeling of love which will help in cooling them down and on the other hand our handmade cakes are sure to win their heart with its perfect aroma and fragrance that is surely going to leave them spell bound.</p> </br> <p> Our Flowers and cakes have the perfect blend of expressing the right emotion and bringing out the sweetness you have for your loved ones in your heart. No matter how annoyed they are, mere sight of our scrumptious cake with beautiful bunch of flowers is going to make them realize that how much you care for them.With Bookmyflowers you can <a href=""/cakes"">order cakes</a> and flowers online and get it delivered at their home. Surprise your loved ones with flowers and cake so that they know that even if you have forgotten their important day but as soon as your gift is delivered online they will feel the warmth and love you have for them in your heart.No matter how maddening it becomes but you still love her and you can't do without her.</p></br><p> So no matter what it takes you still will not miss a chance to win her back with our <a href=""/gifts"">online gifts delivery</a> services. So be it her <a href=""/birthday/gifts"">Birthday</a>, Anniversary, Valentine's Day or Women's day send her a perfect combo of flowers and cake online at your comfort. Cake will sweeten up the sour memories and flowers will freshen up the love that you have in your heart. Our half kg cakes and flower combo is the most ordered one and you cannot go wrong with this one, if you want her back.</p>
"
/flowers-with-chocolates,,,,,"<h2>Flowers with Chocolates - Perfect Way of Conveying your Affection and Love</h2> 
<p>Men always like to joke about how complicated women tend to be and then try finding ways of pleasing their wives, sisters, mothers and female friends. Amongst other gifts, flowers and chocolates hit right to catch the attention of the most intricate women as well. Not only for women, but flowers and chocolates serve as the perfect gifts for any individual. Flowers accompanied with chocolate hampers can make special moments memorable. They serve as the most sought after and desirable gift combos. Flower bouquets and chocolates are much adored and loved category of gifts. No one can imagine the magical effect that they can create by choosing to send flowers and chocolate online. <a href=""/flowers-with-cake"">Flowers and cake delivery</a> make for the <a href=""/anniversary/gifts"">perfect anniversary gift</a> or a <a href=""/birthday/gifts"">birthday gift</a>. Flowers and chocolates gifted in combination are mind-blowing presents for both men and women.</p>
<h2>Fragrant Beauties and Delectable Delights at Your Disposal</h2>
<p>Flowers with chocolates are considered the safest and the most innovative gifts. This is because you can never go wrong with choosing flowers and chocolates for almost any individual. People love flowers of all kinds and even chocolates in different flavors. Therefore, you do not run the risk of choosing a not-so-good present for your loved one. Also, the chances of these gifts being thrown away, kept in a shelf or somewhere in the corner of the house are also very less. When it comes to finding reasons for <a href=""/"">online flowers delivery</a>, try asking yourself, do you really need a certain occasion for speaking your heart out? People generally look out for gifts for special occasions or events that need to be celebrated. These are occasions like anniversaries, weddings, birthdays, Mother’s Day and Valentine’s Day. Whatever be the reason, flowers and chocolate delivery online serve as the best bet for making the recipients contented and happy.</p>
<h2>Bookmyflowers.com - A Name That Can Make Occasions Special</h2> 
<p>Make those special days memorable and amazing by taking the advantage of the <a href=""/flowers-with-sweets"">flowers and sweets delivery</a> services of bookmyflowers.com. Yes, we offer chocolates and flower bouquets and help our customers in conveying the message of love and care the way they want. Our flower and chocolate delivery services are extremely beneficial, especially when it comes to sending gifts for anniversaries and birthdays. So, what is it that is stopping you from taking our services? Get flowers with chocolate combinations at bookmyflowers.com and tell your relatives, friends and family members how much they mean to you. This is a gesture that says “thank you for being there for me.” We also have provisions of sending same day and midnight flowers and chocolates to loved ones residing anywhere in India and abroad.</p>

<h2>Send Flowers and Chocolates Online</h2><p>Glamorous looking flowers are sweetened up with premium quality chocolates. They just so beautifully complement each other that they become best gifts for almost every occasion be it Birthday, Anniversary, Valentine's Day or even <a href=""/mothers-day/gifts"">Mother's Day</a>. Our florists at Bookmyflowers choose just the farm fresh flowers to form a bunch which are then combined with mouth relishing chocolates.</p> </br><p>You have the freedom to choose from a wide variety of flowers that we have such as Roses, Gerberas, Lilies and Orchids to name a few and moreover they are made available at n affordable price. The chocolates are of the best quality making it melt in your mouth. You have the freedom to choose from one of the best combos that you like the most. You can send this flowers and <a href=""/chocolates"">chocolates online</a> to your dear ones and we assure you get a timely delivery of the same.</p>"
/flowers-to-ahmedabad,,,,,"<h2>Experience the Best Delivery of Flowers to Ahmedabad</h2>
<p>Days have got very busy and there is hardly much time available for communication or for any kind of verbal interactions with near and dear ones. Flowers serve as the happiness mantra for people. Sending flowers as gifts is a meaningful sign of life. Flowers are kind and small gestures of humility and generosity that means a lot to people. They are meaningful and valuable when chosen as gifts for loved one. If you have a loved one staying in Ahmedabad, you always the option of <a href=""/gifts-to-ahmedabad"">online gift delivery in Ahmedabad</a> in the form of flowers and cakes. The online gifting portals offer the cheapest and the best options to send flowers to Ahmedabad. Irrespective of the fact that whether it is an occasion or is not an occasion, if you have this string desire of sending flowers to your friends and family members in Ahmedabad, go ahead.</p>
<h2>Special Cake and Flowers for that Special One</h2>
<p>You do not need a special day for flowers delivery in Ahmedabad. You can send flowers to the city anytime and any day that you wish just to show your love for your near and dear ones residing there. The <a href=""/"">online flower delivery</a> service providers will furnish you with the best delivery of flowers in Ahmedabad along with the delivery of some sumptuous cake varieties. They have an exemplified range of cakes and flowers helping individuals place their orders as per their choice. <a href=""/cakes-to-ahmedabad"">Online cake delivery in Ahmedabad</a> is something that you must go for if you want to match the enthusiasm and the jubilance of the city. There are cakes in different flavors available online making it very easy for you to choose a flavor that best suits the taste buds of your loved one in the city.</p> 
<h2>Express Your Love with bookmyflowers.com</h2>
<p>Bookmyflowers.com is your trusted online delivery service provider offering <a href=""/flowers-to-nagpur"">flower delivery in Nagpur</a>. We can help you in locating the ideal flowers and cakes to be delivered to cities and towns anywhere in India and even in the foreign countries. Our network trusted professionals propose reliable and efficient bouquet delivery in Ahmedabad online. If you want to send same day or midnight gifts, do not get anxious because bookmyflowers.com is there for you. We will look after all your requirements and put in our best efforts without charging you anything extra. We are the one and the only online gifting portal that you need to choose when it comes to sending gifts to any part of India. Though dhokla, khandva and fafra are the most popular food varieties in Ahmedabad, you can never go wrong with your choice of cakes to be delivered on special occasions to Ahmedabad.</p>

<h2>Send Flowers to Ahmedabad</h2><p>A City which was very well known for its educational institution is now been famous for celebrating occasions too with Bookmyflowers - Ahemdabad. Now celebrating occasions like Birthday, Anniversary, Get well soon and many others have now become simpler. All the cakes, flowers and gifts are now being online delivered in Ahemdabad. We have innumerable flavors of cakes starting from Black Forest, Chocolate Truffle and the classic Vanilla to smoothen your taste buds.You can also <a href=""/gifts"">send gifts online</a> which has the perfect gift combo or else you can also add some bit of personalization with our very own range of personalized gifts. These gifts are specially carved for you keeping your needs and emotions in mind. Flowers are gifts which are sure to bring a guaranteed smile be it a glamorous bunch of Roses, Lilies, Daisies or Carnations hand tied to spread the sweet fragrance around.</p><p>Bookmyflowers is an online flower shop that brings the timeless beauty and elegance of flowers right to your doorsteps in the city of Ahmedabad. We specialize in offering affordable, contemporary flowers for your every occasion. Whether it is for Women’s Day, birthdays and anniversaries or festivals like Diwali or Navratri, you are sure to find the perfect bouquet choice for Flower delivery in Ahmedabad here. You can expect great event flowers, fresh flowers arrangements, amazing floral designs, orchid plants, <a href=""/gift-hampers"">gift baskets</a>, indoor office plantsand much more. Our bouquets are simply elegant and they are carefully designed by our highly trained and skilled florists. They are specially packaged to retain their freshness for a long time. There's something to be said about the power of flowers and fresh blooms. Their pleasant fragrance and vibrant colors embody happiness, making them an ideal gift for any occasion or as a simple reminder of your love at anytime of the year. Celebrations also do not seem to be whole without flowers and floral decorations. So, arrange a Flower delivery to Ahmedabad online for your loved ones and spread cheer and festivities from across the miles. Whether you arrange for delivery to the recipient's home or office, you can be sure it will be received with a smile. Send flowers to Ahmedabad with just a simple click of your mouse. Sample a wide range of the choicest seasonal flowers at our portal. We stock a variety of the freshest flowers in season including daisies, lilies, roses, tulips and orchids for your every gifting requirement.</p><p>With Bookmyflowers, you can be assured of a professional and independent service, a great variety of flowers and value for money, whatever the occasion. Our flower delivery to Ahmedabad services come with a 100% satisfaction guarantee.</p>"
/flowers-to-bangalore,,,,,"<h2>Deliver Flowers to Bangalore with the Confidence of Rekindling Love</h2>
<p>Bangalore is one of the most sought out cosmopolitan cities in India. It is the focal point of the high-tech industry of India. People in Bangalore are intensively engaged in their busy lives and this is the reason why they do not find time for having a look at the other side of their lives that consists of family and friends. Even if such people think of doing something exclusive for their loved ones, they lack the  time needed for planning a special occasion or go for buying some flowers, a card or a gift for their near and dear ones. In this situation, the online gift delivery services come in as handy options for <a href=""/gifts-to-bangalore"">online gift delivery in Bangalore</a>. They are the ones that can help individuals send flowers to Bangalore. These services clearly understand the importance attached to expressing the feelings of individuals in the right way.</p>
<h2>Deliver Happiness through Flowers</h2> 
<p>If you want to deliver smiles to your loved ones residing in Bangalore then the best thing that you can do is make the choice of flowers from a kaleidoscopic selection of mesmerizing flowers. There are flowers specifically designed for different occasions. Be it birthday wishes, weddings saying sorry or something as romantic as saying “I Miss You”, you can easily find a set of beautiful flowers in perfect combinations of the right colors and designs as per your wish. There are even anniversary and birthday cakes available that can be very pleasing for the recipients. <a href=""/cakes-to-bangalore"">Online cake delivery in Bangalore</a> serves as a memorable gift that can help in increasing the number of smiles that come to the faces of your loved ones. Choose to send the most beautiful flowers to Bangalore with quality flower delivery in Bangalore options.</p>
<h2>Select the Best Blooms at bookmyflowers.com</h2>
<p>Fresh and bright flowers serve as a considerate gift option for almost any occasion. Bookmyflowers.com features a wide assortment of some of the most gorgeous floral arrangements available for its customers. Starting from elegant <a href=""/mothers-day/flowers"">Mother’s Day flowers</a> and anniversary flowers to floral gifts and sympathetic get well flowers, we have got for you the right method of illustrating how much you care for your loved ones. Trust us for chicest and elegant <a href=""/flowers-to-ahmedabad"">flower delivery in Ahmedabad</a> and we will surely live up to your expectations. We also deal with midnight flower delivery in Bangalore making it very easy for you to surprise your loved one on his or her special day. Choose bookmyflowers.com in your pursuit of gifting. Place orders and get them delivered through us anywhere in India. We are one of the most dedicated and efficient gift delivery service providers in India possessing great expertise in delivering online blooms.</p>

<h2>Send Flowers to Bangalore </h2> 

<p align=""justify"">A pleasant weather is what the city is blessed with - ‘Bangalore.’ A pleasant weather and a pleasant occasion of your loved ones deserve definitely a pleasant gift. With Bookmyflowers in Bangalore the online delivery of such pleasant flowers and gifts seems possible. We have an array of your favorite flowers and cakes which can leap you off your feet. Our wide ambit consists of our signature special cakes like Chocolate Truffle, Black Forest, Blueberry and Tiramisu Cake just to name a few and our gardens have Roses, Tulips, Gerberas, Daisies and many more to list. With so much to offer occasions become the days to wait for in Bangalore as this is the time when you showcase your love, care and affection. Send online flowers to Bangalore for your friends and family. You can also send personalized gifts as it gives the recipient a feeling that a lot of time has been spent to select a gift which has both emotions and nostalgia all rolled into one.</p><p align=""justify"">Sometimes flowers can express what words cannot do. They are the language of the heart and emotions. Flowers are a universally accepted way of showing love, care and affection and they make the perfect gifts for a range of occasions. Don’t miss out on the special occasions of your friends, family and relations in Bangalore. Arrange a surprise flower delivery to Bangalore from across the miles through Bookmyflowers. Send flowers to Bangalore and elsewhere in India easily and anytime. We offer specialized and custom delivery services including, fixed-time, same day and midnight delivery options. For your flower delivery in Bangalore, log on to our online store. A wide range of bouquet choices, including flowers like Roses, Gerberas, Lilies and Daisies are available for you to choose from. These flowers are freshly picked and wrapped in soft tissues so that they don’t get spoiled on the way and always maintain their freshness. Arranged by gift connoisseurs and floral experts, these exclusive gifts are sure to brighten up anyone’s day. They will be the perfect gift any occasion and will make them more memorable.Order flowers to Bangalore online from the comfort of your home and have it delivered to any destination in the city or adjoining areas. You can also personalize your floral gifts and make it extra special. Personalized gift options such as mixed roses and greeting cards combo are also available for you to add your distinctive message and style element. Show your friends in Bangalore that you miss them with a special flower delivery in Bangalore right to their doorsteps. Even if it is for a special occasion, you just have to place the order for flower delivery to Bangalore and rest assured the gifts will be on its way and reach your friends in time.</p>
<h2 align=""left"">Same Day Flower Bouquet Delivery in Bangalore</h2>
<p align=""justify"">Flowers have the power to express the unexpressed, convey your emotions to your loved ones get a same day flower bouquet delivery in Bangalore or any other destination of your choice. At Bookmyflowers, it has been our constant efforts to provide best gifts to our customers and with our presence in more than 350+destinations, you can <a href=""/flowers-to-chennai"">send flowers to Chennai</a> and worldwide. Our ease of delivery makes us the most preferred brand in the industry.</p><h2 align=""left"">Flower and Cake Delivery in Bangalore</h2><p align=""justify"">Cakes are the celebratory desserts which are served during several occasions. And to add to the occasion Bookmyflowers presents to you a wide variety of cakes. You can get flower and cake delivery in Bangalore and any other destination with a blink of an eye. Complement the freshly baked cake with a beautiful bouquet and get on <a href=""/"">online flower delivery</a> done to you loved ones doorstep to express your love for them.</p>"
/flowers-to-chennai,,,,,"<h2>Show Your Love and Care with Fresh and Bright Flowers to Chennai</h2>
<p>Place your <a href=""/gifts"">order online for gifts</a>, cakes and beautiful flowers to be delivered to your near and dear ones in Chennai to show that you genuinely care. <a href=""/gifts-to-chennai"">Online gift delivery in Chennai</a> is one of the easiest ways of showing someone that you are actually thinking about them and are wishing well for them. In situations when you cannot be present physically, choose to send flowers to Chennai online to show your strong desire of being available for that special one in Chennai. You might be in any other city or town in India, pursuing your goals or meeting deadlines. However, you cannot afford to just let go the special moments in the lives of your loved ones. These are occasions when you need to catch your breath and place an order for some fresh flowers to be delivered to your loved one in Chennai.</p>
<h2>Say “I Care” with Great Floral Arrangements</h2>
<p>Chennai is a city in India that boasts of possessing the second largest beach in Asia. The inhabitants of Chennai are sweet-hearted and simple people. You cannot imagine the happiness and the joy that you will be offering to your loved one with flower delivery in Chennai. It might be the roses, the gerberas or the carnations; it is just that you need to select an exclusive floral arrangement that helps you in saying “I Care”. Exclusive floral arrangements are always the great gifting options but you can also go for <a href=""/cakes-to-chennai"">online cake delivery in Chennai</a> for making the occasion much more special for your special one. The online flower delivery services in Chennai are not only admired for their efficient assistance but also for their commitment and the contentment that they offer. Thus, avail the opportunity of celebrating different occasions with fresh and bright flowers in Chennai.</p>
<h2>Shower Your Love by Choosing Flowers from bookmyflowers.com</h2>
<p>Are you on the quest of a reliable and safe way of <a href=""/flowers-to-kolkata"">flower delivery in Kolkata</a>? Want to wish your loved one on his or her wedding anniversary? You can make the choice of a bouquet of gorgeous flowers for expressing your feelings at bookmyflowers.com. We are one of the most popular names throughout the online market for the cheapest, quickest and best flower delivery all over India. We are best known for our midnight flower delivery in Chennai, best quality and smart assistance. At bookmyflowers.com, you can expect an extravagant selection of ravishing and elegant flowers available for facilitating special occasions such as birthdays, anniversaries, marriages and festivals. You can also go for our flower delivery services for expressing condolences and remorse. For the simple, loving and traditional people of Chennai, fragrant, fresh and blooming sticks of flowers always make the finest gifts.</p>

<h2>Send Flowers to Chennai</h2><p>Humidity of Chennai is what makes the occasion like Birthday, Anniversary and other occasions on a back burner. But with Bookmyflowers wide range of gifts, flowers and cakes there is some respite for all the people of Chennai. You can send, order and buy gifts online from Bookmyflowers which is surely going to surprise your loved ones. You can send flowers with cakes which are so fresh that you may feel as they have stepped out of the oven especially for you. Our flowers boutique has been blessed with some of the exotic breed of Orchids, Roses, Carnations, and Gerberas. Arrange an <a href=""/"">online flower delivery</a> to Chennai to woo your beloved. You can pin a customize message saying how much they mean to you and how your life will completely be on hold without them. When words and time fall short we fill the gap with some creative and unique gifts which are sure to delight your dear ones.</p><p>Flowers are an expression of love; they are presents given to someone to makes the other happier or less sad, especially as a favor, including forgiveness and kindness. Flowers are also usually presented on occasions such as birthdays,anniversaries and weddings. It can also be presented on office occasions ranging from the new promotion all the way to that long awaited retirement. Don’t miss out on any of your friends or family occasions in Chennai. Even if you are not in the city you can still send online Flowers to Chennai on their special occasions. You can surprise your loved ones with floral arrangements that clearly let them know you are thinking of them. These flower bouquets will surely convey the message in your heart. Bookmyflowers offer you the freshest and choicest flower bouquets for your every gifting need. From lovely roses to dazzling daisies and petite lilies to classy carnations, you are sure the find your desired choice. Send flowers to Chennai in exquisite bouquets and arrangements. Our bouquets are handled by skilled florists and they come wrapped in soft tissues so that they don’t get spoiled on the way and always maintain their freshness.But it does not call only for specific occasions to present flowers. A surprise gift of a flowers bouquet out of nowhere will simply delight the recipient to no end.</p><p> So gift your friends, family and loved ones with a special flower delivery in Chennai anytime. There are numerous options for delivering flowers to Chennai online; you can choose from the fixed-time, same day and midnight delivery services. You can also complement your flowers to Chennai with luscious chocolates and sumptuous <a href=""/cakes"">cakes</a>. A gift combo of flowers and cakes are definitely a treat both for the eyes and the palate and will definitely make your present extra special.</p>"
/flowers-to-delhi,,,,,"<h2>Mesmerize Your Loved Ones with the Eternal Beauty of Flowers Sent with Love to Delhi</h2>
<p>Flowers have eternal beauty. They signify cheer and freshness and people never seem to get bored of flowers. However down you might be in life, the sweet and energy-filled fragrance of gorgeous flowers will surely help you in cheering up. Send flowers to Delhi and convey your genuine feelings for your dear ones living in the national capital. You can send flowers to the national capital easily and conveniently without having to pay exorbitant prices. Make your choice from a huge selection of <a href=""/"">beautiful flowers online</a> for amazing your loved ones in Delhi. You can also avail <a href=""/gifts-to-delhi"">online gift delivery in Delhi</a> for special occasions like birthdays and anniversaries. There is nothing that can match the jubilance and the exclusiveness of sending flowers as gifts for commemorating special days in a very special manner.</p>
<h2>Online Flower Collection to Leave You Awestruck</h2>
<p>Flowers are the best options that you can use for cheering up a gloomy face. Gifting a basket or a bouquet of flowers can help in making the other person lit up with great joy and happiness. The experience is far more enriching if the recipient receives his or her favorite colored flowers. Whether it is Mother’s Day, Valentine’s Day, marriages or birthdays and even anniversaries, flower delivery in Delhi gives you the option of choosing the right flowers for the right moment and that too without having to go through any difficulty. Add to it, the floral arrangements available online are so gorgeous and elegant that you will surely be left awestruck. <a href=""/cakes-to-delhi"">Online cake delivery in Delhi</a> can also help you in conveying your message of love and affection for your loved one. The cakes and the flowers available online are priced within affordable rates and therefore they suit best for all functions and events.</p>
<h2>Get Freshest of Flowers at bookmyflowers.com</h2>
<p>People flock to bookmyflowers.com frequently for availing <a href=""/flowers-to-mumbai"">flower delivery in Mumbai</a>. This is due to the fact that we provide exceptional flower delivery services not only in Mumbai but also in other parts of India and even abroad. We hold the record of having the highest number of customers online in comparison to the other sites running the same business. This speaks of the popularity and the success that we have been able to grab within a very short span of time. Since the flowers that we provide are fresh and bright and since we also indulge in midnight flower delivery in Delhi, we have been successful in building a very large fan base for our online store across the country. At bookmyflowrs.com, you can not only expect a wide assortment of flowers at reasonable rates but other gifts as well which include cakes, chocolates and sweets.</p>

<h2>Send Flowers to Delhi</h2> 
<p align=""justify"">Delhi’s traffic can sometimes be unnerving, more so when you have Birthday, Anniversary, Wedding or any other occasion of your loved ones. It becomes completely impossible for you to not let your loved one encounter a heart break up but now no more with Bookmyflowers online flower delivery to Delhi the heart break up has soon be converted to heart makeup. Now, no matter whether it is a chocolate, Vanilla or Strawberry Cake, our <a href=""/cakes"">fresh and spongy cake</a> can reach any destination.  With Bookmyflowers you can send your gifts along with flowers to Delhi or any other city in the country. If your loved one is fond of flowers our florist can hand tie only the chosen flowers to make up for your loved ones most important day. You can couple a personalized gift along with it to make their day larger than life with a handwritten message which narrates the story of your heart. </p><p align=""justify"">Flowers are very special gifts meant for any occasion. Whether it is for Valentine’s Day, <a href=""/mothers-day/gifts"">Mother’s Day</a> or special occasions like birthdays and anniversaries, a bouquet of fresh flowers are an ideal way to greet somebody. Flowers are wonderful gifts of Mother Nature which can bring cheer to a gloomy face in minutes. A gift of flowers always brings instantaneous joy to the person receiving them. Simply looking and smelling them can take you back to the pristine beauty of nature even if only for a few moments. It is not only for special occasions but flowers also make perfect gifts anytime and any day of the year as a simple reminder of your love and affection.Bookmyflowers offers you an array of freshly picked flowers for your every gifting requirement. You can send Flowers to Delhi or anywhere in India through our online portal. Choose from a wide range of floral options for your flowers to Delhi and order them online at Bookmyflowers. The options include bouquets of freshly picked flowers such as daisies, lilies, roses, tulips and <a href=""/orchids/"">orchids</a> all arranged in exquisite bunches. Arranged by expert gift connoisseurs and florists, they come wrapped in soft tissues so that they don’t get spoiled on the way and always maintain their freshness. Distance doesn’t have to be a hindrance anytime you want to gift flowers for your friends, relatives or that special someone. Send online Flowers to Delhi from anywhere and at anytime and any day of the year through Bookmyflowers. We provide special services for flower delivery to Delhi and other cities in India. You can opt for the same-day delivery, the midnight special or the fixed-time delivery services. So, express what is in your heart and bring cheer to your loved ones with our flower delivery in Delhi online services.</p>
  
<h2 align=""left"">Same Day Online Flower Delivery in Delhi</h2> <p align=""justify"">Bookmyflowers allow you to send flowers and be a part of every special occasion. You can send fresh flowers with delectable chocolates at your loved ones doorstep. With our strong logistical support you can get same day flower delivery in Delhi &amp; NCR.  With the flexibility and ease of delivery you can send flowers to Gurgaon and any other destination of your choice.</p> </br> <h2 align=""left"">Online Florist in Delhi NCR</h2><p align=""justify"">The art of arranging flowers can be best done by florist but with the hectic schedules all our floral needs are fulfilled online. If you are looking for an online florist in Delhi &amp; NCR your search should end with Bookmyflowers. We have covered both national and international destinations and if you really want to surprise someone team up our fresh flowers with a cake delivery in Delhi.We have best combo of <a href=""/birthday/cakes"">birthday cake</a> and flowers in Delhi NCR area.</p>"
/flowers-to-ghaziabad,,,,,"<h2>Send Visually Stimulating Flowers to Ghaziabad</h2>
<p>There can be nothing more special and visually stimulating than the heavenly sight of sparkling flowers. Flowers please, heal, uplift and comfort our moods. And if you are not present physically for your dear ones, flowers make the finest expressions of affection and love. Thus, you need to send flowers to Ghaziabad if you want to convey your feelings and your sentiments to your loved ones staying in this city. There are a number of top quality flower delivery services available online. You can avail these services for sending fresh and beautiful flowers to Ghaziabad any day and any time without going through much hassle. <a href=""/gifts-to-ghaziabad"">Online gift delivery in Ghaziabad</a> is one of the most unique ways of expressing your care and affection for your family and friends. Choose from an assortment of gifts, place your order online and sit back in relaxation remaining assured of the fact that you will get your gifts delivered perfectly.</p>
<h2>Add Liveliness to Any Occasion with Fresh Flowers</h2>
<p>Flowers are one of those valuable things that have the power of adding liveliness any situation or even to a low-spirited individual. The online portals dealing with the delivery of fresh flowers always make it a point to offer quality based flowers ensuring the efficiency of the same. They value their clients and understand their sentiments attached with the flower bouquets and the floral arrangements that they choose to be delivered. This is the reason why they complete commit themselves to the satisfaction of their clients. If you want to send cakes in Ghaziabad then you can conveniently go for <a href=""/cakes-to-ghaziabad"">online cake delivery in Ghaziabad</a> considering the satisfactory services that you will get online. The same goes for online flower delivery in Ghaziabad. The online delivery services operate with this constant endeavor of delivering quality based products.</p>
<h2>Bookmyflowers.com - The Ultimate Source of Fresh Flowers</h2>
<p>Bookmyflowers.com is the ultimate destination for you if you are on the lookout of <a href=""/flowers-to-delhi"">flower delivery in Delhi</a>. We make it possible for you to surprise your loved ones by offering midnight flower delivery in Ghaziabad. We have a huge selection of gorgeous and beautiful bouquets of flowers for you to choose from. Your happiness is what we consider our success and therefore we are always available at your service even during the wee hours of the night. This is because we have a clear understanding of the fact that feelings cannot be restricted from being conveyed at the right moment. The only thing that you need to do is place an order and rest will be taken care of in the most professional manner. You can be ready for the wonderful expression of emotions that you will be receiving once we deliver your gifts to your intended destinations.</p>

<h2>Send Flowers to Ghaziabad </h2> <p>A place which almost seems to be a little divorced from Delhi but is still filled with quantum of warmth within it is Ghaziabad. With Bookmyflowers the warmth within the relations have been multiplied, <a href=""/"">sending flowers</a>, cakes and gifts to your loved ones during their most important occasion has now become not only simple but easier too. Pick either a bunch of crimson red Roses or loosely hand tied bunch of Lilies, we have them all.Our cakes for occasions like Birthday, Anniversary or Wedding becomes the talk of the town with a single lick. It is time to make them feel on top of the world and make their days of day a memorable one. Pick any one be it chocolate, vanilla or butterscotch and we are sure that you will keep coming for more and more. It is time to avail our smooth <a href=""/flowers"">online delivery of flowers</a>, cakes and gifts in Ghaziabad.</p><p>Flowers always bring delight and cheer to everyone; they are the ultimate gifts of Mother Nature. Since time immemorial, they have been the choice of gifts for occasions and festivals. Certain rituals are also observed with flowers and they retain a special place in many religions and cultures worldwide. Beautiful fresh flowers also make such a <a href=""/gifts"">thoughtful gift</a> anytime, and with Bookmyflowers you have the best options around for your floral gifts. Send Flowers to Ghaziabad online from the comfort of your home and rest assured your gifts will be delivered intact and on time. We offer quick and easy flower delivery around Ghaziabad. You can also opt for custom delivery services such as fixed time, same day and midnight delivery services. Choose the right flowers from a diverse range of beautiful, fresh flower arrangements ranging from daises to lilies and carnations to roses among many others. Our expert and skilled florists brings you the perfect floral arrangement to suit any special occasion. You can find the perfect flower delivery to Ghaziabad for any holiday or occasion - from lovely <a href=""/mothers-day/flowers"">Mother’s Day flowers</a> to romantic anniversary flowers and exclusive wedding bouquets.  We also offer the best arrangements gifts for that special someone like romantic birthday flowers and exquisite Valentine’s Day flowers such as bouquets of long stemmed Red Roses. Trust Bookmyflowers florist for the freshest, most beautiful bouquets to fit any budget.</p><p>Send your flowers to Ghaziabad online, it is easy and convenient with us. Browse our website to find the perfect floral gift and simply place your order. You can trust our skilled florists to arrange a beautiful bouquet for your special occasion, or even create a personalized, gorgeous one-of-a-kind arrangement just for you. We guarantee fresh, beautiful flowers every time, and each hand-arranged bouquet is personally delivered to your recipient.</p>"
/flowers-to-gurgaon,,,,,"<h2>Express Your Feelings by Sending Flowers to Gurgaon</h2>
<p>Sometimes words do not seem to be sufficient for expressing our sentiments and feelings but flowers are. The most beautiful and preferred gifts that you can send to your loved ones are flowers. It is always a pleasure to see that scintillating smile that embellishes the face of a near and dear one. This happens when you choose to send flowers to Gurgaon for special occasions. The special days of your loved ones are just the perfect time for sending the freshness of fragrant air wrapped in a delicate floral arrangement. Flowers are the best gifts that you can use for speaking your heart out. <a href=""/gifts-to-gurgaon"">Online gift delivery in Gurgaon</a> will also help you in bringing that smile on the face of your loved one that you had always waited for. The only thing that you need to do is make the choice of a reliable and efficient <a href=""/"">flower delivery</a> service.</p>
<h2>Extravagant Flowers Are a Complete Yes</h2> 
<p>Special days and instances are a part and parcel of everyday life. If you are not being able to be there in Gurgaon for your loved one in person, there is nothing for you to worry. You can always choose flower delivery in Gurgaon for making your presence felt at almost any occasion. <a href=""/cakes-to-gurgaon"">Online cake delivery in Gurgaon</a> is also a self-effacing gesture that you can use for making your family and friends feel special. The fragrance delivered by flowers and the sumptuousness of cakes in different flavors can help you in making that exclusive statement with your choice of gift even if you are not present physically for the occasion. There is nothing more that you need for filling the occasion with love, affection and care. The <a href=""/gifts"">online gifting</a> portals are the best options that you can avail for sending gifts and flowers to your near and dear ones.</p>
<h2>Bookmyflowers.com - Your Immaculate Gift Delivery Partners</h2> 
<p>Bookmyflowers.com makes it possible for you to avail midnight flower delivery in Gurgaon and even same day flower delivery in the city. In case you missed out on wishing your family member or your friend living in Gurgaon on his or her birthday or anniversary, make things work for you by availing our services in <a href=""/flowers-to-ghaziabad"">flower delivery in Ghaziabad</a>. Our superiority in delivering orders on time and the diversity that we possess in our gifts collection will make you fall for our services. Show the care and the hospitality that you genuinely have for your treasured ones by being a part of their celebrations in Gurgaon. For this, you just need to depend on our services and we will make everything possible for you. So, don’t waste your time and call us right now. We are waiting for you.</p>

<h2>Send Flowers to Gurgaon</h2>
<p>Gurgaon has been considered to be the perfect business hub all you will see is just high rise building, in midst of high pressure work, heaps of files and deadlines to meet, it becomes imperative to add a little bit of sweetness and emotion to the high professionalism that is maintained. The sweetness is thereby added with an <a href=""/cakes"">online delivery of cake</a>, gifts and flowers with Bookmyflowers, which allows you to send online gifts in Gurgaon."
/flowers-to-hyderabad,,,,,"<h2>Celebrate Love with Flowers Delivery to Hyderabad</h2>
<p>Hyderabad in Andhra Pradesh is a popular city in India. It is called the City of Pearls mainly due to the fact that it has long been the diamond and pearl trading center of India. Nowadays, the city is one of the most popular hubs for students and job-seekers. This is because there are a large number of well-known colleges and huge corporations located in Hyderabad. It is only because of this reason that people from different parts of India flock to this city in search of top quality education and high-earning jobs. If you also have your treasured brother or sister living in Hyderabad either for studies or for job, send flowers to Hyderabad on their birthday and make them feel special. <a href=""/gifts-to-hyderabad"">Online gift delivery in Hyderabad</a> is always the best option for you if you don’t want your loved one to feel sad and depressed on his or her special day.</p>
<h2>Amazing Gifts Online Only For You</h2>
<p>Gifting is a great idea. You can always gift different combinations of flowers and cakes, cakes and chocolates or flowers and sweets to your relatives and friends in Hyderabad. There are many occasions when you can choose flower delivery in Hyderabad and these include house warming, wedding, birthday, anniversary or for saying thank you, sorry or get well soon. People living away from their closed ones can always be made to feel remembered and loved by <a href=""/cakes-to-hyderabad"">online cake delivery in Hyderabad</a>. The next big thing for you will be choosing the right delivery service provider online. It would be best for you if you avail the services of a trustworthy <a href=""/gifts"">online gifting</a> portal that not only help you in selecting the right gift or cake for your loved one but will also make the best efforts in getting the gifts delivered to his or her doorsteps.</p>
<h2>Bookmyflowers.com – The Ultimate Destination for Beautiful flowers</h2>
<p>Celebrate the season’s special moments with <a href=""/flowers-to-chennai"">flower delivery in Chennai</a>. Bookmyflowers.com provides bountiful and top quality floral arrangements. We bring you the services that are sure to leave you satisfied and longing for more. We are one of the leading online portals for cakes, gifts and flowers ready to be delivered in a timely manner to the desired destinations of our customers. We take pride in our services and always make it a point that all our clients get the best services irrespective of the location that they want their gifts to be delivered. Our reliable and efficient services will definitely help you in sending some of the best gifts to Hyderabad. We also deal in midnight flower delivery in Hyderabad thus making it very easy for our customers to make their relatives and friends happy without putting in much effort.</p>

<h2>Send Flowers to Hyderabad</h2>
<p align=""justify"">A Hyderabadi Biryani can be the best dish for dinner not for an occasion like Birthday, Anniversary, Women’s Day and many more, it may lack luster without a scrumptious spongy Cake. The flavor might widely vary from Chocolate to Vanilla to Pineapple and Strawberry and many more to list. You can combine the cake with our online delivery of fresh flowers of Roses, Orchids and Carnations in Hyderabad city. If this still doesn’t suffice you can pick and choose from the unique set of special personalized gifts that we have. Once you have placed the order you can receive cake, gift or flowers. Arrange an online flowers delivery to Hyderabad and celebrate your dear one’s perfect occasion with all the pomp and show. It is time to make their day to be a memorable one and make them feel loved W. Our on time delivery of all the gifts will ensure that the specialty of the occasion is reserved. It is their day let them make it large.</p><p align=""justify"">If you are thinking of that special someone in Hyderabad and wondering how to reach her across the miles, Bookmyflowers provide you with simple and easy solutions. You can arrange a special flowers delivery in Hyderabad for the love of your life. Pick your choice of flowers from an amazing array of fresh and exquisite blooms. Sending Flowers to Hyderabad is an easy and less time consuming affair with Bookmyflowers. Simply order them online from the comfort of your chair and have it delivered to any location in the city of Hyderabad and adjoining areas. You can go for a classic collection of long stemmed Red roses in an exquisite bouquet. Red Roses are the symbol of passionate love and an arrangement of flawless, beautiful red roses in a stylistically crafted treasure box will melt the hearts of anyone. Try a gorgeous mix of tulips, roses, lilies, chrysanthemums and gerberas too. This luscious arrangement of different flowers in a gift pack setting is a nice way to say you care. Exclusively made for that special someone, our flower arrangements are sure to sweep anybody off their feet.</p><p align=""justify"">Personalize your <a href=""/"">Flower delivery</a> to Hyderabad with a greeting card attached to your floral gifts. Customized gifts make all the difference to your gift- giving. It infuses the special touch of intimacy and they are sure to go a long way with your loved ones. Add the touch of intimacy with a personalized message and make the recipient feel well loved and extra special. And to make it extra special, you can complement your online flowers to Hyderabad with sumptuous and eye catching cakes that are definitely a treat both for the eyes and the palate. Our cakes are available in various flavors ranging from Vanilla, Chocolate, Butterscotch and Cheese Cakes. We provide special services to send flowers to Hyderabad which include same-day delivery, the midnight special and the fixed-time delivery services.</p>
<h2 align=""left"">Birthday Cake and Flowers Delivery in Hyderabad</h2> </br>
<p align=""justify"">Celebrate every occasion with cakes and flowers from Bookmyflowers. You can get an online cake and flower delivery done in Hyderabad and any other city of your choice. Be a part of every occasion and help your loved ones in creating beautiful memories. You can <a href=""/cakes"">order cakes online</a> in Hyderabad with our exceptional delivery services. All our cakes are baked using the premium quality of ingredients so that the best cakes are delivered to you.</p> </br><h2 align=""left"">Same Day Flowers Delivery In Hyderabad</h2><p align=""justify"">To make it convenient for our customers, we have come up with custom delivery options which allows you to get same day flower delivery in Hyderabad. All our flowers are handpicked at the peak of perfection and are delivered to different destinations. We have covered a wide number of destinations which is why you can <a href=""/flowers-to-kolkata"">send flowers to Kolkata</a> and any other destination of your choice. Timely delivery of all our gifts makes the most preferred brand in the industry.</p>"
/flowers-to-kolkata,,,,,"<h2>Cakes and Flowers to Kolkata- The Right Gifts for Every Occasion</h2>
<p>Flowers are for all occasions. They are simply made to match almost any occasion with their fragrance and their elegance. Be it a birthday, a wedding or an anniversary, you can never go wrong with your choice of flowers as gifts for these occasions. This is because there are very few people in this world who do not like flowers. Flowers seem to mesmerize every individual with their amazing colors, sensuous fragrances and soothing beauty. They are one of those perfect gifts that make even the most expensive gifts appear minuscule for all occasions. You can always choose to send flowers to Kolkata to your special someone. You will find that you will not have your partner asking for an expensive gift when you get her flowers. This is because flowers mean the world for women. You also have the option of going for <a href=""/gifts-to-kolkata"">online gift delivery in Kolkata</a> for celebrating occasions in the most special manner.</p>  
<h2>Woo Your Lady with Beautiful Flowers</h2>
<p>Combine some beautiful flowers with some chocolates or a cake and you have that perfect menu ready for wooing the woman that you have always loved. Women are fond of flowers and at the same time they love sweet things like chocolates and cakes. Apart from availing flower delivery in Kolkata you can also go for <a href=""/cakes-to-kolkata"">online cake delivery in Kolkata</a> and together you have that right mix needed for impressing the love of your life. Cakes and flowers, when delivered in combination are the best things that can work wonders for a relationship. However, just one thing that you need to take care of is that you need to make your choice intricately. Make sure that the flowers and the cakes that you choose to be delivered match the preferences of your beloved. This will have you on top of the world knowing that you have a beautiful lady in your life.</p>
<h2>Unlimited Choice of Flowers at bookmyflowers.com</h2>
<p>There is no other online destination for you that offers the same service quality that you get at bookmyflowers.com. We do not leave a single stone unturned in providing good quality flower and gift delivery services to our customers. Our <a href=""/flowers-to-bangalore"">flower delivery in Bangalore</a> is widely popular and we have also covered almost all the different parts of India in getting flowers and gifts delivered on time. We also provide midnight flower delivery in Kolkata along with same day <a href=""/"">flower delivery</a> adding another reason for our customers to crave for our services. The excellent customer service that we provide and the sophisticated floral arrangements that we deal in have helped us in making our presence felt in the industry for online flowers and gifts. Come to our online store and we promise you will be spilt for choice.</p>
<h2>Send Flowers to Kolkata </h2><p>Kolkata has been blessed with an inherent sweetness in its regional language and sweet dishes. With the presence of Bookmyflowers online delivery of Cakes, Flowers and Gifts we thought of infusing some more sweetness to make the occasion perfect for your dear ones. You can get to choose from the wide range of luscious chocolate cake to the classic Vanilla and we do have some exotic cakes for us too. Our flowers have been chosen by our florists so that they can add an extra smile on their faces. You can send <a href=""/personalized-gifts"">personalized gifts online</a> to that extra bit of emotion.You can send gifts with our buttery smooth online delivery make your dear ones feel that their occasion holds a special significance for you too. Pin a message along which it, so that you can add the perfect emotion to that sweetness.</p> <p>They say the way to someone’s heart is through his or her stomach but food items alone cannot convey the exact range of your emotions. When it comes to matters of the heart, there are no better options than flowers to express your feelings but flowers don’t fill the stomach too. Bookmyflowers offers you a perfect solution from this dilemma with an amazing range of Cakes and flowers combo. Send Flowers to Kolkata along with a tempting and sumptuous cake on the special occasion of your friends, family or your lover. Our cakes are available in various shapes sizes and flavors including, vanilla, strawberry, chocolate and butterscotch. You can also go for the classic Pineapple or Black Forest cakes. The smooth and creamy Marble Cakes not only look spectacular but are also an enlivening and tasty option with its perfect blend of chocolate and vanilla. Present your loved one with an exquisite combo of Rose and Blueberry Cheese Cake. This delightful combo of mouthwatering cheese cake and pretty roses tied up in a lovely bunch will provide her an epic experience to remember.</p>  <p>We also offer a wide range of specialized gift items for occasions and celebrations including birthdays and weddings. From gift cosmetic sets to various <a href=""/birthday/chocolates"">chocolate gift</a> hampers with teddy bears, the range of flowers and gifts combo will be perfect for all your gifting needs.Arrange for your flower delivery in Kolkata through our portal. Order your Flowers to Kolkata online and have it delivered your, friends, family and relatives in the city. Bookmyflowers are renowned for our delivery services and we ensure your gifts arrive at the stipulated time and in pristine condition. You can also avail custom delivery options including fixed-time, same day and midnight delivery services.</p>
"
/flowers-to-lucknow,,,,,"<h2>Add Great Fun to Celebrations by Sending Flowers to Lucknow</h2>
<p>Flowers do not speak; they show and if you are successful in arranging them in a sophisticated and unique manner, they can display the world for you. Always gift elegant flowers to your loved ones for showing them how much you love them and care for them. If you choose to send flowers to Lucknow, remain sure that this little gesture of love and affection on your end will not go unnoticed. Flowers are meant for almost all occasions and when they are sent in combination with some of the most exclusive gifts, they work wonders for almost any occasion. <a href=""/gifts-to-lucknow"">Online gift delivery in Lucknow</a> can be availed for occasions like birthdays, weddings and anniversaries and various other personal celebrations. Celebrating events and occasions is always joyful and fun-filled and you can add to this fun by arranging to <a href=""/"">send flowers</a> and gift combos to Lucknow.</p>
<h2>Glorify any Occasion with Beautiful Flowers and Superb Cakes</h2>
<p>It is known to every individual that flowers are the best tools for engulfing love and pouring happiness over any occasion. Planning a wonderful surprise for the special person in your life is not something very difficult provided you have the creativity and the innovativeness to do something exclusive. Why not avail flower delivery in Lucknow? There can be nothing more loving and romantic than sending a beautiful bouquet of flowers to your loved one or your partner in Lucknow. You can also go for <a href=""/cakes-to-lucknow"">online cake delivery in Lucknow</a> in order to make the occasion even more fun-filled and loving. Cakes coupled with beautiful flowers always make amazing gifts and therefore you must choose the best flowers and the best cakes available online. Choose the right flowers and the best-flavored cake and nothing can stop you from touching the heart of that special one living away from you.</p>
<h2>Looking for Exclusive Bouquets? Come to bookmyflowers.com</h2>
<p>Flowers and cakes given away as gifts are the best mediums of social expression and you can find them in totality at bookmyflowers.com. We make it easy for you to surprise your loved one in Lucknow by offering midnight flower delivery in Lucknow. Not only this, we also indulge in <a href=""/flowers-to-noida"">flower delivery in Noida</a>. So if you have your loved one living in Noida, there is nothing for you to worry. You can always contact us and get our flower delivery services. We consider the satisfaction of our clients as out ladder to success and this is the reason why we make all possible efforts to offer the best online delivery services to our customers. We arrange flowers and flower bouquets carefully for ensuring that they reflect the event in the best way possible. we do not fall short of ideas when it comes to amusing the recipients.</p>
<h2>Send Flowers to Lucknow </h2>
<p align=""justify"">Lucknow, popularly known as the city of Nawabs and now with opening up of Bookmyflowers you can now send flowers, cakes and gifts in a Nawabi style. All you need to do is just place the order and enjoy like a Nawab and we will ensure that you celebrate the moment in full swing. You want to make their moment extraordinarily special, we have cakes viz Tiramisu, Blueberry Cheese Cake, Black Forest just to name a few. Add a little charm to the occasion by sending fresh flowers along with it, we have both flowers to brighten up their day with Gerberas and Tulips and Roses to suit every occasion.You can send <a href=""/gift-hampers"">gift hampers</a> and personalized gifts to your loved ones. We have an unmatched range of gifts which are available online in Lucknow. With an online delivery of cakes, flowers and gifts in Lucknow, celebrations have got a whole new meaning.</p> <p align=""justify"">Staying away from your family and friends can be a drag especially during festivals and holidays. It is not possible to return back every time and spent every single occasion in your hometown. And you have to miss out on a number of occasions but with Bookmyflowers you can easily be part of the festivities anytime not only in spirit but with the presence of your gifts. You can send flowers to Lucknow and other cities in and around the state through our online portal. We’re the experts at flower delivery to Lucknow City. Shop our extensive selection of colorful flowers at unbelievable prices. We offer a wide range of floral gifts for your different occasions. You can order flowers to Lucknow online for Mother’s Day, <a href=""/valentines-day/gifts"">Valentine’s Day</a>, birthdays and anniversaries; and festivals like Diwali or Rakshabandhan.Our flower bouquets are designed by expert florists and they are packaged in such a way they retain their freshness and also maintain their aesthetic appeal. From long stemmed roses to tantalizing tulips and glorious gerberas to delicate lilies, the choice of flowers available is endless. You can also send a mixed bunch of different flowers or customize your Flower delivery to Lucknow with a personalized message on a greeting card according to your preferences. Personalization will add another dimension to your gift giving occasion and enhance the stature of your presents.</p> <p align=""justify"">With our easy online shopping and ordering system, you can send a beautiful bouquet or floral arrangement to friends and family throughout the Lucknow area in no time. Order them from any part of the world and be sure that your gifts will be there in time for the special occasion. Bookmyflowers proudly serves the entire Lucknow City area with only the freshest flowers delivered.</p>"
/flowers-to-mumbai,,,,,"<h2>Glowing and Fragrant Flowers to Send to Mumbai</h2> 
<p>It is no surprise that flowers add cheer, freshness and even romance to our lives. Whether you have read it in books or watched it movies, you know that gifting someone a bunch of beautiful and blooming flowers is one of the best ways to leave your lasting impression in the mind and heart of your recipient. So take a page out of the book, quite literally, and send flowers to Mumbai to the most special people of your lives that live in this large city. Receiving a special delivery of flowers might just be the perfect way for any Mumbaikar of your life to take a break from their busy lifestyles and chill in the love you’ve sent to them. Do not wait until the last minute to look for the best flowers and gifts for any significant occasion and order online for quick bookings and speedy deliveries. Our option of <a href=""/gifts-to-mumbai"">online gift delivery in Mumbai</a> will ensure that your love finds its way to your dearest ones living anywhere in this city.</p>
<h2>Add Value to the Lives of Loved Ones Living Far</h2>
<p>Have an upcoming birthday, family function, anniversary, or engagement party? Choose from the best collection of deliciously succulent cakes like fruit cakes, cheese cakes, red velvet cakes, chocolate truffle cakes and many more and send the cake directly to the venue of the occasion for a hassle-free celebration experience. No matter where the event is being held, our <a href=""/cakes-to-mumbai"">online cake delivery in Mumbai</a> will fight any seasonal disturbances and traffic jams to deliver your sweet treat on time! If flowers are your go-to option for turning a frowny face upside down, then you can choose from freshly hand-picked flowers like roses, lilies, orchids and carnations and add colour to the lives of your friends and family. Flower delivery in Mumbai is now made simple with our widespread network all across this gigantic city.</p>
<h2>Choose Bookmyflowers for Your Online Shopping and Gifting</h2>
<p>While there may be many platforms for buying and sending gifts online, bookmyflowers.com offers you an edge with the best services and superb deals! We have been catering to a large audience since the past few years and our experience in the business has only helped us learn and grow. With our various delivery concepts like midnight flower delivery in Mumbai, you can surprise someone exactly as the clock strikes twelve this year. Whether you live just around the corner or miles apart, our portal helps you deal with the woes of any kind of distance by sending your amazing love across all barriers. We provide you with delivery services to all major cities and towns of India and <a href=""/flowers-to-noida"">flower delivery in Noida</a> is thus made simple only with us.</p>

<h2>Send Flowers to Mumbai</h2>
<p align=""justify"">The moment you tip-toe outside your house to attend your dear one’s most important day in Mumbai, rains are the ones which spoils your mood. It is time to show a nasty face to the rains with Bookmyflowers online delivery of flowers in Mumbai. Now no matter whether it is a Birthday, Anniversary, Wedding, Mother’s Day or any other occasion. Our on time delivery of flowers,cakes and gifts even during the monsoons will surely leave you spell bound. We have a variety to showcase both in flowers, cakes and gifts. Talk about cakes we have both your personal favorite flavors like chocolate, vanilla, blueberry and some exotic ones too. Our flower boutique consists of some of the freshest of flowers like Roses, Lilies, Daisies, Tulips and Gerberas just to name a few. If you feel that something extra special is what your dear ones deserve you can also pick some of the unique variety of personalized gifts which we have rolled out in Mumbai.</p>
<p align=""justify"">The exquisite looks and fragrances of flowers are always a captivating experience. Flowers have a way of bringing cheer to almost everyone and they bring freshness all around. A gift of flowers is always a perfect present for any occasion. Bookmyflowers offers you the ultimate range of seasonal and occasion flower bouquets available online. Send Flowers to Mumbai with a simple click of the mouse. Pick your choice from a range of freshly picked flowers including tulips, daisies, orchids and roses among many others. Order them from anywhere in the world, and send online flowers to Mumbai any day and anytime of the year. Whether it is for a special occasion or as a routine wish, a gift of flowers is always a delight for anyone.</p><p align=""justify"">Bookmyflowers provides special services for Flower delivery to Mumbai and many other cities all over the nation. Order flowers to Mumbai online for your loved ones on their special occasions. You can arrange a delivery of a bouquet of their favorite flowers in an enticing bunch and have it delivered directly to their addresses. Our bouquets are available in neat and pretty arrangements handled by trained professionals and the flowers come all freshly picked. You can also personalize your flowers to Mumbai with various other gift options such as a greeting card with a personal message attached to it. For an extra special treat, you can add an adorable teddy bear or a box of luscious chocolates along with your flowers.</p><p align=""justify"">Nothing says in better than flowers when it comes to expressing matters of the heart. Don’t let distance tell you that distance should come between you and your loved ones. Send online Flowers to Mumbai for any occasion from anywhere in the world through Bookmyflowers.  Have your flower delivery in Mumbai done through our online portal and rest assured that your floral gifts get delivered intact and on time.

<h2 align=""left"">Mid Night Flowers Delivery in Mumbai</h2>
<p align=""justify"">Make every occasion special with Bookmyflowers midnight delivery. If you want to surprise a friend or loved one in Delhi you can get an online midnight <a href=""/"">flower delivery</a> in Mumbai and any other destination of your choice. All our flowers are delivered fresh in order to build the trust of our customers. Combine fresh flowers with delectable cake delivery in Mumbai</a> and create sweet memories with your loved ones. Our exceptional delivery makes us one of the most reputed brand name in the industry.</p><h2 align=""left"">Online Florist in Mumbai</h2><p align=""justify"">The art of assembling the most beautiful flowers lies with our online florists. Our florists at Bookmyflowers allow you to send the <a href=""/flower-bouquets"">best bouquet</a> to your loved one. Our florists are spread across the country, you can look for our online florist in Mumbai or any other destination. With our in-house florists in Mumbai you can even send flowers to Pune to delight your loved ones. Create beautiful memories with our quick online delivery of <a href=""/birthday/cakes-to-mumbai"">birthday cake in Mumbai</a> which will not fail to surprise them.</p>"
/flowers-to-noida,,,,,"<h2>Your All-Time Favourite Flowers Now Delivered to Noida</h2>
<p>Are you or your significant other/friend/family member a die-hard fan of roses? Or do you prefer the elegance and timeless beauty of lilies? Well, whatever it is you dreamed of this year when it comes to anything floral, delicate and classy, we are here to make all those dreams come true, even all the way to Noida! If you are looking to send flowers to Noida online for any celebration, occasion or event, we are here for you. Having a widespread logistic network throughout the beautiful capital of India, <a href=""/gifts-to-noida"">online gift delivery in Noida</a> is not too difficult for us to manage. So charge up your phones and fire up your computing devices to order for and send cakes, gifts and <a href=""/"">flowers online</a> in a fast and easy way today!</p> 
<h2>Near or Far, Loved Ones Always Live in the Heart</h2>
<p>Whether you are the cheesy person who believes in expressing your love or the minimalistic guy who thinks less is more, we have cakes, gifts and flowers for any mood and demand. Choose from a wide range of exotic and fresh flowers and get them delivered to your loved ones by opting for flower delivery in Noida. Like flowers, food never fails to impress either and nothing surpasses good food better than sweet treats. Choose from an exciting range of tasty and creamy cakes and purchase for them online without moving a muscle. We can be your new all in one saviour – the cake baker, the cash register and your delivery guy! So stop your hustle of going out to look for amazing looking cakes that taste mediocre at the best and choose only from the most delicious cakes you’ve ever had to feast on at our website. <a href=""/cakes-to-noida"">Online cake delivery in Noida</a> is now simple, fast and delicious!</p>
<h2>Bookmyflowers – Providing Delivery All across the Country</h2>
<p>If you are the brother who lives away in a hostel for his studies, the wife who is in another city for your work commitments, the long-distance boyfriend or the estranged best friend, you are sure to have some special people in your life who are not present with you at all times due to various reasons or circumstances. We understand how important it is to be surrounded by the ones you love, especially when you have happiness to share but no one around you. Thus, we simplify your online gifting experience by helping you with <a href=""/flowers-to-delhi"">flower delivery in Delhi</a> or to various other locations all over India. This will enable you to come closer without actually being present physically, so that you stay in the hearts of your special people forever. We help you surprise your sweethearts and your special friends with midnight flower delivery in Noida too!</p>
<h2>Send Flowers to Noida </h2><p>Think of Noida and you will surely recall the famous Film City, a little dramatic and way too interesting for the people to visit it at least once. With Bookmyflowers you can add a little bit of drama to all the occasions with an online delivery of Cakes, flowers and Gifts. You can send a perfect gift to satisfy your endless list of occasion be it Birthday, Mother’s day, Women’s day, <a href=""/anniversary/gifts"">Anniversary</a> and many more to list. All you need to do is just place the order and wait for the gift to be delivered online.If nothing fits in, you can also pick our special range of personalized gifts online to make him/her feel special. Our flowers have been handpicked by in house florists who have years of expertise in it. Our Cakes are said to be finger licking good so if you have an occasion knocking at the door you will find us just a few buttons away.</p> <p>Flowers are a classic and traditional gift suitable for a range of occasions. From Weddings to anniversaries and even funerals, they play an important role and are a major part of these ceremonies. Even if you are far from your city, you can now send flowers to Noida online with Bookmyflowers. We bring you a plethora of flower bouquets and floral gifts online for every occasion. Show your love, affection and appreciation for your loved ones from afar, don’t miss out on any occasion. Whether it is your friend’s birthday or your parent’s anniversary, you can arrange for a flower delivery in Noida anytime. Valentine’s Day is also another occasion when flowers are in huge demand as flowers are the language of romance. Send your lover a bouquet of long stemmed Red Roses along with his or her favorite chocolates. Personalized this gift with your special message on a greeting card attached to the bouquet of flowers, and have your Flower delivery to Noida done to his/her office or residence and surprise him/her with this cute and sentimental choice. </p> <p>You can also complement your flower bouquets with <a href=""/cakes"">exclusive cakes</a> and various other assorted gifts such as teddy bears, dry fruits and cosmetics. At Bookmyflowers we aim to provide the highest quality service and delight every customer with each gift we deliver. With all of our locations and special delivery team, Bookmyflowers is the largest deliverer of floral gifts to destinations all over the city of Noida and surrounding NCR regions. Order your flowers to Noida online in simple and easy steps. Log on to our site and pick the flower of your choice. We include hundreds of flowers, plants and various gift baskets in our selection to fulfill the every requirement of our clients.</p>"
/flowers-to-pune,,,,,"<h2>Add Greenery to the Environment of those around You by Gifting Flowers to Pune</h2>
<p>One of the most beautiful creations of Mother Nature, flowers can magically add brightness and charm to any dull mood or surrounding. Since they are so classy and ethereal, they are also one of the most preferred options of gifting something to loved ones. Commonly seen in occasions like weddings, engagements, birthdays, or celebrations like Valentine’s Day, flowers can easily replace costly or extravagant décor with their simplicity and elegance. Something so pure and beautiful deserves to be sent to your loved ones to add cheer to their lives and hence we help you to send flowers to Pune. Our flowers can be combined with unique and personalized gifts and be sent to any major city in India at the fastest speed. If you are looking for <a href=""/gifts-to-pune"">online gift delivery in Pune</a>, then you have come to the right platform!</p> 
<h2>Creative Gift Ideas for Every Budget, Age and Gender</h2>
<p>It is easy to go overboard while buying things for loved ones, especially when you live far and are unaware of their current likes and interests. We help you to get only the best value out of your money by buying only those gifts that will be actually appreciated and liked by the important people of your lives. Our huge delivery operations help us to get to every city, town and lane in Mumbai to get your love delivered to the people who matter the most to you. Looking for flower delivery in Pune? End your search with our website for all your current and even future gifting needs. Tired of going to your local cake vendor to choose from the same shapes, designs and flavours of cakes? Add a twist to your sweet treats and buy unique cakes from our website. <a href=""/cakes-to-pune"">Online cake delivery in Pune</a> will never seem easier to you.</p>
<h2>Bookmyflowers – Your go-to Website for Your Gifting Demands</h2>
<p>No one is new to online shopping these days. It is convenient because it offers a variety of options under one single platform and even offers to send you your shopping bags right to your doorstep. Now who wouldn’t want that service, especially if you can avail it from your mobile, tablet or computing device? Visit bookmyflowers.com exactly for the type of service we are talking about and get <a href=""/flowers-to-gurgaon"">flower delivery in Gurgaon</a> done on time. Surprise your loved ones by bridging the gap of distance and using technology to your advantage. For those special people of your lives living in Pune who love receiving surprises exactly at midnight on the day of celebrations, opt for midnight flower delivery in Pune to take into account all their personal likes and preferences to make them happy.</p>
<h2>Send Flowers to Pune</h2><p>It must be a terrible mistake for you to drive speedily on a Mumbai -Pune highway missing out on the gift for your dear ones Birthday. To bail you out from such situation all you need to do is just place an <a href=""/cakes"">online delivery of cake</a>, flowers or gift from Bookmyflowers in Pune. Our spongy cakes our well renowned in Pune with your favorite chocolate cake to Vanilla and strawberry. We are known to pick flowers as per occasion; they are as fresh as the dew drops with an unmatched variety of Carnations, Orchids, Roses, Liles and Gerberas to name a few. You can surprise your loved ones with on time gifts and flowers delivery to Pune so that the charm of the moment is not lost. Our gift connoisseurs have handpicked some selected gift for occasions like Valentine’s day, Mother’s day, Women’s Day, Birthday and many more so that it sends across the right message to the one you love.</p><p>Flowers are one of the best ways to show that you care; they make people feel special and well loved. They express what is in our hearts and convey our emotions in an eloquent and clear manner. So if you are missing and thinking of your friends, family or the love of your life in Pune, a special delivery of flowers to them is a nice way to express your feelings. You can send flowers to Pune with the quick touch of a button through Bookmyflowers online. Order these gifts from anywhere in the world and have it delivered to any address in the city of Pune.</p><p>Flowers are also perfect for any occasion, whether it is festivals like Diwali or Christmas or special occasions like Valentine’s Day or Women’s Day. And even if you are not present in the city on these special occasions, you can still share in the joy and celebrations by arranging an <a href=""/"">online flower delivery</a> to Pune. Pick your choice from a selection of fresh and lovely flowers ranging from orchids to daisies and roses to gerberas. These bouquets come in neat and attractive arrangements handled by expert florists and gift connoisseurs. Our flowers are also available in exclusive combos to make your gifting occasions more special. You can choose from varied gift options such as coffee mugs, cushions, chocolates, cakes and dry fruits to go along with your flowers. These gift combos are perfect for festivities and social gatherings. Have your flowers delivery to Pune done online and save up on considerable time and money. Bookmyflowers provides you with the freshest flowers at affordable rates and less handling charges. We also offer custom online Flowers delivery to Pune and various other cities all over the country for your comfort and convenience. You can choose from same-day delivery, midnight special and fixed-time delivery options.</p>"
/gift-hampers,,,,,"<h2>Appealing and Decorative Gift Hampers for Gifting, Party Favours or Festive Celebrations</h2>
<p>We have been in love with gift hampers ever since we saw those little baskets on TV which are packed with goodies and stuff that only dreams must be made of. Even though we now realize that <a href=""/birthday/gift-hampers"">birthday gift hampers</a> combine special things loved by a person in one comprehensive medium of gift, it is, in reality, one of the most economical ways of sending several things at once to the person you love. The main advantage of gift baskets delivery online is the contents that go into it. You can choose from options like chocolate baskets, gourmet baskets, baskets with seasonal and fresh produce, health baskets and even dry-fruits baskets, depending on your preference, budget and recipient. This the exact reason why decorated baskets are so commonly seen as a return party, wedding or engagement favour at several occasions.</p> 
<h2>Get Your Lazy Sundays Back by Choosing For Gifts Online</h2>
<p>People who work often hate to spend their Sundays going out to buy for things that are not even for their own selves. We can help you get your lazy Sundays back by letting you buy for and send gifts like gift hampers online to your near and dear ones. Go through a variety of options of gifts and flowers on our website using your favourite mobile or computing device for a comfortable shopping experience. Our website has been assisting people to <a href=""/flowers-with-cake"">send flowers and cake online</a> to relatives or friends since several years and thus you can be assured that you are in safe hands when it comes to online gifting this year.</p>
<h2>Bookmyflowers – Expression of Love Should Need no Specific Reason</h2> 
<p>People are the most thrilled when they get a surprise out of the blue from loved ones when they are least expecting it. All the men out there, tell the women of your lives to stop complaining about you not expressing your love to them enough by gifting them an experience that they would never forget! Choose from relishing and healthy food goodies and send gift basket online which combines such goodies with gifts or flowers too. We offer hampers and baskets that put together the most authentic and unique combinations of gifts as per the current trends that our customers prefer to indulge in. If you are looking for a place to buy <a href=""/flower-arrangements"">flower arrangements online</a>, then bookmyflowers.com will really surprise you with the number of options it provides to you in terms of vibrant and vivacious flowers. Covering almost the entire country of India and several other locations across the globe, visit us for the fastest delivery of love in the form of gifts and <a href=""/"">flowers online</a>.</p>
<h2>Send gift baskets online in India</h2><p>With Bookmyflowers, you can easily <strong>send gift baskets online</strong> to delight your loved ones. We offer perfect gift baskets for every occasion. Whether it&rsquo;s a birthday, anniversary or wedding reception, you can <a href=""/gifts"">send gifts online</a> conveniently and hassle-free.</p></br><p>With our exclusive variety of gift baskets, you are sure to get the best gift baskets for someone special in your life. You can <strong>buy gift baskets online</strong> to your loved ones to make their special occasion memorable.</p><br /><p>So, if you are finding an easy way to <strong>send gifts online</strong>in India, Bookmyflowers is the best option to look for. You can use this amazing platform to send gift baskets to your dear ones on their birthdays, anniversaries or on any other special occasion. Also, we offer impeccable services for fix time, <a href=""/mid-night-delivery"">midnight delivery</a>, same day or next day delivery of gifts for all occasions. </strong></p>"
/gifts-for-husband,,,,,"<h2>Romantic Gifts for Husband to Make his Day Special</h2>
<p>It is so difficult to find gifts for men, especially on occasions like birthdays. What can you gift that has not already been gifted before? While women may complain about the lack of unique gifts available for men in the market these days, we host a plethora of best gifts for husband to give your darling hubby a surprise that will be hard to forget. Why let only your husband’s pamper you every time on special occasions by giving you the <a href=""/gifts-for-wife"">best gift for wife</a>? Reverse the roles on his birthday and choose from the only the most amazing presents to instantly add a dash of romantic sparks to your marriage. Looking at the concept and the thought that you have put behind the gift, your husband will definitely be pleasantly surprised!</p>
<h2>Bring Back the Romance to Your Marriage!</h2>
<p>Marriage is definitely a bond of a lifetime where you spend time with your better half for more than half your life. You learn various things about love, life and everything in between for marriage and thus it is one of the most significant relationships that give you happiness and joy. But sometimes, it is also seen that the romance starts to slowly fizzle away, especially if you’ve been married for quite some time. Take the opportunity of your husband’s upcoming birthday celebrations to add just the right touch of love and romance to your marriage again. Select from unique gifts for husband like shaving and grooming kits, leather products, a decorated photo frame for his work desk, a tee of his favourite superhero or a photo collage or jigsaw. Such <a href=""/birthday/gifts-for-husband"">birthday gifts for husband</a> will impress him to no extent and will immediately bring back all the happy memories that you guys have together.</p> 
<h2>Go the Extra Mile to Impress Your Loved Ones with Bookmyflowers</h2>
<p>It may be simple to look for gifts for your husband online to celebrate special events with him, but what will set you apart is the quotient of quirkiness and uniqueness of the gift that you choose from him. Just because something is eccentric, doesn’t mean that it cannot be romantic. In fact, with easy-going beings like guys, we are sure that they will appreciate something useful and cool rather than something corny and done to death. So if you are looking for romantic gifts for husband that do not fit into the ‘ordinary’ mould, then you have come to the right place by visiting bookmyflowers.com. Our wide range of gifts, sweet treats and flowers will blow your mind away, just like it will his, when our gift reaches him. For one of the easiest, smoothest and fastest experience that helps you <a href=""/gifts"">send gifts online</a>, visit us now!</p>

<h2>Online Gifts for husband </h2><p>Add more spice and joy to your married life with a special gift for your husband. Husbands love to be the centre of your attention, so shower your love and affections by sending him a lovely gift from our exclusive collection of anniversary, valentine, birthday gifts for husband at Bookmyflowers. From a wide variety of flowers to the exclusive combo of chocolates and roses, we have the best gift ideas for him.</p> <p> Say what is in your heart with flowers. Make a statement with the Perfect Match, a lovely bouquet of a cute bunch of 12 yellow lilies in a non-woven matching sheet. You can also pick up our Bring on the cheer, a combo bunch of 12 orange roses and a celebration pack of chocolates from Cadbury. These gifts are just perfect for the special man in your life.</p> </br><p>Special occasions demand special and the right gifts. Whatever be the occasion, whether it is his birthday or you are looking for an <a href=""/anniversary/gifts-for-husband"">anniversary gift for husband</a>, you are sure to find the right choice at our online store. The Candles of Joy is a basket arrangement of twenty four red roses, two candles and a 500 grams chocolate cake and makes the ideal accompaniment for any celebration.Try out all these wonderful <a href=""/gifts-for-him"">gifts for him</a> at our online store. Simply book them and have it sent to a destination of your choice without any hassles. Surprise your dear husband with a stunning choice from our unique gift ideas.</p>"
/gifts-for-wife,,,,,"<h2>Well-Thought Out Gifts for Your Darling Wife</h2> 
<p>How many times have you, as a husband, thought that you could do much better when it comes to looking for the best gifts for wife to celebrate any special occasion like birthday, anniversary or a day of love? We may not entirely agree when you say that women are difficult to shop for as our collection of floral arrangements, unique gifts and delicious sweet treats will definitely make you believe otherwise too. Pick up all the hints she has been dropping you indirectly and head over to our site to shop for the most appropriate gifts that she never finds a reason to complain about ever again. We also provide you with a variety of <a href=""/gifts-for-husband"">best gift for husband</a> to buy from, but that is for your wife to discover after she learns where you brought her gifts from!</p>
<h2>Classic and Trendy – Gifts for Every Woman</h2>
<p>That we are living in a world of social networking, Instagramming and Snapchatting is nothing new, especially to the millennials. Thus, it can be witness that merely gifting something to someone is just not enough unless it has been presented in a way which is worthy enough to be shown to the rest of the world. Transform your gifting dreams and ideas into reality by buying unique gifts for wife that will help you get a prominent position in all her upcoming picture posts! Whether she is a lover of something trendy and quirky that has been grabbing eyeballs recently or whether she is the one who prefers something timeless and classic to keep for herself, we have products to cater to the wishes and tastes of every woman and wife out there! To buy from the best <a href=""/birthday/gifts-for-wife"">birthday gift for wife</a> to make her the happiest woman of your life, visit our website!</p>
<h2>Alluring Gifts Delivered at the Speediest Rate via Bookmyflowers</h2>
<p>Having been in this business from several years, our various team members have always strived to achieve our motto as a whole business unit – to add cheer, joy and smiles to loved ones, especially those living far. With this amazing work ethic that always puts the customer first, we are able to curate and provide you with gifts, flowers and sweets that are fit for any special occasion or celebration. If you are looking to <a href=""/birthday/gifts"">send birthday gifts</a> to those special people who live far away from you due to some ongoing circumstances or goals in your life, then you can surely rely on our services to do so. Our various delivery options like midnight delivery, on-dot delivery and same day delivery help you to get romantic gifts for wife, husband or partner delivered at a specific point of time in the day!</p>

<h2> Best Gifts for Wife Online</h2><p>Married couples need to express their love for each other as well. In the hustle and bustle of life when you don't have much time for romance, things can get redundant. So spark up your love life with the ultimate Anniversary, Valentine, and birthday gifts for wife. Bookmyflowers offer you an amazing range of the finest gift ideas for wife which include a variety of flowers, cakes, chocolates and other fascinating combos.So what are you waiting for?  Log on to our site and order best gift for wife online now. Our professional <a href=""/gifts"">online gift delivery</a> services will ensure your order reach your doorsteps in minimum time.</p> </br><p>For a spectacular gift, check out the special Combo Bunch  which is a bunch of 12 Mix coloured roses (3 pink, 3 yellow, 2 red and 2 white) with green fillers in blue paper packing and tied up with ribbons (pink and red), 2 Cadbury chocolates (fruit n nuts and silk) and  a 200gms Ferrero Rocher chocolates. It is not only a visual delight but a delightful treat for the tongue too. Let your love speak out with the Big Hugs, which is a lovely combination of exquisite anthuriums & orchids in a non-woven matching paper sheet.Celebrate your love together with the finest <a href=""/gifts-for-her"">gifts for her</a>. Try our special arrangement, the Candles of Joy which is a basket arrangement of twenty four red roses, two candles and a 500 grams chocolate cake. This combination of <a href=""/"">lovely flowers</a> and a delicious cake added with candles is the ultimate symbol of celebration.At Bookmyflowers.com you can find best gift for wife in single click with lowest price.</p>"
/gifts-for-father,,,,,"<h2>Tell your Father that he is the Coolest with the Coolest Gifts for him</h2>
<p>We always associate fathers with being that strict influence of our lives that constantly keeps us on our toes so that we keep excelling in everything we undertake. The epitome of being responsible, sensible and honourable, dads really forget to show how much they love their family sometimes. You can take up the job of bringing out his ultra-cool and sensitive side that chills and has equal fun as any of his children by buying best gifts for father this year. While mothers can be easily surprised by buying <a href=""/gifts-for-mother"">best gift for mother</a>, dads are a little difficult to shop for. But with us, you need to forget all your worries as we bring to you a wide variety of dad gifts like wallets, belts, customized photo frames, mugs, pen sets, grooming products and even printed tees to make your old man special on occasions like his birthday or Father’s Day.</p>
<h2>Never Run Out of Admiration for Your Dearest Father by giving him Timeless Gifts</h2>
<p>We have always been full of respect for our fathers and admire him for those entire things he has ever done for us without even thinking twice about his own interests or motives. But there have been times when we ourselves must have felt scared or hesitant to openly express our admiration towards him. Don’t let that feeling stop you this year and combine them with unique gifts for father to show your love. From our website, you can browse through a collection that is especially dedicated to all the doting dads out there for always being our very own personal superheroes. Spoil him with your love and generosity by buying <a href=""/birthday/gifts-for-father"">birthday gift for father</a> that are out of this world!</p> 
<h2>Add an Instant Sparkle to the Lives of Others with Bookmyflowers</h2>
<p>A birthday, anniversary or day of love, becomes especially hard to celebrate if you live far away from your loved ones. Even though globalization has helped the world become a closer place, it has also provided people with the opportunity to travel to new places and meet new people. But that does not mean that you permanently leave the old ones behind. Buy for gifts online and send them by using <a href=""/birthday/gifts"">online birthday gifts delivery</a> services provided you at bookmyflowers.com. We have gifts for every occasion, event or shared memory that you want to relive, but cannot do so because of distance or geographical barriers. Communicate the deepest feelings of your heart to the ones you love with our vast range of gifts for all your friend, relative or significant other. Choose from the best presents for father, mothers or siblings and surprise them when they least expect it, only with us!</p>
<h2>Best Online gifts for Dad</h2><p>Fathers are just wonderful in a million different ways but we do not sing their praises as often as we should. There are plenty of reasons to thank him as he's the hero you need, and for always going the extra mile for you.  And what better way to express your gratitude then with special gifts for Dad. Yes, you can make your dad happy by giving him a unique gift that will bring a big smile on his face. At Bookmyflowers, we have for you an amazing range of the most suitable gifts for dad ranging from the prettiest <a href=""/flower-bouquets"">bouquet of flowers</a> to exotic <a href=""/fathers-day/gifts"">Father's day gift</a> combos. We have it all.</p> </br><p>Nothing conveys your love more than flowers, and roses are the way to one's heart. So gift your dad a Divine Style, which is a lovely Bunch of 12 Yellow and 10 White Roses with green fillers. Or opt for the Assorted Roses Bunch which is an absolute favourite! This bouquet is a hand-tied bunch of twenty Mix Roses, especially created to bring a delightful smile on your father's face. When it comes to special occasions and whether you checking out <a href=""/anniversary/gifts-for-him"">anniversary gifts for him</a> or looking for a unique present for his birthday, the Candles of Joy is a perfect arrangement. Your dad deserves a special treat on this special occasion, and with our range of assorted gift ideas for him you're sure to have the ideal present for the number one man at home.</p>"
/gifts-for-mother,,,,,"<h2>Celebrate the Everlasting Bond with Your Mother by Sending Classy Gifts for Mother</h2>
<p>Mothers are easily one of the most special part of our lives that can never be replaced by anyone. Looking out for us right from the day we were born and taking care of all our needs and wants, mothers are the angels sent to us by God. Without them, we really are nothing and it is time that we took her less for granted and showed her how much we care. Express your gratitude to your dearest mother by sending her best gifts for mother that are elegant and timeless. Tell her that you will never let the pride in her eyes for you fade as you uphold her teachings and values in everything that you strive to do in your life. Buy from our exclusive range of gifts for your mom that can be gifted to her for any special occasion in her life. So buy not only from the <a href=""/gifts-for-father"">best gift for father</a>, but also for your dearest mom this year.</p>  
<h2>Treat all the Moms in your life with Amazing Gifts</h2>
<p>Anyone who obtains the position of being a mother in your life does not necessarily have to be your biological mother. She can be a caretaker, a teacher, a friend who is already a mom, a woman who inspires you, your wife who is a mother or even your mother-in-law. For all those special women, browse through the best presents for mom and gift those special presents to them when they don’t expect such surprises at all! Women love to be pampered out of the blue and your mom will definitely appreciate your kind and heartfelt gesture of making her feel like the Queen in your life. So, stop looking for <a href=""/birthday/gifts-for-mother"">birthday gift for mother</a> in local shops or your market and visit us for a variety of gifts at one single platform.</p>
<h2>Deliver your Love any place, any time via Bookmyflowers</h2>
<p>Is it possible to stay connected with your loved ones except on social networking sites even when you are miles apart? Yes, with us, it is! With bookmyflowers.com, you not only buy and send gifts like birthday gifts, festive gifts or <a href=""/anniversary/gifts"">anniversary gifts online</a>, but you also add value to the life of others by making them relive their fondest memories with you. While it is easy to simply pick out something and send it to someone, our website offers you with specific categories of gifts specially curated and created for specific people of your life. For example, if you are looking for something that is fit for your darling mother, you simply have to click on the category of ‘mother gifts’ and our website will display the marvellous collection of gifts dedicated especially to moms.</p>
<h2>Best Online Gift for Mom</h2><p>Mothers are the backbone of every family.  They were there for you in the thickest of times and when you need a shoulder to cry open.  Mothers always seem to know what you need even before you asked or wished, they are special.  It is time to show your appreciation for all the sacrifices she made with a gift that conveys your gratitude and love. A gift for mom is a special one and the choices to make can be rather difficult.</p></br><p>At Bookmyflowers we have an amazing array of the perfect birthday, anniversary and <a href=""/mothers-day/gifts"">Mother's day gifts</a> for mom ranging from the prettiest bouquet of flowers to amazing gift combos of chocolates and roses. Try the special Combo which is a bunch of 12 mix color roses with green fillers in a blue paper packing with 2 Cadbury chocolates and 200gms Ferrero Rocher chocolates. This will melt her heart just like the chocolates melt in the mouth. Or you can present her with the Simplicity, a bouquet of mixed Roses with green fillers wrapped in pink ribbon. It is the perfect way of expressing an everlasting love and a classic expression of affection! </p> </br><p>When it comes to anniversaries or if you are searching for a suitable gift for Mother's day, you are sure to find the right gifts here with our <a href=""/gifts-for-her"">unique gift ideas for women</a>. Just order them online and have them delivered to any destination of your choice. Bring a smile to the most important woman in your life</p>"
/gifts-for-kids,,,,,"<h2>Creative and Colourful Gifts for Kids – Just like the Children in Your Life</h2>
<p>Children are so hard to dislike as they are the most honest and innocent little angels that spread joy all around them. Their bright and colourful personalities immediately cheer us up and add incomparable and unadulterated joy to our lives. For all those special kids out there – be it your own children, your little nephews and nieces, your boss’s child or your little neighbour friend – we have a large collection of the best gifts for kids which will make them scream in glee. Celebrate the birthday of all your kids by <a href=""/cakes"">buying a cake</a> which is not only tasty, but which goes perfectly with your celebration theme. Buy <a href=""/birthday/cakes-for-kids"">birthday cakes for kids</a> from amazing options like cartoon cakes, superhero cakes, and photo cakes to celebrate their birthday in the best way possible!</p>
<h2>Mini Joys for the Mini People you Love Dearly</h2>
<p>Kids are not very hard to impress. Sometimes, all they need is a toy that keeps them occupied and a big, warm hug. Buy exciting presents for kids to make their day happening and celebrate their achievements easily by simply clicking a few mouse buttons. Buy sweet birthday hampers, bright and colourful pillows, chocolate bouquets, cute soft toys, trendy watches, games and photo frames to make your little ones happy. If you are looking for a <a href=""/birthday/gifts"">birthday gift delivery</a> right to your doorstep, then nothing can be easier than visiting our website from your mobile or computing device and ordering for the best gifts and sweet treats online. Besides gifts and cakes, you can also buy cupcakes with various colours and themes. Chocolates are another mouth-watering option that will make your kid listen and hang on to every word of yours!</p>
<h2>Affordable Rates for Everyone to Buy at Bookmyflowers</h2>
<p>Everyone wants the only the best for their little ones. We work hard so that we can provide them with a life that is comfortable and stable. What is a better day to spoil and pamper your kids once in a while than on their birthdays? Whether you are looking for gift items for kids or return gifts for all the little guests at your next birthday party, we’ve got it all! Providing you with the <a href=""/gifts-for-mother"">best gift for mother</a>, fathers and tiny tots, we have been in this business long enough to know what it takes to add happy and gleeful smiles all around. Filter your gift preferences as per your taste and budget and be served with a variety of options for every category on our website. Then simply place your order and make the payment, and you are done! We deliver your gifts to you on time, every single time.</p>"
/gifts-to-ahmedabad,,,,,"<h2>Make Occasions Memorable with Premium Gifts and High-Class Sweet Treats to Ahmedabad</h2>
<p>Having special people in life also entails the celebration of their special occasions, shared memories or upcoming festivities. But what if you don’t live around those special people anymore? Does that mean that you are allowed a pass to not be involved in their lives, days and events too? We don’t think so either! Stay emotionally connected even if you are physically apart with the best quality of gifts, flowers and treats by ordering them on our website. Delivering across all major cities and towns in India and at several places across the globe, we can help you send gits to Ahmedabad with convenience and ease. If you are looking for <a href=""/gifts-to-mumbai"">online gift delivery in Mumbai</a>, we are the best bet to place your trust on!</p>
<h2>Celebrate Each Day like the Most Special Day of Your Life with Amazing Gifts, Fresh Flowers and Delicious Treats</h2>
<p>True love lasts forever, but expressing it can be made simple by gestures on a daily basis too! This is especially crucial for those living far from their loved ones due to work commitments, study purposes or any other circumstance. Do not miss their presence anymore as you can get <a href=""/cakes-to-ahmedabad"">online cake delivery in Ahmedabad</a> at our website, using which you can send delicious cakes like chocolate cakes, truffle cakes, fruit cakes, cartoon cakes, fondant cakes and even cupcakes to your loved ones living in that city. Combine these freshly baked goodies with a bunch of gifts or flowers to make an appealing gift hamper that will be hard to forget. Online gift delivery in Ahmedabad will help you to reach out and celebrate every day like the day of love.</p>   
<h2>No Person Will Never Seem Too Far Away Ever Again if you buy Gifts from Bookmyflowers</h2>
<p>We understand how hard it is to stay away in a new city or environment, far away from your loved ones. However, in order to surprise them with goodies in the form of your love, all you have to do is to explore our collection of gifts online which will provide you with several ideas that can be delivered to any doorstep within hours! Stop looking for the perfect gift for your husband, wife, relative or friend at your favourite gift shop in Ahmedabad as you will get a much larger collection of gifts at one single place only at bookmyflowers.com. You can save time by not visiting every local gift and cake shop in your vicinity to end up with the same old options each time and instead choose for online <a href=""/flowers-to-ahmedabad"">flower delivery in Ahmedabad</a> this time to save your time, headache of selecting and energy.</p>
<h2>Online Gifts Delivery in Ahmedabad</h2><p>Gift is all you need to express the unexpressed. Give voice to the embedded feelings of your heart and showcase it by getting an online gift delivery done to your loved ones with Bookmyflowers. An elegant piece of jewelry, showpiece, lucky bamboo, chocolates or any other gift you can send it on Mother's Day and Rakhi .You can also get an <a href=""/gifts"">online gifts delivery</a> done to Ahmedabad for your friends, families and relatives. Be it chocolates online, lucky bamboo, coffee mugs or any other gift you can gift them to your Mother and brother and let them know that life has been special because of these two very important people in the world. Send <a href=""/mothers-day/gifts-to-ahmedabad"">Mothers day gift in Ahmedabad</a> and let them feel that without them life wouldn't have been so enjoyable.</p> </br><p>You can make your brother feel a little happy this Rakhi by sending him a basket full of chocolates and making him believe that you have always loved him. All our gifts have been quite affordable to suit every budget and have been hand wrapped with special care and affection to get a sense of deep rooted connection that you have with your dear ones. With our strong distribution network you can now send <a href=""/rakhi-to-ahmedabad"">rakhi gifts to Ahmedabad</a> online and be rest assured that it will be reaching your loved ones within a blink of an eye.</p>"
/gifts-to-bangalore,,,,,"<h2>Send Thoughtfully Curated Gifts to Bangalore</h2>

<p>In a city like Bangalore which is the IT hub of the nation, the crowd is mostly young. Youngsters from all across the country flock to Bangalore to build their careers and stay away from home. If you have someone special staying in Bangalore, you would know how it feels to stay away from a loved one. Hence sending gifts your loved ones staying apart becomes extremely important. You can now easily send gifts to Bangalore via various websites and online portals which have made your life easy. Not just Bangalore, you can send gifts to any major city in the country, for example, you can make <a href=""/gifts-to-chennai"">online gift delivery in Chennai</a> sitting from the comfort of your home and make your loved ones staying there feel loved. That's the power of gifts that come straight from the heart.</p> 

<h2>It Is Not the Gift, But the Thoughts That Counts</h2>

<p>For those of you who have wanted to make online gift delivery in Bangalore, there could not have been a better time to do that than now. With hundreds of gift shops in every lane and by lane of the city and also hundreds of websites that are offering their services, your task of making gift delivery to Bangalore has become a lot easier. Not just gifts, it has become equally easy for you to make <a href=""/cakes-to-bangalore"">online cake delivery in Bangalore</a> or any other city that you want. All you need to do is to find a bakery or a website that meets all your criteria when you are looking for delivering gifts or cakes to your loved ones in Bangalore. It is, however, a leap of faith that you have to take before placing an order.</p>

<h2>At Bookmyflowers.com, We Believe in the Manner of Giving</h2> 

<p>While you will find plenty of gift shops in Bangalore, the real challenge is to find something that you can trust. At times and situation like these, you want to collaborate with a big brand that has built its goodwill over the years, and that is where bookmyflowers.com comes into play. Not just gifts or cakes, you can now make online <a href=""/flowers-to-bangalore"">flower delivery in Bangalore</a> as well, using our services that have made to satisfy our customers. With our huge range of products to choose from, you also get our delivery services that are made to exclusively suit your requirements. We believe that we are not just delivering a box of gift, but we are sending over boxes of love from someone, and love needs extra care and nurturing to flourish, right? That’s something our delivery team follows by heart, making your gifting experience a truly memorable one.</p>

<h2>Online gifts delivery in Bangalore</h2><p>There are times when due to busy work schedule you tend to miss your dear one's most important occasion. For all such occasion it is the online gift delivery is what bail you out, with the innumerable options that you have there is absolutely none which promises the uniqueness and creativity other than Bookmyflowers. It has the widest range of gift and with the increasing popularity of it you can now get <a href=""/gifts"">Order online gifts</a> even in Bangalore.</p> </br><p>Starting from the gorgeous look baskets to the scrumptious chocolates we have them all. All you need to do is just order online and be rest assured that our strong distribution network will ensure that we are able to deliver all our products well on time so that you don't get those frosty nose looks on missing your dear one's important day.</p></br><p>Be it an elegant piece of jewelry, or your favorite coffee mugs reminding you of that endless conversation, you can gift them all.Send <a href=""/mothers-day/gifts-to-bangalore"">Mother's day gift to Bangalore</a> and surprise your mother with the most unique piece of gift to make this day the most special ones in times to come. Chocolates will be like the most appropriate gift for this Rakhi for your brother living in Bangalore, you know since childhood you have been fighting over chocolates. Send <a href=""/rakhi-to-bangalore"">Rakhi gifts to Bangalore</a> and make your brother feel that you love your brother more than the chocolates.</p>"
/gifts-to-chennai,,,,,"<h2>Send Gifts to Chennai to People Who Deserve the Best</h2>

<p>Right at the bottom of the country is a city called Chennai that’s blooming and blossoming with life. A city as huge and lively as Chennai, people there are one of the most endearing people in the country. For all your loved ones staying in Chennai, you wouldn’t want to miss a chance to gift them something to make them happy, and people in Chennai are very easy to please. If you want to send gifts to Chennai, you don’t have to worry about anything apart from finding the right place and people to get your gift delivered. Not just Chennai, you can send gifts to all the beautiful cities down south with just a few clicks now. Making <a href=""/gifts-to-bangalore"">online gift delivery in Bangalore</a> has also become easy now.</p>

<h2>A Gift Is Based on the Intention of the Giver</h2>

<p>Since online gift delivery in Chennai has become so easy now, you don’t have to worry about your loved ones staying there not getting proper gifts from you. The boom in the online gifting space in India has made sure that you get to send gifts to your loved ones all across the country with just a few clicks, once you find something that meets all your requirements and criteria. Not just gifts, <a href=""/cakes-to-chennai"">online cake delivery in Chennai</a> has become easy too. Numerous cake shops and bakeries in the city will give you hundreds of options to choose from, but it is the delivery that matters the most, right? You don’t want your special someone to receive a cake that has been damaged. The challenge is to find a place that has a trustworthy delivery service.</p>

<h2>Bookmyflwoers.com - Leaving a Tantalizing Effect Making Your Day Brighter</h2> 

<p>Even though you will find many gift shops in Chennai, the real challenge is to place your trust on them that they will deliver your gifts properly. At bookmyflowers.com, it is problems like these that we are expert in solving. With a highly innovative and creative team being the core of the company, we make sure every gift item that you find on our website is unique. But it is not just gifts that you will find on our website, we are here if you want to make <a href=""/flowers-to-chennai"">flower delivery in Chennai</a> as well. We understand that gifting is a matter if the heart, where there are your emotions involved and that is why, after you are done ordering a gift, we go all the way and take extra care in delivering that gift at the doorstep of your loved one. That is the reason why we have so many returning customers who believe in us.</p>

<h2>Online Gift delivery in Chennai</h2>
<p>Express your feelings on different occasions by sending a gifts online in your city Chennai to your near and dear one's.Whether you are near or far, with our online gift delivery services in Chennai you can get deliver your gifts easily.Your Mother has always been too busy to beautify her home, this Mother's day give her an extra reason by sending her beautiful showpiece to liven up her home. Send her online Mother's Day gifts to Chennai and make her feel that there is not a single day when you don't miss her. For all the fights that you have with your brother send<a href=""/rakhi-to-chennai"">Rakhi gifts to Chennai</a> and make him feel that you will always stand by him during the toughest of times. Occasions are moments to enjoy and you should be doing it to the fullest on Mother's Day and Rakhi.</p>"
/gifts-to-delhi,,,,,"<h2>Send Gifts to Delhi to your Loved Ones with a Soul</h2>

<p>Delhi is a city that cannot be described in words. More than a city, it is an emotion that people cannot get rid of. People who stay in Delhi love it like anything and it is a fact that they do not want to live a chance to get to know everything about it. You can now send gifts to Delhi without much of a hassle because there are different websites that work day and night so that you can send gifts to people who matter to you. Not just Delhi, even for your loved ones staying in the NCR region, gift delivery is no longer an issue. You can now make <a href=""/gifts-to-ghaziabad"">online gift delivery in Ghaziabad</a> or any other place in the NCR ain just a few clicks.</p>  

<h2>When You Send Over Love Disguised As Gifts</h2>

<p>Delhi has so many gift shops at every corner of the city that online gift delivery in Delhi is no longer much of an issue. You can now easily send across gifts to Delhi and NCR with just a few clicks, without having to take much of a trouble. The only trouble or worry that you might have to face is with the delivery of those gifts. Sitting at your home, you won’t know what the delivery team looks like or how they take care of the delivery. Same goes for cakes as well. You can easily make <a href=""/cakes-to-delhi"">online cake delivery in Delhi</a> but you won’t really know how the cake is going to be when it finally reaches the one you sent it to. But you definitely do not want it damaged, that’s for sure.</p>

<h2>At Bookmyflowers.com - We Know That the Greatest Gifts Are Not Found In Stores, But In Hearts</h2>

<p>Even though you will find plenty of gift shops in Delhi, you want something that you can trust with your gifts, and that’s why we are here. At bookmyflowers.com, we know what emotions behind gifting are made up of and we strive day and night to value those emotions and stand tall to your expectations. But not just gifts, we do <a href=""/flowers-to-delhi"">flower delivery in Delhi</a> and NCR as well. When you want to send across love, there can’t be anything more significant than flowers, right? Flowers are the simplest way to express your love to someone and tell them that you care about them! <a href=""/"">Gifting flowers</a> to someone is an age old tradition and probably that is why flowers carry such an old world charm with them. Our delivery team makes sure that the flowers you are sending do not lose the charm and the freshness and delivers them without damaging them.</p> 

<h2>Online gift delivery in Delhi</h2>
<p>Delhi has a good mix of gifts and it becomes confusing for anybody to choose a gift which promises a smile on your dear ones face. Promises are the ones which forms the core of our existence at Bookmyflowers. We have picked all our gifts where our connoisseurs have spent ample amount of their thought an time to select the best for the occasion and with the online gift delivery in Delhi we are also able to send gifts to Delhi too.</p> </br><p>Our Gifts consists of some beautifully adorn baskets along with your favorite chocolates or some lovely hampers which are surely going to melt your dear ones heart. So when an important occasion is around the corner you have a reason to send online gifts to Delhi from the widest range of gifts that we have for your dear ones.</p></br><p>Occasions come and go but the bond that you share with your dear ones is eternal. With Mother's day around the corner it is time to surprise your Mom. Send <a href=""/mothers-day/gifts-to-delhi"">Mother's Day gift to Delhi</a> with our online gift delivery services and make her feel loved like never before. Make her feel that she holds a special place in your heart by choosing the best gift online in Delhi and send it with online delivery services.A gift is like a token of appreciation for the bond your share with your loved ones.You can also Send online <a href=""/rakhi-to-delhi"">Rakhi gifts to Delhi</a>, no matter whether it is a box full of chocolates or something more personalized, we all know that your brother wouldn't mind having either of them for this Rakhi.</p>
"
/gifts-to-gurgaon,,,,,"<h2>Send your Love as Gifts to Gurgaon Blooming With a Personalised Message</h2>

<p>Gurgaon is a place that has major scope and can be one of the most developed cities in the country. People in Gurgaon are so full of life that we all get envious at times. If you have a loved one staying in Gurgaon, you would know how much full of life they are. If you want to send that special someone staying in Gurgaon a gift, you can easily find many websites that can send gifts to Gurgaon. That’s how easy it is. But why just Gurgaon, you can even make <a href=""/gifts-to-delhi"">online gift delivery in Delhi</a> through these websites or through various gift shops in the city. After all you don't really need a reason to send gifts to someone you really love. Finding occasions is just a reason to make your loved one feel special.</p> 

<h2>Every Gift Is a Wish for Your Happiness from a Loved One</h2>

<p>As said earlier, there is no dearth of options for you to make online gift delivery in Gurgaon, because there are so many gifts portal functional in that area that will make your gift delivery in Gurgaon a hassle-free experience, or at least they promise to do so. But sending gifts to someone is not as easy as you think. Your job does not end at checkout because the constant worry of the gift delivery will always be at the back of your head. When you are sending gifts from a website or a gift shop that you have never heard of, you don't really know how prompt and good their delivery services are. The same goes for cakes as well, you can make <a href=""/cakes-to-gurgaon"">online cake delivery in Gurgaon</a> but you're not sure of the condition of the cake when it reaches the one you have sent it for.</p>

<h2>Nobody Understands the Sentiment of Gifting As Good As We Do</h2>

<p>Gift shops in Gurgaon failed to build the trust factor that we at bookmyflowers.com have built over the years. Apart from having a huge collection of the gift section, we also have a highly skilled and dedicated delivery team that goes out of its way to make sure that your delivery experience is a memorable one. When you are sending gift to someone, the primary thing that you expect is that the gift reaches that person without any damage, right? Not just gift, we make <a href=""/flowers-to-gurgaon"">flower delivery in Gurgaon</a> as well because what can be better than flowers to express your love? Flowers are so delicate that if proper care is not taken they will perish and you can trust us that we will never let that happen to the flowers you are sending to your loved one in Gurgaon.</p>

<h2>Online Gifts Delivery Gurgaon</h2><p>Reaching from one point of Gurgaon to the other one can really get you nuts so for all these moments and more online gift delivery to Gurgaon is like the obvious choice. Send a Lucky Bamboo to your colleague to express your heart felt wishes for the season and couple it up with chocolates. Surprise your loved one who is living in Gurgaon with online delivery of gifts and make them feel that you cannot forget their most important day. You can send lanterns to your Mom to make her home the sweetest in the world. Send <a href=""/mothers-day/gifts-to-gurgaon"">Mother's day gift to Gurgaon</a> and surprise her with a range of unique gifts online.</p> </br><p>All the gifts that we have will fit in your budget as they have been quite reasonably priced for it to become unaffordable. You can also send a table top Ganesha to make to bring good luck and prosperity in their home. Send <a href=""/rakhi-to-gurgaon"">Raki gifts online to Gurgaon</a> by gifting them a basket full of cookies which he can gorge down to fill his stomach.You can get an online gift delivery done in Pune, Chennai, Bangalore, Mumbai, Delhi and many more to list down so that ordering and sending gifts online become an easier task. We ensure a timely delivery of all our gift products in Gurgaon city so that the preciousness of the occasion is maintained.</p>"
/gifts-to-indore,,,,,"<h2>Send your Best Wishes as Gifts to Indore - The Magical City</h2>

<p>Indore is truly the heart of the nation. The love and talent that people in Indore bear in their hearts is still unmatched. The love that they give out, also comes back to them in the form of gifts that you send to your loved ones staying in Indore. With technology making things easier for you, you can now easily send gifts to Indore without any worries. A few clicks are all it takes to get your gift delivered at someone’s doorstep and you can well imagine the glint in their eyes when they open the gift. But it’s not just Indore that you can send gifts to; you can now also make <a href=""/gifts-to-bhopal"">online gift delivery in Bhopal</a>, another city that has got a soul of its own. Since sending gifts has become so easy, it is now bringing people much closer than ever before.</p>

<h2>Your Way of Giving Is Worth More than What You Give</h2>

<p>If you want to make an online gift delivery in Indore, you know it’s going to be easy for you because the boom in the online gifting space in India has made it possible for you to do so. Multiple new gifting portals have come up that offer great gifts, no doubt. But are their delivery services trustworthy enough? After all, there is nothing you can do if they mess up your gift delivery. Even if you are making <a href=""/cakes-to-indore"">online cake delivery in Indore</a>, you have to keep worrying about the <a href=""/cakes"">cake delivery</a> as well. You definitely wouldn’t want a beautiful cake to get damaged on its way from the store to the one you are sending it for. That is why it becomes extremely important to find a brand that has its goodwill and that you are sure won’t mess up your gift delivery.</p> 

<h2>Bookmyflowers - Understanding and Decoding the Emotions and Sentiments Attached to Gifting</h2>

<p>With plenty of options of gift shops in Indore to choose from, but very few to trust, why not go for a brand that has been serving its customers for years? Bookmyflowers.com is a trusted name in the online gifting world because we have built our reputation for years through our hard work and dedicated teams who strive to make our customers happy. When it comes to gifts and their delivery, you can trust nobody but us. Even if you want to make <a href=""/flowers-to-indore"">flower delivery in Indore</a>, our services are right here for you, customized to suit your needs and requirements. Our prime motive is to send your love intact to your loved one so that we get to see both of you happy and smiling.</p>"
/gifts-to-mumbai,,,,,"<h2>Send Gifts to Mumbai – A City that Never Stops Spreading Love</h2>

<p>Mumbai is truly the city of dreams. It is a place that gives hope and is home to a million dreams. No matter whatever you say you or write about the city, it's never going to be enough. For a city like Mumbai, people who stay here need extra care and attention, right? If you have a loved one staying in Mumbai, you would surely wants to make them feel special by sending them gifts, <a href=""/"">flowers</a> and love. So when you can send gifts to Mumbai so easily, what are you waiting for? You will find plenty of gift shops and online gifting sites that will assist you in making a successful gift delivery to Mumbai. Or even if you want to send gifts to any other part of the country you can make <a href=""/gifts-to-kolkata"">online gift delivery in Kolkata</a> or any other city more easily than you can think of.</p> 

<h2>Gifts are basically about the Love that You Put into Giving</h2>

<p>When online gift delivery in Mumbai is so easy, you don't have to worry about much, right? Gifting portals across India has made it possible for you to send gifts to any part of the country with just a few clicks. Of course it is easy and feasible for you, but how trustworthy are these sites? Can you trust them to send your gift to your loved one in Mumbai just the way you want? Imagine you are making an <a href=""/cakes-to-mumbai"">online cake delivery in Mumbai</a>, a delicious and creamy cake. That is how you want the cake to be when your loved one opens the box, right? But are you sure that the site you have chosen will deliver the cake intact? After all who wants to open a box of cake that has been damaged and no longer looks tasty?</p>

<h2>Bookmyflowers.com Is the Answer for All Your Gifting Needs</h2>

<p>We are at bookmyflowers, with our experience have managed to build that trust in you that gift shops in Mumbai have not been able to do so far. With us, you not just get a chance to witness the wide range of gifts at our store, but you get to experience our extremely efficient delivery services that are made to suit your needs. Be it midnight delivery, or same day delivery, you can get to choose even the delivery service. You can trust us for <a href=""/flowers-to-mumbai"">flower delivery in Mumbai</a> as well. Since flowers are so delicate, extra care needs to be taken while handling these flowers. Our delivery team consists of dedicated delivery professionals who go out of their way just to make sure that you are delivery does not get hampered.</p>

<h2>Online Gifts Delivery In Mumbai</h2><p>Gifts are nothing but gestures to make your loved one feel a little special than usual. Get an <a href=""/gifts"">online gift delivery</a> in Mumbai and let your loved one catapult to the ninth cloud. Send exotic flowers along with chocolates which can be like a beautiful present for this Mother's Day and Rakhi. All the gifts have been quite carefully chosen to make it suitable for every occasion. All our gifts have been quite sensibly priced to make it affordable to every pocket. You can also make Mother's day a little relaxing for your Mom by letting them buy ‘Specially for you' gift which has towels and candles to allow you relax on a particular day.</p> </br> <p>With two such important occasions lurking around it becomes imperative for you to send them extremely special this season. Send perfect <a href=""/mothers-day/gifts-to-mumbai"">Mother's day gift to Mumbai</a> which might comprise of an elegant piece of jewelry, showpiece or perfect coffee mugs to their home to make them feel on top of the world. Chocolate Hampers, Lucky Bamboo or coffee mugs is what you can <a href=""/rakhi-to-mumbai"">send Rakhi gift to Mumbai</a> and make him feel that behind those small fights was hidden love for each other.</p>
"
/gifts-to-pune,,,,,"<h2>Lovely Gift Ideas to Send Gifts to Pune</h2>

<p>Even though people say that Pune is a version of Mumbai, it is not right. Pune has got an identity of its own and that is what sets it apart from Mumbai. For all your loved ones staying in Pune, you want to leave no stone unturned to make them feel loved and special by sending them gifts. That is why you want to send gifts to Pune to send across all the love and let them know how important they are. Not just Pune, you can also <a href=""/gifts-to-mumbai"">send gifts to Mumbai</a> via various online gifting sites or the gift shops in the cities itself because when technology has made it so easy for you to send gifts to anyone in the country then why wouldn't you? After all, gifting is not just an activity; it is an emotion in itself.</p> 

<h2>The Gifts That Come From the Heart Are the Best</h2>

<p>With online gift delivery in Pune being made so easy and hassle-free for you, you can now send gifts at the slightest pretext to your favourite ones in Pune. Sending gifts to the ones we love need no occasion, right? You just need the smallest reason and voila, there you are! Because when you love someone and are fond of that person, he or she is the one that comes to your mind when you see something nice and unique. Even with cakes, you feel same. When it is a special day for your loved one who stays apart, you send them cakes as a sign of your love. You can now easily make <a href=""/cakes-to-pune"">online cake delivery in Pune</a> using the same services of the different gifting sites. Don’t ever let distance be a problem in your relationships. Just select your gifts, the rest shall be taken care of.</p> 

<h2>Bookmyflowers - Your One Stop Shop for Every Purpose Of Gifting</h2>

<p>There are plenty of gift shops in Pune, but if you are looking for unique, handpicked gifts and a wide range to choose from, then bookmyflowers.com is the place to be. Our young and dynamic team chooses all the gifts and you might be having a hard time in selecting just one gift from the range of all the beautiful items on display. Flowers are a way of speaking out your heart to the ones who matter to you. Sending flowers is an age old tradition to wish your loved ones luck or congratulate them or just to say that you love them. Making <a href=""/flowers-to-pune"">flower delivery in Pune</a> with us is now even easier because of the huge range of delivery options we offer. You can now choose the delivery service from our list and pick the one that suits your needs best.</p>

<h2>Online gifts delivery to Pune</h2>  

<p>Breaking the monotony of the city starting from Delhi, Mumbai, Bangalore and now Pune, Bookmyflowers have cast their magical spell of love, care and affection by having an <strong>online gift delivery to Pune</strong>. So if you have a friend, relative or a family whom you want to wish, you now can celebrate the moment by picking selected gifts and deliver online which is sure to bring a smile on her face. Be it a box full of <a href=""/chocolates"">chocolates</a> or some gorgeous hamper which she might be yearning for.</p> </br><p>All our gifts are being creatively designed to make every gift distinct from the other so that every gift has its own story to be told. It is time to celebrate every occasion larger than life be it an Anniversary, Birthday, Valentine's Day or any other occasion and now yo can send gifts online to pune to make him/her feel special. Celebrate it with full fun and gaiety and make her rejoice the moment to the fullest.</p></br> <p>You still remember how earnestly your mother has always yearned for jewelry and she couldn't ever have enough of it. Send <a href=""/mothers-day/gifts-to-pune"">Mother's Day gifts to Pune</a> and make your mother feel that you always knew what she wants. Rakhi, as an occasion also seems a few buttons away so make sure that your brother gets the perfect online Rakhi gifts this season. Send <a href=""/rakhi-to-pune"">Rakhi gifts to Pune</a> and make your brother feel that you will always love and care for her. All our gifts have been hand wrapped so that the moment somebody opens it he/she should feel the importance they hold in your life. Book your order now to get online gift delivery in Pune.</p>"
/birthday/flowers-with-cake,,,,,"<h2>Birthday Flowers with Cakes Mark the Auspiciousness of Special Days</h2>

<p>Birthdays are the perfect occasions to make someone feel special. A birthday is that one day we wait for throughout the year, because this is that one day when one is pampered to the core and all his wishes are granted. This day calls for celebration and needless to say, <a href=""/birthday/flowers"">birthday flowers</a> and cake become a part of this celebration. In fact, without these the birthday celebrations aren’t even complete. A cake is the chief guest at any birthday party and without a cake the party is just lifeless. Not just flowers, chocolates too become a part of this celebration. Your friends and family send you <a href=""/birthday/flowers-with-chocolates"">birthday flowers and chocolates</a> and it is these small things that make your birthdays even more special. The feeling of having your people near you even though they aren’t physically present there is priceless.</p>

<h2>Birthdays Are Perfect Reminders That Life Should not just be Lived but Celebrated</h2> 

<p>Flowers and cake for birthday are very common because no birthdays are complete without them. Gifting flowers has been an age old tradition where people used to <a href=""/"">send flowers</a> to one another to wish each other best of luck or to congratulate people just to express love to one another. Flowers are simple and minimalistic and yet carry a charm that nothing else can compete with. It is amazing how you can gift someone a flower or a bouquet and say things that have always remain unsaid. But it is not just cakes that complete a birthday celebration sweets are important too. Together <a href=""/birthday/flowers-with-sweets"">birthday flowers and sweets</a> make a combo that is hard to beat in India. Birthdays are the days when you are allowed to eat or do anything that you want, so take out time to indulge in sweets and have them guilt free.</p> 

<h2>Bookmyflowers.com - Your Guide to Finding the Perfect Birthday Gifts</h2>

<p>So where cakes, flowers and sweets are so important for a birthday, it is at bookmyfowers.com that you can find all of these at one place. You will not only find perfect birthday gifts here, but we also do birthday flowers and <a href=""/cakes"">cake delivery</a> to any part of the country. Our delivery team is extremely skilled and have been hugely responsible for building our goodwill in the market. The delivery team will make sure that your presents reach the right place at the right time. Not just that, at bookmyflowers.com, you will also find plenty of options for <a href=""/birthday/gifts"">birthday gifts</a> that you won’t find anywhere else. Our young and dynamic team of professionals see to it personally that all the gifts on our website go through a quality check and it is one of a kind.</p>"
/birthday/flowers-with-chocolates,,,,,"<h2>Birthdays Flowers with Chocolates – A Great Start to New Beginnings</h2>

<p>What is that one day in the year that we all eagerly wait for, irrespective of gender and age? It is definitely the birthdays. Birthdays are clearly the most awaited day of the year because it is this one day when you are allowed to do anything you want to and you are pampered by one and all. It is also the day when you get gifts from the ones you are close to. This is the day when you get plenty of <a href=""/birthday/flowers"">birthday flowers</a> and chocolates from everyone around you, and it’s a great way to kick start your day. But what is even better about the day is the guilt free indulgence in cakes and the cake baths. Hence <a href=""/birthday/flowers-with-cake"">birthday flowers and cake</a> are important too, in fact, the most important ones.</p> 

<h2>Cakes and Flowers Have a Healing Power That Will Always Remain Unchallenged</h2>

<p>Since it is established that flowers and chocolates for birthday are the major components that single-handedly make a person happy, it is the duty of all their loved ones to find the <a href=""/cakes"">best cakes</a> and flowers in town to make that person’s birthday even more special. What the eye doesn't see is that these cakes aren’t just materialistic gifts, they have hidden emotions behind them. Not just cakes, sweets too are an inseparable part of a birthday celebration. Finding the perfect <a href=""/birthday/flowers-with-sweets"">birthday flower and sweets</a> can be a bit of a challenge since every shop or site has so many options to offer, and that might get you confused. For your loved one’s birthday, you don’t want to leave any stone unturned to make their day special. So you get the best for them that you can find. It is thus the gesture that will matter to them the most.</p> 

<h2>Bookmyflowers.com - Makes Your Life Easier With Its Gifting Options</h2>

<p>At bookmyflowers.com, you will not only find plenty of options to choose from, but you can also make the birthday flowers and chocolate delivery to anywhere in India, sitting at your home with just a few clicks. We have a dynamic and dedicated delivery team that is greatly responsible for building our reputation and goodwill in the industry. The team will make sure that your gift reaches at the right place at the right team. Not just that, you can also find great and amazing and the <a href=""/birthday/gifts"">best birthday gifts</a> at our online store, a place where you will be spoilt for choices with so many amazing gifts to choose from. All you will need to do is select the gift and make the payment at check out. We take over from that point and make the entire journey of the gift delivery a memorable one for you.</p>"
/birthday/flowers-with-sweets,,,,,"<h2>Birthday Flowers with Sweets are the Best for the New Beginnings</h2> 

<p>A birthday is not just your born day; it’s much more significant in your life. It is the day when a new chapter in your life begins, it is the day when you bid goodbye to the past for the better. Well, new beginnings should always be welcomed with great things and that is what birthday flowers and sweets are for. They make your birthday even more special just by their mere presence. Flowers obviously are charming and mesmerising and there is no better way to wish a person good luck than <a href=""/"">beautiful flowers</a>. Sweets too are the perfect indulgence on someone’s birthday to fill their day ahead with sweetness. Another thing that’s equally important to make a birthday memorable is chocolates. So, <a href=""/birthday/flowers-with-chocolates"">birthday flowers and chocolates</a> together can make an entire birthday way more special.</p> 

<h2>Marking the Day with Flowers Because the Charm of Flowers Is Unparalleled</h2>

<p>Flowers and sweets for birthday might be old and clichéd but there cannot be anything better than this evergreen combination. Birthdays are meant to be special in a way that they are meant to be the best day of the year in a person’s timeline over a period of one year. Flowers and sweets bring just the right amount of happiness in a person on his birthday, given the evergreen charm they carry with them. Not just sweets, cakes too have their separate charm. In today’s world, we cannot even imagine a birthday without a cake. So <a href=""/birthday/flowers-with-cake"">birthday flowers and cake</a> have their own magic that they weave and make your day a hundred times better in a matter of few seconds. These aren’t just pleasures of the materialistic world, but they have their own emotions and sentiments which makes them all the more special.</p> 

<h2>At bookmyflowers.com, we Deliver Boxes of Happiness</h2>

<p>For birthday flowers and sweet delivery, there’s only one name you can bank upon. Bookmyflowers.com is everything you wanted at one place. We strive to make your lives easy because we believe that gifting is all about emotions and unadulterated love from one person to another. Our delivery team makes sure that the boxes they deliver has the love intact without any kind of damage. <a href=""/birthday/gifts"">Birthday gifts</a> are extremely important for the person who’s celebrating his birthday and this is the time for his friends to show him the love that he deserves. Bookmyflowers.com is the brand that it is today because every individual in the company believes the same thing and are working day and night to achieve that goal of maximum customer satisfaction. There is nothing that makes us happier than seeing happy, smiling faces on opening the boxes of happiness that we deliver.</p>
"
