category_id,product_id,sort order
53,510,1
53,461,2
53,513,3
53,545,4
53,566,5
53,464,6
53,354,7
53,366,8
53,353,9
53,355,10
53,362,11
53,357,12
53,358,13
53,365,14
53,356,15
53,360,16
53,361,17
53,359,18
53,364,19
53,363,20
54,540,1
54,534,2
54,563,3
54,547,4
54,541,5
54,552,6
54,544,7
54,543,8
54,532,9
54,436,10
54,430,11
54,487,12
54,513,13
54,553,14
54,545,15
54,522,16
54,464,17
54,519,18
54,538,19
54,516,20
54,546,21
54,476,22
54,491,23
54,431,24
54,435,25
54,432,26
54,471,27
54,525,28
54,526,29
54,527,30
54,529,31
54,533,32
54,539,33
54,550,34
54,551,35
54,556,36
54,559,37
54,560,38
54,561,39
54,567,40
54,572,41
54,574,42
54,577,43
54,578,44
54,579,45
56,298,1
56,91,2
56,299,3
56,297,4
56,75,5
56,170,6
56,50,7
56,134,8
56,346,9
56,197,10
56,224,11
56,149,12
56,53,13
56,113,14
56,402,15
56,15,16
56,302,17
56,124,18
56,116,19
56,6,20
56,159,21
56,194,22
56,56,23
56,82,24
56,106,25
56,190,26
56,249,27
56,305,28
56,210,29
56,310,30
56,89,31
56,38,32
56,155,33
56,132,34
56,204,35
56,11,36
56,74,37
56,300,38
56,139,39
56,137,40
56,218,41
56,13,42
56,260,43
56,117,44
56,192,45
56,207,46
56,90,47
56,178,48
56,256,49
56,312,50
56,238,51
56,295,52
56,17,53
56,108,54
56,136,55
56,262,56
56,304,57
56,320,58
56,111,59
56,221,60
56,40,61
56,51,62
56,105,63
56,73,64
56,100,65
56,165,66
56,69,67
56,70,68
56,27,69
56,153,70
56,172,71
56,344,72
56,274,73
56,22,74
56,24,75
56,65,76
56,10,77
56,193,78
56,220,79
56,269,80
56,84,81
56,144,82
56,232,83
56,187,84
56,250,85
56,235,86
56,135,87
56,303,88
56,319,89
56,202,90
56,279,91
56,311,92
56,168,93
56,88,94
56,186,95
56,216,96
56,151,97
56,264,98
56,309,99
56,16,100
56,145,101
56,268,102
56,81,103
56,129,104
56,325,105
56,229,106
56,101,107
56,263,108
56,301,109
56,14,110
56,92,111
56,285,112
56,296,113
56,321,114
56,23,115
56,94,116
56,258,117
56,7,118
56,19,119
56,203,120
56,244,121
56,283,122
56,31,123
56,354,124
56,196,125
56,109,126
56,152,127
56,281,128
56,35,129
56,179,130
56,49,131
56,48,132
56,177,133
56,316,134
56,341,135
56,201,136
56,107,137
56,213,138
56,110,139
56,286,140
56,380,141
56,247,142
56,46,143
56,126,144
56,336,145
56,21,146
56,103,147
56,313,148
56,127,149
56,293,150
56,97,151
56,332,152
56,272,153
56,226,154
56,83,155
56,252,156
56,270,157
56,328,158
56,339,159
56,20,160
56,148,161
56,347,162
56,44,163
56,191,164
56,93,165
56,376,166
56,206,167
56,289,168
56,369,169
56,384,170
56,171,171
56,34,172
56,102,173
56,223,174
56,198,175
56,350,176
56,294,177
56,368,178
56,308,179
56,349,180
56,372,181
56,333,182
56,130,183
56,276,184
56,338,185
56,45,186
56,141,187
56,67,188
56,366,189
56,12,190
56,182,191
56,169,192
56,280,193
56,95,194
56,120,195
56,125,196
56,162,197
56,337,198
56,181,199
56,254,200
56,18,201
56,2,202
56,275,203
56,72,204
56,99,205
56,314,206
56,315,207
56,259,208
56,261,209
56,183,210
56,243,211
56,306,212
56,157,213
56,345,214
56,374,215
56,173,216
56,460,217
56,324,218
56,335,219
56,147,220
56,253,221
56,323,222
56,161,223
56,30,224
56,55,225
56,156,226
56,189,227
56,79,228
56,246,229
56,47,230
56,61,231
56,290,232
56,291,233
56,342,234
56,41,235
56,52,236
56,241,237
56,326,238
56,343,239
56,348,240
56,392,241
56,62,242
56,146,243
56,25,244
56,114,245
56,174,246
56,33,247
56,142,248
56,351,249
56,373,250
56,42,251
56,78,252
56,228,253
56,330,254
56,377,255
56,389,256
56,282,257
56,199,258
56,230,259
56,4,260
56,175,261
56,396,262
56,222,263
56,43,264
56,104,265
56,329,266
56,158,267
56,287,268
56,382,269
56,121,270
56,391,271
56,219,272
56,292,273
56,367,274
56,375,275
56,378,276
56,322,277
56,327,278
56,353,279
56,180,280
56,212,281
56,318,282
56,334,283
56,340,284
56,355,285
56,362,286
56,385,287
56,3,288
56,39,289
56,36,290
56,163,291
56,166,292
56,215,293
56,317,294
56,394,295
56,8,296
56,255,297
56,118,298
56,119,299
56,184,300
56,357,301
56,358,302
56,383,303
56,267,304
56,390,305
56,54,306
56,66,307
56,288,308
56,379,309
56,63,310
56,160,311
56,352,312
56,365,313
56,370,314
56,398,315
56,277,316
56,64,317
56,150,318
56,331,319
56,356,320
56,360,321
56,361,322
56,98,323
56,133,324
56,205,325
56,208,326
56,240,327
56,371,328
56,381,329
56,386,330
56,185,331
56,234,332
56,359,333
56,400,334
56,58,335
56,60,336
56,211,337
56,214,338
56,28,339
56,128,340
56,164,341
56,209,342
56,85,343
56,188,344
56,364,345
56,393,346
56,397,347
56,363,348
56,395,349
56,401,350
56,5,351
56,200,352
56,387,353
56,388,354
56,399,355
56,9,356
56,154,357
56,227,358
56,1,359
56,26,360
56,29,361
56,32,362
56,37,363
56,57,364
56,59,365
56,68,366
56,71,367
56,76,368
56,77,369
56,80,370
56,86,371
56,87,372
56,96,373
56,112,374
56,115,375
56,122,376
56,123,377
56,143,378
56,167,379
56,176,380
56,195,381
56,217,382
56,231,383
56,233,384
56,236,385
56,237,386
56,239,387
56,242,388
56,245,389
56,248,390
56,251,391
56,257,392
56,265,393
56,266,394
56,271,395
56,273,396
56,278,397
56,284,398
56,307,399
56,131,400
56,140,401
56,225,402
56,138,403
57,91,1
57,170,2
57,134,3
57,197,4
57,224,5
57,149,6
57,113,7
57,124,8
57,116,9
57,159,10
57,194,11
57,82,12
57,106,13
57,190,14
57,210,15
57,89,16
57,155,17
57,132,18
57,204,19
57,139,20
57,137,21
57,218,22
57,117,23
57,192,24
57,207,25
57,90,26
57,178,27
57,108,28
57,136,29
57,111,30
57,221,31
57,105,32
57,100,33
57,165,34
57,153,35
57,172,36
57,193,37
57,220,38
57,84,39
57,144,40
57,187,41
57,135,42
57,202,43
57,168,44
57,88,45
57,186,46
57,216,47
57,151,48
57,145,49
57,81,50
57,129,51
57,229,52
57,101,53
57,92,54
57,94,55
57,203,56
57,196,57
57,109,58
57,152,59
57,179,60
57,177,61
57,201,62
57,107,63
57,213,64
57,110,65
57,126,66
57,103,67
57,127,68
57,97,69
57,226,70
57,83,71
57,148,72
57,191,73
57,93,74
57,206,75
57,171,76
57,102,77
57,223,78
57,198,79
57,130,80
57,141,81
57,182,82
57,169,83
57,95,84
57,120,85
57,125,86
57,162,87
57,181,88
57,99,89
57,183,90
57,157,91
57,173,92
57,147,93
57,161,94
57,156,95
57,189,96
57,146,97
57,114,98
57,174,99
57,142,100
57,228,101
57,199,102
57,230,103
57,175,104
57,222,105
57,104,106
57,158,107
57,121,108
57,219,109
57,180,110
57,212,111
57,163,112
57,166,113
57,215,114
57,118,115
57,119,116
57,184,117
57,160,118
57,150,119
57,98,120
57,133,121
57,205,122
57,208,123
57,185,124
57,211,125
57,214,126
57,128,127
57,164,128
57,209,129
57,85,130
57,188,131
57,200,132
57,154,133
57,227,134
57,80,135
57,86,136
57,87,137
57,96,138
57,112,139
57,115,140
57,122,141
57,123,142
57,143,143
57,167,144
57,176,145
57,195,146
57,217,147
57,231,148
57,131,149
57,140,150
57,225,151
57,138,152
58,298,1
58,299,2
58,297,3
58,346,4
58,302,5
58,305,6
58,310,7
58,300,8
58,312,9
58,304,10
58,320,11
58,344,12
58,303,13
58,319,14
58,311,15
58,309,16
58,325,17
58,301,18
58,296,19
58,321,20
58,316,21
58,341,22
58,336,23
58,313,24
58,332,25
58,328,26
58,339,27
58,347,28
58,350,29
58,308,30
58,349,31
58,333,32
58,338,33
58,337,34
58,314,35
58,315,36
58,306,37
58,345,38
58,324,39
58,335,40
58,323,41
58,342,42
58,326,43
58,343,44
58,348,45
58,351,46
58,330,47
58,329,48
58,322,49
58,327,50
58,318,51
58,334,52
58,340,53
58,317,54
58,352,55
58,331,56
58,307,57
59,249,1
59,260,2
59,256,3
59,238,4
59,295,5
59,262,6
59,274,7
59,269,8
59,232,9
59,250,10
59,235,11
59,279,12
59,264,13
59,268,14
59,263,15
59,285,16
59,258,17
59,244,18
59,283,19
59,281,20
59,286,21
59,247,22
59,293,23
59,272,24
59,252,25
59,270,26
59,289,27
59,294,28
59,276,29
59,280,30
59,254,31
59,275,32
59,259,33
59,261,34
59,243,35
59,253,36
59,246,37
59,290,38
59,291,39
59,241,40
59,282,41
59,287,42
59,292,43
59,255,44
59,267,45
59,288,46
59,277,47
59,240,48
59,234,49
59,233,50
59,236,51
59,237,52
59,239,53
59,242,54
59,245,55
59,248,56
59,251,57
59,257,58
59,265,59
59,266,60
59,271,61
59,273,62
59,278,63
59,284,64
61,946,1
61,949,2
61,951,3
61,858,4
61,1033,5
61,853,6
61,956,7
61,701,8
61,953,9
61,954,10
61,1057,11
61,889,12
61,845,13
61,982,14
61,734,15
61,917,16
61,842,17
61,882,18
61,868,19
61,1009,20
61,1061,21
61,850,22
61,847,23
61,985,24
61,948,25
61,916,26
61,1063,27
61,1032,28
61,877,29
61,1037,30
61,955,31
61,855,32
61,735,33
61,903,34
61,986,35
61,1013,36
61,874,37
61,888,38
61,1007,39
61,660,40
61,1064,41
61,1034,42
61,852,43
61,849,44
61,958,45
61,747,46
61,991,47
61,1058,48
61,843,49
61,1062,50
61,656,51
61,873,52
61,1036,53
61,682,54
61,962,55
61,961,56
61,863,57
61,883,58
61,884,59
61,885,60
61,984,61
61,987,62
61,1021,63
61,875,64
61,952,65
61,1012,66
61,915,67
61,1004,68
61,1008,69
61,1025,70
61,1026,71
61,1031,72
61,865,73
61,876,74
61,997,75
61,1046,76
61,1054,77
61,844,78
61,993,79
61,1053,80
61,862,81
61,891,82
61,989,83
61,992,84
61,1022,85
61,1060,86
61,407,87
61,857,88
61,886,89
61,896,90
61,898,91
61,950,92
61,959,93
61,1006,94
61,1038,95
61,1040,96
61,854,97
61,895,98
61,904,99
61,908,100
61,960,101
61,1015,102
61,1017,103
61,1028,104
61,1035,105
61,1059,106
61,404,107
61,851,108
61,856,109
61,861,110
61,869,111
61,870,112
61,899,113
61,900,114
61,912,115
61,947,116
61,995,117
61,1011,118
61,1014,119
61,1018,120
61,1020,121
61,1029,122
61,1030,123
61,1039,124
61,406,125
61,846,126
61,848,127
61,859,128
61,860,129
61,864,130
61,866,131
61,867,132
61,871,133
61,872,134
61,878,135
61,879,136
61,880,137
61,881,138
61,887,139
61,890,140
61,892,141
61,893,142
61,894,143
61,897,144
61,901,145
61,902,146
61,905,147
61,906,148
61,907,149
61,909,150
61,910,151
61,911,152
61,913,153
61,914,154
61,994,155
61,1010,156
61,1016,157
61,1019,158
61,1023,159
61,1024,160
61,1027,161
61,1041,162
61,1042,163
61,1055,164
61,403,165
61,405,166
61,427,167
62,946,1
62,949,2
62,951,3
62,858,4
62,1033,5
62,853,6
62,956,7
62,701,8
62,953,9
62,954,10
62,1057,11
62,889,12
62,845,13
62,982,14
62,734,15
62,917,16
62,842,17
62,882,18
62,868,19
62,1009,20
62,1061,21
62,850,22
62,847,23
62,985,24
62,948,25
62,916,26
62,1063,27
62,1032,28
62,877,29
62,1037,30
62,955,31
62,855,32
62,735,33
62,903,34
62,986,35
62,1013,36
62,874,37
62,888,38
62,1007,39
62,660,40
62,1064,41
62,1034,42
62,852,43
62,849,44
62,958,45
62,747,46
62,991,47
62,1058,48
62,843,49
62,1062,50
62,656,51
62,873,52
62,1036,53
62,682,54
62,962,55
62,961,56
62,863,57
62,883,58
62,884,59
62,885,60
62,984,61
62,987,62
62,1021,63
62,875,64
62,952,65
62,1012,66
62,915,67
62,1004,68
62,1008,69
62,1025,70
62,1026,71
62,1031,72
62,865,73
62,876,74
62,997,75
62,1046,76
62,1054,77
62,844,78
62,993,79
62,1053,80
62,862,81
62,891,82
62,989,83
62,992,84
62,1022,85
62,1060,86
62,407,87
62,857,88
62,886,89
62,896,90
62,898,91
62,950,92
62,959,93
62,1006,94
62,1038,95
62,1040,96
62,854,97
62,895,98
62,904,99
62,908,100
62,960,101
62,1015,102
62,1017,103
62,1028,104
62,1035,105
62,1059,106
62,404,107
62,851,108
62,856,109
62,861,110
62,869,111
62,870,112
62,899,113
62,900,114
62,912,115
62,947,116
62,995,117
62,1011,118
62,1014,119
62,1018,120
62,1020,121
62,1029,122
62,1030,123
62,1039,124
62,406,125
62,846,126
62,848,127
62,859,128
62,860,129
62,864,130
62,866,131
62,867,132
62,871,133
62,872,134
62,878,135
62,879,136
62,880,137
62,881,138
62,887,139
62,890,140
62,892,141
62,893,142
62,894,143
62,897,144
62,901,145
62,902,146
62,905,147
62,906,148
62,907,149
62,909,150
62,910,151
62,911,152
62,913,153
62,914,154
62,994,155
62,1010,156
62,1016,157
62,1019,158
62,1023,159
62,1024,160
62,1027,161
62,1041,162
62,1042,163
62,1055,164
62,403,165
62,405,166
62,427,167
63,946,1
63,949,2
63,951,3
63,858,4
63,1033,5
63,853,6
63,956,7
63,701,8
63,953,9
63,954,10
63,1057,11
63,889,12
63,845,13
63,982,14
63,734,15
63,917,16
63,842,17
63,882,18
63,868,19
63,1009,20
63,1061,21
63,850,22
63,847,23
63,985,24
63,948,25
63,916,26
63,1063,27
63,1032,28
63,877,29
63,1037,30
63,955,31
63,855,32
63,735,33
63,903,34
63,986,35
63,1013,36
63,874,37
63,888,38
63,1007,39
63,660,40
63,1064,41
63,1034,42
63,852,43
63,849,44
63,958,45
63,747,46
63,991,47
63,1058,48
63,843,49
63,1062,50
63,656,51
63,873,52
63,1036,53
63,682,54
63,962,55
63,961,56
63,863,57
63,883,58
63,884,59
63,885,60
63,984,61
63,987,62
63,1021,63
63,875,64
63,952,65
63,1012,66
63,915,67
63,1004,68
63,1008,69
63,1025,70
63,1026,71
63,1031,72
63,865,73
63,876,74
63,997,75
63,1046,76
63,1054,77
63,844,78
63,993,79
63,1053,80
63,862,81
63,891,82
63,989,83
63,992,84
63,1022,85
63,1060,86
63,407,87
63,857,88
63,886,89
63,896,90
63,898,91
63,950,92
63,959,93
63,1006,94
63,1038,95
63,1040,96
63,854,97
63,895,98
63,904,99
63,908,100
63,960,101
63,1015,102
63,1017,103
63,1028,104
63,1035,105
63,1059,106
63,404,107
63,851,108
63,856,109
63,861,110
63,869,111
63,870,112
63,899,113
63,900,114
63,912,115
63,947,116
63,995,117
63,1011,118
63,1014,119
63,1018,120
63,1020,121
63,1029,122
63,1030,123
63,1039,124
63,406,125
63,846,126
63,848,127
63,859,128
63,860,129
63,864,130
63,866,131
63,867,132
63,871,133
63,872,134
63,878,135
63,879,136
63,880,137
63,881,138
63,887,139
63,890,140
63,892,141
63,893,142
63,894,143
63,897,144
63,901,145
63,902,146
63,905,147
63,906,148
63,907,149
63,909,150
63,910,151
63,911,152
63,913,153
63,914,154
63,994,155
63,1010,156
63,1016,157
63,1019,158
63,1023,159
63,1024,160
63,1027,161
63,1041,162
63,1042,163
63,1055,164
63,403,165
63,405,166
63,427,167
64,946,1
64,949,2
64,951,3
64,858,4
64,1033,5
64,853,6
64,956,7
64,701,8
64,953,9
64,954,10
64,1057,11
64,889,12
64,845,13
64,982,14
64,734,15
64,917,16
64,842,17
64,882,18
64,868,19
64,1009,20
64,1061,21
64,850,22
64,847,23
64,985,24
64,948,25
64,916,26
64,1063,27
64,1032,28
64,877,29
64,1037,30
64,955,31
64,855,32
64,735,33
64,903,34
64,986,35
64,1013,36
64,874,37
64,888,38
64,1007,39
64,660,40
64,1064,41
64,1034,42
64,852,43
64,849,44
64,958,45
64,747,46
64,991,47
64,1058,48
64,843,49
64,1062,50
64,656,51
64,873,52
64,1036,53
64,682,54
64,962,55
64,961,56
64,863,57
64,883,58
64,884,59
64,885,60
64,984,61
64,987,62
64,1021,63
64,875,64
64,952,65
64,1012,66
64,915,67
64,1004,68
64,1008,69
64,1025,70
64,1026,71
64,1031,72
64,865,73
64,876,74
64,997,75
64,1046,76
64,1054,77
64,844,78
64,993,79
64,1053,80
64,862,81
64,891,82
64,989,83
64,992,84
64,1022,85
64,1060,86
64,407,87
64,857,88
64,886,89
64,896,90
64,898,91
64,950,92
64,959,93
64,1006,94
64,1038,95
64,1040,96
64,854,97
64,895,98
64,904,99
64,908,100
64,960,101
64,1015,102
64,1017,103
64,1028,104
64,1035,105
64,1059,106
64,404,107
64,851,108
64,856,109
64,861,110
64,869,111
64,870,112
64,899,113
64,900,114
64,912,115
64,947,116
64,995,117
64,1011,118
64,1014,119
64,1018,120
64,1020,121
64,1029,122
64,1030,123
64,1039,124
64,406,125
64,846,126
64,848,127
64,859,128
64,860,129
64,864,130
64,866,131
64,867,132
64,871,133
64,872,134
64,878,135
64,879,136
64,880,137
64,881,138
64,887,139
64,890,140
64,892,141
64,893,142
64,894,143
64,897,144
64,901,145
64,902,146
64,905,147
64,906,148
64,907,149
64,909,150
64,910,151
64,911,152
64,913,153
64,914,154
64,994,155
64,1010,156
64,1016,157
64,1019,158
64,1023,159
64,1024,160
64,1027,161
64,1041,162
64,1042,163
64,1055,164
64,403,165
64,405,166
64,427,167
65,946,1
65,949,2
65,951,3
65,858,4
65,1033,5
65,853,6
65,956,7
65,701,8
65,953,9
65,954,10
65,1057,11
65,889,12
65,845,13
65,982,14
65,734,15
65,917,16
65,842,17
65,882,18
65,868,19
65,1009,20
65,1061,21
65,850,22
65,847,23
65,985,24
65,948,25
65,916,26
65,1063,27
65,1032,28
65,877,29
65,1037,30
65,955,31
65,855,32
65,735,33
65,903,34
65,986,35
65,1013,36
65,874,37
65,888,38
65,1007,39
65,660,40
65,1064,41
65,1034,42
65,852,43
65,849,44
65,958,45
65,747,46
65,991,47
65,1058,48
65,843,49
65,1062,50
65,656,51
65,873,52
65,1036,53
65,682,54
65,962,55
65,961,56
65,863,57
65,883,58
65,884,59
65,885,60
65,984,61
65,987,62
65,1021,63
65,875,64
65,952,65
65,1012,66
65,915,67
65,1004,68
65,1008,69
65,1025,70
65,1026,71
65,1031,72
65,865,73
65,876,74
65,997,75
65,1046,76
65,1054,77
65,844,78
65,993,79
65,1053,80
65,862,81
65,891,82
65,989,83
65,992,84
65,1022,85
65,1060,86
65,407,87
65,857,88
65,886,89
65,896,90
65,898,91
65,950,92
65,959,93
65,1006,94
65,1038,95
65,1040,96
65,854,97
65,895,98
65,904,99
65,908,100
65,960,101
65,1015,102
65,1017,103
65,1028,104
65,1035,105
65,1059,106
65,404,107
65,851,108
65,856,109
65,861,110
65,869,111
65,870,112
65,899,113
65,900,114
65,912,115
65,947,116
65,995,117
65,1011,118
65,1014,119
65,1018,120
65,1020,121
65,1029,122
65,1030,123
65,1039,124
65,406,125
65,846,126
65,848,127
65,859,128
65,860,129
65,864,130
65,866,131
65,867,132
65,871,133
65,872,134
65,878,135
65,879,136
65,880,137
65,881,138
65,887,139
65,890,140
65,892,141
65,893,142
65,894,143
65,897,144
65,901,145
65,902,146
65,905,147
65,906,148
65,907,149
65,909,150
65,910,151
65,911,152
65,913,153
65,914,154
65,994,155
65,1010,156
65,1016,157
65,1019,158
65,1023,159
65,1024,160
65,1027,161
65,1041,162
65,1042,163
65,1055,164
65,403,165
65,405,166
65,427,167
66,946,1
66,949,2
66,951,3
66,858,4
66,1033,5
66,853,6
66,956,7
66,701,8
66,953,9
66,954,10
66,1057,11
66,889,12
66,845,13
66,982,14
66,734,15
66,917,16
66,842,17
66,882,18
66,868,19
66,1009,20
66,1061,21
66,850,22
66,847,23
66,985,24
66,948,25
66,916,26
66,1063,27
66,1032,28
66,877,29
66,1037,30
66,955,31
66,855,32
66,735,33
66,903,34
66,986,35
66,1013,36
66,874,37
66,888,38
66,1007,39
66,660,40
66,1064,41
66,1034,42
66,852,43
66,849,44
66,958,45
66,747,46
66,991,47
66,1058,48
66,843,49
66,1062,50
66,656,51
66,873,52
66,1036,53
66,682,54
66,962,55
66,961,56
66,863,57
66,883,58
66,884,59
66,885,60
66,984,61
66,987,62
66,1021,63
66,875,64
66,952,65
66,1012,66
66,915,67
66,1004,68
66,1008,69
66,1025,70
66,1026,71
66,1031,72
66,865,73
66,876,74
66,997,75
66,1046,76
66,1054,77
66,844,78
66,993,79
66,1053,80
66,862,81
66,891,82
66,989,83
66,992,84
66,1022,85
66,1060,86
66,407,87
66,857,88
66,886,89
66,896,90
66,898,91
66,950,92
66,959,93
66,1006,94
66,1038,95
66,1040,96
66,854,97
66,895,98
66,904,99
66,908,100
66,960,101
66,1015,102
66,1017,103
66,1028,104
66,1035,105
66,1059,106
66,404,107
66,851,108
66,856,109
66,861,110
66,869,111
66,870,112
66,899,113
66,900,114
66,912,115
66,947,116
66,995,117
66,1011,118
66,1014,119
66,1018,120
66,1020,121
66,1029,122
66,1030,123
66,1039,124
66,406,125
66,846,126
66,848,127
66,859,128
66,860,129
66,864,130
66,866,131
66,867,132
66,871,133
66,872,134
66,878,135
66,879,136
66,880,137
66,881,138
66,887,139
66,890,140
66,892,141
66,893,142
66,894,143
66,897,144
66,901,145
66,902,146
66,905,147
66,906,148
66,907,149
66,909,150
66,910,151
66,911,152
66,913,153
66,914,154
66,994,155
66,1010,156
66,1016,157
66,1019,158
66,1023,159
66,1024,160
66,1027,161
66,1041,162
66,1042,163
66,1055,164
66,403,165
66,405,166
66,427,167
73,91,1
73,75,2
73,170,3
73,50,4
73,134,5
73,197,6
73,224,7
73,149,8
73,53,9
73,113,10
73,15,11
73,124,12
73,116,13
73,6,14
73,159,15
73,194,16
73,56,17
73,82,18
73,106,19
73,190,20
73,210,21
73,89,22
73,38,23
73,155,24
73,132,25
73,204,26
73,11,27
73,74,28
73,139,29
73,137,30
73,218,31
73,13,32
73,117,33
73,192,34
73,207,35
73,90,36
73,178,37
73,17,38
73,108,39
73,136,40
73,111,41
73,221,42
73,40,43
73,51,44
73,105,45
73,73,46
73,100,47
73,165,48
73,69,49
73,70,50
73,27,51
73,153,52
73,172,53
73,22,54
73,24,55
73,65,56
73,10,57
73,193,58
73,220,59
73,84,60
73,144,61
73,187,62
73,135,63
73,202,64
73,168,65
73,88,66
73,186,67
73,216,68
73,151,69
73,16,70
73,145,71
73,81,72
73,129,73
73,229,74
73,101,75
73,14,76
73,92,77
73,23,78
73,94,79
73,7,80
73,19,81
73,203,82
73,31,83
73,196,84
73,109,85
73,152,86
73,35,87
73,179,88
73,49,89
73,48,90
73,177,91
73,201,92
73,107,93
73,213,94
73,110,95
73,46,96
73,126,97
73,21,98
73,103,99
73,127,100
73,97,101
73,226,102
73,83,103
73,20,104
73,148,105
73,44,106
73,191,107
73,93,108
73,206,109
73,171,110
73,34,111
73,102,112
73,223,113
73,198,114
73,130,115
73,45,116
73,141,117
73,67,118
73,12,119
73,182,120
73,169,121
73,95,122
73,120,123
73,125,124
73,162,125
73,181,126
73,18,127
73,2,128
73,72,129
73,99,130
73,183,131
73,157,132
73,173,133
73,147,134
73,161,135
73,30,136
73,55,137
73,156,138
73,189,139
73,79,140
73,47,141
73,61,142
73,41,143
73,52,144
73,62,145
73,146,146
73,25,147
73,114,148
73,174,149
73,33,150
73,142,151
73,42,152
73,78,153
73,228,154
73,199,155
73,230,156
73,4,157
73,175,158
73,222,159
73,43,160
73,104,161
73,158,162
73,121,163
73,219,164
73,180,165
73,212,166
73,3,167
73,39,168
73,36,169
73,163,170
73,166,171
73,215,172
73,8,173
73,118,174
73,119,175
73,184,176
73,54,177
73,66,178
73,63,179
73,160,180
73,64,181
73,150,182
73,98,183
73,133,184
73,205,185
73,208,186
73,185,187
73,58,188
73,60,189
73,211,190
73,214,191
73,28,192
73,128,193
73,164,194
73,209,195
73,85,196
73,188,197
73,5,198
73,200,199
73,9,200
73,154,201
73,227,202
73,1,203
73,26,204
73,29,205
73,32,206
73,37,207
73,57,208
73,59,209
73,68,210
73,71,211
73,76,212
73,77,213
73,80,214
73,86,215
73,87,216
73,96,217
73,112,218
73,115,219
73,122,220
73,123,221
73,143,222
73,167,223
73,176,224
73,195,225
73,217,226
73,231,227
73,131,228
73,140,229
73,225,230
73,138,231
74,91,1
74,75,2
74,170,3
74,50,4
74,134,5
74,197,6
74,224,7
74,149,8
74,53,9
74,113,10
74,15,11
74,124,12
74,116,13
74,6,14
74,159,15
74,194,16
74,56,17
74,82,18
74,106,19
74,190,20
74,210,21
74,89,22
74,38,23
74,155,24
74,132,25
74,204,26
74,11,27
74,74,28
74,139,29
74,137,30
74,218,31
74,13,32
74,117,33
74,192,34
74,207,35
74,90,36
74,178,37
74,17,38
74,108,39
74,136,40
74,111,41
74,221,42
74,40,43
74,51,44
74,105,45
74,73,46
74,100,47
74,165,48
74,69,49
74,70,50
74,27,51
74,153,52
74,172,53
74,22,54
74,24,55
74,65,56
74,10,57
74,193,58
74,220,59
74,84,60
74,144,61
74,187,62
74,135,63
74,202,64
74,168,65
74,88,66
74,186,67
74,216,68
74,151,69
74,16,70
74,145,71
74,81,72
74,129,73
74,229,74
74,101,75
74,14,76
74,92,77
74,23,78
74,94,79
74,7,80
74,19,81
74,203,82
74,31,83
74,196,84
74,109,85
74,152,86
74,35,87
74,179,88
74,49,89
74,48,90
74,177,91
74,201,92
74,107,93
74,213,94
74,110,95
74,46,96
74,126,97
74,21,98
74,103,99
74,127,100
74,97,101
74,226,102
74,83,103
74,20,104
74,148,105
74,44,106
74,191,107
74,93,108
74,206,109
74,171,110
74,34,111
74,102,112
74,223,113
74,198,114
74,130,115
74,45,116
74,141,117
74,67,118
74,12,119
74,182,120
74,169,121
74,95,122
74,120,123
74,125,124
74,162,125
74,181,126
74,18,127
74,2,128
74,72,129
74,99,130
74,183,131
74,157,132
74,173,133
74,147,134
74,161,135
74,30,136
74,55,137
74,156,138
74,189,139
74,79,140
74,47,141
74,61,142
74,41,143
74,52,144
74,62,145
74,146,146
74,25,147
74,114,148
74,174,149
74,33,150
74,142,151
74,42,152
74,78,153
74,228,154
74,199,155
74,230,156
74,4,157
74,175,158
74,222,159
74,43,160
74,104,161
74,158,162
74,121,163
74,219,164
74,180,165
74,212,166
74,3,167
74,39,168
74,36,169
74,163,170
74,166,171
74,215,172
74,8,173
74,118,174
74,119,175
74,184,176
74,54,177
74,66,178
74,63,179
74,160,180
74,64,181
74,150,182
74,98,183
74,133,184
74,205,185
74,208,186
74,185,187
74,58,188
74,60,189
74,211,190
74,214,191
74,28,192
74,128,193
74,164,194
74,209,195
74,85,196
74,188,197
74,5,198
74,200,199
74,9,200
74,154,201
74,227,202
74,1,203
74,26,204
74,29,205
74,32,206
74,37,207
74,57,208
74,59,209
74,68,210
74,71,211
74,76,212
74,77,213
74,80,214
74,86,215
74,87,216
74,96,217
74,112,218
74,115,219
74,122,220
74,123,221
74,143,222
74,167,223
74,176,224
74,195,225
74,217,226
74,231,227
74,131,228
74,140,229
74,225,230
74,138,231
75,91,1
75,75,2
75,170,3
75,50,4
75,134,5
75,197,6
75,224,7
75,149,8
75,53,9
75,113,10
75,15,11
75,124,12
75,116,13
75,6,14
75,159,15
75,194,16
75,56,17
75,82,18
75,106,19
75,190,20
75,210,21
75,89,22
75,38,23
75,155,24
75,132,25
75,204,26
75,11,27
75,74,28
75,139,29
75,137,30
75,218,31
75,13,32
75,117,33
75,192,34
75,207,35
75,90,36
75,178,37
75,17,38
75,108,39
75,136,40
75,111,41
75,221,42
75,40,43
75,51,44
75,105,45
75,73,46
75,100,47
75,165,48
75,69,49
75,70,50
75,27,51
75,153,52
75,172,53
75,22,54
75,24,55
75,65,56
75,10,57
75,193,58
75,220,59
75,84,60
75,144,61
75,187,62
75,135,63
75,202,64
75,168,65
75,88,66
75,186,67
75,216,68
75,151,69
75,16,70
75,145,71
75,81,72
75,129,73
75,229,74
75,101,75
75,14,76
75,92,77
75,23,78
75,94,79
75,7,80
75,19,81
75,203,82
75,31,83
75,196,84
75,109,85
75,152,86
75,35,87
75,179,88
75,49,89
75,48,90
75,177,91
75,201,92
75,107,93
75,213,94
75,110,95
75,46,96
75,126,97
75,21,98
75,103,99
75,127,100
75,97,101
75,226,102
75,83,103
75,20,104
75,148,105
75,44,106
75,191,107
75,93,108
75,206,109
75,171,110
75,34,111
75,102,112
75,223,113
75,198,114
75,130,115
75,45,116
75,141,117
75,67,118
75,12,119
75,182,120
75,169,121
75,95,122
75,120,123
75,125,124
75,162,125
75,181,126
75,18,127
75,2,128
75,72,129
75,99,130
75,183,131
75,157,132
75,173,133
75,147,134
75,161,135
75,30,136
75,55,137
75,156,138
75,189,139
75,79,140
75,47,141
75,61,142
75,41,143
75,52,144
75,62,145
75,146,146
75,25,147
75,114,148
75,174,149
75,33,150
75,142,151
75,42,152
75,78,153
75,228,154
75,199,155
75,230,156
75,4,157
75,175,158
75,222,159
75,43,160
75,104,161
75,158,162
75,121,163
75,219,164
75,180,165
75,212,166
75,3,167
75,39,168
75,36,169
75,163,170
75,166,171
75,215,172
75,8,173
75,118,174
75,119,175
75,184,176
75,54,177
75,66,178
75,63,179
75,160,180
75,64,181
75,150,182
75,98,183
75,133,184
75,205,185
75,208,186
75,185,187
75,58,188
75,60,189
75,211,190
75,214,191
75,28,192
75,128,193
75,164,194
75,209,195
75,85,196
75,188,197
75,5,198
75,200,199
75,9,200
75,154,201
75,227,202
75,1,203
75,26,204
75,29,205
75,32,206
75,37,207
75,57,208
75,59,209
75,68,210
75,71,211
75,76,212
75,77,213
75,80,214
75,86,215
75,87,216
75,96,217
75,112,218
75,115,219
75,122,220
75,123,221
75,143,222
75,167,223
75,176,224
75,195,225
75,217,226
75,231,227
75,131,228
75,140,229
75,225,230
75,138,231
76,91,1
76,75,2
76,170,3
76,50,4
76,134,5
76,197,6
76,224,7
76,149,8
76,53,9
76,113,10
76,15,11
76,124,12
76,116,13
76,6,14
76,159,15
76,194,16
76,56,17
76,82,18
76,106,19
76,190,20
76,210,21
76,89,22
76,38,23
76,155,24
76,132,25
76,204,26
76,11,27
76,74,28
76,139,29
76,137,30
76,218,31
76,13,32
76,117,33
76,192,34
76,207,35
76,90,36
76,178,37
76,17,38
76,108,39
76,136,40
76,111,41
76,221,42
76,40,43
76,51,44
76,105,45
76,73,46
76,100,47
76,165,48
76,69,49
76,70,50
76,27,51
76,153,52
76,172,53
76,22,54
76,24,55
76,65,56
76,10,57
76,193,58
76,220,59
76,84,60
76,144,61
76,187,62
76,135,63
76,202,64
76,168,65
76,88,66
76,186,67
76,216,68
76,151,69
76,16,70
76,145,71
76,81,72
76,129,73
76,229,74
76,101,75
76,14,76
76,92,77
76,23,78
76,94,79
76,7,80
76,19,81
76,203,82
76,31,83
76,196,84
76,109,85
76,152,86
76,35,87
76,179,88
76,49,89
76,48,90
76,177,91
76,201,92
76,107,93
76,213,94
76,110,95
76,46,96
76,126,97
76,21,98
76,103,99
76,127,100
76,97,101
76,226,102
76,83,103
76,20,104
76,148,105
76,44,106
76,191,107
76,93,108
76,206,109
76,171,110
76,34,111
76,102,112
76,223,113
76,198,114
76,130,115
76,45,116
76,141,117
76,67,118
76,12,119
76,182,120
76,169,121
76,95,122
76,120,123
76,125,124
76,162,125
76,181,126
76,18,127
76,2,128
76,72,129
76,99,130
76,183,131
76,157,132
76,173,133
76,147,134
76,161,135
76,30,136
76,55,137
76,156,138
76,189,139
76,79,140
76,47,141
76,61,142
76,41,143
76,52,144
76,62,145
76,146,146
76,25,147
76,114,148
76,174,149
76,33,150
76,142,151
76,42,152
76,78,153
76,228,154
76,199,155
76,230,156
76,4,157
76,175,158
76,222,159
76,43,160
76,104,161
76,158,162
76,121,163
76,219,164
76,180,165
76,212,166
76,3,167
76,39,168
76,36,169
76,163,170
76,166,171
76,215,172
76,8,173
76,118,174
76,119,175
76,184,176
76,54,177
76,66,178
76,63,179
76,160,180
76,64,181
76,150,182
76,98,183
76,133,184
76,205,185
76,208,186
76,185,187
76,58,188
76,60,189
76,211,190
76,214,191
76,28,192
76,128,193
76,164,194
76,209,195
76,85,196
76,188,197
76,5,198
76,200,199
76,9,200
76,154,201
76,227,202
76,1,203
76,26,204
76,29,205
76,32,206
76,37,207
76,57,208
76,59,209
76,68,210
76,71,211
76,76,212
76,77,213
76,80,214
76,86,215
76,87,216
76,96,217
76,112,218
76,115,219
76,122,220
76,123,221
76,143,222
76,167,223
76,176,224
76,195,225
76,217,226
76,231,227
76,131,228
76,140,229
76,225,230
76,138,231
77,91,1
77,75,2
77,170,3
77,50,4
77,134,5
77,197,6
77,224,7
77,149,8
77,53,9
77,113,10
77,15,11
77,124,12
77,116,13
77,6,14
77,159,15
77,194,16
77,56,17
77,82,18
77,106,19
77,190,20
77,210,21
77,89,22
77,38,23
77,155,24
77,132,25
77,204,26
77,11,27
77,74,28
77,139,29
77,137,30
77,218,31
77,13,32
77,117,33
77,192,34
77,207,35
77,90,36
77,178,37
77,17,38
77,108,39
77,136,40
77,111,41
77,221,42
77,40,43
77,51,44
77,105,45
77,73,46
77,100,47
77,165,48
77,69,49
77,70,50
77,27,51
77,153,52
77,172,53
77,22,54
77,24,55
77,65,56
77,10,57
77,193,58
77,220,59
77,84,60
77,144,61
77,187,62
77,135,63
77,202,64
77,168,65
77,88,66
77,186,67
77,216,68
77,151,69
77,16,70
77,145,71
77,81,72
77,129,73
77,229,74
77,101,75
77,14,76
77,92,77
77,23,78
77,94,79
77,7,80
77,19,81
77,203,82
77,31,83
77,196,84
77,109,85
77,152,86
77,35,87
77,179,88
77,49,89
77,48,90
77,177,91
77,201,92
77,107,93
77,213,94
77,110,95
77,46,96
77,126,97
77,21,98
77,103,99
77,127,100
77,97,101
77,226,102
77,83,103
77,20,104
77,148,105
77,44,106
77,191,107
77,93,108
77,206,109
77,171,110
77,34,111
77,102,112
77,223,113
77,198,114
77,130,115
77,45,116
77,141,117
77,67,118
77,12,119
77,182,120
77,169,121
77,95,122
77,120,123
77,125,124
77,162,125
77,181,126
77,18,127
77,2,128
77,72,129
77,99,130
77,183,131
77,157,132
77,173,133
77,147,134
77,161,135
77,30,136
77,55,137
77,156,138
77,189,139
77,79,140
77,47,141
77,61,142
77,41,143
77,52,144
77,62,145
77,146,146
77,25,147
77,114,148
77,174,149
77,33,150
77,142,151
77,42,152
77,78,153
77,228,154
77,199,155
77,230,156
77,4,157
77,175,158
77,222,159
77,43,160
77,104,161
77,158,162
77,121,163
77,219,164
77,180,165
77,212,166
77,3,167
77,39,168
77,36,169
77,163,170
77,166,171
77,215,172
77,8,173
77,118,174
77,119,175
77,184,176
77,54,177
77,66,178
77,63,179
77,160,180
77,64,181
77,150,182
77,98,183
77,133,184
77,205,185
77,208,186
77,185,187
77,58,188
77,60,189
77,211,190
77,214,191
77,28,192
77,128,193
77,164,194
77,209,195
77,85,196
77,188,197
77,5,198
77,200,199
77,9,200
77,154,201
77,227,202
77,1,203
77,26,204
77,29,205
77,32,206
77,37,207
77,57,208
77,59,209
77,68,210
77,71,211
77,76,212
77,77,213
77,80,214
77,86,215
77,87,216
77,96,217
77,112,218
77,115,219
77,122,220
77,123,221
77,143,222
77,167,223
77,176,224
77,195,225
77,217,226
77,231,227
77,131,228
77,140,229
77,225,230
77,138,231
79,91,1
79,75,2
79,170,3
79,50,4
79,134,5
79,197,6
79,224,7
79,149,8
79,53,9
79,113,10
79,15,11
79,124,12
79,116,13
79,6,14
79,159,15
79,194,16
79,56,17
79,82,18
79,106,19
79,190,20
79,210,21
79,89,22
79,38,23
79,155,24
79,132,25
79,204,26
79,11,27
79,74,28
79,139,29
79,137,30
79,218,31
79,13,32
79,117,33
79,192,34
79,207,35
79,90,36
79,178,37
79,17,38
79,108,39
79,136,40
79,111,41
79,221,42
79,40,43
79,51,44
79,105,45
79,73,46
79,100,47
79,165,48
79,69,49
79,70,50
79,27,51
79,153,52
79,172,53
79,22,54
79,24,55
79,65,56
79,10,57
79,193,58
79,220,59
79,84,60
79,144,61
79,187,62
79,135,63
79,202,64
79,168,65
79,88,66
79,186,67
79,216,68
79,151,69
79,16,70
79,145,71
79,81,72
79,129,73
79,229,74
79,101,75
79,14,76
79,92,77
79,23,78
79,94,79
79,7,80
79,19,81
79,203,82
79,31,83
79,196,84
79,109,85
79,152,86
79,35,87
79,179,88
79,49,89
79,48,90
79,177,91
79,201,92
79,107,93
79,213,94
79,110,95
79,46,96
79,126,97
79,21,98
79,103,99
79,127,100
79,97,101
79,226,102
79,83,103
79,20,104
79,148,105
79,44,106
79,191,107
79,93,108
79,206,109
79,171,110
79,34,111
79,102,112
79,223,113
79,198,114
79,130,115
79,45,116
79,141,117
79,67,118
79,12,119
79,182,120
79,169,121
79,95,122
79,120,123
79,125,124
79,162,125
79,181,126
79,18,127
79,2,128
79,72,129
79,99,130
79,183,131
79,157,132
79,173,133
79,147,134
79,161,135
79,30,136
79,55,137
79,156,138
79,189,139
79,79,140
79,47,141
79,61,142
79,41,143
79,52,144
79,62,145
79,146,146
79,25,147
79,114,148
79,174,149
79,33,150
79,142,151
79,42,152
79,78,153
79,228,154
79,199,155
79,230,156
79,4,157
79,175,158
79,222,159
79,43,160
79,104,161
79,158,162
79,121,163
79,219,164
79,180,165
79,212,166
79,3,167
79,39,168
79,36,169
79,163,170
79,166,171
79,215,172
79,8,173
79,118,174
79,119,175
79,184,176
79,54,177
79,66,178
79,63,179
79,160,180
79,64,181
79,150,182
79,98,183
79,133,184
79,205,185
79,208,186
79,185,187
79,58,188
79,60,189
79,211,190
79,214,191
79,28,192
79,128,193
79,164,194
79,209,195
79,85,196
79,188,197
79,5,198
79,200,199
79,9,200
79,154,201
79,227,202
79,1,203
79,26,204
79,29,205
79,32,206
79,37,207
79,57,208
79,59,209
79,68,210
79,71,211
79,76,212
79,77,213
79,80,214
79,86,215
79,87,216
79,96,217
79,112,218
79,115,219
79,122,220
79,123,221
79,143,222
79,167,223
79,176,224
79,195,225
79,217,226
79,231,227
79,131,228
79,140,229
79,225,230
79,138,231
80,91,1
80,75,2
80,170,3
80,50,4
80,134,5
80,197,6
80,224,7
80,149,8
80,53,9
80,113,10
80,15,11
80,124,12
80,116,13
80,6,14
80,159,15
80,194,16
80,56,17
80,82,18
80,106,19
80,190,20
80,210,21
80,89,22
80,38,23
80,155,24
80,132,25
80,204,26
80,11,27
80,74,28
80,139,29
80,137,30
80,218,31
80,13,32
80,117,33
80,192,34
80,207,35
80,90,36
80,178,37
80,17,38
80,108,39
80,136,40
80,111,41
80,221,42
80,40,43
80,51,44
80,105,45
80,73,46
80,100,47
80,165,48
80,69,49
80,70,50
80,27,51
80,153,52
80,172,53
80,22,54
80,24,55
80,65,56
80,10,57
80,193,58
80,220,59
80,84,60
80,144,61
80,187,62
80,135,63
80,202,64
80,168,65
80,88,66
80,186,67
80,216,68
80,151,69
80,16,70
80,145,71
80,81,72
80,129,73
80,229,74
80,101,75
80,14,76
80,92,77
80,23,78
80,94,79
80,7,80
80,19,81
80,203,82
80,31,83
80,196,84
80,109,85
80,152,86
80,35,87
80,179,88
80,49,89
80,48,90
80,177,91
80,201,92
80,107,93
80,213,94
80,110,95
80,46,96
80,126,97
80,21,98
80,103,99
80,127,100
80,97,101
80,226,102
80,83,103
80,20,104
80,148,105
80,44,106
80,191,107
80,93,108
80,206,109
80,171,110
80,34,111
80,102,112
80,223,113
80,198,114
80,130,115
80,45,116
80,141,117
80,67,118
80,12,119
80,182,120
80,169,121
80,95,122
80,120,123
80,125,124
80,162,125
80,181,126
80,18,127
80,2,128
80,72,129
80,99,130
80,183,131
80,157,132
80,173,133
80,147,134
80,161,135
80,30,136
80,55,137
80,156,138
80,189,139
80,79,140
80,47,141
80,61,142
80,41,143
80,52,144
80,62,145
80,146,146
80,25,147
80,114,148
80,174,149
80,33,150
80,142,151
80,42,152
80,78,153
80,228,154
80,199,155
80,230,156
80,4,157
80,175,158
80,222,159
80,43,160
80,104,161
80,158,162
80,121,163
80,219,164
80,180,165
80,212,166
80,3,167
80,39,168
80,36,169
80,163,170
80,166,171
80,215,172
80,8,173
80,118,174
80,119,175
80,184,176
80,54,177
80,66,178
80,63,179
80,160,180
80,64,181
80,150,182
80,98,183
80,133,184
80,205,185
80,208,186
80,185,187
80,58,188
80,60,189
80,211,190
80,214,191
80,28,192
80,128,193
80,164,194
80,209,195
80,85,196
80,188,197
80,5,198
80,200,199
80,9,200
80,154,201
80,227,202
80,1,203
80,26,204
80,29,205
80,32,206
80,37,207
80,57,208
80,59,209
80,68,210
80,71,211
80,76,212
80,77,213
80,80,214
80,86,215
80,87,216
80,96,217
80,112,218
80,115,219
80,122,220
80,123,221
80,143,222
80,167,223
80,176,224
80,195,225
80,217,226
80,231,227
80,131,228
80,140,229
80,225,230
80,138,231
81,91,1
81,75,2
81,170,3
81,50,4
81,134,5
81,197,6
81,224,7
81,149,8
81,53,9
81,113,10
81,15,11
81,124,12
81,116,13
81,6,14
81,159,15
81,194,16
81,56,17
81,82,18
81,106,19
81,190,20
81,210,21
81,89,22
81,38,23
81,155,24
81,132,25
81,204,26
81,11,27
81,74,28
81,139,29
81,137,30
81,218,31
81,13,32
81,117,33
81,192,34
81,207,35
81,90,36
81,178,37
81,17,38
81,108,39
81,136,40
81,111,41
81,221,42
81,40,43
81,51,44
81,105,45
81,73,46
81,100,47
81,165,48
81,69,49
81,70,50
81,27,51
81,153,52
81,172,53
81,22,54
81,24,55
81,65,56
81,10,57
81,193,58
81,220,59
81,84,60
81,144,61
81,187,62
81,135,63
81,202,64
81,168,65
81,88,66
81,186,67
81,216,68
81,151,69
81,16,70
81,145,71
81,81,72
81,129,73
81,229,74
81,101,75
81,14,76
81,92,77
81,23,78
81,94,79
81,7,80
81,19,81
81,203,82
81,31,83
81,196,84
81,109,85
81,152,86
81,35,87
81,179,88
81,49,89
81,48,90
81,177,91
81,201,92
81,107,93
81,213,94
81,110,95
81,46,96
81,126,97
81,21,98
81,103,99
81,127,100
81,97,101
81,226,102
81,83,103
81,20,104
81,148,105
81,44,106
81,191,107
81,93,108
81,206,109
81,171,110
81,34,111
81,102,112
81,223,113
81,198,114
81,130,115
81,45,116
81,141,117
81,67,118
81,12,119
81,182,120
81,169,121
81,95,122
81,120,123
81,125,124
81,162,125
81,181,126
81,18,127
81,2,128
81,72,129
81,99,130
81,183,131
81,157,132
81,173,133
81,147,134
81,161,135
81,30,136
81,55,137
81,156,138
81,189,139
81,79,140
81,47,141
81,61,142
81,41,143
81,52,144
81,62,145
81,146,146
81,25,147
81,114,148
81,174,149
81,33,150
81,142,151
81,42,152
81,78,153
81,228,154
81,199,155
81,230,156
81,4,157
81,175,158
81,222,159
81,43,160
81,104,161
81,158,162
81,121,163
81,219,164
81,180,165
81,212,166
81,3,167
81,39,168
81,36,169
81,163,170
81,166,171
81,215,172
81,8,173
81,118,174
81,119,175
81,184,176
81,54,177
81,66,178
81,63,179
81,160,180
81,64,181
81,150,182
81,98,183
81,133,184
81,205,185
81,208,186
81,185,187
81,58,188
81,60,189
81,211,190
81,214,191
81,28,192
81,128,193
81,164,194
81,209,195
81,85,196
81,188,197
81,5,198
81,200,199
81,9,200
81,154,201
81,227,202
81,1,203
81,26,204
81,29,205
81,32,206
81,37,207
81,57,208
81,59,209
81,68,210
81,71,211
81,76,212
81,77,213
81,80,214
81,86,215
81,87,216
81,96,217
81,112,218
81,115,219
81,122,220
81,123,221
81,143,222
81,167,223
81,176,224
81,195,225
81,217,226
81,231,227
81,131,228
81,140,229
81,225,230
81,138,231
82,91,1
82,75,2
82,170,3
82,50,4
82,134,5
82,197,6
82,224,7
82,149,8
82,53,9
82,113,10
82,15,11
82,124,12
82,116,13
82,6,14
82,159,15
82,194,16
82,56,17
82,82,18
82,106,19
82,190,20
82,210,21
82,89,22
82,38,23
82,155,24
82,132,25
82,204,26
82,11,27
82,74,28
82,139,29
82,137,30
82,218,31
82,13,32
82,117,33
82,192,34
82,207,35
82,90,36
82,178,37
82,17,38
82,108,39
82,136,40
82,111,41
82,221,42
82,40,43
82,51,44
82,105,45
82,73,46
82,100,47
82,165,48
82,69,49
82,70,50
82,27,51
82,153,52
82,172,53
82,22,54
82,24,55
82,65,56
82,10,57
82,193,58
82,220,59
82,84,60
82,144,61
82,187,62
82,135,63
82,202,64
82,168,65
82,88,66
82,186,67
82,216,68
82,151,69
82,16,70
82,145,71
82,81,72
82,129,73
82,229,74
82,101,75
82,14,76
82,92,77
82,23,78
82,94,79
82,7,80
82,19,81
82,203,82
82,31,83
82,196,84
82,109,85
82,152,86
82,35,87
82,179,88
82,49,89
82,48,90
82,177,91
82,201,92
82,107,93
82,213,94
82,110,95
82,46,96
82,126,97
82,21,98
82,103,99
82,127,100
82,97,101
82,226,102
82,83,103
82,20,104
82,148,105
82,44,106
82,191,107
82,93,108
82,206,109
82,171,110
82,34,111
82,102,112
82,223,113
82,198,114
82,130,115
82,45,116
82,141,117
82,67,118
82,12,119
82,182,120
82,169,121
82,95,122
82,120,123
82,125,124
82,162,125
82,181,126
82,18,127
82,2,128
82,72,129
82,99,130
82,183,131
82,157,132
82,173,133
82,147,134
82,161,135
82,30,136
82,55,137
82,156,138
82,189,139
82,79,140
82,47,141
82,61,142
82,41,143
82,52,144
82,62,145
82,146,146
82,25,147
82,114,148
82,174,149
82,33,150
82,142,151
82,42,152
82,78,153
82,228,154
82,199,155
82,230,156
82,4,157
82,175,158
82,222,159
82,43,160
82,104,161
82,158,162
82,121,163
82,219,164
82,180,165
82,212,166
82,3,167
82,39,168
82,36,169
82,163,170
82,166,171
82,215,172
82,8,173
82,118,174
82,119,175
82,184,176
82,54,177
82,66,178
82,63,179
82,160,180
82,64,181
82,150,182
82,98,183
82,133,184
82,205,185
82,208,186
82,185,187
82,58,188
82,60,189
82,211,190
82,214,191
82,28,192
82,128,193
82,164,194
82,209,195
82,85,196
82,188,197
82,5,198
82,200,199
82,9,200
82,154,201
82,227,202
82,1,203
82,26,204
82,29,205
82,32,206
82,37,207
82,57,208
82,59,209
82,68,210
82,71,211
82,76,212
82,77,213
82,80,214
82,86,215
82,87,216
82,96,217
82,112,218
82,115,219
82,122,220
82,123,221
82,143,222
82,167,223
82,176,224
82,195,225
82,217,226
82,231,227
82,131,228
82,140,229
82,225,230
82,138,231
83,249,1
83,260,2
83,256,3
83,238,4
83,295,5
83,262,6
83,274,7
83,269,8
83,232,9
83,250,10
83,235,11
83,279,12
83,264,13
83,268,14
83,263,15
83,285,16
83,258,17
83,244,18
83,283,19
83,281,20
83,286,21
83,247,22
83,293,23
83,272,24
83,252,25
83,270,26
83,289,27
83,294,28
83,276,29
83,280,30
83,254,31
83,275,32
83,259,33
83,261,34
83,243,35
83,253,36
83,246,37
83,290,38
83,291,39
83,241,40
83,282,41
83,287,42
83,292,43
83,255,44
83,267,45
83,288,46
83,277,47
83,240,48
83,234,49
83,233,50
83,236,51
83,237,52
83,239,53
83,242,54
83,245,55
83,248,56
83,251,57
83,257,58
83,265,59
83,266,60
83,271,61
83,273,62
83,278,63
83,284,64
84,298,1
84,299,2
84,297,3
84,346,4
84,302,5
84,305,6
84,310,7
84,300,8
84,312,9
84,304,10
84,320,11
84,344,12
84,303,13
84,319,14
84,311,15
84,309,16
84,325,17
84,301,18
84,296,19
84,321,20
84,316,21
84,341,22
84,336,23
84,313,24
84,332,25
84,328,26
84,339,27
84,347,28
84,350,29
84,308,30
84,349,31
84,333,32
84,338,33
84,337,34
84,314,35
84,315,36
84,306,37
84,345,38
84,324,39
84,335,40
84,323,41
84,342,42
84,326,43
84,343,44
84,348,45
84,351,46
84,330,47
84,329,48
84,322,49
84,327,50
84,318,51
84,334,52
84,340,53
84,317,54
84,352,55
84,331,56
84,307,57
86,380,1
86,376,2
86,369,3
86,384,4
86,368,5
86,372,6
86,374,7
86,392,8
86,373,9
86,377,10
86,389,11
86,396,12
86,382,13
86,391,14
86,367,15
86,375,16
86,378,17
86,385,18
86,394,19
86,383,20
86,390,21
86,379,22
86,370,23
86,398,24
86,371,25
86,381,26
86,386,27
86,400,28
86,393,29
86,397,30
86,395,31
86,401,32
86,387,33
86,388,34
86,399,35
87,354,1
87,366,2
87,353,3
87,355,4
87,362,5
87,357,6
87,358,7
87,365,8
87,356,9
87,360,10
87,361,11
87,359,12
87,364,13
87,363,14
89,91,1
89,170,2
89,134,3
89,197,4
89,224,5
89,149,6
89,113,7
89,124,8
89,116,9
89,159,10
89,194,11
89,82,12
89,106,13
89,190,14
89,210,15
89,89,16
89,155,17
89,132,18
89,204,19
89,139,20
89,137,21
89,218,22
89,117,23
89,192,24
89,207,25
89,90,26
89,178,27
89,108,28
89,136,29
89,111,30
89,221,31
89,105,32
89,100,33
89,165,34
89,153,35
89,172,36
89,193,37
89,220,38
89,84,39
89,144,40
89,187,41
89,135,42
89,202,43
89,168,44
89,88,45
89,186,46
89,216,47
89,151,48
89,145,49
89,81,50
89,129,51
89,229,52
89,101,53
89,92,54
89,94,55
89,203,56
89,196,57
89,109,58
89,152,59
89,179,60
89,177,61
89,201,62
89,107,63
89,213,64
89,110,65
89,126,66
89,103,67
89,127,68
89,97,69
89,226,70
89,83,71
89,148,72
89,191,73
89,93,74
89,206,75
89,171,76
89,102,77
89,223,78
89,198,79
89,130,80
89,141,81
89,182,82
89,169,83
89,95,84
89,120,85
89,125,86
89,162,87
89,181,88
89,99,89
89,183,90
89,157,91
89,173,92
89,147,93
89,161,94
89,156,95
89,189,96
89,146,97
89,114,98
89,174,99
89,142,100
89,228,101
89,199,102
89,230,103
89,175,104
89,222,105
89,104,106
89,158,107
89,121,108
89,219,109
89,180,110
89,212,111
89,163,112
89,166,113
89,215,114
89,118,115
89,119,116
89,184,117
89,160,118
89,150,119
89,98,120
89,133,121
89,205,122
89,208,123
89,185,124
89,211,125
89,214,126
89,128,127
89,164,128
89,209,129
89,85,130
89,188,131
89,200,132
89,154,133
89,227,134
89,80,135
89,86,136
89,87,137
89,96,138
89,112,139
89,115,140
89,122,141
89,123,142
89,143,143
89,167,144
89,176,145
89,195,146
89,217,147
89,231,148
89,131,149
89,140,150
89,225,151
89,138,152
90,75,1
90,50,2
90,53,3
90,15,4
90,6,5
90,56,6
90,38,7
90,11,8
90,74,9
90,13,10
90,17,11
90,40,12
90,51,13
90,73,14
90,69,15
90,70,16
90,27,17
90,22,18
90,24,19
90,65,20
90,10,21
90,16,22
90,14,23
90,23,24
90,7,25
90,19,26
90,31,27
90,35,28
90,49,29
90,48,30
90,46,31
90,21,32
90,20,33
90,44,34
90,34,35
90,45,36
90,67,37
90,12,38
90,18,39
90,2,40
90,72,41
90,30,42
90,55,43
90,79,44
90,47,45
90,61,46
90,41,47
90,52,48
90,62,49
90,25,50
90,33,51
90,42,52
90,78,53
90,4,54
90,43,55
90,3,56
90,39,57
90,36,58
90,8,59
90,54,60
90,66,61
90,63,62
90,64,63
90,58,64
90,60,65
90,28,66
90,5,67
90,9,68
90,1,69
90,26,70
90,29,71
90,32,72
90,37,73
90,57,74
90,59,75
90,68,76
90,71,77
90,76,78
90,77,79
94,91,1
94,75,2
94,170,3
94,50,4
94,134,5
94,197,6
94,224,7
94,149,8
94,53,9
94,113,10
94,15,11
94,124,12
94,116,13
94,6,14
94,159,15
94,194,16
94,56,17
94,82,18
94,106,19
94,190,20
94,210,21
94,89,22
94,38,23
94,155,24
94,132,25
94,204,26
94,11,27
94,74,28
94,139,29
94,137,30
94,218,31
94,13,32
94,117,33
94,192,34
94,207,35
94,90,36
94,178,37
94,17,38
94,108,39
94,136,40
94,111,41
94,221,42
94,40,43
94,51,44
94,105,45
94,73,46
94,100,47
94,165,48
94,69,49
94,70,50
94,27,51
94,153,52
94,172,53
94,22,54
94,24,55
94,65,56
94,10,57
94,193,58
94,220,59
94,84,60
94,144,61
94,187,62
94,135,63
94,202,64
94,168,65
94,88,66
94,186,67
94,216,68
94,151,69
94,16,70
94,145,71
94,81,72
94,129,73
94,229,74
94,101,75
94,14,76
94,92,77
94,23,78
94,94,79
94,7,80
94,19,81
94,203,82
94,31,83
94,196,84
94,109,85
94,152,86
94,35,87
94,179,88
94,49,89
94,48,90
94,177,91
94,201,92
94,107,93
94,213,94
94,110,95
94,46,96
94,126,97
94,21,98
94,103,99
94,127,100
94,97,101
94,226,102
94,83,103
94,20,104
94,148,105
94,44,106
94,191,107
94,93,108
94,206,109
94,171,110
94,34,111
94,102,112
94,223,113
94,198,114
94,130,115
94,45,116
94,141,117
94,67,118
94,12,119
94,182,120
94,169,121
94,95,122
94,120,123
94,125,124
94,162,125
94,181,126
94,18,127
94,2,128
94,72,129
94,99,130
94,183,131
94,157,132
94,173,133
94,147,134
94,161,135
94,30,136
94,55,137
94,156,138
94,189,139
94,79,140
94,47,141
94,61,142
94,41,143
94,52,144
94,62,145
94,146,146
94,25,147
94,114,148
94,174,149
94,33,150
94,142,151
94,42,152
94,78,153
94,228,154
94,199,155
94,230,156
94,4,157
94,175,158
94,222,159
94,43,160
94,104,161
94,158,162
94,121,163
94,219,164
94,180,165
94,212,166
94,3,167
94,39,168
94,36,169
94,163,170
94,166,171
94,215,172
94,8,173
94,118,174
94,119,175
94,184,176
94,54,177
94,66,178
94,63,179
94,160,180
94,64,181
94,150,182
94,98,183
94,133,184
94,205,185
94,208,186
94,185,187
94,58,188
94,60,189
94,211,190
94,214,191
94,28,192
94,128,193
94,164,194
94,209,195
94,85,196
94,188,197
94,5,198
94,200,199
94,9,200
94,154,201
94,227,202
94,1,203
94,26,204
94,29,205
94,32,206
94,37,207
94,57,208
94,59,209
94,68,210
94,71,211
94,76,212
94,77,213
94,80,214
94,86,215
94,87,216
94,96,217
94,112,218
94,115,219
94,122,220
94,123,221
94,143,222
94,167,223
94,176,224
94,195,225
94,217,226
94,231,227
94,131,228
94,140,229
94,225,230
94,138,231
95,91,1
95,75,2
95,170,3
95,50,4
95,134,5
95,197,6
95,224,7
95,149,8
95,53,9
95,113,10
95,15,11
95,124,12
95,116,13
95,6,14
95,159,15
95,194,16
95,56,17
95,82,18
95,106,19
95,190,20
95,210,21
95,89,22
95,38,23
95,155,24
95,132,25
95,204,26
95,11,27
95,74,28
95,139,29
95,137,30
95,218,31
95,13,32
95,117,33
95,192,34
95,207,35
95,90,36
95,178,37
95,17,38
95,108,39
95,136,40
95,111,41
95,221,42
95,40,43
95,51,44
95,105,45
95,73,46
95,100,47
95,165,48
95,69,49
95,70,50
95,27,51
95,153,52
95,172,53
95,22,54
95,24,55
95,65,56
95,10,57
95,193,58
95,220,59
95,84,60
95,144,61
95,187,62
95,135,63
95,202,64
95,168,65
95,88,66
95,186,67
95,216,68
95,151,69
95,16,70
95,145,71
95,81,72
95,129,73
95,229,74
95,101,75
95,14,76
95,92,77
95,23,78
95,94,79
95,7,80
95,19,81
95,203,82
95,31,83
95,196,84
95,109,85
95,152,86
95,35,87
95,179,88
95,49,89
95,48,90
95,177,91
95,201,92
95,107,93
95,213,94
95,110,95
95,46,96
95,126,97
95,21,98
95,103,99
95,127,100
95,97,101
95,226,102
95,83,103
95,20,104
95,148,105
95,44,106
95,191,107
95,93,108
95,206,109
95,171,110
95,34,111
95,102,112
95,223,113
95,198,114
95,130,115
95,45,116
95,141,117
95,67,118
95,12,119
95,182,120
95,169,121
95,95,122
95,120,123
95,125,124
95,162,125
95,181,126
95,18,127
95,2,128
95,72,129
95,99,130
95,183,131
95,157,132
95,173,133
95,147,134
95,161,135
95,30,136
95,55,137
95,156,138
95,189,139
95,79,140
95,47,141
95,61,142
95,41,143
95,52,144
95,62,145
95,146,146
95,25,147
95,114,148
95,174,149
95,33,150
95,142,151
95,42,152
95,78,153
95,228,154
95,199,155
95,230,156
95,4,157
95,175,158
95,222,159
95,43,160
95,104,161
95,158,162
95,121,163
95,219,164
95,180,165
95,212,166
95,3,167
95,39,168
95,36,169
95,163,170
95,166,171
95,215,172
95,8,173
95,118,174
95,119,175
95,184,176
95,54,177
95,66,178
95,63,179
95,160,180
95,64,181
95,150,182
95,98,183
95,133,184
95,205,185
95,208,186
95,185,187
95,58,188
95,60,189
95,211,190
95,214,191
95,28,192
95,128,193
95,164,194
95,209,195
95,85,196
95,188,197
95,5,198
95,200,199
95,9,200
95,154,201
95,227,202
95,1,203
95,26,204
95,29,205
95,32,206
95,37,207
95,57,208
95,59,209
95,68,210
95,71,211
95,76,212
95,77,213
95,80,214
95,86,215
95,87,216
95,96,217
95,112,218
95,115,219
95,122,220
95,123,221
95,143,222
95,167,223
95,176,224
95,195,225
95,217,226
95,231,227
95,131,228
95,140,229
95,225,230
95,138,231
96,91,1
96,75,2
96,170,3
96,50,4
96,134,5
96,197,6
96,224,7
96,149,8
96,53,9
96,113,10
96,15,11
96,124,12
96,116,13
96,6,14
96,159,15
96,194,16
96,56,17
96,82,18
96,106,19
96,190,20
96,210,21
96,89,22
96,38,23
96,155,24
96,132,25
96,204,26
96,11,27
96,74,28
96,139,29
96,137,30
96,218,31
96,13,32
96,117,33
96,192,34
96,207,35
96,90,36
96,178,37
96,17,38
96,108,39
96,136,40
96,111,41
96,221,42
96,40,43
96,51,44
96,105,45
96,73,46
96,100,47
96,165,48
96,69,49
96,70,50
96,27,51
96,153,52
96,172,53
96,22,54
96,24,55
96,65,56
96,10,57
96,193,58
96,220,59
96,84,60
96,144,61
96,187,62
96,135,63
96,202,64
96,168,65
96,88,66
96,186,67
96,216,68
96,151,69
96,16,70
96,145,71
96,81,72
96,129,73
96,229,74
96,101,75
96,14,76
96,92,77
96,23,78
96,94,79
96,7,80
96,19,81
96,203,82
96,31,83
96,196,84
96,109,85
96,152,86
96,35,87
96,179,88
96,49,89
96,48,90
96,177,91
96,201,92
96,107,93
96,213,94
96,110,95
96,46,96
96,126,97
96,21,98
96,103,99
96,127,100
96,97,101
96,226,102
96,83,103
96,20,104
96,148,105
96,44,106
96,191,107
96,93,108
96,206,109
96,171,110
96,34,111
96,102,112
96,223,113
96,198,114
96,130,115
96,45,116
96,141,117
96,67,118
96,12,119
96,182,120
96,169,121
96,95,122
96,120,123
96,125,124
96,162,125
96,181,126
96,18,127
96,2,128
96,72,129
96,99,130
96,183,131
96,157,132
96,173,133
96,147,134
96,161,135
96,30,136
96,55,137
96,156,138
96,189,139
96,79,140
96,47,141
96,61,142
96,41,143
96,52,144
96,62,145
96,146,146
96,25,147
96,114,148
96,174,149
96,33,150
96,142,151
96,42,152
96,78,153
96,228,154
96,199,155
96,230,156
96,4,157
96,175,158
96,222,159
96,43,160
96,104,161
96,158,162
96,121,163
96,219,164
96,180,165
96,212,166
96,3,167
96,39,168
96,36,169
96,163,170
96,166,171
96,215,172
96,8,173
96,118,174
96,119,175
96,184,176
96,54,177
96,66,178
96,63,179
96,160,180
96,64,181
96,150,182
96,98,183
96,133,184
96,205,185
96,208,186
96,185,187
96,58,188
96,60,189
96,211,190
96,214,191
96,28,192
96,128,193
96,164,194
96,209,195
96,85,196
96,188,197
96,5,198
96,200,199
96,9,200
96,154,201
96,227,202
96,1,203
96,26,204
96,29,205
96,32,206
96,37,207
96,57,208
96,59,209
96,68,210
96,71,211
96,76,212
96,77,213
96,80,214
96,86,215
96,87,216
96,96,217
96,112,218
96,115,219
96,122,220
96,123,221
96,143,222
96,167,223
96,176,224
96,195,225
96,217,226
96,231,227
96,131,228
96,140,229
96,225,230
96,138,231
97,91,1
97,75,2
97,170,3
97,50,4
97,134,5
97,197,6
97,224,7
97,149,8
97,53,9
97,113,10
97,15,11
97,124,12
97,116,13
97,6,14
97,159,15
97,194,16
97,56,17
97,82,18
97,106,19
97,190,20
97,210,21
97,89,22
97,38,23
97,155,24
97,132,25
97,204,26
97,11,27
97,74,28
97,139,29
97,137,30
97,218,31
97,13,32
97,117,33
97,192,34
97,207,35
97,90,36
97,178,37
97,17,38
97,108,39
97,136,40
97,111,41
97,221,42
97,40,43
97,51,44
97,105,45
97,73,46
97,100,47
97,165,48
97,69,49
97,70,50
97,27,51
97,153,52
97,172,53
97,22,54
97,24,55
97,65,56
97,10,57
97,193,58
97,220,59
97,84,60
97,144,61
97,187,62
97,135,63
97,202,64
97,168,65
97,88,66
97,186,67
97,216,68
97,151,69
97,16,70
97,145,71
97,81,72
97,129,73
97,229,74
97,101,75
97,14,76
97,92,77
97,23,78
97,94,79
97,7,80
97,19,81
97,203,82
97,31,83
97,196,84
97,109,85
97,152,86
97,35,87
97,179,88
97,49,89
97,48,90
97,177,91
97,201,92
97,107,93
97,213,94
97,110,95
97,46,96
97,126,97
97,21,98
97,103,99
97,127,100
97,97,101
97,226,102
97,83,103
97,20,104
97,148,105
97,44,106
97,191,107
97,93,108
97,206,109
97,171,110
97,34,111
97,102,112
97,223,113
97,198,114
97,130,115
97,45,116
97,141,117
97,67,118
97,12,119
97,182,120
97,169,121
97,95,122
97,120,123
97,125,124
97,162,125
97,181,126
97,18,127
97,2,128
97,72,129
97,99,130
97,183,131
97,157,132
97,173,133
97,147,134
97,161,135
97,30,136
97,55,137
97,156,138
97,189,139
97,79,140
97,47,141
97,61,142
97,41,143
97,52,144
97,62,145
97,146,146
97,25,147
97,114,148
97,174,149
97,33,150
97,142,151
97,42,152
97,78,153
97,228,154
97,199,155
97,230,156
97,4,157
97,175,158
97,222,159
97,43,160
97,104,161
97,158,162
97,121,163
97,219,164
97,180,165
97,212,166
97,3,167
97,39,168
97,36,169
97,163,170
97,166,171
97,215,172
97,8,173
97,118,174
97,119,175
97,184,176
97,54,177
97,66,178
97,63,179
97,160,180
97,64,181
97,150,182
97,98,183
97,133,184
97,205,185
97,208,186
97,185,187
97,58,188
97,60,189
97,211,190
97,214,191
97,28,192
97,128,193
97,164,194
97,209,195
97,85,196
97,188,197
97,5,198
97,200,199
97,9,200
97,154,201
97,227,202
97,1,203
97,26,204
97,29,205
97,32,206
97,37,207
97,57,208
97,59,209
97,68,210
97,71,211
97,76,212
97,77,213
97,80,214
97,86,215
97,87,216
97,96,217
97,112,218
97,115,219
97,122,220
97,123,221
97,143,222
97,167,223
97,176,224
97,195,225
97,217,226
97,231,227
97,131,228
97,140,229
97,225,230
97,138,231
98,91,1
98,75,2
98,170,3
98,50,4
98,134,5
98,197,6
98,224,7
98,149,8
98,53,9
98,113,10
98,15,11
98,124,12
98,116,13
98,6,14
98,159,15
98,194,16
98,56,17
98,82,18
98,106,19
98,190,20
98,210,21
98,89,22
98,38,23
98,155,24
98,132,25
98,204,26
98,11,27
98,74,28
98,139,29
98,137,30
98,218,31
98,13,32
98,117,33
98,192,34
98,207,35
98,90,36
98,178,37
98,17,38
98,108,39
98,136,40
98,111,41
98,221,42
98,40,43
98,51,44
98,105,45
98,73,46
98,100,47
98,165,48
98,69,49
98,70,50
98,27,51
98,153,52
98,172,53
98,22,54
98,24,55
98,65,56
98,10,57
98,193,58
98,220,59
98,84,60
98,144,61
98,187,62
98,135,63
98,202,64
98,168,65
98,88,66
98,186,67
98,216,68
98,151,69
98,16,70
98,145,71
98,81,72
98,129,73
98,229,74
98,101,75
98,14,76
98,92,77
98,23,78
98,94,79
98,7,80
98,19,81
98,203,82
98,31,83
98,196,84
98,109,85
98,152,86
98,35,87
98,179,88
98,49,89
98,48,90
98,177,91
98,201,92
98,107,93
98,213,94
98,110,95
98,46,96
98,126,97
98,21,98
98,103,99
98,127,100
98,97,101
98,226,102
98,83,103
98,20,104
98,148,105
98,44,106
98,191,107
98,93,108
98,206,109
98,171,110
98,34,111
98,102,112
98,223,113
98,198,114
98,130,115
98,45,116
98,141,117
98,67,118
98,12,119
98,182,120
98,169,121
98,95,122
98,120,123
98,125,124
98,162,125
98,181,126
98,18,127
98,2,128
98,72,129
98,99,130
98,183,131
98,157,132
98,173,133
98,147,134
98,161,135
98,30,136
98,55,137
98,156,138
98,189,139
98,79,140
98,47,141
98,61,142
98,41,143
98,52,144
98,62,145
98,146,146
98,25,147
98,114,148
98,174,149
98,33,150
98,142,151
98,42,152
98,78,153
98,228,154
98,199,155
98,230,156
98,4,157
98,175,158
98,222,159
98,43,160
98,104,161
98,158,162
98,121,163
98,219,164
98,180,165
98,212,166
98,3,167
98,39,168
98,36,169
98,163,170
98,166,171
98,215,172
98,8,173
98,118,174
98,119,175
98,184,176
98,54,177
98,66,178
98,63,179
98,160,180
98,64,181
98,150,182
98,98,183
98,133,184
98,205,185
98,208,186
98,185,187
98,58,188
98,60,189
98,211,190
98,214,191
98,28,192
98,128,193
98,164,194
98,209,195
98,85,196
98,188,197
98,5,198
98,200,199
98,9,200
98,154,201
98,227,202
98,1,203
98,26,204
98,29,205
98,32,206
98,37,207
98,57,208
98,59,209
98,68,210
98,71,211
98,76,212
98,77,213
98,80,214
98,86,215
98,87,216
98,96,217
98,112,218
98,115,219
98,122,220
98,123,221
98,143,222
98,167,223
98,176,224
98,195,225
98,217,226
98,231,227
98,131,228
98,140,229
98,225,230
98,138,231
99,91,1
99,75,2
99,170,3
99,50,4
99,134,5
99,197,6
99,224,7
99,149,8
99,53,9
99,113,10
99,15,11
99,124,12
99,116,13
99,6,14
99,159,15
99,194,16
99,56,17
99,82,18
99,106,19
99,190,20
99,210,21
99,89,22
99,38,23
99,155,24
99,132,25
99,204,26
99,11,27
99,74,28
99,139,29
99,137,30
99,218,31
99,13,32
99,117,33
99,192,34
99,207,35
99,90,36
99,178,37
99,17,38
99,108,39
99,136,40
99,111,41
99,221,42
99,40,43
99,51,44
99,105,45
99,73,46
99,100,47
99,165,48
99,69,49
99,70,50
99,27,51
99,153,52
99,172,53
99,22,54
99,24,55
99,65,56
99,10,57
99,193,58
99,220,59
99,84,60
99,144,61
99,187,62
99,135,63
99,202,64
99,168,65
99,88,66
99,186,67
99,216,68
99,151,69
99,16,70
99,145,71
99,81,72
99,129,73
99,229,74
99,101,75
99,14,76
99,92,77
99,23,78
99,94,79
99,7,80
99,19,81
99,203,82
99,31,83
99,196,84
99,109,85
99,152,86
99,35,87
99,179,88
99,49,89
99,48,90
99,177,91
99,201,92
99,107,93
99,213,94
99,110,95
99,46,96
99,126,97
99,21,98
99,103,99
99,127,100
99,97,101
99,226,102
99,83,103
99,20,104
99,148,105
99,44,106
99,191,107
99,93,108
99,206,109
99,171,110
99,34,111
99,102,112
99,223,113
99,198,114
99,130,115
99,45,116
99,141,117
99,67,118
99,12,119
99,182,120
99,169,121
99,95,122
99,120,123
99,125,124
99,162,125
99,181,126
99,18,127
99,2,128
99,72,129
99,99,130
99,183,131
99,157,132
99,173,133
99,147,134
99,161,135
99,30,136
99,55,137
99,156,138
99,189,139
99,79,140
99,47,141
99,61,142
99,41,143
99,52,144
99,62,145
99,146,146
99,25,147
99,114,148
99,174,149
99,33,150
99,142,151
99,42,152
99,78,153
99,228,154
99,199,155
99,230,156
99,4,157
99,175,158
99,222,159
99,43,160
99,104,161
99,158,162
99,121,163
99,219,164
99,180,165
99,212,166
99,3,167
99,39,168
99,36,169
99,163,170
99,166,171
99,215,172
99,8,173
99,118,174
99,119,175
99,184,176
99,54,177
99,66,178
99,63,179
99,160,180
99,64,181
99,150,182
99,98,183
99,133,184
99,205,185
99,208,186
99,185,187
99,58,188
99,60,189
99,211,190
99,214,191
99,28,192
99,128,193
99,164,194
99,209,195
99,85,196
99,188,197
99,5,198
99,200,199
99,9,200
99,154,201
99,227,202
99,1,203
99,26,204
99,29,205
99,32,206
99,37,207
99,57,208
99,59,209
99,68,210
99,71,211
99,76,212
99,77,213
99,80,214
99,86,215
99,87,216
99,96,217
99,112,218
99,115,219
99,122,220
99,123,221
99,143,222
99,167,223
99,176,224
99,195,225
99,217,226
99,231,227
99,131,228
99,140,229
99,225,230
99,138,231
100,91,1
100,75,2
100,170,3
100,50,4
100,134,5
100,197,6
100,224,7
100,149,8
100,53,9
100,113,10
100,15,11
100,124,12
100,116,13
100,6,14
100,159,15
100,194,16
100,56,17
100,82,18
100,106,19
100,190,20
100,210,21
100,89,22
100,38,23
100,155,24
100,132,25
100,204,26
100,11,27
100,74,28
100,139,29
100,137,30
100,218,31
100,13,32
100,117,33
100,192,34
100,207,35
100,90,36
100,178,37
100,17,38
100,108,39
100,136,40
100,111,41
100,221,42
100,40,43
100,51,44
100,105,45
100,73,46
100,100,47
100,165,48
100,69,49
100,70,50
100,27,51
100,153,52
100,172,53
100,22,54
100,24,55
100,65,56
100,10,57
100,193,58
100,220,59
100,84,60
100,144,61
100,187,62
100,135,63
100,202,64
100,168,65
100,88,66
100,186,67
100,216,68
100,151,69
100,16,70
100,145,71
100,81,72
100,129,73
100,229,74
100,101,75
100,14,76
100,92,77
100,23,78
100,94,79
100,7,80
100,19,81
100,203,82
100,31,83
100,196,84
100,109,85
100,152,86
100,35,87
100,179,88
100,49,89
100,48,90
100,177,91
100,201,92
100,107,93
100,213,94
100,110,95
100,46,96
100,126,97
100,21,98
100,103,99
100,127,100
100,97,101
100,226,102
100,83,103
100,20,104
100,148,105
100,44,106
100,191,107
100,93,108
100,206,109
100,171,110
100,34,111
100,102,112
100,223,113
100,198,114
100,130,115
100,45,116
100,141,117
100,67,118
100,12,119
100,182,120
100,169,121
100,95,122
100,120,123
100,125,124
100,162,125
100,181,126
100,18,127
100,2,128
100,72,129
100,99,130
100,183,131
100,157,132
100,173,133
100,147,134
100,161,135
100,30,136
100,55,137
100,156,138
100,189,139
100,79,140
100,47,141
100,61,142
100,41,143
100,52,144
100,62,145
100,146,146
100,25,147
100,114,148
100,174,149
100,33,150
100,142,151
100,42,152
100,78,153
100,228,154
100,199,155
100,230,156
100,4,157
100,175,158
100,222,159
100,43,160
100,104,161
100,158,162
100,121,163
100,219,164
100,180,165
100,212,166
100,3,167
100,39,168
100,36,169
100,163,170
100,166,171
100,215,172
100,8,173
100,118,174
100,119,175
100,184,176
100,54,177
100,66,178
100,63,179
100,160,180
100,64,181
100,150,182
100,98,183
100,133,184
100,205,185
100,208,186
100,185,187
100,58,188
100,60,189
100,211,190
100,214,191
100,28,192
100,128,193
100,164,194
100,209,195
100,85,196
100,188,197
100,5,198
100,200,199
100,9,200
100,154,201
100,227,202
100,1,203
100,26,204
100,29,205
100,32,206
100,37,207
100,57,208
100,59,209
100,68,210
100,71,211
100,76,212
100,77,213
100,80,214
100,86,215
100,87,216
100,96,217
100,112,218
100,115,219
100,122,220
100,123,221
100,143,222
100,167,223
100,176,224
100,195,225
100,217,226
100,231,227
100,131,228
100,140,229
100,225,230
100,138,231
101,91,1
101,75,2
101,170,3
101,50,4
101,134,5
101,197,6
101,224,7
101,149,8
101,53,9
101,113,10
101,15,11
101,124,12
101,116,13
101,6,14
101,159,15
101,194,16
101,56,17
101,82,18
101,106,19
101,190,20
101,210,21
101,89,22
101,38,23
101,155,24
101,132,25
101,204,26
101,11,27
101,74,28
101,139,29
101,137,30
101,218,31
101,13,32
101,117,33
101,192,34
101,207,35
101,90,36
101,178,37
101,17,38
101,108,39
101,136,40
101,111,41
101,221,42
101,40,43
101,51,44
101,105,45
101,73,46
101,100,47
101,165,48
101,69,49
101,70,50
101,27,51
101,153,52
101,172,53
101,22,54
101,24,55
101,65,56
101,10,57
101,193,58
101,220,59
101,84,60
101,144,61
101,187,62
101,135,63
101,202,64
101,168,65
101,88,66
101,186,67
101,216,68
101,151,69
101,16,70
101,145,71
101,81,72
101,129,73
101,229,74
101,101,75
101,14,76
101,92,77
101,23,78
101,94,79
101,7,80
101,19,81
101,203,82
101,31,83
101,196,84
101,109,85
101,152,86
101,35,87
101,179,88
101,49,89
101,48,90
101,177,91
101,201,92
101,107,93
101,213,94
101,110,95
101,46,96
101,126,97
101,21,98
101,103,99
101,127,100
101,97,101
101,226,102
101,83,103
101,20,104
101,148,105
101,44,106
101,191,107
101,93,108
101,206,109
101,171,110
101,34,111
101,102,112
101,223,113
101,198,114
101,130,115
101,45,116
101,141,117
101,67,118
101,12,119
101,182,120
101,169,121
101,95,122
101,120,123
101,125,124
101,162,125
101,181,126
101,18,127
101,2,128
101,72,129
101,99,130
101,183,131
101,157,132
101,173,133
101,147,134
101,161,135
101,30,136
101,55,137
101,156,138
101,189,139
101,79,140
101,47,141
101,61,142
101,41,143
101,52,144
101,62,145
101,146,146
101,25,147
101,114,148
101,174,149
101,33,150
101,142,151
101,42,152
101,78,153
101,228,154
101,199,155
101,230,156
101,4,157
101,175,158
101,222,159
101,43,160
101,104,161
101,158,162
101,121,163
101,219,164
101,180,165
101,212,166
101,3,167
101,39,168
101,36,169
101,163,170
101,166,171
101,215,172
101,8,173
101,118,174
101,119,175
101,184,176
101,54,177
101,66,178
101,63,179
101,160,180
101,64,181
101,150,182
101,98,183
101,133,184
101,205,185
102,530,1
102,534,2
102,510,3
102,531,4
102,532,5
102,518,6
102,513,7
102,514,8
102,519,9
102,516,10
102,515,11
102,426,12
102,495,13
102,526,14
102,527,15
102,528,16
102,529,17
103,564,1
103,547,2
103,459,3
103,457,4
103,432,5
103,494,6
103,475,7
103,555,8
103,561,9
104,542,1
104,552,2
104,521,3
104,522,4
104,535,5
104,538,6
104,447,7
104,511,8
104,512,9
104,536,10
104,539,11
105,562,1
105,563,2
105,548,3
105,553,4
105,479,5
105,491,6
105,493,7
105,520,8
105,517,9
105,525,10
105,533,11
105,558,12
105,560,13
105,577,14
105,579,15
109,540,1
109,534,2
109,563,3
109,547,4
109,541,5
109,552,6
109,544,7
109,543,8
109,532,9
109,436,10
109,430,11
109,487,12
109,513,13
109,553,14
109,545,15
109,522,16
109,464,17
109,519,18
109,538,19
109,516,20
109,546,21
109,476,22
109,491,23
109,431,24
109,435,25
109,432,26
109,471,27
109,525,28
109,526,29
109,527,30
109,529,31
109,533,32
109,539,33
109,550,34
109,551,35
109,556,36
109,559,37
109,560,38
109,561,39
109,567,40
109,572,41
109,574,42
109,577,43
109,578,44
109,579,45
110,569,1
110,546,2
110,465,3
110,431,4
110,571,5
110,575,6
110,554,7
110,556,8
110,572,9
110,573,10
110,574,11
112,458,1
112,425,2
112,423,3
112,508,4
112,424,5
112,503,6
112,422,7
112,504,8
112,505,9
112,502,10
112,506,11
112,509,12
112,507,13
115,492,1
115,448,2
115,493,3
115,520,4
115,442,5
115,444,6
115,511,7
115,446,8
115,512,9
115,443,10
115,445,11
118,530,1
118,540,2
118,534,3
118,562,4
118,563,5
118,564,6
118,547,7
118,542,8
118,565,9
118,541,10
118,552,11
118,456,12
118,570,13
118,544,14
118,510,15
118,543,16
118,531,17
118,249,18
118,462,19
118,532,20
118,436,21
118,569,22
118,430,23
118,433,24
118,518,25
118,548,26
118,513,27
118,514,28
118,521,29
118,553,30
118,260,31
118,545,32
118,566,33
118,256,34
118,238,35
118,522,36
118,295,37
118,519,38
118,262,39
118,535,40
118,538,41
118,516,42
118,546,43
118,454,44
118,274,45
118,465,46
118,269,47
118,455,48
118,232,49
118,250,50
118,235,51
118,458,52
118,463,53
118,279,54
118,492,55
118,264,56
118,268,57
118,479,58
118,491,59
118,263,60
118,467,61
118,285,62
118,431,63
118,435,64
118,258,65
118,244,66
118,283,67
118,281,68
118,469,69
118,515,70
118,286,71
118,247,72
118,549,73
118,293,74
118,272,75
118,252,76
118,270,77
118,494,78
118,468,79
118,289,80
118,471,81
118,425,82
118,571,83
118,294,84
118,448,85
118,276,86
118,477,87
118,280,88
118,254,89
118,575,90
118,497,91
118,449,92
118,275,93
118,259,94
118,261,95
118,493,96
118,243,97
118,460,98
118,253,99
118,246,100
118,290,101
118,291,102
118,241,103
118,520,104
118,481,105
118,442,106
118,282,107
118,444,108
118,452,109
118,475,110
118,486,111
118,287,112
118,447,113
118,292,114
118,423,115
118,511,116
118,255,117
118,446,118
118,451,119
118,267,120
118,288,121
118,512,122
118,277,123
118,489,124
118,508,125
118,240,126
118,500,127
118,234,128
118,424,129
118,478,130
118,480,131
118,443,132
118,466,133
118,474,134
118,503,135
118,445,136
118,490,137
118,422,138
118,482,139
118,504,140
118,505,141
118,484,142
118,483,143
118,502,144
118,506,145
118,509,146
118,233,147
118,236,148
118,237,149
118,239,150
118,242,151
118,245,152
118,248,153
118,251,154
118,257,155
118,265,156
118,266,157
118,271,158
118,273,159
118,278,160
118,284,161
118,426,162
118,427,163
118,428,164
118,429,165
118,434,166
118,437,167
118,438,168
118,439,169
118,440,170
118,441,171
118,453,172
118,470,173
118,495,174
118,496,175
118,498,176
118,499,177
118,501,178
118,507,179
118,523,180
118,524,181
118,525,182
118,526,183
118,527,184
118,528,185
118,529,186
118,533,187
118,536,188
118,537,189
118,539,190
118,550,191
118,551,192
118,554,193
118,555,194
118,556,195
118,557,196
118,558,197
118,559,198
118,560,199
118,561,200
118,567,201
118,568,202
118,572,203
118,573,204
118,574,205
119,530,1
119,540,2
119,534,3
119,562,4
119,563,5
119,564,6
119,547,7
119,542,8
119,565,9
119,541,10
119,552,11
119,456,12
119,570,13
119,544,14
119,510,15
119,543,16
119,531,17
119,249,18
119,462,19
119,532,20
119,436,21
119,569,22
119,430,23
119,433,24
119,518,25
119,548,26
119,513,27
119,514,28
119,521,29
119,553,30
119,260,31
119,545,32
119,566,33
119,256,34
119,238,35
119,522,36
119,295,37
119,519,38
119,262,39
119,535,40
119,538,41
119,516,42
119,546,43
119,454,44
119,274,45
119,465,46
119,269,47
119,455,48
119,232,49
119,250,50
119,235,51
119,458,52
119,463,53
119,279,54
119,492,55
119,264,56
119,268,57
119,479,58
119,491,59
119,263,60
119,467,61
119,285,62
119,431,63
119,435,64
119,258,65
119,244,66
119,283,67
119,281,68
119,469,69
119,515,70
119,286,71
119,247,72
119,549,73
119,293,74
119,272,75
119,252,76
119,270,77
119,494,78
119,468,79
119,289,80
119,471,81
119,425,82
119,571,83
119,294,84
119,448,85
119,276,86
119,477,87
119,280,88
119,254,89
119,575,90
119,497,91
119,449,92
119,275,93
119,259,94
119,261,95
119,493,96
119,243,97
119,460,98
119,253,99
119,246,100
119,290,101
119,291,102
119,241,103
119,520,104
119,481,105
119,442,106
119,282,107
119,444,108
119,452,109
119,475,110
119,486,111
119,287,112
119,447,113
119,292,114
119,423,115
119,511,116
119,255,117
119,446,118
119,451,119
119,267,120
119,288,121
119,512,122
119,277,123
119,489,124
119,508,125
119,240,126
119,500,127
119,234,128
119,424,129
119,478,130
119,480,131
119,443,132
119,466,133
119,474,134
119,503,135
119,445,136
119,490,137
119,422,138
119,482,139
119,504,140
119,505,141
119,484,142
119,483,143
119,502,144
119,506,145
119,509,146
119,233,147
119,236,148
119,237,149
119,239,150
119,242,151
119,245,152
119,248,153
119,251,154
119,257,155
119,265,156
119,266,157
119,271,158
119,273,159
119,278,160
119,284,161
119,426,162
119,427,163
119,428,164
119,429,165
119,434,166
119,437,167
119,438,168
119,439,169
119,440,170
119,441,171
119,453,172
119,470,173
119,495,174
119,496,175
119,498,176
119,499,177
119,501,178
119,507,179
119,523,180
119,524,181
119,525,182
119,526,183
119,527,184
119,528,185
119,529,186
119,533,187
119,536,188
119,537,189
119,539,190
119,550,191
119,551,192
119,554,193
119,555,194
119,556,195
119,557,196
119,558,197
119,559,198
119,560,199
119,561,200
119,567,201
119,568,202
119,572,203
119,573,204
119,574,205
120,530,1
120,540,2
120,534,3
120,562,4
120,563,5
120,564,6
120,547,7
120,542,8
120,565,9
120,541,10
120,552,11
120,456,12
120,570,13
120,544,14
120,510,15
120,543,16
120,531,17
120,249,18
120,462,19
120,532,20
120,436,21
120,569,22
120,430,23
120,433,24
120,518,25
120,548,26
120,513,27
120,514,28
120,521,29
120,553,30
120,260,31
120,545,32
120,566,33
120,256,34
120,238,35
120,522,36
120,295,37
120,519,38
120,262,39
120,535,40
120,538,41
120,516,42
120,546,43
120,454,44
120,274,45
120,465,46
120,269,47
120,455,48
120,232,49
120,250,50
120,235,51
120,458,52
120,463,53
120,279,54
120,492,55
120,264,56
120,268,57
120,479,58
120,491,59
120,263,60
120,467,61
120,285,62
120,431,63
120,435,64
120,258,65
120,244,66
120,283,67
120,281,68
120,469,69
120,515,70
120,286,71
120,247,72
120,549,73
120,293,74
120,272,75
120,252,76
120,270,77
120,494,78
120,468,79
120,289,80
120,471,81
120,425,82
120,571,83
120,294,84
120,448,85
120,276,86
120,477,87
120,280,88
120,254,89
120,575,90
120,497,91
120,449,92
120,275,93
120,259,94
120,261,95
120,493,96
120,243,97
120,460,98
120,253,99
120,246,100
120,290,101
120,291,102
120,241,103
120,520,104
120,481,105
120,442,106
120,282,107
120,444,108
120,452,109
120,475,110
120,486,111
120,287,112
120,447,113
120,292,114
120,423,115
120,511,116
120,255,117
120,446,118
120,451,119
120,267,120
120,288,121
120,512,122
120,277,123
120,489,124
120,508,125
120,240,126
120,500,127
120,234,128
120,424,129
120,478,130
120,480,131
120,443,132
120,466,133
120,474,134
120,503,135
120,445,136
120,490,137
120,422,138
120,482,139
120,504,140
120,505,141
120,484,142
120,483,143
120,502,144
120,506,145
120,509,146
120,233,147
120,236,148
120,237,149
120,239,150
120,242,151
120,245,152
120,248,153
120,251,154
120,257,155
120,265,156
120,266,157
120,271,158
120,273,159
120,278,160
120,284,161
120,426,162
120,427,163
120,428,164
120,429,165
120,434,166
120,437,167
120,438,168
120,439,169
120,440,170
120,441,171
120,453,172
120,470,173
120,495,174
120,496,175
120,498,176
120,499,177
120,501,178
120,507,179
120,523,180
120,524,181
120,525,182
120,526,183
120,527,184
120,528,185
120,529,186
120,533,187
120,536,188
120,537,189
120,539,190
120,550,191
120,551,192
120,554,193
120,555,194
120,556,195
120,557,196
120,558,197
120,559,198
120,560,199
120,561,200
120,567,201
120,568,202
120,572,203
120,573,204
120,574,205
121,530,1
121,540,2
121,534,3
121,562,4
121,563,5
121,564,6
121,547,7
121,542,8
121,565,9
121,541,10
121,552,11
121,456,12
121,570,13
121,544,14
121,510,15
121,543,16
121,531,17
121,249,18
121,462,19
121,532,20
121,436,21
121,569,22
121,430,23
121,433,24
121,518,25
121,548,26
121,513,27
121,514,28
121,521,29
121,553,30
121,260,31
121,545,32
121,566,33
121,256,34
121,238,35
121,522,36
121,295,37
121,519,38
121,262,39
121,535,40
121,538,41
121,516,42
121,546,43
121,454,44
121,274,45
121,465,46
121,269,47
121,455,48
121,232,49
121,250,50
121,235,51
121,458,52
121,463,53
121,279,54
121,492,55
121,264,56
121,268,57
121,479,58
121,491,59
121,263,60
121,467,61
121,285,62
121,431,63
121,435,64
121,258,65
121,244,66
121,283,67
121,281,68
121,469,69
121,515,70
121,286,71
121,247,72
121,549,73
121,293,74
121,272,75
121,252,76
121,270,77
121,494,78
121,468,79
121,289,80
121,471,81
121,425,82
121,571,83
121,294,84
121,448,85
121,276,86
121,477,87
121,280,88
121,254,89
121,575,90
121,497,91
121,449,92
121,275,93
121,259,94
121,261,95
121,493,96
121,243,97
121,460,98
121,253,99
121,246,100
121,290,101
121,291,102
121,241,103
121,520,104
121,481,105
121,442,106
121,282,107
121,444,108
121,452,109
121,475,110
121,486,111
121,287,112
121,447,113
121,292,114
121,423,115
121,511,116
121,255,117
121,446,118
121,451,119
121,267,120
121,288,121
121,512,122
121,277,123
121,489,124
121,508,125
121,240,126
121,500,127
121,234,128
121,424,129
121,478,130
121,480,131
121,443,132
121,466,133
121,474,134
121,503,135
121,445,136
121,490,137
121,422,138
121,482,139
121,504,140
121,505,141
121,484,142
121,483,143
121,502,144
121,506,145
121,509,146
121,233,147
121,236,148
121,237,149
121,239,150
121,242,151
121,245,152
121,248,153
121,251,154
121,257,155
121,265,156
121,266,157
121,271,158
121,273,159
121,278,160
121,284,161
121,426,162
121,427,163
121,428,164
121,429,165
121,434,166
121,437,167
121,438,168
121,439,169
121,440,170
121,441,171
121,453,172
121,470,173
121,495,174
121,496,175
121,498,176
121,499,177
121,501,178
121,507,179
121,523,180
121,524,181
121,525,182
121,526,183
121,527,184
121,528,185
121,529,186
121,533,187
121,536,188
121,537,189
121,539,190
121,550,191
121,551,192
121,554,193
121,555,194
121,556,195
121,557,196
121,558,197
121,559,198
121,560,199
121,561,200
121,567,201
121,568,202
121,572,203
121,573,204
121,574,205
122,530,1
122,540,2
122,534,3
122,562,4
122,563,5
122,564,6
122,547,7
122,542,8
122,565,9
122,541,10
122,552,11
122,456,12
122,570,13
122,544,14
122,510,15
122,543,16
122,531,17
122,249,18
122,462,19
122,532,20
122,436,21
122,569,22
122,430,23
122,433,24
122,518,25
122,548,26
122,513,27
122,514,28
122,521,29
122,553,30
122,260,31
122,545,32
122,566,33
122,256,34
122,238,35
122,522,36
122,295,37
122,519,38
122,262,39
122,535,40
122,538,41
122,516,42
122,546,43
122,454,44
122,274,45
122,465,46
122,269,47
122,455,48
122,232,49
122,250,50
122,235,51
122,458,52
122,463,53
122,279,54
122,492,55
122,264,56
122,268,57
122,479,58
122,491,59
122,263,60
122,467,61
122,285,62
122,431,63
122,435,64
122,258,65
122,244,66
122,283,67
122,281,68
122,469,69
122,515,70
122,286,71
122,247,72
122,549,73
122,293,74
122,272,75
122,252,76
122,270,77
122,494,78
122,468,79
122,289,80
122,471,81
122,425,82
122,571,83
122,294,84
122,448,85
122,276,86
122,477,87
122,280,88
122,254,89
122,575,90
122,497,91
122,449,92
122,275,93
122,259,94
122,261,95
122,493,96
122,243,97
122,460,98
122,253,99
122,246,100
122,290,101
122,291,102
122,241,103
122,520,104
122,481,105
122,442,106
122,282,107
122,444,108
122,452,109
122,475,110
122,486,111
122,287,112
122,447,113
122,292,114
122,423,115
122,511,116
122,255,117
122,446,118
122,451,119
122,267,120
122,288,121
122,512,122
122,277,123
122,489,124
122,508,125
122,240,126
122,500,127
122,234,128
122,424,129
122,478,130
122,480,131
122,443,132
122,466,133
122,474,134
122,503,135
122,445,136
122,490,137
122,422,138
122,482,139
122,504,140
122,505,141
122,484,142
122,483,143
122,502,144
122,506,145
122,509,146
122,233,147
122,236,148
122,237,149
122,239,150
122,242,151
122,245,152
122,248,153
122,251,154
122,257,155
122,265,156
122,266,157
122,271,158
122,273,159
122,278,160
122,284,161
122,426,162
122,427,163
122,428,164
122,429,165
122,434,166
122,437,167
122,438,168
122,439,169
122,440,170
122,441,171
122,453,172
122,470,173
122,495,174
122,496,175
122,498,176
122,499,177
122,501,178
122,507,179
122,523,180
122,524,181
122,525,182
122,526,183
122,527,184
122,528,185
122,529,186
122,533,187
122,536,188
122,537,189
122,539,190
122,550,191
122,551,192
122,554,193
122,555,194
122,556,195
122,557,196
122,558,197
122,559,198
122,560,199
122,561,200
122,567,201
122,568,202
122,572,203
122,573,204
122,574,205
123,530,1
123,540,2
123,534,3
123,562,4
123,563,5
123,564,6
123,547,7
123,542,8
123,565,9
123,541,10
123,552,11
123,456,12
123,570,13
123,544,14
123,510,15
123,543,16
123,531,17
123,249,18
123,462,19
123,532,20
123,436,21
123,569,22
123,430,23
123,433,24
123,518,25
123,548,26
123,513,27
123,514,28
123,521,29
123,553,30
123,260,31
123,545,32
123,566,33
123,256,34
123,238,35
123,522,36
123,295,37
123,519,38
123,262,39
123,535,40
123,538,41
123,516,42
123,546,43
123,454,44
123,274,45
123,465,46
123,269,47
123,455,48
123,232,49
123,250,50
123,235,51
123,458,52
123,463,53
123,279,54
123,492,55
123,264,56
123,268,57
123,479,58
123,491,59
123,263,60
123,467,61
123,285,62
123,431,63
123,435,64
123,258,65
123,244,66
123,283,67
123,281,68
123,469,69
123,515,70
123,286,71
123,247,72
123,549,73
123,293,74
123,272,75
123,252,76
123,270,77
123,494,78
123,468,79
123,289,80
123,471,81
123,425,82
123,571,83
123,294,84
123,448,85
123,276,86
123,477,87
123,280,88
123,254,89
123,575,90
123,497,91
123,449,92
123,275,93
123,259,94
123,261,95
123,493,96
123,243,97
123,460,98
123,253,99
123,246,100
123,290,101
123,291,102
123,241,103
123,520,104
123,481,105
123,442,106
123,282,107
123,444,108
123,452,109
123,475,110
123,486,111
123,287,112
123,447,113
123,292,114
123,423,115
123,511,116
123,255,117
123,446,118
123,451,119
123,267,120
123,288,121
123,512,122
123,277,123
123,489,124
123,508,125
123,240,126
123,500,127
123,234,128
123,424,129
123,478,130
123,480,131
123,443,132
123,466,133
123,474,134
123,503,135
123,445,136
123,490,137
123,422,138
123,482,139
123,504,140
123,505,141
123,484,142
123,483,143
123,502,144
123,506,145
123,509,146
123,233,147
123,236,148
123,237,149
123,239,150
123,242,151
123,245,152
123,248,153
123,251,154
123,257,155
123,265,156
123,266,157
123,271,158
123,273,159
123,278,160
123,284,161
123,426,162
123,427,163
123,428,164
123,429,165
123,434,166
123,437,167
123,438,168
123,439,169
123,440,170
123,441,171
123,453,172
123,470,173
123,495,174
123,496,175
123,498,176
123,499,177
123,501,178
123,507,179
123,523,180
123,524,181
123,525,182
123,526,183
123,527,184
123,528,185
123,529,186
123,533,187
123,536,188
123,537,189
123,539,190
123,550,191
123,551,192
123,554,193
123,555,194
123,556,195
123,557,196
123,558,197
123,559,198
123,560,199
123,561,200
123,567,201
123,568,202
123,572,203
123,573,204
123,574,205
124,530,1
124,540,2
124,534,3
124,562,4
124,563,5
124,564,6
124,547,7
124,542,8
124,565,9
124,541,10
124,552,11
124,456,12
124,570,13
124,544,14
124,510,15
124,543,16
124,531,17
124,249,18
124,462,19
124,532,20
124,436,21
124,569,22
124,430,23
124,433,24
124,518,25
124,548,26
124,513,27
124,514,28
124,521,29
124,553,30
124,260,31
124,545,32
124,566,33
124,256,34
124,238,35
124,522,36
124,295,37
124,519,38
124,262,39
124,535,40
124,538,41
124,516,42
124,546,43
124,454,44
124,274,45
124,465,46
124,269,47
124,455,48
124,232,49
124,250,50
124,235,51
124,458,52
124,463,53
124,279,54
124,492,55
124,264,56
124,268,57
124,479,58
124,491,59
124,263,60
124,467,61
124,285,62
124,431,63
124,435,64
124,258,65
124,244,66
124,283,67
124,281,68
124,469,69
124,515,70
124,286,71
124,247,72
124,549,73
124,293,74
124,272,75
124,252,76
124,270,77
124,494,78
124,468,79
124,289,80
124,471,81
124,425,82
124,571,83
124,294,84
124,448,85
124,276,86
124,477,87
124,280,88
124,254,89
124,575,90
124,497,91
124,449,92
124,275,93
124,259,94
124,261,95
124,493,96
124,243,97
124,460,98
124,253,99
124,246,100
124,290,101
124,291,102
124,241,103
124,520,104
124,481,105
124,442,106
124,282,107
124,444,108
124,452,109
124,475,110
124,486,111
124,287,112
124,447,113
124,292,114
124,423,115
124,511,116
124,255,117
124,446,118
124,451,119
124,267,120
124,288,121
124,512,122
124,277,123
124,489,124
124,508,125
124,240,126
124,500,127
124,234,128
124,424,129
124,478,130
124,480,131
124,443,132
124,466,133
124,474,134
124,503,135
124,445,136
124,490,137
124,422,138
124,482,139
124,504,140
124,505,141
124,484,142
124,483,143
124,502,144
124,506,145
124,509,146
124,233,147
124,236,148
124,237,149
124,239,150
124,242,151
124,245,152
124,248,153
124,251,154
124,257,155
124,265,156
124,266,157
124,271,158
124,273,159
124,278,160
124,284,161
124,426,162
124,427,163
124,428,164
124,429,165
124,434,166
124,437,167
124,438,168
124,439,169
124,440,170
124,441,171
124,453,172
124,470,173
124,495,174
124,496,175
124,498,176
124,499,177
124,501,178
124,507,179
124,523,180
124,524,181
124,525,182
124,526,183
124,527,184
124,528,185
124,529,186
124,533,187
124,536,188
124,537,189
124,539,190
124,550,191
124,551,192
124,554,193
124,555,194
124,556,195
124,557,196
124,558,197
124,559,198
124,560,199
124,561,200
124,567,201
124,568,202
124,572,203
124,573,204
124,574,205
125,530,1
125,540,2
125,534,3
125,298,4
125,562,5
125,563,6
125,564,7
125,91,8
125,299,9
125,297,10
125,547,11
125,75,12
125,170,13
125,50,14
125,134,15
125,346,16
125,197,17
125,224,18
125,542,19
125,565,20
125,541,21
125,149,22
125,552,23
125,53,24
125,456,25
125,113,26
125,402,27
125,15,28
125,302,29
125,570,30
125,124,31
125,485,32
125,544,33
125,116,34
125,6,35
125,159,36
125,1063,37
125,1032,38
125,658,39
125,620,40
125,664,41
125,672,42
125,582,43
125,739,44
125,877,45
125,711,46
125,653,47
125,661,48
125,670,49
125,716,50
125,1037,51
125,737,52
125,855,53
125,735,54
125,903,55
125,596,56
125,654,57
125,665,58
125,673,59
125,583,60
125,874,61
125,713,62
125,738,63
125,888,64
125,659,65
125,660,66
125,1064,67
125,588,68
125,1034,69
125,650,70
125,693,71
125,609,72
125,612,73
125,710,74
125,863,75
125,694,76
125,744,77
125,883,78
125,884,79
125,666,80
125,719,81
125,741,82
125,743,83
125,885,84
125,1021,85
125,627,86
125,669,87
125,714,88
125,720,89
125,875,90
125,1049,91
125,590,92
125,663,93
125,679,94
125,689,95
125,704,96
125,915,97
125,1025,98
125,1026,99
125,1031,100
125,677,101
125,692,102
125,740,103
125,756,104
125,891,105
125,1022,106
125,1060,107
125,595,108
125,621,109
125,623,110
125,657,111
125,696,112
125,742,113
125,751,114
125,752,115
125,753,116
125,857,117
125,886,118
125,896,119
125,898,120
125,1038,121
125,1040,122
125,1056,123
125,599,124
125,615,125
125,616,126
125,619,127
125,647,128
125,662,129
125,683,130
125,686,131
125,722,132
125,724,133
125,729,134
125,730,135
125,854,136
125,895,137
125,904,138
125,908,139
125,1035,140
125,1045,141
125,1050,142
125,1052,143
125,691,144
125,698,145
125,702,146
125,703,147
125,705,148
125,707,149
125,723,150
125,727,151
125,728,152
125,731,153
125,745,154
125,750,155
125,846,156
125,848,157
125,859,158
125,860,159
125,864,160
125,866,161
125,867,162
125,871,163
125,872,164
126,530,1
126,540,2
126,534,3
126,298,4
126,562,5
126,563,6
126,564,7
126,91,8
126,299,9
126,297,10
126,547,11
126,75,12
126,170,13
126,50,14
126,134,15
126,346,16
126,197,17
126,224,18
126,542,19
126,565,20
126,541,21
126,149,22
126,552,23
126,53,24
126,456,25
126,113,26
126,402,27
126,15,28
126,302,29
126,570,30
126,124,31
126,485,32
126,544,33
126,116,34
126,6,35
126,159,36
126,1063,37
126,1032,38
126,658,39
126,620,40
126,664,41
126,672,42
126,582,43
126,739,44
126,877,45
126,711,46
126,653,47
126,661,48
126,670,49
126,716,50
126,1037,51
126,737,52
126,855,53
126,735,54
126,903,55
126,596,56
126,654,57
126,665,58
126,673,59
126,583,60
126,874,61
126,713,62
126,738,63
126,888,64
126,659,65
126,660,66
126,1064,67
126,588,68
126,1034,69
126,650,70
126,693,71
126,609,72
126,612,73
126,710,74
126,863,75
126,694,76
126,744,77
126,883,78
126,884,79
126,666,80
126,719,81
126,741,82
126,743,83
126,885,84
126,1021,85
126,627,86
126,669,87
126,714,88
126,720,89
126,875,90
126,1049,91
126,590,92
126,663,93
126,679,94
126,689,95
126,704,96
126,915,97
126,1025,98
126,1026,99
126,1031,100
126,677,101
126,692,102
126,740,103
126,756,104
126,891,105
126,1022,106
126,1060,107
126,595,108
126,621,109
126,623,110
126,657,111
126,696,112
126,742,113
126,751,114
126,752,115
126,753,116
126,857,117
126,886,118
126,896,119
126,898,120
126,1038,121
126,1040,122
126,1056,123
126,599,124
126,615,125
126,616,126
126,619,127
126,647,128
126,662,129
126,683,130
126,686,131
126,722,132
126,724,133
126,729,134
126,730,135
126,854,136
126,895,137
126,904,138
126,908,139
126,1035,140
126,1045,141
126,1050,142
126,1052,143
126,691,144
126,698,145
126,702,146
126,703,147
126,705,148
126,707,149
126,723,150
126,727,151
126,728,152
126,731,153
126,745,154
126,750,155
126,846,156
126,848,157
126,859,158
126,860,159
126,864,160
126,866,161
126,867,162
126,871,163
126,872,164
127,530,1
127,540,2
127,534,3
127,298,4
127,562,5
127,563,6
127,564,7
127,91,8
127,299,9
127,297,10
127,547,11
127,75,12
127,170,13
127,50,14
127,134,15
127,346,16
127,197,17
127,224,18
127,542,19
127,565,20
127,541,21
127,149,22
127,552,23
127,53,24
127,456,25
127,113,26
127,402,27
127,15,28
127,302,29
127,570,30
127,124,31
127,485,32
127,544,33
127,116,34
127,6,35
127,159,36
127,1063,37
127,1032,38
127,658,39
127,620,40
127,664,41
127,672,42
127,582,43
127,739,44
127,877,45
127,711,46
127,653,47
127,661,48
127,670,49
127,716,50
127,1037,51
127,737,52
127,855,53
127,735,54
127,903,55
127,596,56
127,654,57
127,665,58
127,673,59
127,583,60
127,874,61
127,713,62
127,738,63
127,888,64
127,659,65
127,660,66
127,1064,67
127,588,68
127,1034,69
127,650,70
127,693,71
127,609,72
127,612,73
127,710,74
127,863,75
127,694,76
127,744,77
127,883,78
127,884,79
127,666,80
127,719,81
127,741,82
127,743,83
127,885,84
127,1021,85
127,627,86
127,669,87
127,714,88
127,720,89
127,875,90
127,1049,91
127,590,92
127,663,93
127,679,94
127,689,95
127,704,96
127,915,97
127,1025,98
127,1026,99
127,1031,100
127,677,101
127,692,102
127,740,103
127,756,104
127,891,105
127,1022,106
127,1060,107
127,595,108
127,621,109
127,623,110
127,657,111
127,696,112
127,742,113
127,751,114
127,752,115
127,753,116
127,857,117
127,886,118
127,896,119
127,898,120
127,1038,121
127,1040,122
127,1056,123
127,599,124
127,615,125
127,616,126
127,619,127
127,647,128
127,662,129
127,683,130
127,686,131
127,722,132
127,724,133
127,729,134
127,730,135
127,854,136
127,895,137
127,904,138
127,908,139
127,1035,140
127,1045,141
127,1050,142
127,1052,143
127,691,144
127,698,145
127,702,146
127,703,147
127,705,148
127,707,149
127,723,150
127,727,151
127,728,152
127,731,153
127,745,154
127,750,155
127,846,156
127,848,157
127,859,158
127,860,159
127,864,160
127,866,161
127,867,162
127,871,163
127,872,164
128,530,1
128,540,2
128,534,3
128,298,4
128,562,5
128,563,6
128,564,7
128,91,8
128,299,9
128,297,10
128,547,11
128,75,12
128,170,13
128,50,14
128,134,15
128,346,16
128,197,17
128,224,18
128,542,19
128,565,20
128,541,21
128,149,22
128,552,23
128,53,24
128,456,25
128,113,26
128,402,27
128,15,28
128,302,29
128,570,30
128,124,31
128,485,32
128,544,33
128,116,34
128,6,35
128,159,36
128,1063,37
128,1032,38
128,658,39
128,620,40
128,664,41
128,672,42
128,582,43
128,739,44
128,877,45
128,711,46
128,653,47
128,661,48
128,670,49
128,716,50
128,1037,51
128,737,52
128,855,53
128,735,54
128,903,55
128,596,56
128,654,57
128,665,58
128,673,59
128,583,60
128,874,61
128,713,62
128,738,63
128,888,64
128,659,65
128,660,66
128,1064,67
128,588,68
128,1034,69
128,650,70
128,693,71
128,609,72
128,612,73
128,710,74
128,863,75
128,694,76
128,744,77
128,883,78
128,884,79
128,666,80
128,719,81
128,741,82
128,743,83
128,885,84
128,1021,85
128,627,86
128,669,87
128,714,88
128,720,89
128,875,90
128,1049,91
128,590,92
128,663,93
128,679,94
128,689,95
128,704,96
128,915,97
128,1025,98
128,1026,99
128,1031,100
128,677,101
128,692,102
128,740,103
128,756,104
128,891,105
128,1022,106
128,1060,107
128,595,108
128,621,109
128,623,110
128,657,111
128,696,112
128,742,113
128,751,114
128,752,115
128,753,116
128,857,117
128,886,118
128,896,119
128,898,120
128,1038,121
128,1040,122
128,1056,123
128,599,124
128,615,125
128,616,126
128,619,127
128,647,128
128,662,129
128,683,130
128,686,131
128,722,132
128,724,133
128,729,134
128,730,135
128,854,136
128,895,137
128,904,138
128,908,139
128,1035,140
128,1045,141
128,1050,142
128,1052,143
128,691,144
128,698,145
128,702,146
128,703,147
128,705,148
128,707,149
128,723,150
128,727,151
128,728,152
128,731,153
128,745,154
128,750,155
128,846,156
128,848,157
128,859,158
128,860,159
128,864,160
128,866,161
128,867,162
128,871,163
128,872,164
129,530,1
129,540,2
129,534,3
129,298,4
129,562,5
129,563,6
129,564,7
129,91,8
129,299,9
129,297,10
129,547,11
129,75,12
129,170,13
129,50,14
129,134,15
129,346,16
129,197,17
129,224,18
129,542,19
129,565,20
129,541,21
129,149,22
129,552,23
129,53,24
129,456,25
129,113,26
129,402,27
129,15,28
129,302,29
129,570,30
129,124,31
129,485,32
129,544,33
129,116,34
129,6,35
129,159,36
129,1063,37
129,1032,38
129,658,39
129,620,40
129,664,41
129,672,42
129,582,43
129,739,44
129,877,45
129,711,46
129,653,47
129,661,48
129,670,49
129,716,50
129,1037,51
129,737,52
129,855,53
129,735,54
129,903,55
129,596,56
129,654,57
129,665,58
129,673,59
129,583,60
129,874,61
129,713,62
129,738,63
129,888,64
129,659,65
129,660,66
129,1064,67
129,588,68
129,1034,69
129,650,70
129,693,71
129,609,72
129,612,73
129,710,74
129,863,75
129,694,76
129,744,77
129,883,78
129,884,79
129,666,80
129,719,81
129,741,82
129,743,83
129,885,84
129,1021,85
129,627,86
129,669,87
129,714,88
129,720,89
129,875,90
129,1049,91
129,590,92
129,663,93
129,679,94
129,689,95
129,704,96
129,915,97
129,1025,98
129,1026,99
129,1031,100
129,677,101
129,692,102
129,740,103
129,756,104
129,891,105
129,1022,106
129,1060,107
129,595,108
129,621,109
129,623,110
129,657,111
129,696,112
129,742,113
129,751,114
129,752,115
129,753,116
129,857,117
129,886,118
129,896,119
129,898,120
129,1038,121
129,1040,122
129,1056,123
129,599,124
129,615,125
129,616,126
129,619,127
129,647,128
129,662,129
129,683,130
129,686,131
129,722,132
129,724,133
129,729,134
129,730,135
129,854,136
129,895,137
129,904,138
129,908,139
129,1035,140
129,1045,141
129,1050,142
129,1052,143
129,691,144
129,698,145
129,702,146
129,703,147
129,705,148
129,707,149
129,723,150
129,727,151
129,728,152
129,731,153
129,745,154
129,750,155
129,846,156
129,848,157
129,859,158
129,860,159
129,864,160
129,866,161
129,867,162
129,871,163
129,872,164
130,530,1
130,540,2
130,534,3
130,298,4
130,562,5
130,563,6
130,564,7
130,91,8
130,299,9
130,297,10
130,547,11
130,75,12
130,170,13
130,50,14
130,134,15
130,346,16
130,197,17
130,224,18
130,542,19
130,565,20
130,541,21
130,149,22
130,552,23
130,53,24
130,456,25
130,113,26
130,402,27
130,15,28
130,302,29
130,570,30
130,124,31
130,485,32
130,544,33
130,116,34
130,6,35
130,159,36
130,1063,37
130,1032,38
130,658,39
130,620,40
130,664,41
130,672,42
130,582,43
130,739,44
130,877,45
130,711,46
130,653,47
130,661,48
130,670,49
130,716,50
130,1037,51
130,737,52
130,855,53
130,735,54
130,903,55
130,596,56
130,654,57
130,665,58
130,673,59
130,583,60
130,874,61
130,713,62
130,738,63
130,888,64
130,659,65
130,660,66
130,1064,67
130,588,68
130,1034,69
130,650,70
130,693,71
130,609,72
130,612,73
130,710,74
130,863,75
130,694,76
130,744,77
130,883,78
130,884,79
130,666,80
130,719,81
130,741,82
130,743,83
130,885,84
130,1021,85
130,627,86
130,669,87
130,714,88
130,720,89
130,875,90
130,1049,91
130,590,92
130,663,93
130,679,94
130,689,95
130,704,96
130,915,97
130,1025,98
130,1026,99
130,1031,100
130,677,101
130,692,102
130,740,103
130,756,104
130,891,105
130,1022,106
130,1060,107
130,595,108
130,621,109
130,623,110
130,657,111
130,696,112
130,742,113
130,751,114
130,752,115
130,753,116
130,857,117
130,886,118
130,896,119
130,898,120
130,1038,121
130,1040,122
130,1056,123
130,599,124
130,615,125
130,616,126
130,619,127
130,647,128
130,662,129
130,683,130
130,686,131
130,722,132
130,724,133
130,729,134
130,730,135
130,854,136
130,895,137
130,904,138
130,908,139
130,1035,140
130,1045,141
130,1050,142
130,1052,143
130,691,144
130,698,145
130,702,146
130,703,147
130,705,148
130,707,149
130,723,150
130,727,151
130,728,152
130,731,153
130,745,154
130,750,155
130,846,156
130,848,157
130,859,158
130,860,159
130,864,160
130,866,161
130,867,162
130,871,163
130,872,164
131,530,1
131,540,2
131,534,3
131,298,4
131,562,5
131,563,6
131,564,7
131,91,8
131,299,9
131,297,10
131,547,11
131,75,12
131,170,13
131,50,14
131,134,15
131,346,16
131,197,17
131,224,18
131,542,19
131,565,20
131,541,21
131,149,22
131,552,23
131,53,24
131,456,25
131,113,26
131,402,27
131,15,28
131,302,29
131,570,30
131,124,31
131,485,32
131,544,33
131,116,34
131,6,35
131,159,36
131,1063,37
131,1032,38
131,658,39
131,620,40
131,664,41
131,672,42
131,582,43
131,739,44
131,877,45
131,711,46
131,653,47
131,661,48
131,670,49
131,716,50
131,1037,51
131,737,52
131,855,53
131,735,54
131,903,55
131,596,56
131,654,57
131,665,58
131,673,59
131,583,60
131,874,61
131,713,62
131,738,63
131,888,64
131,659,65
131,660,66
131,1064,67
131,588,68
131,1034,69
131,650,70
131,693,71
131,609,72
131,612,73
131,710,74
131,863,75
131,694,76
131,744,77
131,883,78
131,884,79
131,666,80
131,719,81
131,741,82
131,743,83
131,885,84
131,1021,85
131,627,86
131,669,87
131,714,88
131,720,89
131,875,90
131,1049,91
131,590,92
131,663,93
131,679,94
131,689,95
131,704,96
131,915,97
131,1025,98
131,1026,99
131,1031,100
131,677,101
131,692,102
131,740,103
131,756,104
131,891,105
131,1022,106
131,1060,107
131,595,108
131,621,109
131,623,110
131,657,111
131,696,112
131,742,113
131,751,114
131,752,115
131,753,116
131,857,117
131,886,118
131,896,119
131,898,120
131,1038,121
131,1040,122
131,1056,123
131,599,124
131,615,125
131,616,126
131,619,127
131,647,128
131,662,129
131,683,130
131,686,131
131,722,132
131,724,133
131,729,134
131,730,135
131,854,136
131,895,137
131,904,138
131,908,139
131,1035,140
131,1045,141
131,1050,142
131,1052,143
131,691,144
131,698,145
131,702,146
131,703,147
131,705,148
131,707,149
131,723,150
131,727,151
131,728,152
131,731,153
131,745,154
131,750,155
131,846,156
131,848,157
131,859,158
131,860,159
131,864,160
131,866,161
131,867,162
131,871,163
131,872,164
132,530,1
132,540,2
132,534,3
132,298,4
132,562,5
132,563,6
132,564,7
132,91,8
132,299,9
132,297,10
132,547,11
132,75,12
132,170,13
132,50,14
132,134,15
132,346,16
132,197,17
132,224,18
132,542,19
132,565,20
132,541,21
132,149,22
132,552,23
132,53,24
132,456,25
132,113,26
132,402,27
132,15,28
132,302,29
132,570,30
132,124,31
132,485,32
132,544,33
132,116,34
132,6,35
132,159,36
132,1063,37
132,1032,38
132,658,39
132,620,40
132,664,41
132,672,42
132,582,43
132,739,44
132,877,45
132,711,46
132,653,47
132,661,48
132,670,49
132,716,50
132,1037,51
132,737,52
132,855,53
132,735,54
132,903,55
132,596,56
132,654,57
132,665,58
132,673,59
132,583,60
132,874,61
132,713,62
132,738,63
132,888,64
132,659,65
132,660,66
132,1064,67
132,588,68
132,1034,69
132,650,70
132,693,71
132,609,72
132,612,73
132,710,74
132,863,75
132,694,76
132,744,77
132,883,78
132,884,79
132,666,80
132,719,81
132,741,82
132,743,83
132,885,84
132,1021,85
132,627,86
132,669,87
132,714,88
132,720,89
132,875,90
132,1049,91
132,590,92
132,663,93
132,679,94
132,689,95
132,704,96
132,915,97
132,1025,98
132,1026,99
132,1031,100
132,677,101
132,692,102
132,740,103
132,756,104
132,891,105
132,1022,106
132,1060,107
132,595,108
132,621,109
132,623,110
132,657,111
132,696,112
132,742,113
132,751,114
132,752,115
132,753,116
132,857,117
132,886,118
132,896,119
132,898,120
132,1038,121
132,1040,122
132,1056,123
132,599,124
132,615,125
132,616,126
132,619,127
132,647,128
132,662,129
132,683,130
132,686,131
132,722,132
132,724,133
132,729,134
132,730,135
132,854,136
132,895,137
132,904,138
132,908,139
132,1035,140
132,1045,141
132,1050,142
132,1052,143
132,691,144
132,698,145
132,702,146
132,703,147
132,705,148
132,707,149
132,723,150
132,727,151
132,728,152
132,731,153
132,745,154
132,750,155
132,846,156
132,848,157
132,859,158
132,860,159
132,864,160
132,866,161
132,867,162
132,871,163
132,872,164
133,530,1
133,540,2
133,534,3
133,298,4
133,562,5
133,563,6
133,564,7
133,91,8
133,299,9
133,297,10
133,547,11
133,75,12
133,170,13
133,50,14
133,134,15
133,346,16
133,197,17
133,224,18
133,542,19
133,565,20
133,541,21
133,149,22
133,552,23
133,53,24
133,456,25
133,113,26
133,402,27
133,15,28
133,302,29
133,570,30
133,124,31
133,485,32
133,544,33
133,116,34
133,6,35
133,159,36
133,1063,37
133,1032,38
133,658,39
133,620,40
133,664,41
133,672,42
133,582,43
133,739,44
133,877,45
133,711,46
133,653,47
133,661,48
133,670,49
133,716,50
133,1037,51
133,737,52
133,855,53
133,735,54
133,903,55
133,596,56
133,654,57
133,665,58
133,673,59
133,583,60
133,874,61
133,713,62
133,738,63
133,888,64
133,659,65
133,660,66
133,1064,67
133,588,68
133,1034,69
133,650,70
133,693,71
133,609,72
133,612,73
133,710,74
133,863,75
133,694,76
133,744,77
133,883,78
133,884,79
133,666,80
133,719,81
133,741,82
133,743,83
133,885,84
133,1021,85
133,627,86
133,669,87
133,714,88
133,720,89
133,875,90
133,1049,91
133,590,92
133,663,93
133,679,94
133,689,95
133,704,96
133,915,97
133,1025,98
133,1026,99
133,1031,100
133,677,101
133,692,102
133,740,103
133,756,104
133,891,105
133,1022,106
133,1060,107
133,595,108
133,621,109
133,623,110
133,657,111
133,696,112
133,742,113
133,751,114
133,752,115
133,753,116
133,857,117
133,886,118
133,896,119
133,898,120
133,1038,121
133,1040,122
133,1056,123
133,599,124
133,615,125
133,616,126
133,619,127
133,647,128
133,662,129
133,683,130
133,686,131
133,722,132
133,724,133
133,729,134
133,730,135
133,854,136
133,895,137
133,904,138
133,908,139
133,1035,140
133,1045,141
133,1050,142
133,1052,143
133,691,144
133,698,145
133,702,146
133,703,147
133,705,148
133,707,149
133,723,150
133,727,151
133,728,152
133,731,153
133,745,154
133,750,155
133,846,156
133,848,157
133,859,158
133,860,159
133,864,160
133,866,161
133,867,162
133,871,163
133,872,164
134,530,1
134,540,2
134,534,3
134,298,4
134,562,5
134,563,6
134,564,7
134,91,8
134,299,9
134,297,10
134,547,11
134,75,12
134,170,13
134,50,14
134,134,15
134,346,16
134,197,17
134,224,18
134,542,19
134,565,20
134,541,21
134,149,22
134,552,23
134,53,24
134,456,25
134,113,26
134,402,27
134,15,28
134,302,29
134,570,30
134,124,31
134,485,32
134,544,33
134,116,34
134,6,35
134,159,36
134,1063,37
134,1032,38
134,658,39
134,620,40
134,664,41
134,672,42
134,582,43
134,739,44
134,877,45
134,711,46
134,653,47
134,661,48
134,670,49
134,716,50
134,1037,51
134,737,52
134,855,53
134,735,54
134,903,55
134,596,56
134,654,57
134,665,58
134,673,59
134,583,60
134,874,61
134,713,62
134,738,63
134,888,64
134,659,65
134,660,66
134,1064,67
134,588,68
134,1034,69
134,650,70
134,693,71
134,609,72
134,612,73
134,710,74
134,863,75
134,694,76
134,744,77
134,883,78
134,884,79
134,666,80
134,719,81
134,741,82
134,743,83
134,885,84
134,1021,85
134,627,86
134,669,87
134,714,88
134,720,89
134,875,90
134,1049,91
134,590,92
134,663,93
134,679,94
134,689,95
134,704,96
134,915,97
134,1025,98
134,1026,99
134,1031,100
134,677,101
134,692,102
134,740,103
134,756,104
134,891,105
134,1022,106
134,1060,107
134,595,108
134,621,109
134,623,110
134,657,111
134,696,112
134,742,113
134,751,114
134,752,115
134,753,116
134,857,117
134,886,118
134,896,119
134,898,120
134,1038,121
134,1040,122
134,1056,123
134,599,124
134,615,125
134,616,126
134,619,127
134,647,128
134,662,129
134,683,130
134,686,131
134,722,132
134,724,133
134,729,134
134,730,135
134,854,136
134,895,137
134,904,138
134,908,139
134,1035,140
134,1045,141
134,1050,142
134,1052,143
134,691,144
134,698,145
134,702,146
134,703,147
134,705,148
134,707,149
134,723,150
134,727,151
134,728,152
134,731,153
134,745,154
134,750,155
134,846,156
134,848,157
134,859,158
134,860,159
134,864,160
134,866,161
134,867,162
134,871,163
134,872,164
135,530,1
135,540,2
135,534,3
135,298,4
135,562,5
135,563,6
135,564,7
135,91,8
135,299,9
135,297,10
135,547,11
135,75,12
135,170,13
135,50,14
135,134,15
135,346,16
135,197,17
135,224,18
135,542,19
135,565,20
135,541,21
135,149,22
135,552,23
135,53,24
135,456,25
135,113,26
135,402,27
135,15,28
135,302,29
135,570,30
135,124,31
135,485,32
135,544,33
135,116,34
135,6,35
135,159,36
135,1063,37
135,1032,38
135,658,39
135,620,40
135,664,41
135,672,42
135,582,43
135,739,44
135,877,45
135,711,46
135,653,47
135,661,48
135,670,49
135,716,50
135,1037,51
135,737,52
135,855,53
135,735,54
135,903,55
135,596,56
135,654,57
135,665,58
135,673,59
135,583,60
135,874,61
135,713,62
135,738,63
135,888,64
135,659,65
135,660,66
135,1064,67
135,588,68
135,1034,69
135,650,70
135,693,71
135,609,72
135,612,73
135,710,74
135,863,75
135,694,76
135,744,77
135,883,78
135,884,79
135,666,80
135,719,81
135,741,82
135,743,83
135,885,84
135,1021,85
135,627,86
135,669,87
135,714,88
135,720,89
135,875,90
135,1049,91
135,590,92
135,663,93
135,679,94
135,689,95
135,704,96
135,915,97
135,1025,98
135,1026,99
135,1031,100
135,677,101
135,692,102
135,740,103
135,756,104
135,891,105
135,1022,106
135,1060,107
135,595,108
135,621,109
135,623,110
135,657,111
135,696,112
135,742,113
135,751,114
135,752,115
135,753,116
135,857,117
135,886,118
135,896,119
135,898,120
135,1038,121
135,1040,122
135,1056,123
135,599,124
135,615,125
135,616,126
135,619,127
135,647,128
135,662,129
135,683,130
135,686,131
135,722,132
135,724,133
135,729,134
135,730,135
135,854,136
135,895,137
135,904,138
135,908,139
135,1035,140
135,1045,141
135,1050,142
135,1052,143
135,691,144
135,698,145
135,702,146
135,703,147
135,705,148
135,707,149
135,723,150
135,727,151
135,728,152
135,731,153
135,745,154
135,750,155
135,846,156
135,848,157
135,859,158
135,860,159
135,864,160
135,866,161
135,867,162
135,871,163
135,872,164
136,946,1
136,949,2
136,951,3
136,1033,4
136,956,5
136,701,6
136,953,7
136,954,8
136,1057,9
136,982,10
136,734,11
136,1009,12
136,1061,13
136,985,14
136,948,15
136,1063,16
136,1032,17
136,1037,18
136,955,19
136,735,20
136,986,21
136,1007,22
136,660,23
136,1064,24
136,1034,25
136,958,26
136,747,27
136,991,28
136,1058,29
136,1062,30
136,656,31
136,1036,32
136,682,33
136,962,34
136,961,35
136,984,36
136,987,37
136,952,38
136,915,39
136,1004,40
136,1008,41
136,1026,42
136,1031,43
136,997,44
136,1046,45
136,1054,46
136,993,47
136,1053,48
136,989,49
136,992,50
136,1060,51
136,950,52
136,959,53
136,1006,54
136,1038,55
136,1040,56
136,960,57
136,1035,58
136,1059,59
136,947,60
136,995,61
136,1030,62
136,1039,63
136,880,64
136,994,65
136,1041,66
136,1042,67
136,1055,68
137,1033,1
137,734,2
137,1032,3
137,1037,4
137,735,5
137,1007,6
137,1034,7
137,747,8
137,991,9
137,1036,10
137,1004,11
137,1008,12
137,997,13
137,1046,14
137,1054,15
137,993,16
137,1053,17
137,992,18
137,1006,19
137,1038,20
137,1040,21
137,1035,22
137,995,23
137,1039,24
137,994,25
137,1041,26
137,1042,27
137,1055,28
138,946,1
138,949,2
138,951,3
138,956,4
138,701,5
138,953,6
138,954,7
138,982,8
138,985,9
138,948,10
138,955,11
138,986,12
138,1007,13
138,660,14
138,958,15
138,991,16
138,656,17
138,682,18
138,962,19
138,961,20
138,984,21
138,987,22
138,952,23
138,1004,24
138,1008,25
138,997,26
138,993,27
138,989,28
138,992,29
138,950,30
138,959,31
138,1006,32
138,960,33
138,947,34
138,995,35
138,994,36
139,1057,1
139,1061,2
139,1063,3
139,1064,4
139,1058,5
139,1062,6
139,1060,7
139,1059,8
142,91,1
142,170,2
142,134,3
142,197,4
142,224,5
142,149,6
142,113,7
142,124,8
142,116,9
142,159,10
142,194,11
142,82,12
142,106,13
142,190,14
142,210,15
142,89,16
142,155,17
142,132,18
142,204,19
142,139,20
142,137,21
142,218,22
142,117,23
142,192,24
142,207,25
142,90,26
142,178,27
142,108,28
142,136,29
142,111,30
142,221,31
142,105,32
142,100,33
142,165,34
142,153,35
142,151,36
142,145,37
142,81,38
142,129,39
142,229,40
142,101,41
142,92,42
142,94,43
142,203,44
142,196,45
142,171,46
142,102,47
142,223,48
142,198,49
142,130,50
142,141,51
142,182,52
142,169,53
142,95,54
142,120,55
142,125,56
142,162,57
142,181,58
142,99,59
142,183,60
142,157,61
142,173,62
142,222,63
142,104,64
142,158,65
142,121,66
142,219,67
142,180,68
142,212,69
142,163,70
142,166,71
142,215,72
142,118,73
142,119,74
142,184,75
142,160,76
142,150,77
142,98,78
142,133,79
142,205,80
142,208,81
142,185,82
142,211,83
142,214,84
142,128,85
142,164,86
142,209,87
142,85,88
142,188,89
142,200,90
142,154,91
142,227,92
142,80,93
142,86,94
142,87,95
142,96,96
142,112,97
142,115,98
142,122,99
142,123,100
142,143,101
143,530,1
143,540,2
143,534,3
143,298,4
143,562,5
143,563,6
143,564,7
143,91,8
143,299,9
143,297,10
143,547,11
143,75,12
143,170,13
143,50,14
143,134,15
143,346,16
143,197,17
143,224,18
143,542,19
143,565,20
143,541,21
143,149,22
143,552,23
143,53,24
143,456,25
143,113,26
143,1032,27
143,658,28
143,620,29
143,664,30
143,672,31
143,582,32
143,739,33
143,877,34
143,711,35
143,653,36
143,661,37
143,670,38
143,716,39
143,738,40
143,888,41
143,659,42
143,660,43
143,884,44
143,666,45
143,719,46
143,741,47
143,743,48
143,885,49
143,1021,50
143,627,51
143,669,52
143,714,53
143,720,54
143,875,55
143,1049,56
143,590,57
143,663,58
143,679,59
143,689,60
143,704,61
144,91,1
144,170,2
144,134,3
144,197,4
144,224,5
144,149,6
144,113,7
144,124,8
144,116,9
144,159,10
144,194,11
144,82,12
144,106,13
144,190,14
144,210,15
144,89,16
144,155,17
144,132,18
144,204,19
144,139,20
144,137,21
144,218,22
144,117,23
144,192,24
144,207,25
144,90,26
144,178,27
144,108,28
144,136,29
144,111,30
144,221,31
144,105,32
144,100,33
144,165,34
144,153,35
144,151,36
144,145,37
144,81,38
144,129,39
144,229,40
144,101,41
144,92,42
144,94,43
144,203,44
144,196,45
144,171,46
144,102,47
144,223,48
144,198,49
144,130,50
144,141,51
144,182,52
144,169,53
144,95,54
144,120,55
144,125,56
144,162,57
144,181,58
144,99,59
144,183,60
144,157,61
144,173,62
144,222,63
144,104,64
144,158,65
144,121,66
144,219,67
144,180,68
144,212,69
144,163,70
144,166,71
144,215,72
144,118,73
144,119,74
144,184,75
144,160,76
144,150,77
144,98,78
144,133,79
144,205,80
144,208,81
144,185,82
144,211,83
144,214,84
144,128,85
144,164,86
144,209,87
144,85,88
144,188,89
144,200,90
144,154,91
144,227,92
144,80,93
144,86,94
144,87,95
144,96,96
144,112,97
144,115,98
144,122,99
144,123,100
144,143,101
145,91,1
145,170,2
145,134,3
145,197,4
145,224,5
145,149,6
145,113,7
145,124,8
145,116,9
145,159,10
145,194,11
145,82,12
145,106,13
145,190,14
145,210,15
145,89,16
145,155,17
145,132,18
145,204,19
145,139,20
145,137,21
145,218,22
145,117,23
145,192,24
145,207,25
145,90,26
145,178,27
145,108,28
145,136,29
145,111,30
145,221,31
145,105,32
145,100,33
145,165,34
145,153,35
145,151,36
145,145,37
145,81,38
145,129,39
145,229,40
145,101,41
145,92,42
145,94,43
145,203,44
145,196,45
145,171,46
145,102,47
145,223,48
145,198,49
145,130,50
145,141,51
145,182,52
145,169,53
145,95,54
145,120,55
145,125,56
145,162,57
145,181,58
145,99,59
145,183,60
145,157,61
145,173,62
145,222,63
145,104,64
145,158,65
145,121,66
145,219,67
145,180,68
145,212,69
145,163,70
145,166,71
145,215,72
145,118,73
145,119,74
145,184,75
145,160,76
145,150,77
145,98,78
145,133,79
145,205,80
145,208,81
145,185,82
145,211,83
145,214,84
145,128,85
145,164,86
145,209,87
145,85,88
145,188,89
145,200,90
145,154,91
145,227,92
145,80,93
145,86,94
145,87,95
145,96,96
145,112,97
145,115,98
145,122,99
145,123,100
145,143,101
147,530,1
147,540,2
147,534,3
147,298,4
147,562,5
147,563,6
147,564,7
147,91,8
147,299,9
147,297,10
147,547,11
147,75,12
147,170,13
147,50,14
147,134,15
147,346,16
147,197,17
147,224,18
147,542,19
147,565,20
147,541,21
147,149,22
147,552,23
147,53,24
147,456,25
147,113,26
147,1032,27
147,658,28
147,620,29
147,664,30
147,672,31
147,582,32
147,739,33
147,877,34
147,711,35
147,653,36
147,661,37
147,670,38
147,716,39
147,738,40
147,888,41
147,659,42
147,660,43
147,884,44
147,666,45
147,719,46
147,741,47
147,743,48
147,885,49
147,1021,50
147,627,51
147,669,52
147,714,53
147,720,54
147,875,55
147,1049,56
147,590,57
147,663,58
147,679,59
147,689,60
147,704,61
148,530,1
148,540,2
148,534,3
148,298,4
148,562,5
148,563,6
148,564,7
148,91,8
148,299,9
148,297,10
148,547,11
148,75,12
148,170,13
148,50,14
148,134,15
148,346,16
148,197,17
148,224,18
148,542,19
148,565,20
148,541,21
148,149,22
148,552,23
148,53,24
148,456,25
148,113,26
148,1032,27
148,658,28
148,620,29
148,664,30
148,672,31
148,582,32
148,739,33
148,877,34
148,711,35
148,653,36
148,661,37
148,670,38
148,716,39
148,738,40
148,888,41
148,659,42
148,660,43
148,884,44
148,666,45
148,719,46
148,741,47
148,743,48
148,885,49
148,1021,50
148,627,51
148,669,52
148,714,53
148,720,54
148,875,55
148,1049,56
148,590,57
148,663,58
148,679,59
148,689,60
148,704,61
149,530,1
149,540,2
149,534,3
149,298,4
149,562,5
149,563,6
149,564,7
149,91,8
149,299,9
149,297,10
149,547,11
149,75,12
149,170,13
149,50,14
149,134,15
149,346,16
149,197,17
149,224,18
149,542,19
149,565,20
149,541,21
149,149,22
149,552,23
149,53,24
149,456,25
149,113,26
149,1032,27
149,658,28
149,620,29
149,664,30
149,672,31
149,582,32
149,739,33
149,877,34
149,711,35
149,653,36
149,661,37
149,670,38
149,716,39
149,738,40
149,888,41
149,659,42
149,660,43
149,884,44
149,666,45
149,719,46
149,741,47
149,743,48
149,885,49
149,1021,50
149,627,51
149,669,52
149,714,53
149,720,54
149,875,55
149,1049,56
149,590,57
149,663,58
149,679,59
149,689,60
149,704,61
150,530,1
150,540,2
150,534,3
150,298,4
150,562,5
150,563,6
150,564,7
150,91,8
150,299,9
150,297,10
150,547,11
150,75,12
150,170,13
150,50,14
150,134,15
150,346,16
150,197,17
150,224,18
150,542,19
150,565,20
150,541,21
150,149,22
150,552,23
150,53,24
150,456,25
150,113,26
150,1032,27
150,658,28
150,620,29
150,664,30
150,672,31
150,582,32
150,739,33
150,877,34
150,711,35
150,653,36
150,661,37
150,670,38
150,716,39
150,738,40
150,888,41
150,659,42
150,660,43
150,884,44
150,666,45
150,719,46
150,741,47
150,743,48
150,885,49
150,1021,50
150,627,51
150,669,52
150,714,53
150,720,54
150,875,55
150,1049,56
150,590,57
150,663,58
150,679,59
150,689,60
150,704,61
5,946,1
5,949,2
5,951,3
5,1033,4
5,956,5
5,701,6
5,953,7
5,954,8
5,1057,9
5,982,10
5,734,11
5,1009,12
5,1061,13
5,985,14
5,948,15
5,1063,16
5,1032,17
5,1037,18
5,955,19
5,735,20
5,986,21
5,1007,22
5,660,23
5,1064,24
5,1034,25
5,958,26
5,747,27
5,991,28
5,1058,29
5,1062,30
5,656,31
5,1036,32
5,682,33
5,962,34
5,961,35
5,984,36
5,987,37
5,952,38
5,915,39
5,1004,40
5,1008,41
5,1026,42
5,1031,43
5,997,44
5,1046,45
5,1054,46
5,993,47
5,1053,48
5,989,49
5,992,50
5,1060,51
5,950,52
5,959,53
5,1006,54
5,1038,55
5,1040,56
5,960,57
5,1035,58
5,1059,59
5,947,60
5,995,61
5,1030,62
5,1039,63
5,880,64
5,994,65
5,1041,66
5,1042,67
5,1055,68
6,1033,10145
6,734,10146
6,712,10147
6,1032,10148
6,739,10149
6,711,10150
6,716,10151
6,1037,10152
6,737,10153
6,735,10154
6,996,10155
6,713,10156
6,738,10157
6,1007,10158
6,1034,10159
6,717,10160
6,1044,10161
6,747,10162
6,991,10163
6,715,10164
6,746,10165
6,726,10166
6,1036,10167
6,736,10168
6,744,10169
6,719,10170
6,741,10171
6,743,10172
6,714,10173
6,720,10174
6,1049,10175
6,1004,10176
6,1008,10177
6,740,10178
6,1043,10179
6,718,10180
6,997,10181
6,1046,10182
6,1054,10183
6,993,10184
6,1053,10185
6,721,10186
6,749,10187
6,992,10188
6,1002,10189
6,742,10190
6,751,10191
6,752,10192
6,753,10193
6,1006,10194
6,1038,10195
6,1040,10196
6,1056,10197
6,722,10198
6,724,10199
6,729,10200
6,730,10201
6,1001,10202
6,1005,10203
6,1035,10204
6,1045,10205
6,1050,10206
6,1052,10207
6,725,10208
6,732,10209
6,733,10210
6,748,10211
6,995,10212
6,1039,10213
6,723,10214
6,727,10215
6,728,10216
6,731,10217
6,745,10218
6,750,10219
6,994,10220
6,998,10221
6,999,10222
6,1000,10223
6,1003,10224
6,1041,10225
6,1042,10226
6,1047,10227
6,1048,10228
6,1051,10229
6,1055,10230
7,946,10145
7,949,10146
7,951,10147
7,956,10148
7,701,10149
7,953,10150
7,652,10151
7,954,10152
7,982,10153
7,712,10154
7,655,10155
7,985,10156
7,948,10157
7,658,10158
7,664,10159
7,672,10160
7,711,10161
7,653,10162
7,661,10163
7,670,10164
7,716,10165
7,955,10166
7,986,10167
7,654,10168
7,665,10169
7,996,10170
7,673,10171
7,713,10172
7,1007,10173
7,659,10174
7,660,10175
7,650,10176
7,693,10177
7,717,10178
7,697,10179
7,967,10180
7,970,10181
7,958,10182
7,991,10183
7,715,10184
7,675,10185
7,695,10186
7,981,10187
7,651,10188
7,656,10189
7,726,10190
7,667,10191
7,668,10192
7,681,10193
7,682,10194
7,962,10195
7,671,10196
7,961,10197
7,710,10198
7,694,10199
7,666,10200
7,719,10201
7,984,10202
7,987,10203
7,669,10204
7,714,10205
7,720,10206
7,952,10207
7,983,10208
7,663,10209
7,679,10210
7,689,10211
7,704,10212
7,1004,10213
7,1008,10214
7,677,10215
7,692,10216
7,980,10217
7,688,10218
7,690,10219
7,718,10220
7,997,10221
7,680,10222
7,684,10223
7,709,10224
7,965,10225
7,979,10226
7,993,10227
7,699,10228
7,700,10229
7,721,10230
7,989,10231
7,992,10232
7,1002,10233
7,657,10234
7,696,10235
7,950,10236
7,957,10237
7,959,10238
7,966,10239
7,969,10240
7,971,10241
7,1006,10242
7,662,10243
7,683,10244
7,686,10245
7,722,10246
7,724,10247
7,729,10248
7,730,10249
7,960,10250
7,978,10251
7,990,10252
7,1001,10253
7,1005,10254
7,676,10255
7,685,10256
7,706,10257
7,708,10258
7,725,10259
7,732,10260
7,733,10261
7,947,10262
7,964,10263
7,973,10264
7,974,10265
7,995,10266
7,674,10267
7,678,10268
7,687,10269
7,691,10270
7,698,10271
7,702,10272
7,703,10273
7,705,10274
7,707,10275
7,723,10276
7,727,10277
7,728,10278
7,731,10279
7,963,10280
7,968,10281
7,972,10282
7,975,10283
7,976,10284
7,977,10285
7,988,10286
7,994,10287
7,998,10288
7,999,10289
7,1000,10290
7,1003,10291
8,804,10145
8,805,10146
8,836,10147
8,808,10148
8,809,10149
8,828,10150
8,815,10151
8,814,10152
8,839,10153
8,835,10154
8,838,10155
8,813,10156
8,831,10157
8,833,10158
8,811,10159
8,806,10160
8,812,10161
8,822,10162
8,824,10163
8,830,10164
8,825,10165
8,827,10166
8,834,10167
8,820,10168
8,841,10169
8,823,10170
8,832,10171
8,816,10172
8,817,10173
8,821,10174
8,840,10175
8,807,10176
8,810,10177
8,818,10178
8,819,10179
8,826,10180
8,829,10181
8,837,10182
9,249,10145
9,310,10146
9,256,10147
9,238,10148
9,268,10149
9,263,10150
9,258,10151
9,272,10152
9,620,10153
9,261,10154
9,812,10155
9,318,10156
9,825,10157
9,581,10158
9,371,10159
9,788,10160
9,773,10161
9,817,10162
9,621,10163
9,772,10164
9,387,10165
9,774,10166
9,861,10167
9,610,10168
9,649,10169
9,750,10170
9,239,10171
10,604,10145
10,617,10146
10,606,10147
10,620,10148
10,611,10149
10,607,10150
10,624,10151
10,605,10152
10,609,10153
10,612,10154
10,627,10155
10,613,10156
10,622,10157
10,621,10158
10,623,10159
10,615,10160
10,616,10161
10,619,10162
10,630,10163
10,647,10164
10,626,10165
10,639,10166
10,648,10167
10,608,10168
10,610,10169
10,614,10170
10,618,10171
10,625,10172
10,628,10173
10,629,10174
10,631,10175
10,632,10176
10,633,10177
10,634,10178
10,635,10179
10,636,10180
10,637,10181
10,638,10182
10,640,10183
10,641,10184
10,642,10185
10,643,10186
10,644,10187
10,645,10188
10,646,10189
10,649,10190
12,802,10145
12,75,10146
12,410,10147
12,757,10148
12,768,10149
12,415,10150
12,411,10151
12,418,10152
12,762,10153
12,419,10154
12,417,10155
12,420,10156
12,771,10157
12,414,10158
12,778,10159
12,755,10160
12,803,10161
12,793,10162
12,763,10163
12,765,10164
12,416,10165
12,798,10166
12,756,10167
12,758,10168
12,760,10169
12,795,10170
12,788,10171
12,759,10172
12,773,10173
12,792,10174
12,413,10175
12,761,10176
12,764,10177
12,772,10178
12,776,10179
12,781,10180
12,1066,10181
12,412,10182
12,777,10183
12,754,10184
12,767,10185
12,769,10186
12,770,10187
12,774,10188
12,783,10189
12,800,10190
12,421,10191
12,766,10192
12,775,10193
12,779,10194
12,780,10195
12,782,10196
12,784,10197
12,785,10198
12,786,10199
12,787,10200
12,789,10201
12,790,10202
12,791,10203
12,794,10204
12,796,10205
12,797,10206
12,799,10207
12,801,10208
12,408,10209
14,530,10145
14,534,10146
14,510,10147
14,531,10148
14,532,10149
14,518,10150
14,513,10151
14,514,10152
14,519,10153
14,516,10154
14,515,10155
14,426,10156
14,495,10157
14,526,10158
14,527,10159
14,528,10160
14,529,10161
15,564,10145
15,547,10146
15,570,10147
15,543,10148
15,459,10149
15,457,10150
15,432,10151
15,494,10152
15,468,10153
15,475,10154
15,450,10155
15,434,10156
15,555,10157
15,557,10158
15,559,10159
15,561,10160
15,567,10161
15,568,10162
16,542,10145
16,552,10146
16,521,10147
16,522,10148
16,535,10149
16,538,10150
16,447,10151
16,511,10152
16,512,10153
16,440,10154
16,441,10155
16,536,10156
16,539,10157
17,562,10145
17,563,10146
17,548,10147
17,553,10148
17,479,10149
17,491,10150
17,493,10151
17,520,10152
17,517,10153
17,525,10154
17,533,10155
17,558,10156
17,560,10157
17,577,10158
17,579,10159
18,508,1
18,439,2
19,565,1
19,544,2
19,444,3
19,443,4
19,484,5
20,510,1
20,461,2
20,513,3
20,545,4
20,566,5
20,464,6
21,540,10145
21,534,10146
21,563,10147
21,547,10148
21,541,10149
21,552,10150
21,544,10151
21,543,10152
21,532,10153
21,436,10154
21,430,10155
21,487,10156
21,513,10157
21,553,10158
21,545,10159
21,522,10160
21,464,10161
21,519,10162
21,538,10163
21,516,10164
21,546,10165
21,476,10166
21,491,10167
21,431,10168
21,435,10169
21,432,10170
21,471,10171
21,525,10172
21,526,10173
21,527,10174
21,529,10175
21,533,10176
21,539,10177
21,550,10178
21,551,10179
21,556,10180
21,559,10181
21,560,10182
21,561,10183
21,567,10184
21,572,10185
21,574,10186
21,577,10187
21,578,10188
21,579,10189
22,91,10145
22,75,10146
22,170,10147
22,50,10148
22,134,10149
22,197,10150
22,224,10151
22,149,10152
22,53,10153
22,113,10154
22,15,10155
22,124,10156
22,116,10157
22,6,10158
22,159,10159
22,194,10160
22,56,10161
22,82,10162
22,106,10163
22,190,10164
22,210,10165
22,89,10166
22,38,10167
22,155,10168
22,132,10169
22,204,10170
22,11,10171
22,74,10172
22,139,10173
22,137,10174
22,218,10175
22,13,10176
22,117,10177
22,192,10178
22,207,10179
22,90,10180
22,178,10181
22,17,10182
22,108,10183
22,136,10184
22,111,10185
22,221,10186
22,40,10187
22,51,10188
22,105,10189
22,73,10190
22,100,10191
22,165,10192
22,69,10193
22,70,10194
22,27,10195
22,153,10196
22,172,10197
22,22,10198
22,24,10199
22,65,10200
22,10,10201
22,193,10202
22,220,10203
22,84,10204
22,144,10205
22,187,10206
22,135,10207
22,202,10208
22,168,10209
22,88,10210
22,186,10211
22,216,10212
22,151,10213
22,16,10214
22,145,10215
22,81,10216
22,129,10217
22,229,10218
22,101,10219
22,14,10220
22,92,10221
22,23,10222
22,94,10223
22,7,10224
22,19,10225
22,166,10226
22,215,10227
22,8,10228
22,118,10229
22,119,10230
22,184,10231
22,54,10232
22,66,10233
22,63,10234
22,160,10235
22,64,10236
22,150,10237
22,98,10238
22,133,10239
22,205,10240
22,208,10241
22,185,10242
22,58,10243
22,60,10244
22,211,10245
22,214,10246
22,28,10247
22,128,10248
22,164,10249
22,209,10250
22,85,10251
22,188,10252
22,5,10253
22,200,10254
22,9,10255
22,154,10256
22,227,10257
22,1,10258
22,26,10259
22,29,10260
22,32,10261
22,37,10262
22,57,10263
22,59,10264
22,68,10265
22,71,10266
22,76,10267
22,77,10268
22,80,10269
22,86,10270
22,87,10271
22,96,10272
22,112,10273
22,115,10274
22,122,10275
22,123,10276
22,143,10277
22,167,10278
22,176,10279
22,195,10280
22,217,10281
22,231,10282
22,131,10283
22,140,10284
22,225,10285
22,138,10286
23,249,10145
23,260,10146
23,256,10147
23,238,10148
23,295,10149
23,262,10150
23,274,10151
23,269,10152
23,232,10153
23,250,10154
23,235,10155
23,279,10156
23,264,10157
23,268,10158
23,263,10159
23,285,10160
23,258,10161
23,244,10162
23,283,10163
23,281,10164
23,286,10165
23,247,10166
23,293,10167
23,272,10168
23,252,10169
23,270,10170
23,289,10171
23,294,10172
23,276,10173
23,280,10174
23,254,10175
23,275,10176
23,259,10177
23,261,10178
23,243,10179
23,253,10180
23,246,10181
23,290,10182
23,291,10183
23,241,10184
23,282,10185
23,287,10186
23,292,10187
23,255,10188
23,267,10189
23,288,10190
23,277,10191
23,240,10192
23,234,10193
23,233,10194
23,236,10195
23,237,10196
23,239,10197
23,242,10198
23,245,10199
23,248,10200
23,251,10201
23,257,10202
23,265,10203
23,266,10204
23,271,10205
23,273,10206
23,278,10207
23,284,10208
24,298,10145
24,299,10146
24,297,10147
24,346,10148
24,302,10149
24,305,10150
24,310,10151
24,300,10152
24,312,10153
24,304,10154
24,320,10155
24,344,10156
24,303,10157
24,319,10158
24,311,10159
24,309,10160
24,325,10161
24,301,10162
24,296,10163
24,321,10164
24,316,10165
24,341,10166
24,336,10167
24,313,10168
24,332,10169
24,328,10170
24,339,10171
24,347,10172
24,350,10173
24,308,10174
24,349,10175
24,333,10176
24,338,10177
24,337,10178
24,314,10179
24,315,10180
24,306,10181
24,345,10182
24,324,10183
24,335,10184
24,323,10185
24,342,10186
24,326,10187
24,343,10188
24,348,10189
24,351,10190
24,330,10191
24,329,10192
24,322,10193
24,327,10194
24,318,10195
24,334,10196
24,340,10197
24,317,10198
24,352,10199
24,331,10200
24,307,10201
25,402,30
26,380,10145
26,376,10146
26,369,10147
26,384,10148
26,368,10149
26,372,10150
26,374,10151
26,392,10152
26,373,10153
26,377,10154
26,389,10155
26,396,10156
26,382,10157
26,391,10158
26,367,10159
26,375,10160
26,378,10161
26,385,10162
26,394,10163
26,383,10164
26,390,10165
26,379,10166
26,370,10167
26,398,10168
26,371,10169
26,381,10170
26,386,10171
26,400,10172
26,393,10173
26,397,10174
26,395,10175
26,401,10176
26,387,10177
26,388,10178
26,399,10179
28,530,10145
28,540,10146
28,534,10147
28,562,10148
28,946,10149
28,563,10150
28,564,10151
28,91,10152
28,547,10153
28,75,10154
28,170,10155
28,50,10156
28,134,10157
28,197,10158
28,224,10159
28,542,10160
28,565,10161
28,541,10162
28,149,10163
28,552,10164
28,53,10165
28,456,10166
28,113,10167
28,949,10168
28,15,10169
28,570,10170
28,124,10171
28,544,10172
28,116,10173
28,6,10174
28,159,10175
28,510,10176
28,194,10177
28,56,10178
28,82,10179
28,543,10180
28,106,10181
28,190,10182
28,531,10183
28,249,10184
28,462,10185
28,210,10186
28,89,10187
28,532,10188
28,436,10189
28,569,10190
28,430,10191
28,38,10192
28,155,10193
28,132,10194
28,204,10195
28,11,10196
28,518,10197
28,74,10198
28,548,10199
28,139,10200
28,513,10201
28,137,10202
28,218,10203
28,514,10204
28,951,10205
28,13,10206
28,521,10207
28,553,10208
28,117,10209
28,858,10210
28,192,10211
28,207,10212
28,90,10213
28,178,10214
28,853,10215
28,17,10216
28,108,10217
28,136,10218
28,111,10219
28,221,10220
28,40,10221
28,51,10222
28,105,10223
28,73,10224
28,956,10225
28,100,10226
28,165,10227
28,69,10228
28,70,10229
28,27,10230
28,153,10231
28,172,10232
28,22,10233
28,701,10234
28,24,10235
28,65,10236
28,953,10237
28,10,10238
28,193,10239
28,954,10240
28,220,10241
28,84,10242
28,144,10243
28,187,10244
28,1057,10245
28,135,10246
28,202,10247
28,168,10248
28,88,10249
28,889,10250
28,845,10251
28,982,10252
28,917,10253
28,842,10254
28,882,10255
28,868,10256
28,1009,10257
28,1061,10258
28,850,10259
28,847,10260
28,985,10261
28,948,10262
28,916,10263
28,1063,10264
28,877,10265
28,955,10266
28,855,10267
28,903,10268
28,986,10269
28,1013,10270
28,874,10271
28,888,10272
28,1007,10273
28,660,10274
28,1064,10275
28,852,10276
28,849,10277
28,958,10278
28,991,10279
28,1058,10280
28,843,10281
28,865,10282
28,876,10283
28,997,10284
28,844,10285
28,993,10286
28,862,10287
28,891,10288
28,989,10289
28,992,10290
28,1022,10291
29,530,10145
29,540,10146
29,562,10147
29,564,10148
29,547,10149
29,542,10150
29,565,10151
29,541,10152
29,456,10153
29,570,10154
29,544,10155
29,510,10156
29,531,10157
29,462,10158
29,569,10159
29,535,10160
29,454,10161
29,701,10162
29,465,10163
29,652,10164
29,193,10165
29,220,10166
29,617,10167
29,455,10168
29,1057,10169
29,458,10170
29,463,10171
29,492,10172
29,479,10173
29,491,10174
29,889,10175
29,467,10176
29,845,10177
29,734,10178
29,917,10179
29,469,10180
29,712,10181
29,587,10182
29,842,10183
29,655,10184
29,882,10185
29,868,10186
29,1009,10187
29,1061,10188
29,850,10189
29,847,10190
29,606,10191
29,916,10192
29,1063,10193
29,1032,10194
29,658,10195
29,620,10196
29,664,10197
29,672,10198
29,582,10199
29,739,10200
29,877,10201
29,711,10202
29,653,10203
29,661,10204
29,670,10205
29,716,10206
29,1037,10207
29,737,10208
29,855,10209
29,735,10210
29,903,10211
29,596,10212
29,654,10213
29,665,10214
29,673,10215
29,583,10216
29,874,10217
29,713,10218
29,738,10219
29,888,10220
29,659,10221
29,660,10222
29,1064,10223
29,588,10224
29,1034,10225
29,650,10226
29,693,10227
29,717,10228
29,852,10229
29,598,10230
29,697,10231
29,849,10232
29,1044,10233
29,747,10234
29,1058,10235
29,611,10236
29,715,10237
29,675,10238
29,607,10239
29,624,10240
29,695,10241
29,746,10242
29,843,10243
29,1062,10244
29,651,10245
29,656,10246
29,726,10247
29,873,10248
29,1036,10249
29,584,10250
29,667,10251
29,668,10252
29,681,10253
29,682,10254
29,581,10255
29,671,10256
29,736,10257
29,605,10258
29,609,10259
29,612,10260
29,710,10261
29,863,10262
29,694,10263
29,744,10264
29,883,10265
29,884,10266
29,666,10267
29,719,10268
29,741,10269
29,743,10270
29,885,10271
29,1021,10272
29,627,10273
29,669,10274
29,714,10275
29,720,10276
29,875,10277
29,1049,10278
29,590,10279
29,663,10280
29,679,10281
29,689,10282
29,704,10283
29,915,10284
29,1025,10285
29,1026,10286
29,1031,10287
29,677,10288
29,692,10289
29,740,10290
30,534,10145
30,562,10146
30,563,10147
30,564,10148
30,547,10149
30,224,10150
30,542,10151
30,565,10152
30,541,10153
30,149,10154
30,552,10155
30,53,10156
30,456,10157
30,113,10158
30,15,10159
30,570,10160
30,124,10161
30,544,10162
30,116,10163
30,6,10164
30,159,10165
30,510,10166
30,194,10167
30,56,10168
30,82,10169
30,543,10170
30,106,10171
30,190,10172
30,531,10173
30,249,10174
30,462,10175
30,210,10176
30,89,10177
30,569,10178
30,38,10179
30,155,10180
30,132,10181
30,433,10182
30,204,10183
30,11,10184
30,518,10185
30,74,10186
30,548,10187
30,139,10188
30,137,10189
30,514,10190
30,521,10191
30,843,10192
30,1062,10193
30,651,10194
30,656,10195
30,726,10196
30,873,10197
30,1036,10198
30,584,10199
30,667,10200
30,668,10201
30,681,10202
30,682,10203
30,581,10204
30,671,10205
30,736,10206
30,605,10207
30,609,10208
30,612,10209
30,710,10210
30,863,10211
30,694,10212
30,744,10213
30,883,10214
30,884,10215
30,666,10216
30,719,10217
30,741,10218
30,743,10219
30,885,10220
30,1021,10221
30,627,10222
30,669,10223
30,714,10224
30,720,10225
30,875,10226
30,1049,10227
30,590,10228
30,663,10229
30,679,10230
30,689,10231
30,704,10232
30,915,10233
30,1025,10234
30,1026,10235
30,1031,10236
30,677,10237
30,692,10238
30,740,10239
30,756,10240
30,1043,10241
30,600,10242
30,602,10243
30,603,10244
30,688,10245
30,592,10246
30,601,10247
30,622,10248
30,699,10249
30,700,10250
30,721,10251
30,749,10252
30,862,10253
30,891,10254
30,1022,10255
30,1060,10256
30,595,10257
30,621,10258
30,623,10259
30,657,10260
30,696,10261
30,742,10262
30,751,10263
30,752,10264
30,753,10265
30,857,10266
30,886,10267
30,896,10268
30,898,10269
30,1038,10270
30,1040,10271
30,1056,10272
30,599,10273
30,615,10274
30,616,10275
30,619,10276
30,647,10277
30,662,10278
30,683,10279
30,686,10280
30,722,10281
30,724,10282
30,729,10283
30,730,10284
30,1050,10285
31,134,10145
31,197,10146
31,224,10147
31,149,10148
31,552,10149
31,53,10150
31,456,10151
31,570,10152
31,544,10153
31,510,10154
31,543,10155
31,531,10156
31,249,10157
31,462,10158
31,210,10159
31,89,10160
31,532,10161
31,436,10162
31,569,10163
31,430,10164
31,38,10165
31,155,10166
31,132,10167
31,433,10168
31,204,10169
31,11,10170
31,518,10171
31,74,10172
31,548,10173
31,139,10174
31,513,10175
31,137,10176
31,218,10177
31,514,10178
31,13,10179
31,521,10180
31,553,10181
31,260,10182
31,117,10183
31,192,10184
31,207,10185
31,545,10186
31,566,10187
31,90,10188
31,178,10189
31,256,10190
31,238,10191
31,522,10192
31,519,10193
31,535,10194
31,538,10195
31,516,10196
31,546,10197
31,454,10198
31,465,10199
31,455,10200
31,458,10201
31,463,10202
31,492,10203
31,479,10204
31,491,10205
31,467,10206
31,431,10207
31,435,10208
31,469,10209
31,515,10210
31,549,10211
31,494,10212
31,468,10213
31,471,10214
31,425,10215
31,571,10216
31,448,10217
31,477,10218
31,575,10219
31,497,10220
31,449,10221
31,493,10222
31,460,10223
31,520,10224
31,481,10225
31,442,10226
31,444,10227
31,452,10228
31,1052,10229
31,1059,10230
31,594,10231
31,597,10232
31,626,10233
31,639,10234
31,648,10235
31,676,10236
31,685,10237
31,706,10238
31,708,10239
31,725,10240
31,732,10241
31,733,10242
31,748,10243
31,851,10244
31,856,10245
31,861,10246
31,869,10247
31,870,10248
31,899,10249
31,900,10250
31,912,10251
31,1030,10252
31,1039,10253
31,580,10254
31,585,10255
31,586,10256
31,591,10257
31,593,10258
31,608,10259
31,610,10260
31,614,10261
31,618,10262
31,625,10263
31,628,10264
31,631,10265
31,632,10266
31,634,10267
31,635,10268
31,636,10269
31,637,10270
31,638,10271
31,640,10272
31,641,10273
31,642,10274
31,643,10275
31,644,10276
31,645,10277
31,646,10278
31,649,10279
31,674,10280
31,678,10281
31,687,10282
31,691,10283
31,698,10284
31,702,10285
31,703,10286
31,705,10287
31,707,10288
31,723,10289
31,727,10290
31,728,10291
31,731,10292
31,745,10293
31,750,10294
31,846,10295
31,848,10296
31,859,10297
32,530,10145
32,540,10146
32,534,10147
32,298,10148
32,562,10149
32,563,10150
32,564,10151
32,91,10152
32,299,10153
32,297,10154
32,547,10155
32,75,10156
32,170,10157
32,50,10158
32,134,10159
32,346,10160
32,197,10161
32,224,10162
32,542,10163
32,565,10164
32,541,10165
32,149,10166
32,552,10167
32,53,10168
32,456,10169
32,113,10170
32,402,10171
32,15,10172
32,302,10173
32,570,10174
32,124,10175
32,485,10176
32,544,10177
32,116,10178
32,6,10179
32,159,10180
32,510,10181
32,194,10182
32,56,10183
32,472,10184
32,82,10185
32,543,10186
32,106,10187
32,190,10188
32,531,10189
32,249,10190
32,604,10191
32,305,10192
32,462,10193
32,210,10194
32,310,10195
32,89,10196
32,532,10197
32,436,10198
32,569,10199
32,410,10200
32,430,10201
32,38,10202
32,155,10203
32,461,10204
32,132,10205
32,433,10206
32,204,10207
32,11,10208
32,487,10209
32,518,10210
32,74,10211
32,548,10212
32,300,10213
32,139,10214
32,513,10215
32,137,10216
32,1062,10217
32,651,10218
32,656,10219
32,726,10220
32,873,10221
32,1036,10222
32,584,10223
32,667,10224
32,668,10225
32,681,10226
32,682,10227
32,581,10228
32,671,10229
32,736,10230
32,605,10231
32,609,10232
32,612,10233
32,710,10234
32,863,10235
32,694,10236
32,744,10237
32,883,10238
32,884,10239
32,666,10240
32,719,10241
32,741,10242
32,743,10243
32,885,10244
32,1021,10245
32,627,10246
32,669,10247
32,714,10248
32,720,10249
32,875,10250
32,1049,10251
32,590,10252
32,663,10253
32,679,10254
32,689,10255
32,704,10256
32,915,10257
32,1025,10258
32,1026,10259
32,1031,10260
32,677,10261
32,692,10262
32,740,10263
32,756,10264
32,1043,10265
32,600,10266
32,602,10267
32,603,10268
32,688,10269
32,690,10270
32,718,10271
32,865,10272
32,876,10273
32,595,10274
32,621,10275
32,623,10276
32,657,10277
32,696,10278
32,742,10279
32,751,10280
32,752,10281
32,753,10282
32,857,10283
32,1040,10284
32,1056,10285
32,599,10286
32,615,10287
32,616,10288
32,619,10289
32,647,10290
32,662,10291
32,683,10292
32,686,10293
33,530,10145
33,540,10146
33,534,10147
33,299,10148
33,297,10149
33,547,10150
33,75,10151
33,170,10152
33,50,10153
33,134,10154
33,346,10155
33,197,10156
33,224,10157
33,542,10158
33,565,10159
33,541,10160
33,149,10161
33,552,10162
33,53,10163
33,456,10164
33,113,10165
33,402,10166
33,15,10167
33,302,10168
33,570,10169
33,124,10170
33,485,10171
33,544,10172
33,116,10173
33,6,10174
33,159,10175
33,510,10176
33,194,10177
33,56,10178
33,472,10179
33,82,10180
33,543,10181
33,106,10182
33,190,10183
33,531,10184
33,249,10185
33,604,10186
33,305,10187
33,462,10188
33,210,10189
33,310,10190
33,89,10191
33,532,10192
33,436,10193
33,569,10194
33,410,10195
33,430,10196
33,38,10197
33,155,10198
33,461,10199
33,132,10200
33,433,10201
33,204,10202
33,11,10203
33,487,10204
33,518,10205
33,74,10206
33,548,10207
33,300,10208
33,139,10209
33,513,10210
33,137,10211
33,1062,10212
33,651,10213
33,656,10214
33,726,10215
33,873,10216
33,1036,10217
33,584,10218
33,667,10219
33,668,10220
33,681,10221
33,682,10222
33,581,10223
33,671,10224
33,736,10225
33,605,10226
33,609,10227
33,612,10228
33,710,10229
33,863,10230
33,694,10231
33,744,10232
33,883,10233
33,884,10234
33,666,10235
33,719,10236
33,741,10237
33,743,10238
33,885,10239
33,1021,10240
33,627,10241
33,669,10242
33,714,10243
33,720,10244
33,875,10245
33,1049,10246
33,590,10247
33,663,10248
33,679,10249
33,689,10250
33,704,10251
33,915,10252
33,1025,10253
33,1026,10254
33,1031,10255
33,677,10256
33,692,10257
33,740,10258
33,756,10259
33,1043,10260
33,600,10261
33,602,10262
33,603,10263
33,688,10264
33,690,10265
33,718,10266
33,865,10267
33,876,10268
33,595,10269
33,621,10270
33,623,10271
33,657,10272
33,696,10273
33,742,10274
33,751,10275
33,752,10276
33,753,10277
33,857,10278
33,1040,10279
33,1056,10280
33,599,10281
33,615,10282
33,616,10283
33,619,10284
33,647,10285
33,662,10286
33,683,10287
33,686,10288
34,530,10145
34,540,10146
34,562,10147
34,564,10148
34,547,10149
34,542,10150
34,565,10151
34,541,10152
34,456,10153
34,570,10154
34,544,10155
34,510,10156
34,531,10157
34,462,10158
34,569,10159
34,535,10160
34,454,10161
34,701,10162
34,465,10163
34,652,10164
34,193,10165
34,220,10166
34,617,10167
34,455,10168
34,1057,10169
34,458,10170
34,463,10171
34,492,10172
34,479,10173
34,491,10174
34,889,10175
34,467,10176
34,845,10177
34,734,10178
34,917,10179
34,469,10180
34,712,10181
34,587,10182
34,842,10183
34,655,10184
34,882,10185
34,868,10186
34,1009,10187
34,1061,10188
34,850,10189
34,847,10190
34,606,10191
34,916,10192
34,1063,10193
34,1032,10194
34,658,10195
34,620,10196
34,664,10197
34,672,10198
34,582,10199
34,739,10200
34,877,10201
34,711,10202
34,653,10203
34,661,10204
34,670,10205
34,716,10206
34,1037,10207
34,737,10208
34,855,10209
34,735,10210
34,903,10211
34,596,10212
34,654,10213
34,665,10214
34,673,10215
34,583,10216
34,874,10217
34,713,10218
34,738,10219
34,888,10220
34,659,10221
34,660,10222
34,1064,10223
34,588,10224
34,1034,10225
34,650,10226
34,693,10227
34,717,10228
34,852,10229
34,598,10230
34,697,10231
34,849,10232
34,1044,10233
34,747,10234
34,1058,10235
34,611,10236
34,715,10237
34,675,10238
34,607,10239
34,624,10240
34,695,10241
34,746,10242
34,843,10243
34,1062,10244
34,651,10245
34,656,10246
34,726,10247
34,873,10248
34,1036,10249
34,584,10250
34,667,10251
34,668,10252
34,681,10253
34,682,10254
34,581,10255
34,671,10256
34,736,10257
34,605,10258
34,609,10259
34,612,10260
34,710,10261
34,863,10262
34,694,10263
34,744,10264
34,883,10265
34,884,10266
34,666,10267
34,719,10268
34,741,10269
34,743,10270
34,885,10271
34,1021,10272
34,627,10273
34,669,10274
34,714,10275
34,720,10276
34,875,10277
34,1049,10278
34,590,10279
34,663,10280
34,679,10281
35,91,10145
35,149,10146
35,113,10147
35,124,10148
35,82,10149
35,106,10150
35,89,10151
35,155,10152
35,132,10153
35,137,10154
35,117,10155
35,90,10156
35,108,10157
35,136,10158
35,111,10159
35,100,10160
35,701,10161
35,652,10162
35,617,10163
35,84,10164
35,144,10165
35,135,10166
35,88,10167
35,151,10168
35,81,10169
35,101,10170
35,92,10171
35,94,10172
35,109,10173
35,152,10174
35,107,10175
35,110,10176
35,587,10177
35,126,10178
35,103,10179
35,127,10180
35,655,10181
35,97,10182
35,83,10183
35,148,10184
35,93,10185
35,606,10186
35,102,10187
35,658,10188
35,141,10189
35,620,10190
35,672,10191
35,95,10192
35,125,10193
35,653,10194
35,661,10195
35,147,10196
35,156,10197
35,146,10198
35,596,10199
35,654,10200
35,114,10201
35,142,10202
35,660,10203
35,588,10204
35,650,10205
35,598,10206
35,104,10207
35,121,10208
35,611,10209
35,607,10210
35,624,10211
35,651,10212
35,656,10213
35,668,10214
35,118,10215
35,671,10216
35,605,10217
35,609,10218
35,666,10219
35,669,10220
35,150,10221
35,590,10222
35,663,10223
35,704,10224
35,98,10225
35,677,10226
35,600,10227
35,602,10228
35,603,10229
35,589,10230
35,613,10231
35,128,10232
35,592,10233
35,601,10234
35,622,10235
35,699,10236
35,700,10237
35,85,10238
35,595,10239
35,621,10240
35,623,10241
35,657,10242
35,599,10243
35,616,10244
35,619,10245
35,647,10246
35,662,10247
35,594,10248
35,597,10249
35,626,10250
35,639,10251
35,648,10252
35,676,10253
35,154,10254
35,80,10255
35,86,10256
35,87,10257
35,96,10258
35,112,10259
35,115,10260
35,131,10261
35,140,10262
35,143,10263
35,585,10264
35,586,10265
35,591,10266
35,593,10267
35,608,10268
35,610,10269
35,614,10270
35,618,10271
35,625,10272
35,628,10273
35,631,10274
35,632,10275
35,634,10276
35,636,10277
35,637,10278
35,638,10279
35,640,10280
35,641,10281
35,642,10282
35,643,10283
35,644,10284
35,645,10285
35,646,10286
35,649,10287
35,674,10288
35,678,10289
35,702,10290
35,703,10291
35,705,10292
36,91,10145
36,149,10146
36,113,10147
36,124,10148
36,159,10149
36,82,10150
36,106,10151
36,604,10152
36,89,10153
36,155,10154
36,132,10155
36,137,10156
36,117,10157
36,90,10158
36,108,10159
36,136,10160
36,111,10161
36,100,10162
36,652,10163
36,617,10164
36,84,10165
36,144,10166
36,135,10167
36,88,10168
36,151,10169
36,81,10170
36,101,10171
36,92,10172
36,94,10173
36,109,10174
36,152,10175
36,107,10176
36,110,10177
36,587,10178
36,126,10179
36,103,10180
36,127,10181
36,655,10182
36,97,10183
36,83,10184
36,148,10185
36,93,10186
36,606,10187
36,102,10188
36,658,10189
36,141,10190
36,620,10191
36,95,10192
36,125,10193
36,653,10194
36,661,10195
36,157,10196
36,147,10197
36,156,10198
36,146,10199
36,596,10200
36,654,10201
36,114,10202
36,142,10203
36,660,10204
36,588,10205
36,650,10206
36,598,10207
36,104,10208
36,158,10209
36,121,10210
36,611,10211
36,607,10212
36,624,10213
36,651,10214
36,656,10215
36,668,10216
36,118,10217
36,605,10218
36,609,10219
36,612,10220
36,666,10221
36,627,10222
36,669,10223
36,150,10224
36,590,10225
36,663,10226
36,98,10227
36,600,10228
36,602,10229
36,603,10230
36,589,10231
36,613,10232
36,128,10233
36,592,10234
36,601,10235
36,622,10236
36,85,10237
36,595,10238
36,621,10239
36,623,10240
36,657,10241
36,599,10242
36,615,10243
36,616,10244
36,619,10245
36,647,10246
36,662,10247
36,594,10248
36,597,10249
36,626,10250
36,639,10251
36,648,10252
36,154,10253
36,80,10254
36,86,10255
36,87,10256
36,96,10257
36,112,10258
36,115,10259
36,131,10260
36,140,10261
36,143,10262
36,585,10263
36,586,10264
36,591,10265
36,593,10266
36,608,10267
36,610,10268
36,614,10269
36,618,10270
36,625,10271
36,628,10272
36,631,10273
36,632,10274
36,634,10275
36,635,10276
36,636,10277
36,637,10278
36,638,10279
36,640,10280
36,641,10281
36,642,10282
36,643,10283
36,644,10284
36,645,10285
36,646,10286
36,649,10287
37,91,10145
37,75,10146
37,170,10147
37,50,10148
37,134,10149
37,197,10150
37,224,10151
37,149,10152
37,53,10153
37,113,10154
37,15,10155
37,124,10156
37,116,10157
37,6,10158
37,159,10159
37,194,10160
37,56,10161
37,82,10162
37,106,10163
37,190,10164
37,210,10165
37,89,10166
37,38,10167
37,155,10168
37,132,10169
37,204,10170
37,11,10171
37,74,10172
37,139,10173
37,137,10174
37,218,10175
37,13,10176
37,117,10177
37,192,10178
37,1033,10179
37,207,10180
37,90,10181
37,178,10182
37,853,10183
37,17,10184
37,108,10185
37,136,10186
37,111,10187
37,221,10188
37,40,10189
37,51,10190
37,105,10191
37,956,10192
37,701,10193
37,953,10194
37,954,10195
37,1057,10196
37,889,10197
37,845,10198
37,982,10199
37,734,10200
37,917,10201
37,842,10202
37,882,10203
37,868,10204
37,1009,10205
37,1061,10206
37,850,10207
37,847,10208
37,985,10209
37,948,10210
37,916,10211
37,1063,10212
37,903,10213
37,986,10214
37,1013,10215
37,874,10216
37,888,10217
37,1007,10218
37,660,10219
37,1064,10220
37,1034,10221
37,852,10222
37,849,10223
37,958,10224
37,747,10225
37,991,10226
37,1058,10227
37,843,10228
37,1062,10229
37,656,10230
37,873,10231
37,1036,10232
37,682,10233
37,962,10234
37,961,10235
37,863,10236
37,883,10237
37,884,10238
37,885,10239
37,1021,10240
37,1012,10241
37,1025,10242
37,1022,10243
37,1015,10244
37,1017,10245
37,1028,10246
37,1011,10247
37,1014,10248
37,1018,10249
37,1020,10250
37,1029,10251
37,1010,10252
37,1016,10253
37,1019,10254
37,1023,10255
37,1024,10256
37,1027,10257
38,604,10145
38,701,10146
38,652,10147
38,617,10148
38,734,10149
38,587,10150
38,655,10151
38,606,10152
38,658,10153
38,620,10154
38,672,10155
38,582,10156
38,653,10157
38,661,10158
38,716,10159
38,735,10160
38,596,10161
38,654,10162
38,583,10163
38,713,10164
38,660,10165
38,588,10166
38,650,10167
38,693,10168
38,717,10169
38,598,10170
38,697,10171
38,747,10172
38,611,10173
38,607,10174
38,624,10175
38,695,10176
38,746,10177
38,651,10178
38,656,10179
38,726,10180
38,584,10181
38,668,10182
38,671,10183
38,605,10184
38,609,10185
38,612,10186
38,710,10187
38,694,10188
38,666,10189
38,627,10190
38,669,10191
38,590,10192
38,663,10193
38,689,10194
38,704,10195
38,915,10196
38,926,10197
38,677,10198
38,692,10199
38,600,10200
38,602,10201
38,603,10202
38,688,10203
38,690,10204
38,589,10205
38,613,10206
38,709,10207
38,924,10208
38,925,10209
38,592,10210
38,601,10211
38,622,10212
38,699,10213
38,700,10214
38,721,10215
38,919,10216
38,923,10217
38,595,10218
38,621,10219
38,623,10220
38,657,10221
38,696,10222
38,599,10223
38,615,10224
38,616,10225
38,619,10226
38,647,10227
38,662,10228
38,686,10229
38,722,10230
38,729,10231
38,730,10232
38,594,10233
38,597,10234
38,626,10235
38,639,10236
38,648,10237
38,676,10238
38,706,10239
38,708,10240
38,732,10241
38,733,10242
38,918,10243
38,921,10244
38,585,10245
38,586,10246
38,591,10247
38,593,10248
38,608,10249
38,610,10250
38,614,10251
38,618,10252
38,625,10253
38,628,10254
38,631,10255
38,632,10256
38,634,10257
38,636,10258
38,637,10259
38,638,10260
38,640,10261
38,641,10262
38,642,10263
38,643,10264
38,644,10265
38,645,10266
38,646,10267
38,649,10268
38,674,10269
38,678,10270
38,687,10271
38,691,10272
38,698,10273
38,702,10274
38,703,10275
38,705,10276
38,707,10277
38,723,10278
38,728,10279
38,731,10280
38,745,10281
38,750,10282
38,880,10283
38,920,10284
38,922,10285
38,927,10286
38,928,10287
38,929,10288
39,1033,10145
39,701,10146
39,1057,10147
39,734,10148
39,1009,10149
39,1061,10150
39,1063,10151
39,1032,10152
39,1037,10153
39,735,10154
39,660,10155
39,1064,10156
39,1034,10157
39,747,10158
39,1058,10159
39,1062,10160
39,656,10161
39,1036,10162
39,682,10163
38,609,10164
38,612,10165
38,710,10166
38,694,10167
38,666,10168
39,1021,10169
38,627,10170
38,669,10171
38,590,10172
38,663,10173
38,689,10174
38,704,10175
39,915,10176
38,915,10177
38,926,10178
39,1026,10179
38,677,10180
38,692,10181
38,600,10182
38,602,10183
38,603,10184
39,1009,10145
39,1061,10146
39,850,10147
39,847,10148
39,916,10149
39,1063,10150
39,877,10151
39,855,10152
39,903,10153
39,1013,10154
39,874,10155
39,888,10156
39,1064,10157
39,852,10158
39,849,10159
39,747,10160
39,1058,10161
39,843,10162
39,1062,10163
39,873,10164
39,863,10165
39,883,10166
39,884,10167
39,885,10168
39,1021,10169
39,875,10170
39,1012,10171
39,915,10172
39,1026,10173
39,1031,10174
39,865,10175
39,876,10176
39,844,10177
40,1009,10178
40,1061,10179
40,850,10180
40,847,10181
40,916,10182
40,1063,10183
40,877,10184
40,855,10185
40,903,10186
40,1013,10187
40,874,10188
40,888,10189
40,1064,10190
40,852,10191
40,849,10192
40,747,10193
40,1058,10194
40,843,10195
40,1062,10196
40,873,10197
40,863,10198
40,883,10199
40,884,10200
40,885,10201
40,1021,10202
40,875,10203
40,1012,10204
40,915,10205
40,1026,10206
40,1031,10207
40,865,10208
40,876,10209
40,844,10210
41,38,10178
41,858,10179
41,853,10180
41,889,10181
41,845,10182
41,917,10183
41,587,10184
41,842,10185
41,882,10186
41,868,10187
41,1009,10188
41,850,10189
41,847,10190
41,916,10191
41,877,10192
41,855,10193
41,903,10194
41,874,10195
41,888,10196
41,852,10197
41,598,10198
41,849,10199
41,843,10200
41,726,10201
41,873,10202
41,581,10203
41,612,10204
41,863,10205
41,883,10206
41,884,10207
41,885,10208
41,1021,10209
41,627,10210
41,875,10211
41,915,10212
41,926,10213
41,1026,10214
41,756,10215
41,602,10216
41,603,10217
41,865,10218
41,876,10219
41,941,10220
41,773,10221
41,844,10222
41,924,10223
41,925,10224
41,862,10225
41,891,10226
41,919,10227
41,923,10228
41,931,10229
41,940,10230
41,942,10231
41,1022,10232
41,772,10233
41,857,10234
41,886,10235
41,896,10236
41,898,10237
41,599,10238
41,615,10239
41,854,10240
41,895,10241
41,904,10242
41,908,10243
41,933,10244
41,934,10245
41,594,10246
41,597,10247
41,774,10248
41,851,10249
41,856,10250
41,861,10251
41,869,10252
41,870,10253
41,899,10254
41,900,10255
41,912,10256
41,918,10257
41,921,10258
41,930,10259
41,1018,10260
41,591,10261
41,593,10262
41,750,10263
41,846,10264
41,848,10265
41,859,10266
41,860,10267
41,864,10268
41,866,10269
41,867,10270
41,871,10271
41,872,10272
41,878,10273
41,879,10274
41,880,10275
41,881,10276
41,887,10277
41,890,10278
41,892,10279
41,893,10280
41,894,10281
41,897,10282
41,901,10283
41,902,10284
41,905,10285
41,906,10286
41,907,10287
41,909,10288
41,910,10289
41,911,10290
41,913,10291
41,914,10292
41,920,10293
41,922,10294
41,927,10295
41,928,10296
41,929,10297
41,932,10298
41,935,10299
41,936,10300
41,937,10301
41,938,10302
41,939,10303
41,943,10304
41,944,10305
41,945,10306
41,1019,10307
41,1023,10308
41,1024,10309
41,1027,10310
42,604,10178
42,617,10179
42,606,10180
42,620,10181
42,611,10182
42,607,10183
42,624,10184
42,605,10185
42,609,10186
42,612,10187
42,627,10188
42,613,10189
42,622,10190
42,621,10191
42,623,10192
42,615,10193
42,616,10194
42,619,10195
42,630,10196
42,647,10197
42,626,10198
42,639,10199
42,648,10200
42,608,10201
42,610,10202
42,614,10203
42,618,10204
42,625,10205
42,628,10206
42,629,10207
42,631,10208
42,632,10209
42,633,10210
42,634,10211
42,635,10212
42,636,10213
42,637,10214
42,638,10215
42,640,10216
42,641,10217
42,642,10218
42,643,10219
42,644,10220
42,645,10221
42,646,10222
42,649,10223
44,802,10178
44,75,10179
44,410,10180
44,757,10181
44,768,10182
44,415,10183
44,411,10184
44,418,10185
44,762,10186
44,419,10187
44,417,10188
44,420,10189
44,771,10190
44,414,10191
44,778,10192
44,755,10193
44,803,10194
44,793,10195
44,763,10196
44,765,10197
44,416,10198
44,798,10199
44,756,10200
44,758,10201
44,760,10202
44,795,10203
44,788,10204
44,759,10205
44,773,10206
44,792,10207
44,413,10208
44,761,10209
44,764,10210
44,772,10211
44,776,10212
44,781,10213
44,1066,10214
44,412,10215
44,777,10216
44,754,10217
44,767,10218
44,769,10219
44,770,10220
44,774,10221
44,783,10222
44,800,10223
44,421,10224
44,766,10225
44,775,10226
44,779,10227
44,780,10228
44,782,10229
44,784,10230
44,785,10231
44,786,10232
44,787,10233
44,789,10234
44,790,10235
44,791,10236
44,794,10237
44,796,10238
44,797,10239
44,799,10240
44,801,10241
44,408,10242
45,530,10178
45,534,10179
45,562,10180
45,563,10181
45,564,10182
45,547,10183
45,542,10184
45,565,10185
45,552,10186
45,552,10187
45,456,10188
45,544,10189
45,472,10190
45,531,10191
45,462,10192
45,532,10193
45,436,10194
45,569,10195
45,461,10196
45,487,10197
45,518,10198
45,548,10199
45,548,10200
45,513,10201
45,553,10202
45,553,10203
45,473,10204
45,566,10205
45,519,10206
45,519,10207
45,538,10208
45,516,10209
45,516,10210
45,465,10211
45,476,10212
45,479,10213
45,491,10214
45,491,10215
45,459,10216
45,431,10217
45,457,10218
45,435,10219
45,469,10220
45,432,10221
45,432,10222
45,549,10223
45,468,10224
45,471,10225
45,571,10226
45,575,10227
45,493,10228
45,460,10229
45,520,10230
45,452,10231
45,475,10232
45,450,10233
45,451,10234
45,500,10235
45,466,10236
45,474,10237
45,517,10238
45,453,10239
45,470,10240
45,572,10241
45,573,10242
45,579,10243
45,526,10244
45,527,10245
45,528,10246
45,529,10247
45,554,10248
45,576,10249
45,578,10250
45,434,10251
45,539,10252
45,525,10253
45,533,10254
46,530,10178
46,534,10179
46,510,10180
46,531,10181
46,532,10182
46,518,10183
46,513,10184
46,514,10185
46,519,10186
46,516,10187
46,515,10188
46,293,10189
46,236,10190
46,426,10191
46,495,10192
46,526,10193
46,527,10194
46,528,10195
46,529,10196
47,564,10178
47,547,10179
47,570,10180
47,543,10181
47,459,10182
47,457,10183
47,432,10184
47,494,10185
47,468,10186
47,475,10187
47,450,10188
47,233,10189
47,245,10190
47,434,10191
47,555,10192
47,557,10193
47,559,10194
47,561,10195
47,567,10196
47,568,10197
48,542,10178
48,552,10179
48,521,10180
48,522,10181
48,535,10182
48,538,10183
48,447,10184
48,511,10185
48,512,10186
48,440,10187
48,441,10188
48,536,10189
48,539,10190
49,562,10178
49,563,10179
49,548,10180
49,553,10181
49,235,10182
49,479,10183
49,491,10184
49,493,10185
49,520,10186
49,517,10187
49,237,10188
49,525,10189
49,533,10190
49,558,10191
49,560,10192
49,577,10193
49,579,10194
1,29,113
1,57,114
1,68,115
1,71,116
1,80,117
1,81,118
1,82,119
1,83,120
1,84,121
1,86,122
1,87,123
1,96,124
1,112,125
1,115,126
1,143,127
1,167,128
1,176,129
1,192,130
1,195,131
1,131,1
1,91,2
1,75,3
1,170,4
1,134,5
1,197,6
1,140,7
1,149,8
1,53,9
1,113,10
1,124,11
1,116,12
1,6,13
1,159,14
1,194,15
1,106,16
1,190,17
1,138,18
1,89,19
1,155,20
1,132,21
1,74,22
1,137,23
1,117,24
1,90,25
1,108,26
1,136,27
1,111,28
1,73,29
1,100,30
1,165,31
1,70,32
1,27,33
1,153,34
1,22,35
1,193,36
1,144,37
1,187,38
1,135,39
1,202,40
1,168,41
1,88,42
1,186,43
1,216,44
1,151,45
1,101,46
1,92,47
1,94,48
1,19,49
1,196,50
1,109,51
1,152,52
1,177,53
1,201,54
1,107,55
1,213,56
1,110,57
1,46,58
1,126,59
1,103,60
1,127,61
1,97,62
1,226,63
1,148,64
1,191,65
1,93,66
1,171,67
1,102,68
1,198,69
1,141,70
1,182,71
1,125,72
1,162,73
1,72,74
1,183,75
1,157,76
1,173,77
1,147,78
1,161,79
1,156,80
1,189,81
1,146,82
1,114,83
1,174,84
1,142,85
1,199,86
1,175,87
1,104,88
1,158,89
1,121,90
1,180,91
1,3,92
1,163,93
1,166,94
1,215,95
1,8,96
1,118,97
1,184,98
1,160,99
1,150,100
1,98,101
1,133,102
1,1025,103
1,185,104
1,60,105
1,128,106
1,164,107
1,85,108
1,188,109
1,200,110
1,154,111
1,227,112
2,440,61
2,453,62
2,470,63
2,495,64
2,523,65
2,526,66
2,527,67
2,533,68
2,549,69
2,572,70
2,579,71
2,530,1
2,540,2
2,534,3
2,562,4
2,563,5
2,564,6
2,547,7
2,542,8
2,565,9
2,552,10
2,456,11
2,485,12
2,544,13
2,510,14
2,472,15
2,531,16
2,462,17
2,532,18
2,436,19
2,461,20
2,518,21
2,548,22
2,513,23
2,514,24
2,521,25
2,553,26
2,473,27
2,566,28
2,522,29
2,538,30
2,516,31
2,465,32
2,479,33
2,491,34
2,459,35
2,431,36
2,457,37
2,432,38
2,494,39
2,468,40
2,571,41
2,477,42
2,497,43
2,460,44
2,481,45
2,444,46
2,452,47
2,475,48
2,486,49
2,447,50
2,446,51
2,451,52
2,489,53
2,500,54
2,478,55
2,443,56
2,466,57
2,474,58
2,517,59
2,484,60
3,580,
3,583,
3,585,
3,586,
3,587,
3,589,
3,594,
3,596,
3,600,
3,603,
3,604,
3,606,
3,607,
3,608,
3,609,
3,610,
3,611,
3,615,
3,616,
3,617,
3,618,
3,619,
3,620,
3,621,
3,623,
3,629,
3,651,
3,658,
3,675,
3,680,
3,683,
3,692,
3,693,
3,708,
3,734,
3,737,
3,746,
3,749,
3,767,
3,771,
3,811,
3,813,
3,825,
3,834,
3,846,
3,850,
3,853,
3,875,
3,880,
3,883,
3,901,
3,902,
3,906,
3,934,
3,942,
3,948,
3,952,
3,953,
3,954,
3,955,
3,956,
3,958,
3,959,
3,960,
3,961,
3,962,
3,964,
3,965,
3,966,
3,967,
3,968,
3,969,
3,970,
3,971,
3,972,
3,973,
3,974,
3,975,
3,977,
3,978,
3,979,
3,980,
3,981,
3,982,
3,983,
3,984,
3,985,
3,986,
3,987,
3,988,
3,989,
3,990,
3,1003,
3,1009,
3,1010,
3,1011,
3,1014,
3,1015,
3,1017,
3,1022,
3,1026,
3,1032,
3,1033,
3,1034,
3,1035,
3,1036,
3,1037,
3,1038,
3,1039,
3,1040,
3,1041,
3,1042,
3,1044,
3,1047,
3,1055,
3,1062,
3,1064,
3,530,1
3,540,2
3,534,3
3,298,4
3,562,5
3,563,7
3,564,8
3,91,9
3,299,10
3,297,11
3,547,12
3,75,14
3,75,14
3,170,16
3,50,17
3,134,18
3,346,19
3,197,20
3,224,21
3,542,22
3,565,23
3,541,24
3,149,25
3,552,26
3,53,27
3,456,28
3,113,29
3,402,30
3,15,32
3,302,33
3,570,34
3,124,35
3,485,36
3,544,37
3,116,38
3,6,39
3,159,40
3,510,41
3,194,42
3,56,43
3,472,44
3,82,45
3,543,46
3,106,47
3,190,48
3,531,49
3,249,50
3,305,52
3,462,53
3,210,54
3,310,55
3,89,56
3,532,57
3,436,58
3,569,59
3,410,60
3,430,61
3,38,62
3,155,63
3,461,64
3,132,65
3,433,66
3,204,67
3,11,68
3,487,69
3,518,70
3,74,71
3,548,72
3,300,73
3,139,74
3,513,75
3,137,76
3,218,77
3,514,78
3,13,80
3,521,81
3,553,82
3,260,83
3,117,84
3,192,86
3,473,89
3,207,90
3,545,91
3,566,92
3,90,93
3,178,94
3,256,95
3,312,97
3,238,98
3,522,99
3,464,101
3,295,102
3,519,103
3,17,104
3,108,106
3,136,107
3,262,108
3,535,109
3,304,111
3,320,112
3,538,113
3,111,114
3,221,115
3,40,116
3,51,117
3,105,118
3,516,119
3,73,120
3,100,122
3,546,123
3,165,124
3,69,125
3,70,126
3,27,127
3,153,128
3,172,129
3,344,130
3,454,131
3,274,132
3,22,133
3,24,135
3,65,136
3,465,138
3,10,139
3,193,141
3,220,143
3,269,145
3,84,146
3,144,147
3,455,148
3,232,149
3,187,150
3,250,151
3,235,152
3,458,154
3,135,155
3,303,156
3,319,157
3,463,158
3,202,159
3,279,160
3,311,161
3,168,162
3,492,163
3,88,164
3,186,165
3,216,166
3,476,167
3,151,168
3,264,169
3,309,170
3,16,171
3,145,172
3,268,173
3,479,174
3,81,175
3,129,176
3,325,177
3,229,178
3,491,179
3,101,181
3,263,182
3,301,183
3,459,184
3,467,185
3,14,186
3,92,187
3,285,189
3,296,190
3,321,191
3,431,192
3,457,193
3,415,194
3,435,196
3,23,197
3,94,199
3,258,200
3,7,201
3,19,202
3,203,203
3,244,204
3,283,205
3,31,206
3,354,207
3,196,208
3,109,210
3,152,211
3,281,212
3,35,213
3,179,214
3,49,215
3,48,217
3,177,218
3,316,219
3,341,220
3,469,222
3,201,224
3,107,225
3,213,226
3,432,227
3,515,228
3,110,229
3,286,230
3,380,231
3,247,233
3,46,235
3,126,236
3,336,237
3,21,238
3,103,240
3,313,241
3,549,242
3,127,243
3,293,245
3,97,246
3,332,247
3,272,248
3,226,249
3,83,250
3,252,252
3,270,253
3,328,254
3,339,255
3,20,256
3,148,257
3,347,258
3,411,260
3,44,264
3,191,265
3,494,266
3,93,268
3,376,269
3,206,271
3,468,272
4,530,1
4,540,2
4,534,3
4,298,4
4,562,5
4,563,6
4,564,7
4,91,8
4,299,9
4,297,10
4,547,11
4,75,12
4,170,13
4,50,14
4,134,15
4,346,16
4,197,17
4,224,18
4,542,19
4,565,20
4,541,21
4,149,22
4,552,23
4,53,24
4,456,25
4,113,26
4,402,27
4,15,28
4,302,29
4,570,30
4,124,31
4,485,32
4,544,33
4,116,34
4,6,35
4,159,36
4,510,37
4,194,38
4,56,39
4,472,40
4,82,41
4,543,42
4,106,43
4,190,44
4,531,45
4,249,46
4,604,47
4,305,48
4,462,49
4,210,50
4,310,51
4,89,52
4,532,53
4,436,54
4,569,55
4,410,56
4,430,57
4,38,58
4,155,59
4,461,60
4,132,61
4,433,62
4,204,63
4,11,64
4,487,65
4,518,66
4,74,67
4,548,68
4,300,69
4,139,70
4,513,71
4,137,72
4,218,73
4,514,74
4,13,75
4,521,76
4,553,77
4,260,78
4,117,79
4,858,80
4,192,81
4,1033,82
4,473,83
4,207,84
4,545,85
4,566,86
4,90,87
4,178,88
4,256,89
4,853,90
4,312,91
4,238,92
4,522,93
4,73,94
4,100,95
4,546,96
4,165,97
4,701,98
4,652,99
4,193,100
4,220,101
4,617,102
4,1057,103
4,889,104
4,845,105
4,734,106
4,917,107
4,712,108
4,587,109
4,842,110
4,655,111
4,882,112
4,868,113
4,1009,114
4,1061,115
4,850,116
4,847,117
4,606,118
4,916,119
4,1063,120
4,1032,121
4,658,122
4,620,123
4,664,124
4,672,125
4,582,126
4,739,127
4,877,128
4,711,129
4,653,130
4,661,131
4,670,132
4,716,133
4,1037,134
4,737,135
4,855,136
4,735,137
4,903,138
4,596,139
4,654,140
4,665,141
4,673,142
4,583,143
4,874,144
4,713,145
4,738,146
4,888,147
4,659,148
4,660,149
4,1064,150
4,588,151
4,1034,152
4,650,153
4,693,154
4,717,155
4,852,156
4,598,157
4,697,158
4,849,159
4,1044,160
4,747,161
4,1058,162
4,611,163
4,715,164
4,675,165
4,607,166
4,624,167
4,695,168
4,746,169
4,843,170
4,1062,171
4,651,172
4,656,173
4,726,174
4,873,175
4,1036,176
4,584,177
4,667,178
4,668,179
4,681,180
4,682,181
4,581,182
4,671,183
4,736,184
4,605,185
4,609,186
4,612,187
4,710,188
4,863,189
4,694,190
4,744,191
4,883,192
4,884,193
4,666,194
4,719,195
4,741,196
4,743,197
4,885,198
4,1021,199
4,627,200
4,669,201
4,714,202
4,720,203
4,875,204
4,1049,205
4,590,206
4,663,207
4,679,208
4,689,209
4,704,210
4,915,211
4,1025,212
4,1026,213
4,1031,214
4,677,215
4,692,216
4,740,217
4,756,218
4,1043,219
4,600,220
4,602,221
4,603,222
4,688,223
4,690,224
4,718,225
4,865,226
4,876,227
4,1046,228
4,1054,229
4,589,230
4,613,231
4,680,232
4,684,233
4,709,234
4,844,235
4,1053,236
4,592,237
4,601,238
4,622,239
4,699,240
4,700,241
4,721,242
4,749,243
4,862,244
4,891,245
4,1022,246
4,1060,247
4,595,248
4,621,249
4,623,250
4,657,251
4,696,252
4,742,253
4,751,254
4,752,255
4,753,256
4,857,257
4,886,258
4,896,259
4,898,260
4,1038,261
4,1040,262
4,1056,263
4,599,264
4,615,265
4,616,266
4,619,267
4,647,268
4,662,269
4,683,270
4,686,271
4,722,272
4,724,273
4,729,274
4,730,275
4,854,276
4,895,277
4,904,278
4,908,279
4,1035,280
4,1045,281
4,1050,282
4,1052,283
4,1059,284
4,594,285
4,597,286
4,626,287
4,639,288
4,648,289
4,676,290
4,685,291
4,706,292
4,708,293
4,725,294
4,732,295
4,733,296
4,748,297
4,851,298
4,856,299
4,861,300
4,869,301
4,870,302
4,899,303
4,900,304
4,912,305
4,1030,306
4,1039,307
4,580,308
4,585,309
4,586,310
4,591,311
4,593,312
4,608,313
4,610,314
4,614,315
4,618,316
4,625,317
4,628,318
4,631,319
4,632,320
4,634,321
4,635,322
4,636,323
4,637,324
4,638,325
4,640,326
4,641,327
4,642,328
4,643,329
4,644,330
4,645,331
4,646,332
4,649,333
4,674,334
4,678,335
4,687,336
4,691,337
4,698,338
4,702,339
4,703,340
4,705,341
4,707,342
4,723,343
4,727,344
4,728,345
4,731,346
4,745,347
4,750,348
4,846,349
4,848,350
4,859,351
4,860,352
4,864,353
4,866,354
4,867,355
4,871,356
4,872,357
4,878,358
4,879,359
4,880,360
4,881,361
4,887,362
4,890,363
4,892,364
4,893,365
4,894,366
4,897,367
4,901,368
4,902,369
4,905,370
4,906,371
4,907,372
4,909,373
4,910,374
4,911,375
4,913,376
4,914,377
4,1023,378
4,1024,379
4,1027,380
4,1041,381
4,1042,382
4,1047,383
4,1048,384
4,1051,385
4,1055,386
4,1065,387
13,530,1
13,540,2
13,534,3
13,562,4
13,563,5
13,564,6
13,547,7
13,542,8
13,565,9
13,552,10
13,456,11
13,485,12
13,544,13
13,510,14
13,472,15
13,531,16
13,462,17
13,532,18
13,436,19
13,461,20
13,518,21
13,548,22
13,513,23
13,514,24
13,521,25
13,553,26
13,473,27
13,566,28
13,522,29
13,538,30
13,516,31
13,465,32
13,479,33
13,491,34
13,459,35
13,431,36
13,457,37
13,432,38
13,549,39
13,494,40
13,468,41
13,571,42
13,477,43
13,497,44
13,460,45
13,481,46
13,444,47
13,452,48
13,475,49
13,486,50
13,447,51
13,446,52
13,451,53
13,489,54
13,500,55
13,478,56
13,443,57
13,466,58
13,474,59
13,517,60
13,482,61
13,484,62
13,440,63
13,453,64
13,470,65
13,495,66
13,523,67
13,526,68
13,527,69
13,533,70
13,572,71
13,579,72
177,946,1
177,949,2
177,951,3
177,1033,4
177,956,5
177,701,6
177,953,7
177,954,8
177,1057,9
177,982,10
177,734,11
177,1009,12
177,1061,13
177,985,14
177,948,15
177,1063,16
177,1032,17
177,1037,18
177,955,19
177,735,20
177,986,21
177,1007,22
177,660,23
177,1064,24
177,1034,25
177,958,26
177,991,27
177,1058,28
177,747,29
177,1062,30
177,656,31
177,1036,32
177,682,33
177,962,34
177,961,35
177,984,36
177,987,37
177,952,38
177,915,39
177,1026,40
177,1004,41
177,1008,42
177,1031,43
177,1046,44
177,1054,45
177,997,46
177,993,47
177,1053,48
177,992,49
177,1060,50
177,989,51
177,950,52
177,1038,53
177,959,54
177,1040,55
177,1006,56
177,1035,57
177,960,58
177,1059,59
177,947,60
177,1039,61
177,995,62
177,1030,63
177,880,65
177,880,66
177,994,67
177,1041,68
177,1042,69
177,1055,70
