category_id,url,sku,sequence
359,/gifts-to-bangalore,F17-VRTEXFNP182,1
359,/gifts-to-bangalore,F17-CAKECHOH004,2
359,/gifts-to-bangalore,CAKECHOH004,3
359,/gifts-to-bangalore,F17-VRTEXFNP183,4
359,/gifts-to-bangalore,F17-EXFNP213_CHOCO_BOQ,5
359,/gifts-to-bangalore,F17-EGCAKEPINH013,6
359,/gifts-to-bangalore,F17-EXFNP29,7
359,/gifts-to-bangalore,EXFNP29,8
359,/gifts-to-bangalore,F17-CAKEBLFTH019,9
359,/gifts-to-bangalore,CAKEBLFTH019,10
359,/gifts-to-bangalore,F17-VRTEXFNP182-12,11
359,/gifts-to-bangalore,F17-VRTEXFNP181,12
359,/gifts-to-bangalore,GIFTSFNP62,13
359,/gifts-to-bangalore,GIFTSFNP2723,14
359,/gifts-to-bangalore,F17-VRTEXFNP184,15
359,/gifts-to-bangalore,F17-EXFNP202_CHOCO_BOQ,16
359,/gifts-to-bangalore,F17-EGCAKEBLFTH019,17
359,/gifts-to-bangalore,F17-EXDPLANT2,18
359,/gifts-to-bangalore,EXFNP220_CHOCO_BOQ,19
359,/gifts-to-bangalore,F17-EXDGREETING11,20
359,/gifts-to-bangalore,CAKE0091,21
359,/gifts-to-bangalore,F17-EXFNP51,22
359,/gifts-to-bangalore,F17-EXDFNP442,23
359,/gifts-to-bangalore,EXFNP221_CHOCO_BOQ,24
359,/gifts-to-bangalore,F17-EXDFNP1009,25
359,/gifts-to-bangalore,EXDFNP1009,26
359,/gifts-to-bangalore,F17-CAKEBUTTH007,27
359,/gifts-to-bangalore,F17-EXDFNP537,28
359,/gifts-to-bangalore,CAKE9078,29
359,/gifts-to-bangalore,F17-EXDFNPLW11,30
359,/gifts-to-bangalore,F17-EXFNP204_CHOCO_BOQ,31
359,/gifts-to-bangalore,EXFNP204_CHOCO_BOQ,32
359,/gifts-to-bangalore,F17-CAKEVANH022,33
359,/gifts-to-bangalore,F17-EGCAKEBUTTH007,34
359,/gifts-to-bangalore,F17-EXDFNP488,35
359,/gifts-to-bangalore,F17-CAKETFLOE001,36
359,/gifts-to-bangalore,F17-VRTEXFNP183-12,37
359,/gifts-to-bangalore,F17-VAREXDFNP406,38
359,/gifts-to-bangalore,F17-CAKECONH1897,39
359,/gifts-to-bangalore,F17-EXFNP70,40
359,/gifts-to-bangalore,GIFTSFNP4596,41
359,/gifts-to-bangalore,F17-EXDFNP69,42
359,/gifts-to-bangalore,GIFTSFNP1953,43
359,/gifts-to-bangalore,F17-EGCAKEVANH022,44
359,/gifts-to-bangalore,F17-CAKEBLFTO020,45
359,/gifts-to-bangalore,F17-EXFNP41,46
359,/gifts-to-bangalore,F17-EXDFNP419,47
359,/gifts-to-bangalore,F17-CAKECONH304,48
359,/gifts-to-bangalore,CAKE10604,49
359,/gifts-to-bangalore,EXFNP222_CHOCO_BOQ,50
359,/gifts-to-bangalore,F17-CAKECONH310,51
359,/gifts-to-bangalore,F17-EXDFNP630,52
359,/gifts-to-bangalore,F17-EXDFNP460,53
359,/gifts-to-bangalore,CAKE6071,54
359,/gifts-to-bangalore,F17-EGCAKEBLFTO020,55
359,/gifts-to-bangalore,F17-EXDFNP477,56
359,/gifts-to-bangalore,F17-EXDFNPLW13,57
359,/gifts-to-bangalore,F17-CAKECONH1945,58
359,/gifts-to-bangalore,F17-EX004,59
359,/gifts-to-bangalore,F17-EXDGREETING8,60
359,/gifts-to-bangalore,F17-CAKECHOO005,61
359,/gifts-to-bangalore,F17-EXFNP155,62
359,/gifts-to-bangalore,F17-VRTEXD1,63
359,/gifts-to-bangalore,F17-EXDFNP147,64
359,/gifts-to-bangalore,F17-VRTEXFNP182-20,65
359,/gifts-to-bangalore,F17-EXDFNP401,66
359,/gifts-to-bangalore,F17-EXFNP50,67
359,/gifts-to-bangalore,EXFNP219_CHOCO_BOQ,68
359,/gifts-to-bangalore,F17-EXDGREETING10,69
359,/gifts-to-bangalore,F17-EXDPLANT49,70
359,/gifts-to-bangalore,EXDPLANT49,71
359,/gifts-to-bangalore,F17-EGCAKECHOO005,72
359,/gifts-to-bangalore,F17-VRTEXFNP184-12,73
359,/gifts-to-bangalore,F17-EXDFNP542,74
359,/gifts-to-bangalore,F17-CAKECONH1834,75
359,/gifts-to-bangalore,F17-CAKECONH1822,76
359,/gifts-to-bangalore,F17-EGCAKECONH1897,77
359,/gifts-to-bangalore,EXFNP255_CHOCO_BOQ,78
359,/gifts-to-bangalore,F17-CAKEPINO014,79
359,/gifts-to-bangalore,VG234,80
359,/gifts-to-bangalore,F17-EXDFNPLW8,81
359,/gifts-to-bangalore,F17-EXDFNP465,82
359,/gifts-to-bangalore,CAKE11383,83
359,/gifts-to-bangalore,F17-CAKEHSTFLO017,84
359,/gifts-to-bangalore,EXFNP233_CHOCO_BOQ,85
359,/gifts-to-bangalore,CAKE38760,86
359,/gifts-to-bangalore,F17-EXDFNP2006,87
359,/gifts-to-bangalore,F17-EGCAKECONH310,88
359,/gifts-to-bangalore,F17-EXDFNP1010,89
359,/gifts-to-bangalore,F17-CAKEFRUO011,90
359,/gifts-to-bangalore,F17-EGCAKECONH1945,91
359,/gifts-to-bangalore,EXDCHOCO15,92
359,/gifts-to-bangalore,CAKE8256,93
359,/gifts-to-bangalore,F17-EXDFNP431,94
359,/gifts-to-bangalore,F17-CAKECONH874,95
359,/gifts-to-bangalore,F17-EXDFNP443,96
359,/gifts-to-bangalore,F17-EGCAKEPINO014,97
359,/gifts-to-bangalore,CAKE11838,98
359,/gifts-to-bangalore,F17-EGCAKEFRUO011,99
359,/gifts-to-bangalore,F17-EXDFNPLW9,100
359,/gifts-to-bangalore,F17-CAKECONH1780,101
359,/gifts-to-bangalore,GIFTSFNP4602,102
359,/gifts-to-bangalore,F17-EXDFNP494,103
359,/gifts-to-bangalore,EXDFNP494,104
359,/gifts-to-bangalore,EXFNP230_CHOCO_BOQ,105
359,/gifts-to-bangalore,F17-CAKECON3081,106
359,/gifts-to-bangalore,F17-EXFNP28,107
359,/gifts-to-bangalore,CAKE6876,108
359,/gifts-to-bangalore,F17-EXDFNP1000,109
359,/gifts-to-bangalore,F17-VAREXDFNP430,110
359,/gifts-to-bangalore,CAKE8930,111
359,/gifts-to-bangalore,F17-EX0065,112
359,/gifts-to-bangalore,CAKE11320,113
359,/gifts-to-bangalore,F17-EXDGREETING9,114
359,/gifts-to-bangalore,F17-CAKECONH25,115
359,/gifts-to-bangalore,F17-EGCAKECONH1780,116
359,/gifts-to-bangalore,F17-EXDFNP567,117
359,/gifts-to-bangalore,F17-EGCAKECONH1834,118
359,/gifts-to-bangalore,F17-EXDFNP508,119
359,/gifts-to-bangalore,GIFTSFNP1952,120
359,/gifts-to-bangalore,F17-EGCAKECONH1822,121
359,/gifts-to-bangalore,EXFNP232_CHOCO_BOQ,122
359,/gifts-to-bangalore,F17-EXDFNP1032,123
359,/gifts-to-bangalore,F17-EGCAKECONH874,124
359,/gifts-to-bangalore,F17-EXDFNP437,125
359,/gifts-to-bangalore,F17-EX0061,126
359,/gifts-to-bangalore,GIFTSFNP4600,127
506,/gifts-to-agra,F17-VRTEXFNP182,1
506,/gifts-to-agra,F17-CAKECHOH004,2
506,/gifts-to-agra,CAKECHOH004,3
506,/gifts-to-agra,F17-VRTEXFNP183,4
506,/gifts-to-agra,F17-EXFNP213_CHOCO_BOQ,5
506,/gifts-to-agra,F17-EGCAKEPINH013,6
506,/gifts-to-agra,F17-EXFNP29,7
506,/gifts-to-agra,EXFNP29,8
506,/gifts-to-agra,F17-CAKEBLFTH019,9
506,/gifts-to-agra,CAKEBLFTH019,10
506,/gifts-to-agra,F17-VRTEXFNP182-12,11
506,/gifts-to-agra,F17-VRTEXFNP181,12
506,/gifts-to-agra,GIFTSFNP62,13
506,/gifts-to-agra,GIFTSFNP2723,14
506,/gifts-to-agra,F17-VRTEXFNP184,15
506,/gifts-to-agra,F17-EXFNP202_CHOCO_BOQ,16
506,/gifts-to-agra,F17-EGCAKEBLFTH019,17
506,/gifts-to-agra,F17-EXDPLANT2,18
506,/gifts-to-agra,EXFNP220_CHOCO_BOQ,19
506,/gifts-to-agra,F17-EXDGREETING11,20
506,/gifts-to-agra,CAKE0091,21
506,/gifts-to-agra,F17-EXFNP51,22
506,/gifts-to-agra,F17-EXDFNP442,23
506,/gifts-to-agra,EXFNP221_CHOCO_BOQ,24
506,/gifts-to-agra,F17-EXDFNP1009,25
506,/gifts-to-agra,EXDFNP1009,26
506,/gifts-to-agra,F17-CAKEBUTTH007,27
506,/gifts-to-agra,F17-EXDFNP537,28
506,/gifts-to-agra,CAKE9078,29
506,/gifts-to-agra,F17-EXDFNPLW11,30
506,/gifts-to-agra,F17-EXFNP204_CHOCO_BOQ,31
506,/gifts-to-agra,EXFNP204_CHOCO_BOQ,32
506,/gifts-to-agra,F17-CAKEVANH022,33
506,/gifts-to-agra,F17-EGCAKEBUTTH007,34
506,/gifts-to-agra,F17-EXDFNP488,35
506,/gifts-to-agra,F17-CAKETFLOE001,36
506,/gifts-to-agra,F17-VRTEXFNP183-12,37
506,/gifts-to-agra,F17-VAREXDFNP406,38
506,/gifts-to-agra,F17-CAKECONH1897,39
506,/gifts-to-agra,F17-EXFNP70,40
506,/gifts-to-agra,GIFTSFNP4596,41
506,/gifts-to-agra,F17-EXDFNP69,42
506,/gifts-to-agra,GIFTSFNP1953,43
506,/gifts-to-agra,F17-EGCAKEVANH022,44
506,/gifts-to-agra,F17-CAKEBLFTO020,45
506,/gifts-to-agra,F17-EXFNP41,46
506,/gifts-to-agra,F17-EXDFNP419,47
506,/gifts-to-agra,F17-CAKECONH304,48
506,/gifts-to-agra,CAKE10604,49
506,/gifts-to-agra,EXFNP222_CHOCO_BOQ,50
506,/gifts-to-agra,F17-CAKECONH310,51
506,/gifts-to-agra,F17-EXDFNP630,52
506,/gifts-to-agra,F17-EXDFNP460,53
506,/gifts-to-agra,CAKE6071,54
506,/gifts-to-agra,F17-EGCAKEBLFTO020,55
506,/gifts-to-agra,F17-EXDFNP477,56
506,/gifts-to-agra,F17-EXDFNPLW13,57
506,/gifts-to-agra,F17-CAKECONH1945,58
506,/gifts-to-agra,F17-EX004,59
506,/gifts-to-agra,F17-EXDGREETING8,60
506,/gifts-to-agra,F17-CAKECHOO005,61
506,/gifts-to-agra,F17-EXFNP155,62
506,/gifts-to-agra,F17-VRTEXD1,63
506,/gifts-to-agra,F17-EXDFNP147,64
506,/gifts-to-agra,F17-VRTEXFNP182-20,65
506,/gifts-to-agra,F17-EXDFNP401,66
506,/gifts-to-agra,F17-EXFNP50,67
506,/gifts-to-agra,EXFNP219_CHOCO_BOQ,68
506,/gifts-to-agra,F17-EXDGREETING10,69
506,/gifts-to-agra,F17-EXDPLANT49,70
506,/gifts-to-agra,EXDPLANT49,71
506,/gifts-to-agra,F17-EGCAKECHOO005,72
506,/gifts-to-agra,F17-VRTEXFNP184-12,73
506,/gifts-to-agra,F17-EXDFNP542,74
506,/gifts-to-agra,F17-CAKECONH1834,75
506,/gifts-to-agra,F17-CAKECONH1822,76
506,/gifts-to-agra,F17-EGCAKECONH1897,77
506,/gifts-to-agra,EXFNP255_CHOCO_BOQ,78
506,/gifts-to-agra,F17-CAKEPINO014,79
506,/gifts-to-agra,VG234,80
506,/gifts-to-agra,F17-EXDFNPLW8,81
506,/gifts-to-agra,F17-EXDFNP465,82
506,/gifts-to-agra,CAKE11383,83
506,/gifts-to-agra,F17-CAKEHSTFLO017,84
506,/gifts-to-agra,EXFNP233_CHOCO_BOQ,85
506,/gifts-to-agra,CAKE38760,86
506,/gifts-to-agra,F17-EXDFNP2006,87
506,/gifts-to-agra,F17-EGCAKECONH310,88
506,/gifts-to-agra,F17-EXDFNP1010,89
506,/gifts-to-agra,F17-CAKEFRUO011,90
506,/gifts-to-agra,F17-EGCAKECONH1945,91
506,/gifts-to-agra,EXDCHOCO15,92
506,/gifts-to-agra,CAKE8256,93
506,/gifts-to-agra,F17-EXDFNP431,94
506,/gifts-to-agra,F17-CAKECONH874,95
506,/gifts-to-agra,F17-EXDFNP443,96
506,/gifts-to-agra,F17-EGCAKEPINO014,97
506,/gifts-to-agra,CAKE11838,98
506,/gifts-to-agra,F17-EGCAKEFRUO011,99
506,/gifts-to-agra,F17-EXDFNPLW9,100
506,/gifts-to-agra,F17-CAKECONH1780,101
506,/gifts-to-agra,GIFTSFNP4602,102
506,/gifts-to-agra,F17-EXDFNP494,103
506,/gifts-to-agra,EXDFNP494,104
506,/gifts-to-agra,EXFNP230_CHOCO_BOQ,105
506,/gifts-to-agra,F17-CAKECON3081,106
506,/gifts-to-agra,F17-EXFNP28,107
506,/gifts-to-agra,CAKE6876,108
506,/gifts-to-agra,F17-EXDFNP1000,109
506,/gifts-to-agra,F17-VAREXDFNP430,110
506,/gifts-to-agra,CAKE8930,111
506,/gifts-to-agra,F17-EX0065,112
506,/gifts-to-agra,CAKE11320,113
506,/gifts-to-agra,F17-EXDGREETING9,114
506,/gifts-to-agra,F17-CAKECONH25,115
506,/gifts-to-agra,F17-EGCAKECONH1780,116
506,/gifts-to-agra,F17-EXDFNP567,117
506,/gifts-to-agra,F17-EGCAKECONH1834,118
506,/gifts-to-agra,F17-EXDFNP508,119
506,/gifts-to-agra,GIFTSFNP1952,120
506,/gifts-to-agra,F17-EGCAKECONH1822,121
506,/gifts-to-agra,EXFNP232_CHOCO_BOQ,122
506,/gifts-to-agra,F17-EXDFNP1032,123
506,/gifts-to-agra,F17-EGCAKECONH874,124
506,/gifts-to-agra,F17-EXDFNP437,125
506,/gifts-to-agra,F17-EX0061,126
506,/gifts-to-agra,GIFTSFNP4600,127
507,/gifts-to-allahabad,F17-VRTEXFNP182,1
507,/gifts-to-allahabad,F17-CAKECHOH004,2
507,/gifts-to-allahabad,CAKECHOH004,3
507,/gifts-to-allahabad,F17-VRTEXFNP183,4
507,/gifts-to-allahabad,F17-EXFNP213_CHOCO_BOQ,5
507,/gifts-to-allahabad,F17-EGCAKEPINH013,6
507,/gifts-to-allahabad,F17-EXFNP29,7
507,/gifts-to-allahabad,EXFNP29,8
507,/gifts-to-allahabad,F17-CAKEBLFTH019,9
507,/gifts-to-allahabad,CAKEBLFTH019,10
507,/gifts-to-allahabad,F17-VRTEXFNP182-12,11
507,/gifts-to-allahabad,F17-VRTEXFNP181,12
507,/gifts-to-allahabad,GIFTSFNP62,13
507,/gifts-to-allahabad,GIFTSFNP2723,14
507,/gifts-to-allahabad,F17-VRTEXFNP184,15
507,/gifts-to-allahabad,F17-EXFNP202_CHOCO_BOQ,16
507,/gifts-to-allahabad,F17-EGCAKEBLFTH019,17
507,/gifts-to-allahabad,F17-EXDPLANT2,18
507,/gifts-to-allahabad,EXFNP220_CHOCO_BOQ,19
507,/gifts-to-allahabad,F17-EXDGREETING11,20
507,/gifts-to-allahabad,CAKE0091,21
507,/gifts-to-allahabad,F17-EXFNP51,22
507,/gifts-to-allahabad,F17-EXDFNP442,23
507,/gifts-to-allahabad,EXFNP221_CHOCO_BOQ,24
507,/gifts-to-allahabad,F17-EXDFNP1009,25
507,/gifts-to-allahabad,EXDFNP1009,26
507,/gifts-to-allahabad,F17-CAKEBUTTH007,27
507,/gifts-to-allahabad,F17-EXDFNP537,28
507,/gifts-to-allahabad,CAKE9078,29
507,/gifts-to-allahabad,F17-EXDFNPLW11,30
507,/gifts-to-allahabad,F17-EXFNP204_CHOCO_BOQ,31
507,/gifts-to-allahabad,EXFNP204_CHOCO_BOQ,32
507,/gifts-to-allahabad,F17-CAKEVANH022,33
507,/gifts-to-allahabad,F17-EGCAKEBUTTH007,34
507,/gifts-to-allahabad,F17-EXDFNP488,35
507,/gifts-to-allahabad,F17-CAKETFLOE001,36
507,/gifts-to-allahabad,F17-VRTEXFNP183-12,37
507,/gifts-to-allahabad,F17-VAREXDFNP406,38
507,/gifts-to-allahabad,F17-CAKECONH1897,39
507,/gifts-to-allahabad,F17-EXFNP70,40
507,/gifts-to-allahabad,GIFTSFNP4596,41
507,/gifts-to-allahabad,F17-EXDFNP69,42
507,/gifts-to-allahabad,GIFTSFNP1953,43
507,/gifts-to-allahabad,F17-EGCAKEVANH022,44
507,/gifts-to-allahabad,F17-CAKEBLFTO020,45
507,/gifts-to-allahabad,F17-EXFNP41,46
507,/gifts-to-allahabad,F17-EXDFNP419,47
507,/gifts-to-allahabad,F17-CAKECONH304,48
507,/gifts-to-allahabad,CAKE10604,49
507,/gifts-to-allahabad,EXFNP222_CHOCO_BOQ,50
507,/gifts-to-allahabad,F17-CAKECONH310,51
507,/gifts-to-allahabad,F17-EXDFNP630,52
507,/gifts-to-allahabad,F17-EXDFNP460,53
507,/gifts-to-allahabad,CAKE6071,54
507,/gifts-to-allahabad,F17-EGCAKEBLFTO020,55
507,/gifts-to-allahabad,F17-EXDFNP477,56
507,/gifts-to-allahabad,F17-EXDFNPLW13,57
507,/gifts-to-allahabad,F17-CAKECONH1945,58
507,/gifts-to-allahabad,F17-EX004,59
507,/gifts-to-allahabad,F17-EXDGREETING8,60
507,/gifts-to-allahabad,F17-CAKECHOO005,61
507,/gifts-to-allahabad,F17-EXFNP155,62
507,/gifts-to-allahabad,F17-VRTEXD1,63
507,/gifts-to-allahabad,F17-EXDFNP147,64
507,/gifts-to-allahabad,F17-VRTEXFNP182-20,65
507,/gifts-to-allahabad,F17-EXDFNP401,66
507,/gifts-to-allahabad,F17-EXFNP50,67
507,/gifts-to-allahabad,EXFNP219_CHOCO_BOQ,68
507,/gifts-to-allahabad,F17-EXDGREETING10,69
507,/gifts-to-allahabad,F17-EXDPLANT49,70
507,/gifts-to-allahabad,EXDPLANT49,71
507,/gifts-to-allahabad,F17-EGCAKECHOO005,72
507,/gifts-to-allahabad,F17-VRTEXFNP184-12,73
507,/gifts-to-allahabad,F17-EXDFNP542,74
507,/gifts-to-allahabad,F17-CAKECONH1834,75
507,/gifts-to-allahabad,F17-CAKECONH1822,76
507,/gifts-to-allahabad,F17-EGCAKECONH1897,77
507,/gifts-to-allahabad,EXFNP255_CHOCO_BOQ,78
507,/gifts-to-allahabad,F17-CAKEPINO014,79
507,/gifts-to-allahabad,VG234,80
507,/gifts-to-allahabad,F17-EXDFNPLW8,81
507,/gifts-to-allahabad,F17-EXDFNP465,82
507,/gifts-to-allahabad,CAKE11383,83
507,/gifts-to-allahabad,F17-CAKEHSTFLO017,84
507,/gifts-to-allahabad,EXFNP233_CHOCO_BOQ,85
507,/gifts-to-allahabad,CAKE38760,86
507,/gifts-to-allahabad,F17-EXDFNP2006,87
507,/gifts-to-allahabad,F17-EGCAKECONH310,88
507,/gifts-to-allahabad,F17-EXDFNP1010,89
507,/gifts-to-allahabad,F17-CAKEFRUO011,90
507,/gifts-to-allahabad,F17-EGCAKECONH1945,91
507,/gifts-to-allahabad,EXDCHOCO15,92
507,/gifts-to-allahabad,CAKE8256,93
507,/gifts-to-allahabad,F17-EXDFNP431,94
507,/gifts-to-allahabad,F17-CAKECONH874,95
507,/gifts-to-allahabad,F17-EXDFNP443,96
507,/gifts-to-allahabad,F17-EGCAKEPINO014,97
507,/gifts-to-allahabad,CAKE11838,98
507,/gifts-to-allahabad,F17-EGCAKEFRUO011,99
507,/gifts-to-allahabad,F17-EXDFNPLW9,100
507,/gifts-to-allahabad,F17-CAKECONH1780,101
507,/gifts-to-allahabad,GIFTSFNP4602,102
507,/gifts-to-allahabad,F17-EXDFNP494,103
507,/gifts-to-allahabad,EXDFNP494,104
507,/gifts-to-allahabad,EXFNP230_CHOCO_BOQ,105
507,/gifts-to-allahabad,F17-CAKECON3081,106
507,/gifts-to-allahabad,F17-EXFNP28,107
507,/gifts-to-allahabad,CAKE6876,108
507,/gifts-to-allahabad,F17-EXDFNP1000,109
507,/gifts-to-allahabad,F17-VAREXDFNP430,110
507,/gifts-to-allahabad,CAKE8930,111
507,/gifts-to-allahabad,F17-EX0065,112
507,/gifts-to-allahabad,CAKE11320,113
507,/gifts-to-allahabad,F17-EXDGREETING9,114
507,/gifts-to-allahabad,F17-CAKECONH25,115
507,/gifts-to-allahabad,F17-EGCAKECONH1780,116
507,/gifts-to-allahabad,F17-EXDFNP567,117
507,/gifts-to-allahabad,F17-EGCAKECONH1834,118
507,/gifts-to-allahabad,F17-EXDFNP508,119
507,/gifts-to-allahabad,GIFTSFNP1952,120
507,/gifts-to-allahabad,F17-EGCAKECONH1822,121
507,/gifts-to-allahabad,EXFNP232_CHOCO_BOQ,122
507,/gifts-to-allahabad,F17-EXDFNP1032,123
507,/gifts-to-allahabad,F17-EGCAKECONH874,124
507,/gifts-to-allahabad,F17-EXDFNP437,125
507,/gifts-to-allahabad,F17-EX0061,126
507,/gifts-to-allahabad,GIFTSFNP4600,127
508,/gifts-to-amritsar,F17-VRTEXFNP182,1
508,/gifts-to-amritsar,F17-CAKECHOH004,2
508,/gifts-to-amritsar,CAKECHOH004,3
508,/gifts-to-amritsar,F17-VRTEXFNP183,4
508,/gifts-to-amritsar,F17-EXFNP213_CHOCO_BOQ,5
508,/gifts-to-amritsar,F17-EGCAKEPINH013,6
508,/gifts-to-amritsar,F17-EXFNP29,7
508,/gifts-to-amritsar,EXFNP29,8
508,/gifts-to-amritsar,F17-CAKEBLFTH019,9
508,/gifts-to-amritsar,CAKEBLFTH019,10
508,/gifts-to-amritsar,F17-VRTEXFNP182-12,11
508,/gifts-to-amritsar,F17-VRTEXFNP181,12
508,/gifts-to-amritsar,GIFTSFNP62,13
508,/gifts-to-amritsar,GIFTSFNP2723,14
508,/gifts-to-amritsar,F17-VRTEXFNP184,15
508,/gifts-to-amritsar,F17-EXFNP202_CHOCO_BOQ,16
508,/gifts-to-amritsar,F17-EGCAKEBLFTH019,17
508,/gifts-to-amritsar,F17-EXDPLANT2,18
508,/gifts-to-amritsar,EXFNP220_CHOCO_BOQ,19
508,/gifts-to-amritsar,F17-EXDGREETING11,20
508,/gifts-to-amritsar,CAKE0091,21
508,/gifts-to-amritsar,F17-EXFNP51,22
508,/gifts-to-amritsar,F17-EXDFNP442,23
508,/gifts-to-amritsar,EXFNP221_CHOCO_BOQ,24
508,/gifts-to-amritsar,F17-EXDFNP1009,25
508,/gifts-to-amritsar,EXDFNP1009,26
508,/gifts-to-amritsar,F17-CAKEBUTTH007,27
508,/gifts-to-amritsar,F17-EXDFNP537,28
508,/gifts-to-amritsar,CAKE9078,29
508,/gifts-to-amritsar,F17-EXDFNPLW11,30
508,/gifts-to-amritsar,F17-EXFNP204_CHOCO_BOQ,31
508,/gifts-to-amritsar,EXFNP204_CHOCO_BOQ,32
508,/gifts-to-amritsar,F17-CAKEVANH022,33
508,/gifts-to-amritsar,F17-EGCAKEBUTTH007,34
508,/gifts-to-amritsar,F17-EXDFNP488,35
508,/gifts-to-amritsar,F17-CAKETFLOE001,36
508,/gifts-to-amritsar,F17-VRTEXFNP183-12,37
508,/gifts-to-amritsar,F17-VAREXDFNP406,38
508,/gifts-to-amritsar,F17-CAKECONH1897,39
508,/gifts-to-amritsar,F17-EXFNP70,40
508,/gifts-to-amritsar,GIFTSFNP4596,41
508,/gifts-to-amritsar,F17-EXDFNP69,42
508,/gifts-to-amritsar,GIFTSFNP1953,43
508,/gifts-to-amritsar,F17-EGCAKEVANH022,44
508,/gifts-to-amritsar,F17-CAKEBLFTO020,45
508,/gifts-to-amritsar,F17-EXFNP41,46
508,/gifts-to-amritsar,F17-EXDFNP419,47
508,/gifts-to-amritsar,F17-CAKECONH304,48
508,/gifts-to-amritsar,CAKE10604,49
508,/gifts-to-amritsar,EXFNP222_CHOCO_BOQ,50
508,/gifts-to-amritsar,F17-CAKECONH310,51
508,/gifts-to-amritsar,F17-EXDFNP630,52
508,/gifts-to-amritsar,F17-EXDFNP460,53
508,/gifts-to-amritsar,CAKE6071,54
508,/gifts-to-amritsar,F17-EGCAKEBLFTO020,55
508,/gifts-to-amritsar,F17-EXDFNP477,56
508,/gifts-to-amritsar,F17-EXDFNPLW13,57
508,/gifts-to-amritsar,F17-CAKECONH1945,58
508,/gifts-to-amritsar,F17-EX004,59
508,/gifts-to-amritsar,F17-EXDGREETING8,60
508,/gifts-to-amritsar,F17-CAKECHOO005,61
508,/gifts-to-amritsar,F17-EXFNP155,62
508,/gifts-to-amritsar,F17-VRTEXD1,63
508,/gifts-to-amritsar,F17-EXDFNP147,64
508,/gifts-to-amritsar,F17-VRTEXFNP182-20,65
508,/gifts-to-amritsar,F17-EXDFNP401,66
508,/gifts-to-amritsar,F17-EXFNP50,67
508,/gifts-to-amritsar,EXFNP219_CHOCO_BOQ,68
508,/gifts-to-amritsar,F17-EXDGREETING10,69
508,/gifts-to-amritsar,F17-EXDPLANT49,70
508,/gifts-to-amritsar,EXDPLANT49,71
508,/gifts-to-amritsar,F17-EGCAKECHOO005,72
508,/gifts-to-amritsar,F17-VRTEXFNP184-12,73
508,/gifts-to-amritsar,F17-EXDFNP542,74
508,/gifts-to-amritsar,F17-CAKECONH1834,75
508,/gifts-to-amritsar,F17-CAKECONH1822,76
508,/gifts-to-amritsar,F17-EGCAKECONH1897,77
508,/gifts-to-amritsar,EXFNP255_CHOCO_BOQ,78
508,/gifts-to-amritsar,F17-CAKEPINO014,79
508,/gifts-to-amritsar,VG234,80
508,/gifts-to-amritsar,F17-EXDFNPLW8,81
508,/gifts-to-amritsar,F17-EXDFNP465,82
508,/gifts-to-amritsar,CAKE11383,83
508,/gifts-to-amritsar,F17-CAKEHSTFLO017,84
508,/gifts-to-amritsar,EXFNP233_CHOCO_BOQ,85
508,/gifts-to-amritsar,CAKE38760,86
508,/gifts-to-amritsar,F17-EXDFNP2006,87
508,/gifts-to-amritsar,F17-EGCAKECONH310,88
508,/gifts-to-amritsar,F17-EXDFNP1010,89
508,/gifts-to-amritsar,F17-CAKEFRUO011,90
508,/gifts-to-amritsar,F17-EGCAKECONH1945,91
508,/gifts-to-amritsar,EXDCHOCO15,92
508,/gifts-to-amritsar,CAKE8256,93
508,/gifts-to-amritsar,F17-EXDFNP431,94
508,/gifts-to-amritsar,F17-CAKECONH874,95
508,/gifts-to-amritsar,F17-EXDFNP443,96
508,/gifts-to-amritsar,F17-EGCAKEPINO014,97
508,/gifts-to-amritsar,CAKE11838,98
508,/gifts-to-amritsar,F17-EGCAKEFRUO011,99
508,/gifts-to-amritsar,F17-EXDFNPLW9,100
508,/gifts-to-amritsar,F17-CAKECONH1780,101
508,/gifts-to-amritsar,GIFTSFNP4602,102
508,/gifts-to-amritsar,F17-EXDFNP494,103
508,/gifts-to-amritsar,EXDFNP494,104
508,/gifts-to-amritsar,EXFNP230_CHOCO_BOQ,105
508,/gifts-to-amritsar,F17-CAKECON3081,106
508,/gifts-to-amritsar,F17-EXFNP28,107
508,/gifts-to-amritsar,CAKE6876,108
508,/gifts-to-amritsar,F17-EXDFNP1000,109
508,/gifts-to-amritsar,F17-VAREXDFNP430,110
508,/gifts-to-amritsar,CAKE8930,111
508,/gifts-to-amritsar,F17-EX0065,112
508,/gifts-to-amritsar,CAKE11320,113
508,/gifts-to-amritsar,F17-EXDGREETING9,114
508,/gifts-to-amritsar,F17-CAKECONH25,115
508,/gifts-to-amritsar,F17-EGCAKECONH1780,116
508,/gifts-to-amritsar,F17-EXDFNP567,117
508,/gifts-to-amritsar,F17-EGCAKECONH1834,118
508,/gifts-to-amritsar,F17-EXDFNP508,119
508,/gifts-to-amritsar,GIFTSFNP1952,120
508,/gifts-to-amritsar,F17-EGCAKECONH1822,121
508,/gifts-to-amritsar,EXFNP232_CHOCO_BOQ,122
508,/gifts-to-amritsar,F17-EXDFNP1032,123
508,/gifts-to-amritsar,F17-EGCAKECONH874,124
508,/gifts-to-amritsar,F17-EXDFNP437,125
508,/gifts-to-amritsar,F17-EX0061,126
508,/gifts-to-amritsar,GIFTSFNP4600,127
509,/gifts-to-vadodara,F17-VRTEXFNP182,1
509,/gifts-to-vadodara,F17-CAKECHOH004,2
509,/gifts-to-vadodara,CAKECHOH004,3
509,/gifts-to-vadodara,F17-VRTEXFNP183,4
509,/gifts-to-vadodara,F17-EXFNP213_CHOCO_BOQ,5
509,/gifts-to-vadodara,F17-EGCAKEPINH013,6
509,/gifts-to-vadodara,F17-EXFNP29,7
509,/gifts-to-vadodara,EXFNP29,8
509,/gifts-to-vadodara,F17-CAKEBLFTH019,9
509,/gifts-to-vadodara,CAKEBLFTH019,10
509,/gifts-to-vadodara,F17-VRTEXFNP182-12,11
509,/gifts-to-vadodara,F17-VRTEXFNP181,12
509,/gifts-to-vadodara,GIFTSFNP62,13
509,/gifts-to-vadodara,GIFTSFNP2723,14
509,/gifts-to-vadodara,F17-VRTEXFNP184,15
509,/gifts-to-vadodara,F17-EXFNP202_CHOCO_BOQ,16
509,/gifts-to-vadodara,F17-EGCAKEBLFTH019,17
509,/gifts-to-vadodara,F17-EXDPLANT2,18
509,/gifts-to-vadodara,EXFNP220_CHOCO_BOQ,19
509,/gifts-to-vadodara,F17-EXDGREETING11,20
509,/gifts-to-vadodara,CAKE0091,21
509,/gifts-to-vadodara,F17-EXFNP51,22
509,/gifts-to-vadodara,F17-EXDFNP442,23
509,/gifts-to-vadodara,EXFNP221_CHOCO_BOQ,24
509,/gifts-to-vadodara,F17-EXDFNP1009,25
509,/gifts-to-vadodara,EXDFNP1009,26
509,/gifts-to-vadodara,F17-CAKEBUTTH007,27
509,/gifts-to-vadodara,F17-EXDFNP537,28
509,/gifts-to-vadodara,CAKE9078,29
509,/gifts-to-vadodara,F17-EXDFNPLW11,30
509,/gifts-to-vadodara,F17-EXFNP204_CHOCO_BOQ,31
509,/gifts-to-vadodara,EXFNP204_CHOCO_BOQ,32
509,/gifts-to-vadodara,F17-CAKEVANH022,33
509,/gifts-to-vadodara,F17-EGCAKEBUTTH007,34
509,/gifts-to-vadodara,F17-EXDFNP488,35
509,/gifts-to-vadodara,F17-CAKETFLOE001,36
509,/gifts-to-vadodara,F17-VRTEXFNP183-12,37
509,/gifts-to-vadodara,F17-VAREXDFNP406,38
509,/gifts-to-vadodara,F17-CAKECONH1897,39
509,/gifts-to-vadodara,F17-EXFNP70,40
509,/gifts-to-vadodara,GIFTSFNP4596,41
509,/gifts-to-vadodara,F17-EXDFNP69,42
509,/gifts-to-vadodara,GIFTSFNP1953,43
509,/gifts-to-vadodara,F17-EGCAKEVANH022,44
509,/gifts-to-vadodara,F17-CAKEBLFTO020,45
509,/gifts-to-vadodara,F17-EXFNP41,46
509,/gifts-to-vadodara,F17-EXDFNP419,47
509,/gifts-to-vadodara,F17-CAKECONH304,48
509,/gifts-to-vadodara,CAKE10604,49
509,/gifts-to-vadodara,EXFNP222_CHOCO_BOQ,50
509,/gifts-to-vadodara,F17-CAKECONH310,51
509,/gifts-to-vadodara,F17-EXDFNP630,52
509,/gifts-to-vadodara,F17-EXDFNP460,53
509,/gifts-to-vadodara,CAKE6071,54
509,/gifts-to-vadodara,F17-EGCAKEBLFTO020,55
509,/gifts-to-vadodara,F17-EXDFNP477,56
509,/gifts-to-vadodara,F17-EXDFNPLW13,57
509,/gifts-to-vadodara,F17-CAKECONH1945,58
509,/gifts-to-vadodara,F17-EX004,59
509,/gifts-to-vadodara,F17-EXDGREETING8,60
509,/gifts-to-vadodara,F17-CAKECHOO005,61
509,/gifts-to-vadodara,F17-EXFNP155,62
509,/gifts-to-vadodara,F17-VRTEXD1,63
509,/gifts-to-vadodara,F17-EXDFNP147,64
509,/gifts-to-vadodara,F17-VRTEXFNP182-20,65
509,/gifts-to-vadodara,F17-EXDFNP401,66
509,/gifts-to-vadodara,F17-EXFNP50,67
509,/gifts-to-vadodara,EXFNP219_CHOCO_BOQ,68
509,/gifts-to-vadodara,F17-EXDGREETING10,69
509,/gifts-to-vadodara,F17-EXDPLANT49,70
509,/gifts-to-vadodara,EXDPLANT49,71
509,/gifts-to-vadodara,F17-EGCAKECHOO005,72
509,/gifts-to-vadodara,F17-VRTEXFNP184-12,73
509,/gifts-to-vadodara,F17-EXDFNP542,74
509,/gifts-to-vadodara,F17-CAKECONH1834,75
509,/gifts-to-vadodara,F17-CAKECONH1822,76
509,/gifts-to-vadodara,F17-EGCAKECONH1897,77
509,/gifts-to-vadodara,EXFNP255_CHOCO_BOQ,78
509,/gifts-to-vadodara,F17-CAKEPINO014,79
509,/gifts-to-vadodara,VG234,80
509,/gifts-to-vadodara,F17-EXDFNPLW8,81
509,/gifts-to-vadodara,F17-EXDFNP465,82
509,/gifts-to-vadodara,CAKE11383,83
509,/gifts-to-vadodara,F17-CAKEHSTFLO017,84
509,/gifts-to-vadodara,EXFNP233_CHOCO_BOQ,85
509,/gifts-to-vadodara,CAKE38760,86
509,/gifts-to-vadodara,F17-EXDFNP2006,87
509,/gifts-to-vadodara,F17-EGCAKECONH310,88
509,/gifts-to-vadodara,F17-EXDFNP1010,89
509,/gifts-to-vadodara,F17-CAKEFRUO011,90
509,/gifts-to-vadodara,F17-EGCAKECONH1945,91
509,/gifts-to-vadodara,EXDCHOCO15,92
509,/gifts-to-vadodara,CAKE8256,93
509,/gifts-to-vadodara,F17-EXDFNP431,94
509,/gifts-to-vadodara,F17-CAKECONH874,95
509,/gifts-to-vadodara,F17-EXDFNP443,96
509,/gifts-to-vadodara,F17-EGCAKEPINO014,97
509,/gifts-to-vadodara,CAKE11838,98
509,/gifts-to-vadodara,F17-EGCAKEFRUO011,99
509,/gifts-to-vadodara,F17-EXDFNPLW9,100
509,/gifts-to-vadodara,F17-CAKECONH1780,101
509,/gifts-to-vadodara,GIFTSFNP4602,102
509,/gifts-to-vadodara,F17-EXDFNP494,103
509,/gifts-to-vadodara,EXDFNP494,104
509,/gifts-to-vadodara,EXFNP230_CHOCO_BOQ,105
509,/gifts-to-vadodara,F17-CAKECON3081,106
509,/gifts-to-vadodara,F17-EXFNP28,107
509,/gifts-to-vadodara,CAKE6876,108
509,/gifts-to-vadodara,F17-EXDFNP1000,109
509,/gifts-to-vadodara,F17-VAREXDFNP430,110
509,/gifts-to-vadodara,CAKE8930,111
509,/gifts-to-vadodara,F17-EX0065,112
509,/gifts-to-vadodara,CAKE11320,113
509,/gifts-to-vadodara,F17-EXDGREETING9,114
509,/gifts-to-vadodara,F17-CAKECONH25,115
509,/gifts-to-vadodara,F17-EGCAKECONH1780,116
509,/gifts-to-vadodara,F17-EXDFNP567,117
509,/gifts-to-vadodara,F17-EGCAKECONH1834,118
509,/gifts-to-vadodara,F17-EXDFNP508,119
509,/gifts-to-vadodara,GIFTSFNP1952,120
509,/gifts-to-vadodara,F17-EGCAKECONH1822,121
509,/gifts-to-vadodara,EXFNP232_CHOCO_BOQ,122
509,/gifts-to-vadodara,F17-EXDFNP1032,123
509,/gifts-to-vadodara,F17-EGCAKECONH874,124
509,/gifts-to-vadodara,F17-EXDFNP437,125
509,/gifts-to-vadodara,F17-EX0061,126
509,/gifts-to-vadodara,GIFTSFNP4600,127
510,/gifts-to-bhopal,F17-VRTEXFNP182,1
510,/gifts-to-bhopal,F17-CAKECHOH004,2
510,/gifts-to-bhopal,CAKECHOH004,3
510,/gifts-to-bhopal,F17-VRTEXFNP183,4
510,/gifts-to-bhopal,F17-EXFNP213_CHOCO_BOQ,5
510,/gifts-to-bhopal,F17-EGCAKEPINH013,6
510,/gifts-to-bhopal,F17-EXFNP29,7
510,/gifts-to-bhopal,EXFNP29,8
510,/gifts-to-bhopal,F17-CAKEBLFTH019,9
510,/gifts-to-bhopal,CAKEBLFTH019,10
510,/gifts-to-bhopal,F17-VRTEXFNP182-12,11
510,/gifts-to-bhopal,F17-VRTEXFNP181,12
510,/gifts-to-bhopal,GIFTSFNP62,13
510,/gifts-to-bhopal,GIFTSFNP2723,14
510,/gifts-to-bhopal,F17-VRTEXFNP184,15
510,/gifts-to-bhopal,F17-EXFNP202_CHOCO_BOQ,16
510,/gifts-to-bhopal,F17-EGCAKEBLFTH019,17
510,/gifts-to-bhopal,F17-EXDPLANT2,18
510,/gifts-to-bhopal,EXFNP220_CHOCO_BOQ,19
510,/gifts-to-bhopal,F17-EXDGREETING11,20
510,/gifts-to-bhopal,CAKE0091,21
510,/gifts-to-bhopal,F17-EXFNP51,22
510,/gifts-to-bhopal,F17-EXDFNP442,23
510,/gifts-to-bhopal,EXFNP221_CHOCO_BOQ,24
510,/gifts-to-bhopal,F17-EXDFNP1009,25
510,/gifts-to-bhopal,EXDFNP1009,26
510,/gifts-to-bhopal,F17-CAKEBUTTH007,27
510,/gifts-to-bhopal,F17-EXDFNP537,28
510,/gifts-to-bhopal,CAKE9078,29
510,/gifts-to-bhopal,F17-EXDFNPLW11,30
510,/gifts-to-bhopal,F17-EXFNP204_CHOCO_BOQ,31
510,/gifts-to-bhopal,EXFNP204_CHOCO_BOQ,32
510,/gifts-to-bhopal,F17-CAKEVANH022,33
510,/gifts-to-bhopal,F17-EGCAKEBUTTH007,34
510,/gifts-to-bhopal,F17-EXDFNP488,35
510,/gifts-to-bhopal,F17-CAKETFLOE001,36
510,/gifts-to-bhopal,F17-VRTEXFNP183-12,37
510,/gifts-to-bhopal,F17-VAREXDFNP406,38
510,/gifts-to-bhopal,F17-CAKECONH1897,39
510,/gifts-to-bhopal,F17-EXFNP70,40
510,/gifts-to-bhopal,GIFTSFNP4596,41
510,/gifts-to-bhopal,F17-EXDFNP69,42
510,/gifts-to-bhopal,GIFTSFNP1953,43
510,/gifts-to-bhopal,F17-EGCAKEVANH022,44
510,/gifts-to-bhopal,F17-CAKEBLFTO020,45
510,/gifts-to-bhopal,F17-EXFNP41,46
510,/gifts-to-bhopal,F17-EXDFNP419,47
510,/gifts-to-bhopal,F17-CAKECONH304,48
510,/gifts-to-bhopal,CAKE10604,49
510,/gifts-to-bhopal,EXFNP222_CHOCO_BOQ,50
510,/gifts-to-bhopal,F17-CAKECONH310,51
510,/gifts-to-bhopal,F17-EXDFNP630,52
510,/gifts-to-bhopal,F17-EXDFNP460,53
510,/gifts-to-bhopal,CAKE6071,54
510,/gifts-to-bhopal,F17-EGCAKEBLFTO020,55
510,/gifts-to-bhopal,F17-EXDFNP477,56
510,/gifts-to-bhopal,F17-EXDFNPLW13,57
510,/gifts-to-bhopal,F17-CAKECONH1945,58
510,/gifts-to-bhopal,F17-EX004,59
510,/gifts-to-bhopal,F17-EXDGREETING8,60
510,/gifts-to-bhopal,F17-CAKECHOO005,61
510,/gifts-to-bhopal,F17-EXFNP155,62
510,/gifts-to-bhopal,F17-VRTEXD1,63
510,/gifts-to-bhopal,F17-EXDFNP147,64
510,/gifts-to-bhopal,F17-VRTEXFNP182-20,65
510,/gifts-to-bhopal,F17-EXDFNP401,66
510,/gifts-to-bhopal,F17-EXFNP50,67
510,/gifts-to-bhopal,EXFNP219_CHOCO_BOQ,68
510,/gifts-to-bhopal,F17-EXDGREETING10,69
510,/gifts-to-bhopal,F17-EXDPLANT49,70
510,/gifts-to-bhopal,EXDPLANT49,71
510,/gifts-to-bhopal,F17-EGCAKECHOO005,72
510,/gifts-to-bhopal,F17-VRTEXFNP184-12,73
510,/gifts-to-bhopal,F17-EXDFNP542,74
510,/gifts-to-bhopal,F17-CAKECONH1834,75
510,/gifts-to-bhopal,F17-CAKECONH1822,76
510,/gifts-to-bhopal,F17-EGCAKECONH1897,77
510,/gifts-to-bhopal,EXFNP255_CHOCO_BOQ,78
510,/gifts-to-bhopal,F17-CAKEPINO014,79
510,/gifts-to-bhopal,VG234,80
510,/gifts-to-bhopal,F17-EXDFNPLW8,81
510,/gifts-to-bhopal,F17-EXDFNP465,82
510,/gifts-to-bhopal,CAKE11383,83
510,/gifts-to-bhopal,F17-CAKEHSTFLO017,84
510,/gifts-to-bhopal,EXFNP233_CHOCO_BOQ,85
510,/gifts-to-bhopal,CAKE38760,86
510,/gifts-to-bhopal,F17-EXDFNP2006,87
510,/gifts-to-bhopal,F17-EGCAKECONH310,88
510,/gifts-to-bhopal,F17-EXDFNP1010,89
510,/gifts-to-bhopal,F17-CAKEFRUO011,90
510,/gifts-to-bhopal,F17-EGCAKECONH1945,91
510,/gifts-to-bhopal,EXDCHOCO15,92
510,/gifts-to-bhopal,CAKE8256,93
510,/gifts-to-bhopal,F17-EXDFNP431,94
510,/gifts-to-bhopal,F17-CAKECONH874,95
510,/gifts-to-bhopal,F17-EXDFNP443,96
510,/gifts-to-bhopal,F17-EGCAKEPINO014,97
510,/gifts-to-bhopal,CAKE11838,98
510,/gifts-to-bhopal,F17-EGCAKEFRUO011,99
510,/gifts-to-bhopal,F17-EXDFNPLW9,100
510,/gifts-to-bhopal,F17-CAKECONH1780,101
510,/gifts-to-bhopal,GIFTSFNP4602,102
510,/gifts-to-bhopal,F17-EXDFNP494,103
510,/gifts-to-bhopal,EXDFNP494,104
510,/gifts-to-bhopal,EXFNP230_CHOCO_BOQ,105
510,/gifts-to-bhopal,F17-CAKECON3081,106
510,/gifts-to-bhopal,F17-EXFNP28,107
510,/gifts-to-bhopal,CAKE6876,108
510,/gifts-to-bhopal,F17-EXDFNP1000,109
510,/gifts-to-bhopal,F17-VAREXDFNP430,110
510,/gifts-to-bhopal,CAKE8930,111
510,/gifts-to-bhopal,F17-EX0065,112
510,/gifts-to-bhopal,CAKE11320,113
510,/gifts-to-bhopal,F17-EXDGREETING9,114
510,/gifts-to-bhopal,F17-CAKECONH25,115
510,/gifts-to-bhopal,F17-EGCAKECONH1780,116
510,/gifts-to-bhopal,F17-EXDFNP567,117
510,/gifts-to-bhopal,F17-EGCAKECONH1834,118
510,/gifts-to-bhopal,F17-EXDFNP508,119
510,/gifts-to-bhopal,GIFTSFNP1952,120
510,/gifts-to-bhopal,F17-EGCAKECONH1822,121
510,/gifts-to-bhopal,EXFNP232_CHOCO_BOQ,122
510,/gifts-to-bhopal,F17-EXDFNP1032,123
510,/gifts-to-bhopal,F17-EGCAKECONH874,124
510,/gifts-to-bhopal,F17-EXDFNP437,125
510,/gifts-to-bhopal,F17-EX0061,126
510,/gifts-to-bhopal,GIFTSFNP4600,127
511,/gifts-to-chandigarh,F17-VRTEXFNP182,1
511,/gifts-to-chandigarh,F17-CAKECHOH004,2
511,/gifts-to-chandigarh,CAKECHOH004,3
511,/gifts-to-chandigarh,F17-VRTEXFNP183,4
511,/gifts-to-chandigarh,F17-EXFNP213_CHOCO_BOQ,5
511,/gifts-to-chandigarh,F17-EGCAKEPINH013,6
511,/gifts-to-chandigarh,F17-EXFNP29,7
511,/gifts-to-chandigarh,EXFNP29,8
511,/gifts-to-chandigarh,F17-CAKEBLFTH019,9
511,/gifts-to-chandigarh,CAKEBLFTH019,10
511,/gifts-to-chandigarh,F17-VRTEXFNP182-12,11
511,/gifts-to-chandigarh,F17-VRTEXFNP181,12
511,/gifts-to-chandigarh,GIFTSFNP62,13
511,/gifts-to-chandigarh,GIFTSFNP2723,14
511,/gifts-to-chandigarh,F17-VRTEXFNP184,15
511,/gifts-to-chandigarh,F17-EXFNP202_CHOCO_BOQ,16
511,/gifts-to-chandigarh,F17-EGCAKEBLFTH019,17
511,/gifts-to-chandigarh,F17-EXDPLANT2,18
511,/gifts-to-chandigarh,EXFNP220_CHOCO_BOQ,19
511,/gifts-to-chandigarh,F17-EXDGREETING11,20
511,/gifts-to-chandigarh,CAKE0091,21
511,/gifts-to-chandigarh,F17-EXFNP51,22
511,/gifts-to-chandigarh,F17-EXDFNP442,23
511,/gifts-to-chandigarh,EXFNP221_CHOCO_BOQ,24
511,/gifts-to-chandigarh,F17-EXDFNP1009,25
511,/gifts-to-chandigarh,EXDFNP1009,26
511,/gifts-to-chandigarh,F17-CAKEBUTTH007,27
511,/gifts-to-chandigarh,F17-EXDFNP537,28
511,/gifts-to-chandigarh,CAKE9078,29
511,/gifts-to-chandigarh,F17-EXDFNPLW11,30
511,/gifts-to-chandigarh,F17-EXFNP204_CHOCO_BOQ,31
511,/gifts-to-chandigarh,EXFNP204_CHOCO_BOQ,32
511,/gifts-to-chandigarh,F17-CAKEVANH022,33
511,/gifts-to-chandigarh,F17-EGCAKEBUTTH007,34
511,/gifts-to-chandigarh,F17-EXDFNP488,35
511,/gifts-to-chandigarh,F17-CAKETFLOE001,36
511,/gifts-to-chandigarh,F17-VRTEXFNP183-12,37
511,/gifts-to-chandigarh,F17-VAREXDFNP406,38
511,/gifts-to-chandigarh,F17-CAKECONH1897,39
511,/gifts-to-chandigarh,F17-EXFNP70,40
511,/gifts-to-chandigarh,GIFTSFNP4596,41
511,/gifts-to-chandigarh,F17-EXDFNP69,42
511,/gifts-to-chandigarh,GIFTSFNP1953,43
511,/gifts-to-chandigarh,F17-EGCAKEVANH022,44
511,/gifts-to-chandigarh,F17-CAKEBLFTO020,45
511,/gifts-to-chandigarh,F17-EXFNP41,46
511,/gifts-to-chandigarh,F17-EXDFNP419,47
511,/gifts-to-chandigarh,F17-CAKECONH304,48
511,/gifts-to-chandigarh,CAKE10604,49
511,/gifts-to-chandigarh,EXFNP222_CHOCO_BOQ,50
511,/gifts-to-chandigarh,F17-CAKECONH310,51
511,/gifts-to-chandigarh,F17-EXDFNP630,52
511,/gifts-to-chandigarh,F17-EXDFNP460,53
511,/gifts-to-chandigarh,CAKE6071,54
511,/gifts-to-chandigarh,F17-EGCAKEBLFTO020,55
511,/gifts-to-chandigarh,F17-EXDFNP477,56
511,/gifts-to-chandigarh,F17-EXDFNPLW13,57
511,/gifts-to-chandigarh,F17-CAKECONH1945,58
511,/gifts-to-chandigarh,F17-EX004,59
511,/gifts-to-chandigarh,F17-EXDGREETING8,60
511,/gifts-to-chandigarh,F17-CAKECHOO005,61
511,/gifts-to-chandigarh,F17-EXFNP155,62
511,/gifts-to-chandigarh,F17-VRTEXD1,63
511,/gifts-to-chandigarh,F17-EXDFNP147,64
511,/gifts-to-chandigarh,F17-VRTEXFNP182-20,65
511,/gifts-to-chandigarh,F17-EXDFNP401,66
511,/gifts-to-chandigarh,F17-EXFNP50,67
511,/gifts-to-chandigarh,EXFNP219_CHOCO_BOQ,68
511,/gifts-to-chandigarh,F17-EXDGREETING10,69
511,/gifts-to-chandigarh,F17-EXDPLANT49,70
511,/gifts-to-chandigarh,EXDPLANT49,71
511,/gifts-to-chandigarh,F17-EGCAKECHOO005,72
511,/gifts-to-chandigarh,F17-VRTEXFNP184-12,73
511,/gifts-to-chandigarh,F17-EXDFNP542,74
511,/gifts-to-chandigarh,F17-CAKECONH1834,75
511,/gifts-to-chandigarh,F17-CAKECONH1822,76
511,/gifts-to-chandigarh,F17-EGCAKECONH1897,77
511,/gifts-to-chandigarh,EXFNP255_CHOCO_BOQ,78
511,/gifts-to-chandigarh,F17-CAKEPINO014,79
511,/gifts-to-chandigarh,VG234,80
511,/gifts-to-chandigarh,F17-EXDFNPLW8,81
511,/gifts-to-chandigarh,F17-EXDFNP465,82
511,/gifts-to-chandigarh,CAKE11383,83
511,/gifts-to-chandigarh,F17-CAKEHSTFLO017,84
511,/gifts-to-chandigarh,EXFNP233_CHOCO_BOQ,85
511,/gifts-to-chandigarh,CAKE38760,86
511,/gifts-to-chandigarh,F17-EXDFNP2006,87
511,/gifts-to-chandigarh,F17-EGCAKECONH310,88
511,/gifts-to-chandigarh,F17-EXDFNP1010,89
511,/gifts-to-chandigarh,F17-CAKEFRUO011,90
511,/gifts-to-chandigarh,F17-EGCAKECONH1945,91
511,/gifts-to-chandigarh,EXDCHOCO15,92
511,/gifts-to-chandigarh,CAKE8256,93
511,/gifts-to-chandigarh,F17-EXDFNP431,94
511,/gifts-to-chandigarh,F17-CAKECONH874,95
511,/gifts-to-chandigarh,F17-EXDFNP443,96
511,/gifts-to-chandigarh,F17-EGCAKEPINO014,97
511,/gifts-to-chandigarh,CAKE11838,98
511,/gifts-to-chandigarh,F17-EGCAKEFRUO011,99
511,/gifts-to-chandigarh,F17-EXDFNPLW9,100
511,/gifts-to-chandigarh,F17-CAKECONH1780,101
511,/gifts-to-chandigarh,GIFTSFNP4602,102
511,/gifts-to-chandigarh,F17-EXDFNP494,103
511,/gifts-to-chandigarh,EXDFNP494,104
511,/gifts-to-chandigarh,EXFNP230_CHOCO_BOQ,105
511,/gifts-to-chandigarh,F17-CAKECON3081,106
511,/gifts-to-chandigarh,F17-EXFNP28,107
511,/gifts-to-chandigarh,CAKE6876,108
511,/gifts-to-chandigarh,F17-EXDFNP1000,109
511,/gifts-to-chandigarh,F17-VAREXDFNP430,110
511,/gifts-to-chandigarh,CAKE8930,111
511,/gifts-to-chandigarh,F17-EX0065,112
511,/gifts-to-chandigarh,CAKE11320,113
511,/gifts-to-chandigarh,F17-EXDGREETING9,114
511,/gifts-to-chandigarh,F17-CAKECONH25,115
511,/gifts-to-chandigarh,F17-EGCAKECONH1780,116
511,/gifts-to-chandigarh,F17-EXDFNP567,117
511,/gifts-to-chandigarh,F17-EGCAKECONH1834,118
511,/gifts-to-chandigarh,F17-EXDFNP508,119
511,/gifts-to-chandigarh,GIFTSFNP1952,120
511,/gifts-to-chandigarh,F17-EGCAKECONH1822,121
511,/gifts-to-chandigarh,EXFNP232_CHOCO_BOQ,122
511,/gifts-to-chandigarh,F17-EXDFNP1032,123
511,/gifts-to-chandigarh,F17-EGCAKECONH874,124
511,/gifts-to-chandigarh,F17-EXDFNP437,125
511,/gifts-to-chandigarh,F17-EX0061,126
511,/gifts-to-chandigarh,GIFTSFNP4600,127
512,/gifts-to-coimbatore,F17-VRTEXFNP182,1
512,/gifts-to-coimbatore,F17-CAKECHOH004,2
512,/gifts-to-coimbatore,CAKECHOH004,3
512,/gifts-to-coimbatore,F17-VRTEXFNP183,4
512,/gifts-to-coimbatore,F17-EXFNP213_CHOCO_BOQ,5
512,/gifts-to-coimbatore,F17-EGCAKEPINH013,6
512,/gifts-to-coimbatore,F17-EXFNP29,7
512,/gifts-to-coimbatore,EXFNP29,8
512,/gifts-to-coimbatore,F17-CAKEBLFTH019,9
512,/gifts-to-coimbatore,CAKEBLFTH019,10
512,/gifts-to-coimbatore,F17-VRTEXFNP182-12,11
512,/gifts-to-coimbatore,F17-VRTEXFNP181,12
512,/gifts-to-coimbatore,GIFTSFNP62,13
512,/gifts-to-coimbatore,GIFTSFNP2723,14
512,/gifts-to-coimbatore,F17-VRTEXFNP184,15
512,/gifts-to-coimbatore,F17-EXFNP202_CHOCO_BOQ,16
512,/gifts-to-coimbatore,F17-EGCAKEBLFTH019,17
512,/gifts-to-coimbatore,F17-EXDPLANT2,18
512,/gifts-to-coimbatore,EXFNP220_CHOCO_BOQ,19
512,/gifts-to-coimbatore,F17-EXDGREETING11,20
512,/gifts-to-coimbatore,CAKE0091,21
512,/gifts-to-coimbatore,F17-EXFNP51,22
512,/gifts-to-coimbatore,F17-EXDFNP442,23
512,/gifts-to-coimbatore,EXFNP221_CHOCO_BOQ,24
512,/gifts-to-coimbatore,F17-EXDFNP1009,25
512,/gifts-to-coimbatore,EXDFNP1009,26
512,/gifts-to-coimbatore,F17-CAKEBUTTH007,27
512,/gifts-to-coimbatore,F17-EXDFNP537,28
512,/gifts-to-coimbatore,CAKE9078,29
512,/gifts-to-coimbatore,F17-EXDFNPLW11,30
512,/gifts-to-coimbatore,F17-EXFNP204_CHOCO_BOQ,31
512,/gifts-to-coimbatore,EXFNP204_CHOCO_BOQ,32
512,/gifts-to-coimbatore,F17-CAKEVANH022,33
512,/gifts-to-coimbatore,F17-EGCAKEBUTTH007,34
512,/gifts-to-coimbatore,F17-EXDFNP488,35
512,/gifts-to-coimbatore,F17-CAKETFLOE001,36
512,/gifts-to-coimbatore,F17-VRTEXFNP183-12,37
512,/gifts-to-coimbatore,F17-VAREXDFNP406,38
512,/gifts-to-coimbatore,F17-CAKECONH1897,39
512,/gifts-to-coimbatore,F17-EXFNP70,40
512,/gifts-to-coimbatore,GIFTSFNP4596,41
512,/gifts-to-coimbatore,F17-EXDFNP69,42
512,/gifts-to-coimbatore,GIFTSFNP1953,43
512,/gifts-to-coimbatore,F17-EGCAKEVANH022,44
512,/gifts-to-coimbatore,F17-CAKEBLFTO020,45
512,/gifts-to-coimbatore,F17-EXFNP41,46
512,/gifts-to-coimbatore,F17-EXDFNP419,47
512,/gifts-to-coimbatore,F17-CAKECONH304,48
512,/gifts-to-coimbatore,CAKE10604,49
512,/gifts-to-coimbatore,EXFNP222_CHOCO_BOQ,50
512,/gifts-to-coimbatore,F17-CAKECONH310,51
512,/gifts-to-coimbatore,F17-EXDFNP630,52
512,/gifts-to-coimbatore,F17-EXDFNP460,53
512,/gifts-to-coimbatore,CAKE6071,54
512,/gifts-to-coimbatore,F17-EGCAKEBLFTO020,55
512,/gifts-to-coimbatore,F17-EXDFNP477,56
512,/gifts-to-coimbatore,F17-EXDFNPLW13,57
512,/gifts-to-coimbatore,F17-CAKECONH1945,58
512,/gifts-to-coimbatore,F17-EX004,59
512,/gifts-to-coimbatore,F17-EXDGREETING8,60
512,/gifts-to-coimbatore,F17-CAKECHOO005,61
512,/gifts-to-coimbatore,F17-EXFNP155,62
512,/gifts-to-coimbatore,F17-VRTEXD1,63
512,/gifts-to-coimbatore,F17-EXDFNP147,64
512,/gifts-to-coimbatore,F17-VRTEXFNP182-20,65
512,/gifts-to-coimbatore,F17-EXDFNP401,66
512,/gifts-to-coimbatore,F17-EXFNP50,67
512,/gifts-to-coimbatore,EXFNP219_CHOCO_BOQ,68
512,/gifts-to-coimbatore,F17-EXDGREETING10,69
512,/gifts-to-coimbatore,F17-EXDPLANT49,70
512,/gifts-to-coimbatore,EXDPLANT49,71
512,/gifts-to-coimbatore,F17-EGCAKECHOO005,72
512,/gifts-to-coimbatore,F17-VRTEXFNP184-12,73
512,/gifts-to-coimbatore,F17-EXDFNP542,74
512,/gifts-to-coimbatore,F17-CAKECONH1834,75
512,/gifts-to-coimbatore,F17-CAKECONH1822,76
512,/gifts-to-coimbatore,F17-EGCAKECONH1897,77
512,/gifts-to-coimbatore,EXFNP255_CHOCO_BOQ,78
512,/gifts-to-coimbatore,F17-CAKEPINO014,79
512,/gifts-to-coimbatore,VG234,80
512,/gifts-to-coimbatore,F17-EXDFNPLW8,81
512,/gifts-to-coimbatore,F17-EXDFNP465,82
512,/gifts-to-coimbatore,CAKE11383,83
512,/gifts-to-coimbatore,F17-CAKEHSTFLO017,84
512,/gifts-to-coimbatore,EXFNP233_CHOCO_BOQ,85
512,/gifts-to-coimbatore,CAKE38760,86
512,/gifts-to-coimbatore,F17-EXDFNP2006,87
512,/gifts-to-coimbatore,F17-EGCAKECONH310,88
512,/gifts-to-coimbatore,F17-EXDFNP1010,89
512,/gifts-to-coimbatore,F17-CAKEFRUO011,90
512,/gifts-to-coimbatore,F17-EGCAKECONH1945,91
512,/gifts-to-coimbatore,EXDCHOCO15,92
512,/gifts-to-coimbatore,CAKE8256,93
512,/gifts-to-coimbatore,F17-EXDFNP431,94
512,/gifts-to-coimbatore,F17-CAKECONH874,95
512,/gifts-to-coimbatore,F17-EXDFNP443,96
512,/gifts-to-coimbatore,F17-EGCAKEPINO014,97
512,/gifts-to-coimbatore,CAKE11838,98
512,/gifts-to-coimbatore,F17-EGCAKEFRUO011,99
512,/gifts-to-coimbatore,F17-EXDFNPLW9,100
512,/gifts-to-coimbatore,F17-CAKECONH1780,101
512,/gifts-to-coimbatore,GIFTSFNP4602,102
512,/gifts-to-coimbatore,F17-EXDFNP494,103
512,/gifts-to-coimbatore,EXDFNP494,104
512,/gifts-to-coimbatore,EXFNP230_CHOCO_BOQ,105
512,/gifts-to-coimbatore,F17-CAKECON3081,106
512,/gifts-to-coimbatore,F17-EXFNP28,107
512,/gifts-to-coimbatore,CAKE6876,108
512,/gifts-to-coimbatore,F17-EXDFNP1000,109
512,/gifts-to-coimbatore,F17-VAREXDFNP430,110
512,/gifts-to-coimbatore,CAKE8930,111
512,/gifts-to-coimbatore,F17-EX0065,112
512,/gifts-to-coimbatore,CAKE11320,113
512,/gifts-to-coimbatore,F17-EXDGREETING9,114
512,/gifts-to-coimbatore,F17-CAKECONH25,115
512,/gifts-to-coimbatore,F17-EGCAKECONH1780,116
512,/gifts-to-coimbatore,F17-EXDFNP567,117
512,/gifts-to-coimbatore,F17-EGCAKECONH1834,118
512,/gifts-to-coimbatore,F17-EXDFNP508,119
512,/gifts-to-coimbatore,GIFTSFNP1952,120
512,/gifts-to-coimbatore,F17-EGCAKECONH1822,121
512,/gifts-to-coimbatore,EXFNP232_CHOCO_BOQ,122
512,/gifts-to-coimbatore,F17-EXDFNP1032,123
512,/gifts-to-coimbatore,F17-EGCAKECONH874,124
512,/gifts-to-coimbatore,F17-EXDFNP437,125
512,/gifts-to-coimbatore,F17-EX0061,126
512,/gifts-to-coimbatore,GIFTSFNP4600,127
513,/gifts-to-dehradun,F17-VRTEXFNP182,1
513,/gifts-to-dehradun,F17-CAKECHOH004,2
513,/gifts-to-dehradun,CAKECHOH004,3
513,/gifts-to-dehradun,F17-VRTEXFNP183,4
513,/gifts-to-dehradun,F17-EXFNP213_CHOCO_BOQ,5
513,/gifts-to-dehradun,F17-EGCAKEPINH013,6
513,/gifts-to-dehradun,F17-EXFNP29,7
513,/gifts-to-dehradun,EXFNP29,8
513,/gifts-to-dehradun,F17-CAKEBLFTH019,9
513,/gifts-to-dehradun,CAKEBLFTH019,10
513,/gifts-to-dehradun,F17-VRTEXFNP182-12,11
513,/gifts-to-dehradun,F17-VRTEXFNP181,12
513,/gifts-to-dehradun,GIFTSFNP62,13
513,/gifts-to-dehradun,GIFTSFNP2723,14
513,/gifts-to-dehradun,F17-VRTEXFNP184,15
513,/gifts-to-dehradun,F17-EXFNP202_CHOCO_BOQ,16
513,/gifts-to-dehradun,F17-EGCAKEBLFTH019,17
513,/gifts-to-dehradun,F17-EXDPLANT2,18
513,/gifts-to-dehradun,EXFNP220_CHOCO_BOQ,19
513,/gifts-to-dehradun,F17-EXDGREETING11,20
513,/gifts-to-dehradun,CAKE0091,21
513,/gifts-to-dehradun,F17-EXFNP51,22
513,/gifts-to-dehradun,F17-EXDFNP442,23
513,/gifts-to-dehradun,EXFNP221_CHOCO_BOQ,24
513,/gifts-to-dehradun,F17-EXDFNP1009,25
513,/gifts-to-dehradun,EXDFNP1009,26
513,/gifts-to-dehradun,F17-CAKEBUTTH007,27
513,/gifts-to-dehradun,F17-EXDFNP537,28
513,/gifts-to-dehradun,CAKE9078,29
513,/gifts-to-dehradun,F17-EXDFNPLW11,30
513,/gifts-to-dehradun,F17-EXFNP204_CHOCO_BOQ,31
513,/gifts-to-dehradun,EXFNP204_CHOCO_BOQ,32
513,/gifts-to-dehradun,F17-CAKEVANH022,33
513,/gifts-to-dehradun,F17-EGCAKEBUTTH007,34
513,/gifts-to-dehradun,F17-EXDFNP488,35
513,/gifts-to-dehradun,F17-CAKETFLOE001,36
513,/gifts-to-dehradun,F17-VRTEXFNP183-12,37
513,/gifts-to-dehradun,F17-VAREXDFNP406,38
513,/gifts-to-dehradun,F17-CAKECONH1897,39
513,/gifts-to-dehradun,F17-EXFNP70,40
513,/gifts-to-dehradun,GIFTSFNP4596,41
513,/gifts-to-dehradun,F17-EXDFNP69,42
513,/gifts-to-dehradun,GIFTSFNP1953,43
513,/gifts-to-dehradun,F17-EGCAKEVANH022,44
513,/gifts-to-dehradun,F17-CAKEBLFTO020,45
513,/gifts-to-dehradun,F17-EXFNP41,46
513,/gifts-to-dehradun,F17-EXDFNP419,47
513,/gifts-to-dehradun,F17-CAKECONH304,48
513,/gifts-to-dehradun,CAKE10604,49
513,/gifts-to-dehradun,EXFNP222_CHOCO_BOQ,50
513,/gifts-to-dehradun,F17-CAKECONH310,51
513,/gifts-to-dehradun,F17-EXDFNP630,52
513,/gifts-to-dehradun,F17-EXDFNP460,53
513,/gifts-to-dehradun,CAKE6071,54
513,/gifts-to-dehradun,F17-EGCAKEBLFTO020,55
513,/gifts-to-dehradun,F17-EXDFNP477,56
513,/gifts-to-dehradun,F17-EXDFNPLW13,57
513,/gifts-to-dehradun,F17-CAKECONH1945,58
513,/gifts-to-dehradun,F17-EX004,59
513,/gifts-to-dehradun,F17-EXDGREETING8,60
513,/gifts-to-dehradun,F17-CAKECHOO005,61
513,/gifts-to-dehradun,F17-EXFNP155,62
513,/gifts-to-dehradun,F17-VRTEXD1,63
513,/gifts-to-dehradun,F17-EXDFNP147,64
513,/gifts-to-dehradun,F17-VRTEXFNP182-20,65
513,/gifts-to-dehradun,F17-EXDFNP401,66
513,/gifts-to-dehradun,F17-EXFNP50,67
513,/gifts-to-dehradun,EXFNP219_CHOCO_BOQ,68
513,/gifts-to-dehradun,F17-EXDGREETING10,69
513,/gifts-to-dehradun,F17-EXDPLANT49,70
513,/gifts-to-dehradun,EXDPLANT49,71
513,/gifts-to-dehradun,F17-EGCAKECHOO005,72
513,/gifts-to-dehradun,F17-VRTEXFNP184-12,73
513,/gifts-to-dehradun,F17-EXDFNP542,74
513,/gifts-to-dehradun,F17-CAKECONH1834,75
513,/gifts-to-dehradun,F17-CAKECONH1822,76
513,/gifts-to-dehradun,F17-EGCAKECONH1897,77
513,/gifts-to-dehradun,EXFNP255_CHOCO_BOQ,78
513,/gifts-to-dehradun,F17-CAKEPINO014,79
513,/gifts-to-dehradun,VG234,80
513,/gifts-to-dehradun,F17-EXDFNPLW8,81
513,/gifts-to-dehradun,F17-EXDFNP465,82
513,/gifts-to-dehradun,CAKE11383,83
513,/gifts-to-dehradun,F17-CAKEHSTFLO017,84
513,/gifts-to-dehradun,EXFNP233_CHOCO_BOQ,85
513,/gifts-to-dehradun,CAKE38760,86
513,/gifts-to-dehradun,F17-EXDFNP2006,87
513,/gifts-to-dehradun,F17-EGCAKECONH310,88
513,/gifts-to-dehradun,F17-EXDFNP1010,89
513,/gifts-to-dehradun,F17-CAKEFRUO011,90
513,/gifts-to-dehradun,F17-EGCAKECONH1945,91
513,/gifts-to-dehradun,EXDCHOCO15,92
513,/gifts-to-dehradun,CAKE8256,93
513,/gifts-to-dehradun,F17-EXDFNP431,94
513,/gifts-to-dehradun,F17-CAKECONH874,95
513,/gifts-to-dehradun,F17-EXDFNP443,96
513,/gifts-to-dehradun,F17-EGCAKEPINO014,97
513,/gifts-to-dehradun,CAKE11838,98
513,/gifts-to-dehradun,F17-EGCAKEFRUO011,99
513,/gifts-to-dehradun,F17-EXDFNPLW9,100
513,/gifts-to-dehradun,F17-CAKECONH1780,101
513,/gifts-to-dehradun,GIFTSFNP4602,102
513,/gifts-to-dehradun,F17-EXDFNP494,103
513,/gifts-to-dehradun,EXDFNP494,104
513,/gifts-to-dehradun,EXFNP230_CHOCO_BOQ,105
513,/gifts-to-dehradun,F17-CAKECON3081,106
513,/gifts-to-dehradun,F17-EXFNP28,107
513,/gifts-to-dehradun,CAKE6876,108
513,/gifts-to-dehradun,F17-EXDFNP1000,109
513,/gifts-to-dehradun,F17-VAREXDFNP430,110
513,/gifts-to-dehradun,CAKE8930,111
513,/gifts-to-dehradun,F17-EX0065,112
513,/gifts-to-dehradun,CAKE11320,113
513,/gifts-to-dehradun,F17-EXDGREETING9,114
513,/gifts-to-dehradun,F17-CAKECONH25,115
513,/gifts-to-dehradun,F17-EGCAKECONH1780,116
513,/gifts-to-dehradun,F17-EXDFNP567,117
513,/gifts-to-dehradun,F17-EGCAKECONH1834,118
513,/gifts-to-dehradun,F17-EXDFNP508,119
513,/gifts-to-dehradun,GIFTSFNP1952,120
513,/gifts-to-dehradun,F17-EGCAKECONH1822,121
513,/gifts-to-dehradun,EXFNP232_CHOCO_BOQ,122
513,/gifts-to-dehradun,F17-EXDFNP1032,123
513,/gifts-to-dehradun,F17-EGCAKECONH874,124
513,/gifts-to-dehradun,F17-EXDFNP437,125
513,/gifts-to-dehradun,F17-EX0061,126
513,/gifts-to-dehradun,GIFTSFNP4600,127
514,/gifts-to-faridabad,F17-VRTEXFNP182,1
514,/gifts-to-faridabad,F17-CAKECHOH004,2
514,/gifts-to-faridabad,CAKECHOH004,3
514,/gifts-to-faridabad,F17-VRTEXFNP183,4
514,/gifts-to-faridabad,F17-EXFNP213_CHOCO_BOQ,5
514,/gifts-to-faridabad,F17-EGCAKEPINH013,6
514,/gifts-to-faridabad,F17-EXFNP29,7
514,/gifts-to-faridabad,EXFNP29,8
514,/gifts-to-faridabad,F17-CAKEBLFTH019,9
514,/gifts-to-faridabad,CAKEBLFTH019,10
514,/gifts-to-faridabad,F17-VRTEXFNP182-12,11
514,/gifts-to-faridabad,F17-VRTEXFNP181,12
514,/gifts-to-faridabad,GIFTSFNP62,13
514,/gifts-to-faridabad,GIFTSFNP2723,14
514,/gifts-to-faridabad,F17-VRTEXFNP184,15
514,/gifts-to-faridabad,F17-EXFNP202_CHOCO_BOQ,16
514,/gifts-to-faridabad,F17-EGCAKEBLFTH019,17
514,/gifts-to-faridabad,F17-EXDPLANT2,18
514,/gifts-to-faridabad,EXFNP220_CHOCO_BOQ,19
514,/gifts-to-faridabad,F17-EXDGREETING11,20
514,/gifts-to-faridabad,CAKE0091,21
514,/gifts-to-faridabad,F17-EXFNP51,22
514,/gifts-to-faridabad,F17-EXDFNP442,23
514,/gifts-to-faridabad,EXFNP221_CHOCO_BOQ,24
514,/gifts-to-faridabad,F17-EXDFNP1009,25
514,/gifts-to-faridabad,EXDFNP1009,26
514,/gifts-to-faridabad,F17-CAKEBUTTH007,27
514,/gifts-to-faridabad,F17-EXDFNP537,28
514,/gifts-to-faridabad,CAKE9078,29
514,/gifts-to-faridabad,F17-EXDFNPLW11,30
514,/gifts-to-faridabad,F17-EXFNP204_CHOCO_BOQ,31
514,/gifts-to-faridabad,EXFNP204_CHOCO_BOQ,32
514,/gifts-to-faridabad,F17-CAKEVANH022,33
514,/gifts-to-faridabad,F17-EGCAKEBUTTH007,34
514,/gifts-to-faridabad,F17-EXDFNP488,35
514,/gifts-to-faridabad,F17-CAKETFLOE001,36
514,/gifts-to-faridabad,F17-VRTEXFNP183-12,37
514,/gifts-to-faridabad,F17-VAREXDFNP406,38
514,/gifts-to-faridabad,F17-CAKECONH1897,39
514,/gifts-to-faridabad,F17-EXFNP70,40
514,/gifts-to-faridabad,GIFTSFNP4596,41
514,/gifts-to-faridabad,F17-EXDFNP69,42
514,/gifts-to-faridabad,GIFTSFNP1953,43
514,/gifts-to-faridabad,F17-EGCAKEVANH022,44
514,/gifts-to-faridabad,F17-CAKEBLFTO020,45
514,/gifts-to-faridabad,F17-EXFNP41,46
514,/gifts-to-faridabad,F17-EXDFNP419,47
514,/gifts-to-faridabad,F17-CAKECONH304,48
514,/gifts-to-faridabad,CAKE10604,49
514,/gifts-to-faridabad,EXFNP222_CHOCO_BOQ,50
514,/gifts-to-faridabad,F17-CAKECONH310,51
514,/gifts-to-faridabad,F17-EXDFNP630,52
514,/gifts-to-faridabad,F17-EXDFNP460,53
514,/gifts-to-faridabad,CAKE6071,54
514,/gifts-to-faridabad,F17-EGCAKEBLFTO020,55
514,/gifts-to-faridabad,F17-EXDFNP477,56
514,/gifts-to-faridabad,F17-EXDFNPLW13,57
514,/gifts-to-faridabad,F17-CAKECONH1945,58
514,/gifts-to-faridabad,F17-EX004,59
514,/gifts-to-faridabad,F17-EXDGREETING8,60
514,/gifts-to-faridabad,F17-CAKECHOO005,61
514,/gifts-to-faridabad,F17-EXFNP155,62
514,/gifts-to-faridabad,F17-VRTEXD1,63
514,/gifts-to-faridabad,F17-EXDFNP147,64
514,/gifts-to-faridabad,F17-VRTEXFNP182-20,65
514,/gifts-to-faridabad,F17-EXDFNP401,66
514,/gifts-to-faridabad,F17-EXFNP50,67
514,/gifts-to-faridabad,EXFNP219_CHOCO_BOQ,68
514,/gifts-to-faridabad,F17-EXDGREETING10,69
514,/gifts-to-faridabad,F17-EXDPLANT49,70
514,/gifts-to-faridabad,EXDPLANT49,71
514,/gifts-to-faridabad,F17-EGCAKECHOO005,72
514,/gifts-to-faridabad,F17-VRTEXFNP184-12,73
514,/gifts-to-faridabad,F17-EXDFNP542,74
514,/gifts-to-faridabad,F17-CAKECONH1834,75
514,/gifts-to-faridabad,F17-CAKECONH1822,76
514,/gifts-to-faridabad,F17-EGCAKECONH1897,77
514,/gifts-to-faridabad,EXFNP255_CHOCO_BOQ,78
514,/gifts-to-faridabad,F17-CAKEPINO014,79
514,/gifts-to-faridabad,VG234,80
514,/gifts-to-faridabad,F17-EXDFNPLW8,81
514,/gifts-to-faridabad,F17-EXDFNP465,82
514,/gifts-to-faridabad,CAKE11383,83
514,/gifts-to-faridabad,F17-CAKEHSTFLO017,84
514,/gifts-to-faridabad,EXFNP233_CHOCO_BOQ,85
514,/gifts-to-faridabad,CAKE38760,86
514,/gifts-to-faridabad,F17-EXDFNP2006,87
514,/gifts-to-faridabad,F17-EGCAKECONH310,88
514,/gifts-to-faridabad,F17-EXDFNP1010,89
514,/gifts-to-faridabad,F17-CAKEFRUO011,90
514,/gifts-to-faridabad,F17-EGCAKECONH1945,91
514,/gifts-to-faridabad,EXDCHOCO15,92
514,/gifts-to-faridabad,CAKE8256,93
514,/gifts-to-faridabad,F17-EXDFNP431,94
514,/gifts-to-faridabad,F17-CAKECONH874,95
514,/gifts-to-faridabad,F17-EXDFNP443,96
514,/gifts-to-faridabad,F17-EGCAKEPINO014,97
514,/gifts-to-faridabad,CAKE11838,98
514,/gifts-to-faridabad,F17-EGCAKEFRUO011,99
514,/gifts-to-faridabad,F17-EXDFNPLW9,100
514,/gifts-to-faridabad,F17-CAKECONH1780,101
514,/gifts-to-faridabad,GIFTSFNP4602,102
514,/gifts-to-faridabad,F17-EXDFNP494,103
514,/gifts-to-faridabad,EXDFNP494,104
514,/gifts-to-faridabad,EXFNP230_CHOCO_BOQ,105
514,/gifts-to-faridabad,F17-CAKECON3081,106
514,/gifts-to-faridabad,F17-EXFNP28,107
514,/gifts-to-faridabad,CAKE6876,108
514,/gifts-to-faridabad,F17-EXDFNP1000,109
514,/gifts-to-faridabad,F17-VAREXDFNP430,110
514,/gifts-to-faridabad,CAKE8930,111
514,/gifts-to-faridabad,F17-EX0065,112
514,/gifts-to-faridabad,CAKE11320,113
514,/gifts-to-faridabad,F17-EXDGREETING9,114
514,/gifts-to-faridabad,F17-CAKECONH25,115
514,/gifts-to-faridabad,F17-EGCAKECONH1780,116
514,/gifts-to-faridabad,F17-EXDFNP567,117
514,/gifts-to-faridabad,F17-EGCAKECONH1834,118
514,/gifts-to-faridabad,F17-EXDFNP508,119
514,/gifts-to-faridabad,GIFTSFNP1952,120
514,/gifts-to-faridabad,F17-EGCAKECONH1822,121
514,/gifts-to-faridabad,EXFNP232_CHOCO_BOQ,122
514,/gifts-to-faridabad,F17-EXDFNP1032,123
514,/gifts-to-faridabad,F17-EGCAKECONH874,124
514,/gifts-to-faridabad,F17-EXDFNP437,125
514,/gifts-to-faridabad,F17-EX0061,126
514,/gifts-to-faridabad,GIFTSFNP4600,127
515,/gifts-to-ghaziabad,F17-VRTEXFNP182,1
515,/gifts-to-ghaziabad,F17-CAKECHOH004,2
515,/gifts-to-ghaziabad,CAKECHOH004,3
515,/gifts-to-ghaziabad,F17-VRTEXFNP183,4
515,/gifts-to-ghaziabad,F17-EXFNP213_CHOCO_BOQ,5
515,/gifts-to-ghaziabad,F17-EGCAKEPINH013,6
515,/gifts-to-ghaziabad,F17-EXFNP29,7
515,/gifts-to-ghaziabad,EXFNP29,8
515,/gifts-to-ghaziabad,F17-CAKEBLFTH019,9
515,/gifts-to-ghaziabad,CAKEBLFTH019,10
515,/gifts-to-ghaziabad,F17-VRTEXFNP182-12,11
515,/gifts-to-ghaziabad,F17-VRTEXFNP181,12
515,/gifts-to-ghaziabad,GIFTSFNP62,13
515,/gifts-to-ghaziabad,GIFTSFNP2723,14
515,/gifts-to-ghaziabad,F17-VRTEXFNP184,15
515,/gifts-to-ghaziabad,F17-EXFNP202_CHOCO_BOQ,16
515,/gifts-to-ghaziabad,F17-EGCAKEBLFTH019,17
515,/gifts-to-ghaziabad,F17-EXDPLANT2,18
515,/gifts-to-ghaziabad,EXFNP220_CHOCO_BOQ,19
515,/gifts-to-ghaziabad,F17-EXDGREETING11,20
515,/gifts-to-ghaziabad,CAKE0091,21
515,/gifts-to-ghaziabad,F17-EXFNP51,22
515,/gifts-to-ghaziabad,F17-EXDFNP442,23
515,/gifts-to-ghaziabad,EXFNP221_CHOCO_BOQ,24
515,/gifts-to-ghaziabad,F17-EXDFNP1009,25
515,/gifts-to-ghaziabad,EXDFNP1009,26
515,/gifts-to-ghaziabad,F17-CAKEBUTTH007,27
515,/gifts-to-ghaziabad,F17-EXDFNP537,28
515,/gifts-to-ghaziabad,CAKE9078,29
515,/gifts-to-ghaziabad,F17-EXDFNPLW11,30
515,/gifts-to-ghaziabad,F17-EXFNP204_CHOCO_BOQ,31
515,/gifts-to-ghaziabad,EXFNP204_CHOCO_BOQ,32
515,/gifts-to-ghaziabad,F17-CAKEVANH022,33
515,/gifts-to-ghaziabad,F17-EGCAKEBUTTH007,34
515,/gifts-to-ghaziabad,F17-EXDFNP488,35
515,/gifts-to-ghaziabad,F17-CAKETFLOE001,36
515,/gifts-to-ghaziabad,F17-VRTEXFNP183-12,37
515,/gifts-to-ghaziabad,F17-VAREXDFNP406,38
515,/gifts-to-ghaziabad,F17-CAKECONH1897,39
515,/gifts-to-ghaziabad,F17-EXFNP70,40
515,/gifts-to-ghaziabad,GIFTSFNP4596,41
515,/gifts-to-ghaziabad,F17-EXDFNP69,42
515,/gifts-to-ghaziabad,GIFTSFNP1953,43
515,/gifts-to-ghaziabad,F17-EGCAKEVANH022,44
515,/gifts-to-ghaziabad,F17-CAKEBLFTO020,45
515,/gifts-to-ghaziabad,F17-EXFNP41,46
515,/gifts-to-ghaziabad,F17-EXDFNP419,47
515,/gifts-to-ghaziabad,F17-CAKECONH304,48
515,/gifts-to-ghaziabad,CAKE10604,49
515,/gifts-to-ghaziabad,EXFNP222_CHOCO_BOQ,50
515,/gifts-to-ghaziabad,F17-CAKECONH310,51
515,/gifts-to-ghaziabad,F17-EXDFNP630,52
515,/gifts-to-ghaziabad,F17-EXDFNP460,53
515,/gifts-to-ghaziabad,CAKE6071,54
515,/gifts-to-ghaziabad,F17-EGCAKEBLFTO020,55
515,/gifts-to-ghaziabad,F17-EXDFNP477,56
515,/gifts-to-ghaziabad,F17-EXDFNPLW13,57
515,/gifts-to-ghaziabad,F17-CAKECONH1945,58
515,/gifts-to-ghaziabad,F17-EX004,59
515,/gifts-to-ghaziabad,F17-EXDGREETING8,60
515,/gifts-to-ghaziabad,F17-CAKECHOO005,61
515,/gifts-to-ghaziabad,F17-EXFNP155,62
515,/gifts-to-ghaziabad,F17-VRTEXD1,63
515,/gifts-to-ghaziabad,F17-EXDFNP147,64
515,/gifts-to-ghaziabad,F17-VRTEXFNP182-20,65
515,/gifts-to-ghaziabad,F17-EXDFNP401,66
515,/gifts-to-ghaziabad,F17-EXFNP50,67
515,/gifts-to-ghaziabad,EXFNP219_CHOCO_BOQ,68
515,/gifts-to-ghaziabad,F17-EXDGREETING10,69
515,/gifts-to-ghaziabad,F17-EXDPLANT49,70
515,/gifts-to-ghaziabad,EXDPLANT49,71
515,/gifts-to-ghaziabad,F17-EGCAKECHOO005,72
515,/gifts-to-ghaziabad,F17-VRTEXFNP184-12,73
515,/gifts-to-ghaziabad,F17-EXDFNP542,74
515,/gifts-to-ghaziabad,F17-CAKECONH1834,75
515,/gifts-to-ghaziabad,F17-CAKECONH1822,76
515,/gifts-to-ghaziabad,F17-EGCAKECONH1897,77
515,/gifts-to-ghaziabad,EXFNP255_CHOCO_BOQ,78
515,/gifts-to-ghaziabad,F17-CAKEPINO014,79
515,/gifts-to-ghaziabad,VG234,80
515,/gifts-to-ghaziabad,F17-EXDFNPLW8,81
515,/gifts-to-ghaziabad,F17-EXDFNP465,82
515,/gifts-to-ghaziabad,CAKE11383,83
515,/gifts-to-ghaziabad,F17-CAKEHSTFLO017,84
515,/gifts-to-ghaziabad,EXFNP233_CHOCO_BOQ,85
515,/gifts-to-ghaziabad,CAKE38760,86
515,/gifts-to-ghaziabad,F17-EXDFNP2006,87
515,/gifts-to-ghaziabad,F17-EGCAKECONH310,88
515,/gifts-to-ghaziabad,F17-EXDFNP1010,89
515,/gifts-to-ghaziabad,F17-CAKEFRUO011,90
515,/gifts-to-ghaziabad,F17-EGCAKECONH1945,91
515,/gifts-to-ghaziabad,EXDCHOCO15,92
515,/gifts-to-ghaziabad,CAKE8256,93
515,/gifts-to-ghaziabad,F17-EXDFNP431,94
515,/gifts-to-ghaziabad,F17-CAKECONH874,95
515,/gifts-to-ghaziabad,F17-EXDFNP443,96
515,/gifts-to-ghaziabad,F17-EGCAKEPINO014,97
515,/gifts-to-ghaziabad,CAKE11838,98
515,/gifts-to-ghaziabad,F17-EGCAKEFRUO011,99
515,/gifts-to-ghaziabad,F17-EXDFNPLW9,100
515,/gifts-to-ghaziabad,F17-CAKECONH1780,101
515,/gifts-to-ghaziabad,GIFTSFNP4602,102
515,/gifts-to-ghaziabad,F17-EXDFNP494,103
515,/gifts-to-ghaziabad,EXDFNP494,104
515,/gifts-to-ghaziabad,EXFNP230_CHOCO_BOQ,105
515,/gifts-to-ghaziabad,F17-CAKECON3081,106
515,/gifts-to-ghaziabad,F17-EXFNP28,107
515,/gifts-to-ghaziabad,CAKE6876,108
515,/gifts-to-ghaziabad,F17-EXDFNP1000,109
515,/gifts-to-ghaziabad,F17-VAREXDFNP430,110
515,/gifts-to-ghaziabad,CAKE8930,111
515,/gifts-to-ghaziabad,F17-EX0065,112
515,/gifts-to-ghaziabad,CAKE11320,113
515,/gifts-to-ghaziabad,F17-EXDGREETING9,114
515,/gifts-to-ghaziabad,F17-CAKECONH25,115
515,/gifts-to-ghaziabad,F17-EGCAKECONH1780,116
515,/gifts-to-ghaziabad,F17-EXDFNP567,117
515,/gifts-to-ghaziabad,F17-EGCAKECONH1834,118
515,/gifts-to-ghaziabad,F17-EXDFNP508,119
515,/gifts-to-ghaziabad,GIFTSFNP1952,120
515,/gifts-to-ghaziabad,F17-EGCAKECONH1822,121
515,/gifts-to-ghaziabad,EXFNP232_CHOCO_BOQ,122
515,/gifts-to-ghaziabad,F17-EXDFNP1032,123
515,/gifts-to-ghaziabad,F17-EGCAKECONH874,124
515,/gifts-to-ghaziabad,F17-EXDFNP437,125
515,/gifts-to-ghaziabad,F17-EX0061,126
515,/gifts-to-ghaziabad,GIFTSFNP4600,127
517,/gifts-to-kanpur,F17-VRTEXFNP182,1
517,/gifts-to-kanpur,F17-CAKECHOH004,2
517,/gifts-to-kanpur,CAKECHOH004,3
517,/gifts-to-kanpur,F17-VRTEXFNP183,4
517,/gifts-to-kanpur,F17-EXFNP213_CHOCO_BOQ,5
517,/gifts-to-kanpur,F17-EGCAKEPINH013,6
517,/gifts-to-kanpur,F17-EXFNP29,7
517,/gifts-to-kanpur,EXFNP29,8
517,/gifts-to-kanpur,F17-CAKEBLFTH019,9
517,/gifts-to-kanpur,CAKEBLFTH019,10
517,/gifts-to-kanpur,F17-VRTEXFNP182-12,11
517,/gifts-to-kanpur,F17-VRTEXFNP181,12
517,/gifts-to-kanpur,GIFTSFNP62,13
517,/gifts-to-kanpur,GIFTSFNP2723,14
517,/gifts-to-kanpur,F17-VRTEXFNP184,15
517,/gifts-to-kanpur,F17-EXFNP202_CHOCO_BOQ,16
517,/gifts-to-kanpur,F17-EGCAKEBLFTH019,17
517,/gifts-to-kanpur,F17-EXDPLANT2,18
517,/gifts-to-kanpur,EXFNP220_CHOCO_BOQ,19
517,/gifts-to-kanpur,F17-EXDGREETING11,20
517,/gifts-to-kanpur,CAKE0091,21
517,/gifts-to-kanpur,F17-EXFNP51,22
517,/gifts-to-kanpur,F17-EXDFNP442,23
517,/gifts-to-kanpur,EXFNP221_CHOCO_BOQ,24
517,/gifts-to-kanpur,F17-EXDFNP1009,25
517,/gifts-to-kanpur,EXDFNP1009,26
517,/gifts-to-kanpur,F17-CAKEBUTTH007,27
517,/gifts-to-kanpur,F17-EXDFNP537,28
517,/gifts-to-kanpur,CAKE9078,29
517,/gifts-to-kanpur,F17-EXDFNPLW11,30
517,/gifts-to-kanpur,F17-EXFNP204_CHOCO_BOQ,31
517,/gifts-to-kanpur,EXFNP204_CHOCO_BOQ,32
517,/gifts-to-kanpur,F17-CAKEVANH022,33
517,/gifts-to-kanpur,F17-EGCAKEBUTTH007,34
517,/gifts-to-kanpur,F17-EXDFNP488,35
517,/gifts-to-kanpur,F17-CAKETFLOE001,36
517,/gifts-to-kanpur,F17-VRTEXFNP183-12,37
517,/gifts-to-kanpur,F17-VAREXDFNP406,38
517,/gifts-to-kanpur,F17-CAKECONH1897,39
517,/gifts-to-kanpur,F17-EXFNP70,40
517,/gifts-to-kanpur,GIFTSFNP4596,41
517,/gifts-to-kanpur,F17-EXDFNP69,42
517,/gifts-to-kanpur,GIFTSFNP1953,43
517,/gifts-to-kanpur,F17-EGCAKEVANH022,44
517,/gifts-to-kanpur,F17-CAKEBLFTO020,45
517,/gifts-to-kanpur,F17-EXFNP41,46
517,/gifts-to-kanpur,F17-EXDFNP419,47
517,/gifts-to-kanpur,F17-CAKECONH304,48
517,/gifts-to-kanpur,CAKE10604,49
517,/gifts-to-kanpur,EXFNP222_CHOCO_BOQ,50
517,/gifts-to-kanpur,F17-CAKECONH310,51
517,/gifts-to-kanpur,F17-EXDFNP630,52
517,/gifts-to-kanpur,F17-EXDFNP460,53
517,/gifts-to-kanpur,CAKE6071,54
517,/gifts-to-kanpur,F17-EGCAKEBLFTO020,55
517,/gifts-to-kanpur,F17-EXDFNP477,56
517,/gifts-to-kanpur,F17-EXDFNPLW13,57
517,/gifts-to-kanpur,F17-CAKECONH1945,58
517,/gifts-to-kanpur,F17-EX004,59
517,/gifts-to-kanpur,F17-EXDGREETING8,60
517,/gifts-to-kanpur,F17-CAKECHOO005,61
517,/gifts-to-kanpur,F17-EXFNP155,62
517,/gifts-to-kanpur,F17-VRTEXD1,63
517,/gifts-to-kanpur,F17-EXDFNP147,64
517,/gifts-to-kanpur,F17-VRTEXFNP182-20,65
517,/gifts-to-kanpur,F17-EXDFNP401,66
517,/gifts-to-kanpur,F17-EXFNP50,67
517,/gifts-to-kanpur,EXFNP219_CHOCO_BOQ,68
517,/gifts-to-kanpur,F17-EXDGREETING10,69
517,/gifts-to-kanpur,F17-EXDPLANT49,70
517,/gifts-to-kanpur,EXDPLANT49,71
517,/gifts-to-kanpur,F17-EGCAKECHOO005,72
517,/gifts-to-kanpur,F17-VRTEXFNP184-12,73
517,/gifts-to-kanpur,F17-EXDFNP542,74
517,/gifts-to-kanpur,F17-CAKECONH1834,75
517,/gifts-to-kanpur,F17-CAKECONH1822,76
517,/gifts-to-kanpur,F17-EGCAKECONH1897,77
517,/gifts-to-kanpur,EXFNP255_CHOCO_BOQ,78
517,/gifts-to-kanpur,F17-CAKEPINO014,79
517,/gifts-to-kanpur,VG234,80
517,/gifts-to-kanpur,F17-EXDFNPLW8,81
517,/gifts-to-kanpur,F17-EXDFNP465,82
517,/gifts-to-kanpur,CAKE11383,83
517,/gifts-to-kanpur,F17-CAKEHSTFLO017,84
517,/gifts-to-kanpur,EXFNP233_CHOCO_BOQ,85
517,/gifts-to-kanpur,CAKE38760,86
517,/gifts-to-kanpur,F17-EXDFNP2006,87
517,/gifts-to-kanpur,F17-EGCAKECONH310,88
517,/gifts-to-kanpur,F17-EXDFNP1010,89
517,/gifts-to-kanpur,F17-CAKEFRUO011,90
517,/gifts-to-kanpur,F17-EGCAKECONH1945,91
517,/gifts-to-kanpur,EXDCHOCO15,92
517,/gifts-to-kanpur,CAKE8256,93
517,/gifts-to-kanpur,F17-EXDFNP431,94
517,/gifts-to-kanpur,F17-CAKECONH874,95
517,/gifts-to-kanpur,F17-EXDFNP443,96
517,/gifts-to-kanpur,F17-EGCAKEPINO014,97
517,/gifts-to-kanpur,CAKE11838,98
517,/gifts-to-kanpur,F17-EGCAKEFRUO011,99
517,/gifts-to-kanpur,F17-EXDFNPLW9,100
517,/gifts-to-kanpur,F17-CAKECONH1780,101
517,/gifts-to-kanpur,GIFTSFNP4602,102
517,/gifts-to-kanpur,F17-EXDFNP494,103
517,/gifts-to-kanpur,EXDFNP494,104
517,/gifts-to-kanpur,EXFNP230_CHOCO_BOQ,105
517,/gifts-to-kanpur,F17-CAKECON3081,106
517,/gifts-to-kanpur,F17-EXFNP28,107
517,/gifts-to-kanpur,CAKE6876,108
517,/gifts-to-kanpur,F17-EXDFNP1000,109
517,/gifts-to-kanpur,F17-VAREXDFNP430,110
517,/gifts-to-kanpur,CAKE8930,111
517,/gifts-to-kanpur,F17-EX0065,112
517,/gifts-to-kanpur,CAKE11320,113
517,/gifts-to-kanpur,F17-EXDGREETING9,114
517,/gifts-to-kanpur,F17-CAKECONH25,115
517,/gifts-to-kanpur,F17-EGCAKECONH1780,116
517,/gifts-to-kanpur,F17-EXDFNP567,117
517,/gifts-to-kanpur,F17-EGCAKECONH1834,118
517,/gifts-to-kanpur,F17-EXDFNP508,119
517,/gifts-to-kanpur,GIFTSFNP1952,120
517,/gifts-to-kanpur,F17-EGCAKECONH1822,121
517,/gifts-to-kanpur,EXFNP232_CHOCO_BOQ,122
517,/gifts-to-kanpur,F17-EXDFNP1032,123
517,/gifts-to-kanpur,F17-EGCAKECONH874,124
517,/gifts-to-kanpur,F17-EXDFNP437,125
517,/gifts-to-kanpur,F17-EX0061,126
517,/gifts-to-kanpur,GIFTSFNP4600,127
516,/gifts-to-indore,F17-VRTEXFNP182,1
516,/gifts-to-indore,F17-CAKECHOH004,2
516,/gifts-to-indore,CAKECHOH004,3
516,/gifts-to-indore,F17-VRTEXFNP183,4
516,/gifts-to-indore,F17-EXFNP213_CHOCO_BOQ,5
516,/gifts-to-indore,F17-EGCAKEPINH013,6
516,/gifts-to-indore,F17-EXFNP29,7
516,/gifts-to-indore,EXFNP29,8
516,/gifts-to-indore,F17-CAKEBLFTH019,9
516,/gifts-to-indore,CAKEBLFTH019,10
516,/gifts-to-indore,F17-VRTEXFNP182-12,11
516,/gifts-to-indore,F17-VRTEXFNP181,12
516,/gifts-to-indore,GIFTSFNP62,13
516,/gifts-to-indore,GIFTSFNP2723,14
516,/gifts-to-indore,F17-VRTEXFNP184,15
516,/gifts-to-indore,F17-EXFNP202_CHOCO_BOQ,16
516,/gifts-to-indore,F17-EGCAKEBLFTH019,17
516,/gifts-to-indore,F17-EXDPLANT2,18
516,/gifts-to-indore,EXFNP220_CHOCO_BOQ,19
516,/gifts-to-indore,F17-EXDGREETING11,20
516,/gifts-to-indore,CAKE0091,21
516,/gifts-to-indore,F17-EXFNP51,22
516,/gifts-to-indore,F17-EXDFNP442,23
516,/gifts-to-indore,EXFNP221_CHOCO_BOQ,24
516,/gifts-to-indore,F17-EXDFNP1009,25
516,/gifts-to-indore,EXDFNP1009,26
516,/gifts-to-indore,F17-CAKEBUTTH007,27
516,/gifts-to-indore,F17-EXDFNP537,28
516,/gifts-to-indore,CAKE9078,29
516,/gifts-to-indore,F17-EXDFNPLW11,30
516,/gifts-to-indore,F17-EXFNP204_CHOCO_BOQ,31
516,/gifts-to-indore,EXFNP204_CHOCO_BOQ,32
516,/gifts-to-indore,F17-CAKEVANH022,33
516,/gifts-to-indore,F17-EGCAKEBUTTH007,34
516,/gifts-to-indore,F17-EXDFNP488,35
516,/gifts-to-indore,F17-CAKETFLOE001,36
516,/gifts-to-indore,F17-VRTEXFNP183-12,37
516,/gifts-to-indore,F17-VAREXDFNP406,38
516,/gifts-to-indore,F17-CAKECONH1897,39
516,/gifts-to-indore,F17-EXFNP70,40
516,/gifts-to-indore,GIFTSFNP4596,41
516,/gifts-to-indore,F17-EXDFNP69,42
516,/gifts-to-indore,GIFTSFNP1953,43
516,/gifts-to-indore,F17-EGCAKEVANH022,44
516,/gifts-to-indore,F17-CAKEBLFTO020,45
516,/gifts-to-indore,F17-EXFNP41,46
516,/gifts-to-indore,F17-EXDFNP419,47
516,/gifts-to-indore,F17-CAKECONH304,48
516,/gifts-to-indore,CAKE10604,49
516,/gifts-to-indore,EXFNP222_CHOCO_BOQ,50
516,/gifts-to-indore,F17-CAKECONH310,51
516,/gifts-to-indore,F17-EXDFNP630,52
516,/gifts-to-indore,F17-EXDFNP460,53
516,/gifts-to-indore,CAKE6071,54
516,/gifts-to-indore,F17-EGCAKEBLFTO020,55
516,/gifts-to-indore,F17-EXDFNP477,56
516,/gifts-to-indore,F17-EXDFNPLW13,57
516,/gifts-to-indore,F17-CAKECONH1945,58
516,/gifts-to-indore,F17-EX004,59
516,/gifts-to-indore,F17-EXDGREETING8,60
516,/gifts-to-indore,F17-CAKECHOO005,61
516,/gifts-to-indore,F17-EXFNP155,62
516,/gifts-to-indore,F17-VRTEXD1,63
516,/gifts-to-indore,F17-EXDFNP147,64
516,/gifts-to-indore,F17-VRTEXFNP182-20,65
516,/gifts-to-indore,F17-EXDFNP401,66
516,/gifts-to-indore,F17-EXFNP50,67
516,/gifts-to-indore,EXFNP219_CHOCO_BOQ,68
516,/gifts-to-indore,F17-EXDGREETING10,69
516,/gifts-to-indore,F17-EXDPLANT49,70
516,/gifts-to-indore,EXDPLANT49,71
516,/gifts-to-indore,F17-EGCAKECHOO005,72
516,/gifts-to-indore,F17-VRTEXFNP184-12,73
516,/gifts-to-indore,F17-EXDFNP542,74
516,/gifts-to-indore,F17-CAKECONH1834,75
516,/gifts-to-indore,F17-CAKECONH1822,76
516,/gifts-to-indore,F17-EGCAKECONH1897,77
516,/gifts-to-indore,EXFNP255_CHOCO_BOQ,78
516,/gifts-to-indore,F17-CAKEPINO014,79
516,/gifts-to-indore,VG234,80
516,/gifts-to-indore,F17-EXDFNPLW8,81
516,/gifts-to-indore,F17-EXDFNP465,82
516,/gifts-to-indore,CAKE11383,83
516,/gifts-to-indore,F17-CAKEHSTFLO017,84
516,/gifts-to-indore,EXFNP233_CHOCO_BOQ,85
516,/gifts-to-indore,CAKE38760,86
516,/gifts-to-indore,F17-EXDFNP2006,87
516,/gifts-to-indore,F17-EGCAKECONH310,88
516,/gifts-to-indore,F17-EXDFNP1010,89
516,/gifts-to-indore,F17-CAKEFRUO011,90
516,/gifts-to-indore,F17-EGCAKECONH1945,91
516,/gifts-to-indore,EXDCHOCO15,92
516,/gifts-to-indore,CAKE8256,93
516,/gifts-to-indore,F17-EXDFNP431,94
516,/gifts-to-indore,F17-CAKECONH874,95
516,/gifts-to-indore,F17-EXDFNP443,96
516,/gifts-to-indore,F17-EGCAKEPINO014,97
516,/gifts-to-indore,CAKE11838,98
516,/gifts-to-indore,F17-EGCAKEFRUO011,99
516,/gifts-to-indore,F17-EXDFNPLW9,100
516,/gifts-to-indore,F17-CAKECONH1780,101
516,/gifts-to-indore,GIFTSFNP4602,102
516,/gifts-to-indore,F17-EXDFNP494,103
516,/gifts-to-indore,EXDFNP494,104
516,/gifts-to-indore,EXFNP230_CHOCO_BOQ,105
516,/gifts-to-indore,F17-CAKECON3081,106
516,/gifts-to-indore,F17-EXFNP28,107
516,/gifts-to-indore,CAKE6876,108
516,/gifts-to-indore,F17-EXDFNP1000,109
516,/gifts-to-indore,F17-VAREXDFNP430,110
516,/gifts-to-indore,CAKE8930,111
516,/gifts-to-indore,F17-EX0065,112
516,/gifts-to-indore,CAKE11320,113
516,/gifts-to-indore,F17-EXDGREETING9,114
516,/gifts-to-indore,F17-CAKECONH25,115
516,/gifts-to-indore,F17-EGCAKECONH1780,116
516,/gifts-to-indore,F17-EXDFNP567,117
516,/gifts-to-indore,F17-EGCAKECONH1834,118
516,/gifts-to-indore,F17-EXDFNP508,119
516,/gifts-to-indore,GIFTSFNP1952,120
516,/gifts-to-indore,F17-EGCAKECONH1822,121
516,/gifts-to-indore,EXFNP232_CHOCO_BOQ,122
516,/gifts-to-indore,F17-EXDFNP1032,123
516,/gifts-to-indore,F17-EGCAKECONH874,124
516,/gifts-to-indore,F17-EXDFNP437,125
516,/gifts-to-indore,F17-EX0061,126
516,/gifts-to-indore,GIFTSFNP4600,127
518,/gifts-to-lucknow,F17-VRTEXFNP182,1
518,/gifts-to-lucknow,F17-CAKECHOH004,2
518,/gifts-to-lucknow,CAKECHOH004,3
518,/gifts-to-lucknow,F17-VRTEXFNP183,4
518,/gifts-to-lucknow,F17-EXFNP213_CHOCO_BOQ,5
518,/gifts-to-lucknow,F17-EGCAKEPINH013,6
518,/gifts-to-lucknow,F17-EXFNP29,7
518,/gifts-to-lucknow,EXFNP29,8
518,/gifts-to-lucknow,F17-CAKEBLFTH019,9
518,/gifts-to-lucknow,CAKEBLFTH019,10
518,/gifts-to-lucknow,F17-VRTEXFNP182-12,11
518,/gifts-to-lucknow,F17-VRTEXFNP181,12
518,/gifts-to-lucknow,GIFTSFNP62,13
518,/gifts-to-lucknow,GIFTSFNP2723,14
518,/gifts-to-lucknow,F17-VRTEXFNP184,15
518,/gifts-to-lucknow,F17-EXFNP202_CHOCO_BOQ,16
518,/gifts-to-lucknow,F17-EGCAKEBLFTH019,17
518,/gifts-to-lucknow,F17-EXDPLANT2,18
518,/gifts-to-lucknow,EXFNP220_CHOCO_BOQ,19
518,/gifts-to-lucknow,F17-EXDGREETING11,20
518,/gifts-to-lucknow,CAKE0091,21
518,/gifts-to-lucknow,F17-EXFNP51,22
518,/gifts-to-lucknow,F17-EXDFNP442,23
518,/gifts-to-lucknow,EXFNP221_CHOCO_BOQ,24
518,/gifts-to-lucknow,F17-EXDFNP1009,25
518,/gifts-to-lucknow,EXDFNP1009,26
518,/gifts-to-lucknow,F17-CAKEBUTTH007,27
518,/gifts-to-lucknow,F17-EXDFNP537,28
518,/gifts-to-lucknow,CAKE9078,29
518,/gifts-to-lucknow,F17-EXDFNPLW11,30
518,/gifts-to-lucknow,F17-EXFNP204_CHOCO_BOQ,31
518,/gifts-to-lucknow,EXFNP204_CHOCO_BOQ,32
518,/gifts-to-lucknow,F17-CAKEVANH022,33
518,/gifts-to-lucknow,F17-EGCAKEBUTTH007,34
518,/gifts-to-lucknow,F17-EXDFNP488,35
518,/gifts-to-lucknow,F17-CAKETFLOE001,36
518,/gifts-to-lucknow,F17-VRTEXFNP183-12,37
518,/gifts-to-lucknow,F17-VAREXDFNP406,38
518,/gifts-to-lucknow,F17-CAKECONH1897,39
518,/gifts-to-lucknow,F17-EXFNP70,40
518,/gifts-to-lucknow,GIFTSFNP4596,41
518,/gifts-to-lucknow,F17-EXDFNP69,42
518,/gifts-to-lucknow,GIFTSFNP1953,43
518,/gifts-to-lucknow,F17-EGCAKEVANH022,44
518,/gifts-to-lucknow,F17-CAKEBLFTO020,45
518,/gifts-to-lucknow,F17-EXFNP41,46
518,/gifts-to-lucknow,F17-EXDFNP419,47
518,/gifts-to-lucknow,F17-CAKECONH304,48
518,/gifts-to-lucknow,CAKE10604,49
518,/gifts-to-lucknow,EXFNP222_CHOCO_BOQ,50
518,/gifts-to-lucknow,F17-CAKECONH310,51
518,/gifts-to-lucknow,F17-EXDFNP630,52
518,/gifts-to-lucknow,F17-EXDFNP460,53
518,/gifts-to-lucknow,CAKE6071,54
518,/gifts-to-lucknow,F17-EGCAKEBLFTO020,55
518,/gifts-to-lucknow,F17-EXDFNP477,56
518,/gifts-to-lucknow,F17-EXDFNPLW13,57
518,/gifts-to-lucknow,F17-CAKECONH1945,58
518,/gifts-to-lucknow,F17-EX004,59
518,/gifts-to-lucknow,F17-EXDGREETING8,60
518,/gifts-to-lucknow,F17-CAKECHOO005,61
518,/gifts-to-lucknow,F17-EXFNP155,62
518,/gifts-to-lucknow,F17-VRTEXD1,63
518,/gifts-to-lucknow,F17-EXDFNP147,64
518,/gifts-to-lucknow,F17-VRTEXFNP182-20,65
518,/gifts-to-lucknow,F17-EXDFNP401,66
518,/gifts-to-lucknow,F17-EXFNP50,67
518,/gifts-to-lucknow,EXFNP219_CHOCO_BOQ,68
518,/gifts-to-lucknow,F17-EXDGREETING10,69
518,/gifts-to-lucknow,F17-EXDPLANT49,70
518,/gifts-to-lucknow,EXDPLANT49,71
518,/gifts-to-lucknow,F17-EGCAKECHOO005,72
518,/gifts-to-lucknow,F17-VRTEXFNP184-12,73
518,/gifts-to-lucknow,F17-EXDFNP542,74
518,/gifts-to-lucknow,F17-CAKECONH1834,75
518,/gifts-to-lucknow,F17-CAKECONH1822,76
518,/gifts-to-lucknow,F17-EGCAKECONH1897,77
518,/gifts-to-lucknow,EXFNP255_CHOCO_BOQ,78
518,/gifts-to-lucknow,F17-CAKEPINO014,79
518,/gifts-to-lucknow,VG234,80
518,/gifts-to-lucknow,F17-EXDFNPLW8,81
518,/gifts-to-lucknow,F17-EXDFNP465,82
518,/gifts-to-lucknow,CAKE11383,83
518,/gifts-to-lucknow,F17-CAKEHSTFLO017,84
518,/gifts-to-lucknow,EXFNP233_CHOCO_BOQ,85
518,/gifts-to-lucknow,CAKE38760,86
518,/gifts-to-lucknow,F17-EXDFNP2006,87
518,/gifts-to-lucknow,F17-EGCAKECONH310,88
518,/gifts-to-lucknow,F17-EXDFNP1010,89
518,/gifts-to-lucknow,F17-CAKEFRUO011,90
518,/gifts-to-lucknow,F17-EGCAKECONH1945,91
518,/gifts-to-lucknow,EXDCHOCO15,92
518,/gifts-to-lucknow,CAKE8256,93
518,/gifts-to-lucknow,F17-EXDFNP431,94
518,/gifts-to-lucknow,F17-CAKECONH874,95
518,/gifts-to-lucknow,F17-EXDFNP443,96
518,/gifts-to-lucknow,F17-EGCAKEPINO014,97
518,/gifts-to-lucknow,CAKE11838,98
518,/gifts-to-lucknow,F17-EGCAKEFRUO011,99
518,/gifts-to-lucknow,F17-EXDFNPLW9,100
518,/gifts-to-lucknow,F17-CAKECONH1780,101
518,/gifts-to-lucknow,GIFTSFNP4602,102
518,/gifts-to-lucknow,F17-EXDFNP494,103
518,/gifts-to-lucknow,EXDFNP494,104
518,/gifts-to-lucknow,EXFNP230_CHOCO_BOQ,105
518,/gifts-to-lucknow,F17-CAKECON3081,106
518,/gifts-to-lucknow,F17-EXFNP28,107
518,/gifts-to-lucknow,CAKE6876,108
518,/gifts-to-lucknow,F17-EXDFNP1000,109
518,/gifts-to-lucknow,F17-VAREXDFNP430,110
518,/gifts-to-lucknow,CAKE8930,111
518,/gifts-to-lucknow,F17-EX0065,112
518,/gifts-to-lucknow,CAKE11320,113
518,/gifts-to-lucknow,F17-EXDGREETING9,114
518,/gifts-to-lucknow,F17-CAKECONH25,115
518,/gifts-to-lucknow,F17-EGCAKECONH1780,116
518,/gifts-to-lucknow,F17-EXDFNP567,117
518,/gifts-to-lucknow,F17-EGCAKECONH1834,118
518,/gifts-to-lucknow,F17-EXDFNP508,119
518,/gifts-to-lucknow,GIFTSFNP1952,120
518,/gifts-to-lucknow,F17-EGCAKECONH1822,121
518,/gifts-to-lucknow,EXFNP232_CHOCO_BOQ,122
518,/gifts-to-lucknow,F17-EXDFNP1032,123
518,/gifts-to-lucknow,F17-EGCAKECONH874,124
518,/gifts-to-lucknow,F17-EXDFNP437,125
518,/gifts-to-lucknow,F17-EX0061,126
518,/gifts-to-lucknow,GIFTSFNP4600,127
519,/gifts-to-ludhiana,F17-VRTEXFNP182,1
519,/gifts-to-ludhiana,F17-CAKECHOH004,2
519,/gifts-to-ludhiana,CAKECHOH004,3
519,/gifts-to-ludhiana,F17-VRTEXFNP183,4
519,/gifts-to-ludhiana,F17-EXFNP213_CHOCO_BOQ,5
519,/gifts-to-ludhiana,F17-EGCAKEPINH013,6
519,/gifts-to-ludhiana,F17-EXFNP29,7
519,/gifts-to-ludhiana,EXFNP29,8
519,/gifts-to-ludhiana,F17-CAKEBLFTH019,9
519,/gifts-to-ludhiana,CAKEBLFTH019,10
519,/gifts-to-ludhiana,F17-VRTEXFNP182-12,11
519,/gifts-to-ludhiana,F17-VRTEXFNP181,12
519,/gifts-to-ludhiana,GIFTSFNP62,13
519,/gifts-to-ludhiana,GIFTSFNP2723,14
519,/gifts-to-ludhiana,F17-VRTEXFNP184,15
519,/gifts-to-ludhiana,F17-EXFNP202_CHOCO_BOQ,16
519,/gifts-to-ludhiana,F17-EGCAKEBLFTH019,17
519,/gifts-to-ludhiana,F17-EXDPLANT2,18
519,/gifts-to-ludhiana,EXFNP220_CHOCO_BOQ,19
519,/gifts-to-ludhiana,F17-EXDGREETING11,20
519,/gifts-to-ludhiana,CAKE0091,21
519,/gifts-to-ludhiana,F17-EXFNP51,22
519,/gifts-to-ludhiana,F17-EXDFNP442,23
519,/gifts-to-ludhiana,EXFNP221_CHOCO_BOQ,24
519,/gifts-to-ludhiana,F17-EXDFNP1009,25
519,/gifts-to-ludhiana,EXDFNP1009,26
519,/gifts-to-ludhiana,F17-CAKEBUTTH007,27
519,/gifts-to-ludhiana,F17-EXDFNP537,28
519,/gifts-to-ludhiana,CAKE9078,29
519,/gifts-to-ludhiana,F17-EXDFNPLW11,30
519,/gifts-to-ludhiana,F17-EXFNP204_CHOCO_BOQ,31
519,/gifts-to-ludhiana,EXFNP204_CHOCO_BOQ,32
519,/gifts-to-ludhiana,F17-CAKEVANH022,33
519,/gifts-to-ludhiana,F17-EGCAKEBUTTH007,34
519,/gifts-to-ludhiana,F17-EXDFNP488,35
519,/gifts-to-ludhiana,F17-CAKETFLOE001,36
519,/gifts-to-ludhiana,F17-VRTEXFNP183-12,37
519,/gifts-to-ludhiana,F17-VAREXDFNP406,38
519,/gifts-to-ludhiana,F17-CAKECONH1897,39
519,/gifts-to-ludhiana,F17-EXFNP70,40
519,/gifts-to-ludhiana,GIFTSFNP4596,41
519,/gifts-to-ludhiana,F17-EXDFNP69,42
519,/gifts-to-ludhiana,GIFTSFNP1953,43
519,/gifts-to-ludhiana,F17-EGCAKEVANH022,44
519,/gifts-to-ludhiana,F17-CAKEBLFTO020,45
519,/gifts-to-ludhiana,F17-EXFNP41,46
519,/gifts-to-ludhiana,F17-EXDFNP419,47
519,/gifts-to-ludhiana,F17-CAKECONH304,48
519,/gifts-to-ludhiana,CAKE10604,49
519,/gifts-to-ludhiana,EXFNP222_CHOCO_BOQ,50
519,/gifts-to-ludhiana,F17-CAKECONH310,51
519,/gifts-to-ludhiana,F17-EXDFNP630,52
519,/gifts-to-ludhiana,F17-EXDFNP460,53
519,/gifts-to-ludhiana,CAKE6071,54
519,/gifts-to-ludhiana,F17-EGCAKEBLFTO020,55
519,/gifts-to-ludhiana,F17-EXDFNP477,56
519,/gifts-to-ludhiana,F17-EXDFNPLW13,57
519,/gifts-to-ludhiana,F17-CAKECONH1945,58
519,/gifts-to-ludhiana,F17-EX004,59
519,/gifts-to-ludhiana,F17-EXDGREETING8,60
519,/gifts-to-ludhiana,F17-CAKECHOO005,61
519,/gifts-to-ludhiana,F17-EXFNP155,62
519,/gifts-to-ludhiana,F17-VRTEXD1,63
519,/gifts-to-ludhiana,F17-EXDFNP147,64
519,/gifts-to-ludhiana,F17-VRTEXFNP182-20,65
519,/gifts-to-ludhiana,F17-EXDFNP401,66
519,/gifts-to-ludhiana,F17-EXFNP50,67
519,/gifts-to-ludhiana,EXFNP219_CHOCO_BOQ,68
519,/gifts-to-ludhiana,F17-EXDGREETING10,69
519,/gifts-to-ludhiana,F17-EXDPLANT49,70
519,/gifts-to-ludhiana,EXDPLANT49,71
519,/gifts-to-ludhiana,F17-EGCAKECHOO005,72
519,/gifts-to-ludhiana,F17-VRTEXFNP184-12,73
519,/gifts-to-ludhiana,F17-EXDFNP542,74
519,/gifts-to-ludhiana,F17-CAKECONH1834,75
519,/gifts-to-ludhiana,F17-CAKECONH1822,76
519,/gifts-to-ludhiana,F17-EGCAKECONH1897,77
519,/gifts-to-ludhiana,EXFNP255_CHOCO_BOQ,78
519,/gifts-to-ludhiana,F17-CAKEPINO014,79
519,/gifts-to-ludhiana,VG234,80
519,/gifts-to-ludhiana,F17-EXDFNPLW8,81
519,/gifts-to-ludhiana,F17-EXDFNP465,82
519,/gifts-to-ludhiana,CAKE11383,83
519,/gifts-to-ludhiana,F17-CAKEHSTFLO017,84
519,/gifts-to-ludhiana,EXFNP233_CHOCO_BOQ,85
519,/gifts-to-ludhiana,CAKE38760,86
519,/gifts-to-ludhiana,F17-EXDFNP2006,87
519,/gifts-to-ludhiana,F17-EGCAKECONH310,88
519,/gifts-to-ludhiana,F17-EXDFNP1010,89
519,/gifts-to-ludhiana,F17-CAKEFRUO011,90
519,/gifts-to-ludhiana,F17-EGCAKECONH1945,91
519,/gifts-to-ludhiana,EXDCHOCO15,92
519,/gifts-to-ludhiana,CAKE8256,93
519,/gifts-to-ludhiana,F17-EXDFNP431,94
519,/gifts-to-ludhiana,F17-CAKECONH874,95
519,/gifts-to-ludhiana,F17-EXDFNP443,96
519,/gifts-to-ludhiana,F17-EGCAKEPINO014,97
519,/gifts-to-ludhiana,CAKE11838,98
519,/gifts-to-ludhiana,F17-EGCAKEFRUO011,99
519,/gifts-to-ludhiana,F17-EXDFNPLW9,100
519,/gifts-to-ludhiana,F17-CAKECONH1780,101
519,/gifts-to-ludhiana,GIFTSFNP4602,102
519,/gifts-to-ludhiana,F17-EXDFNP494,103
519,/gifts-to-ludhiana,EXDFNP494,104
519,/gifts-to-ludhiana,EXFNP230_CHOCO_BOQ,105
519,/gifts-to-ludhiana,F17-CAKECON3081,106
519,/gifts-to-ludhiana,F17-EXFNP28,107
519,/gifts-to-ludhiana,CAKE6876,108
519,/gifts-to-ludhiana,F17-EXDFNP1000,109
519,/gifts-to-ludhiana,F17-VAREXDFNP430,110
519,/gifts-to-ludhiana,CAKE8930,111
519,/gifts-to-ludhiana,F17-EX0065,112
519,/gifts-to-ludhiana,CAKE11320,113
519,/gifts-to-ludhiana,F17-EXDGREETING9,114
519,/gifts-to-ludhiana,F17-CAKECONH25,115
519,/gifts-to-ludhiana,F17-EGCAKECONH1780,116
519,/gifts-to-ludhiana,F17-EXDFNP567,117
519,/gifts-to-ludhiana,F17-EGCAKECONH1834,118
519,/gifts-to-ludhiana,F17-EXDFNP508,119
519,/gifts-to-ludhiana,GIFTSFNP1952,120
519,/gifts-to-ludhiana,F17-EGCAKECONH1822,121
519,/gifts-to-ludhiana,EXFNP232_CHOCO_BOQ,122
519,/gifts-to-ludhiana,F17-EXDFNP1032,123
519,/gifts-to-ludhiana,F17-EGCAKECONH874,124
519,/gifts-to-ludhiana,F17-EXDFNP437,125
519,/gifts-to-ludhiana,F17-EX0061,126
519,/gifts-to-ludhiana,GIFTSFNP4600,127
520,/gifts-to-nagpur,F17-VRTEXFNP182,1
520,/gifts-to-nagpur,F17-CAKECHOH004,2
520,/gifts-to-nagpur,CAKECHOH004,3
520,/gifts-to-nagpur,F17-VRTEXFNP183,4
520,/gifts-to-nagpur,F17-EXFNP213_CHOCO_BOQ,5
520,/gifts-to-nagpur,F17-EGCAKEPINH013,6
520,/gifts-to-nagpur,F17-EXFNP29,7
520,/gifts-to-nagpur,EXFNP29,8
520,/gifts-to-nagpur,F17-CAKEBLFTH019,9
520,/gifts-to-nagpur,CAKEBLFTH019,10
520,/gifts-to-nagpur,F17-VRTEXFNP182-12,11
520,/gifts-to-nagpur,F17-VRTEXFNP181,12
520,/gifts-to-nagpur,GIFTSFNP62,13
520,/gifts-to-nagpur,GIFTSFNP2723,14
520,/gifts-to-nagpur,F17-VRTEXFNP184,15
520,/gifts-to-nagpur,F17-EXFNP202_CHOCO_BOQ,16
520,/gifts-to-nagpur,F17-EGCAKEBLFTH019,17
520,/gifts-to-nagpur,F17-EXDPLANT2,18
520,/gifts-to-nagpur,EXFNP220_CHOCO_BOQ,19
520,/gifts-to-nagpur,F17-EXDGREETING11,20
520,/gifts-to-nagpur,CAKE0091,21
520,/gifts-to-nagpur,F17-EXFNP51,22
520,/gifts-to-nagpur,F17-EXDFNP442,23
520,/gifts-to-nagpur,EXFNP221_CHOCO_BOQ,24
520,/gifts-to-nagpur,F17-EXDFNP1009,25
520,/gifts-to-nagpur,EXDFNP1009,26
520,/gifts-to-nagpur,F17-CAKEBUTTH007,27
520,/gifts-to-nagpur,F17-EXDFNP537,28
520,/gifts-to-nagpur,CAKE9078,29
520,/gifts-to-nagpur,F17-EXDFNPLW11,30
520,/gifts-to-nagpur,F17-EXFNP204_CHOCO_BOQ,31
520,/gifts-to-nagpur,EXFNP204_CHOCO_BOQ,32
520,/gifts-to-nagpur,F17-CAKEVANH022,33
520,/gifts-to-nagpur,F17-EGCAKEBUTTH007,34
520,/gifts-to-nagpur,F17-EXDFNP488,35
520,/gifts-to-nagpur,F17-CAKETFLOE001,36
520,/gifts-to-nagpur,F17-VRTEXFNP183-12,37
520,/gifts-to-nagpur,F17-VAREXDFNP406,38
520,/gifts-to-nagpur,F17-CAKECONH1897,39
520,/gifts-to-nagpur,F17-EXFNP70,40
520,/gifts-to-nagpur,GIFTSFNP4596,41
520,/gifts-to-nagpur,F17-EXDFNP69,42
520,/gifts-to-nagpur,GIFTSFNP1953,43
520,/gifts-to-nagpur,F17-EGCAKEVANH022,44
520,/gifts-to-nagpur,F17-CAKEBLFTO020,45
520,/gifts-to-nagpur,F17-EXFNP41,46
520,/gifts-to-nagpur,F17-EXDFNP419,47
520,/gifts-to-nagpur,F17-CAKECONH304,48
520,/gifts-to-nagpur,CAKE10604,49
520,/gifts-to-nagpur,EXFNP222_CHOCO_BOQ,50
520,/gifts-to-nagpur,F17-CAKECONH310,51
520,/gifts-to-nagpur,F17-EXDFNP630,52
520,/gifts-to-nagpur,F17-EXDFNP460,53
520,/gifts-to-nagpur,CAKE6071,54
520,/gifts-to-nagpur,F17-EGCAKEBLFTO020,55
520,/gifts-to-nagpur,F17-EXDFNP477,56
520,/gifts-to-nagpur,F17-EXDFNPLW13,57
520,/gifts-to-nagpur,F17-CAKECONH1945,58
520,/gifts-to-nagpur,F17-EX004,59
520,/gifts-to-nagpur,F17-EXDGREETING8,60
520,/gifts-to-nagpur,F17-CAKECHOO005,61
520,/gifts-to-nagpur,F17-EXFNP155,62
520,/gifts-to-nagpur,F17-VRTEXD1,63
520,/gifts-to-nagpur,F17-EXDFNP147,64
520,/gifts-to-nagpur,F17-VRTEXFNP182-20,65
520,/gifts-to-nagpur,F17-EXDFNP401,66
520,/gifts-to-nagpur,F17-EXFNP50,67
520,/gifts-to-nagpur,EXFNP219_CHOCO_BOQ,68
520,/gifts-to-nagpur,F17-EXDGREETING10,69
520,/gifts-to-nagpur,F17-EXDPLANT49,70
520,/gifts-to-nagpur,EXDPLANT49,71
520,/gifts-to-nagpur,F17-EGCAKECHOO005,72
520,/gifts-to-nagpur,F17-VRTEXFNP184-12,73
520,/gifts-to-nagpur,F17-EXDFNP542,74
520,/gifts-to-nagpur,F17-CAKECONH1834,75
520,/gifts-to-nagpur,F17-CAKECONH1822,76
520,/gifts-to-nagpur,F17-EGCAKECONH1897,77
520,/gifts-to-nagpur,EXFNP255_CHOCO_BOQ,78
520,/gifts-to-nagpur,F17-CAKEPINO014,79
520,/gifts-to-nagpur,VG234,80
520,/gifts-to-nagpur,F17-EXDFNPLW8,81
520,/gifts-to-nagpur,F17-EXDFNP465,82
520,/gifts-to-nagpur,CAKE11383,83
520,/gifts-to-nagpur,F17-CAKEHSTFLO017,84
520,/gifts-to-nagpur,EXFNP233_CHOCO_BOQ,85
520,/gifts-to-nagpur,CAKE38760,86
520,/gifts-to-nagpur,F17-EXDFNP2006,87
520,/gifts-to-nagpur,F17-EGCAKECONH310,88
520,/gifts-to-nagpur,F17-EXDFNP1010,89
520,/gifts-to-nagpur,F17-CAKEFRUO011,90
520,/gifts-to-nagpur,F17-EGCAKECONH1945,91
520,/gifts-to-nagpur,EXDCHOCO15,92
520,/gifts-to-nagpur,CAKE8256,93
520,/gifts-to-nagpur,F17-EXDFNP431,94
520,/gifts-to-nagpur,F17-CAKECONH874,95
520,/gifts-to-nagpur,F17-EXDFNP443,96
520,/gifts-to-nagpur,F17-EGCAKEPINO014,97
520,/gifts-to-nagpur,CAKE11838,98
520,/gifts-to-nagpur,F17-EGCAKEFRUO011,99
520,/gifts-to-nagpur,F17-EXDFNPLW9,100
520,/gifts-to-nagpur,F17-CAKECONH1780,101
520,/gifts-to-nagpur,GIFTSFNP4602,102
520,/gifts-to-nagpur,F17-EXDFNP494,103
520,/gifts-to-nagpur,EXDFNP494,104
520,/gifts-to-nagpur,EXFNP230_CHOCO_BOQ,105
520,/gifts-to-nagpur,F17-CAKECON3081,106
520,/gifts-to-nagpur,F17-EXFNP28,107
520,/gifts-to-nagpur,CAKE6876,108
520,/gifts-to-nagpur,F17-EXDFNP1000,109
520,/gifts-to-nagpur,F17-VAREXDFNP430,110
520,/gifts-to-nagpur,CAKE8930,111
520,/gifts-to-nagpur,F17-EX0065,112
520,/gifts-to-nagpur,CAKE11320,113
520,/gifts-to-nagpur,F17-EXDGREETING9,114
520,/gifts-to-nagpur,F17-CAKECONH25,115
520,/gifts-to-nagpur,F17-EGCAKECONH1780,116
520,/gifts-to-nagpur,F17-EXDFNP567,117
520,/gifts-to-nagpur,F17-EGCAKECONH1834,118
520,/gifts-to-nagpur,F17-EXDFNP508,119
520,/gifts-to-nagpur,GIFTSFNP1952,120
520,/gifts-to-nagpur,F17-EGCAKECONH1822,121
520,/gifts-to-nagpur,EXFNP232_CHOCO_BOQ,122
520,/gifts-to-nagpur,F17-EXDFNP1032,123
520,/gifts-to-nagpur,F17-EGCAKECONH874,124
520,/gifts-to-nagpur,F17-EXDFNP437,125
520,/gifts-to-nagpur,F17-EX0061,126
520,/gifts-to-nagpur,GIFTSFNP4600,127
521,/gifts-to-patna,F17-VRTEXFNP182,1
521,/gifts-to-patna,F17-CAKECHOH004,2
521,/gifts-to-patna,CAKECHOH004,3
521,/gifts-to-patna,F17-VRTEXFNP183,4
521,/gifts-to-patna,F17-EXFNP213_CHOCO_BOQ,5
521,/gifts-to-patna,F17-EGCAKEPINH013,6
521,/gifts-to-patna,F17-EXFNP29,7
521,/gifts-to-patna,EXFNP29,8
521,/gifts-to-patna,F17-CAKEBLFTH019,9
521,/gifts-to-patna,CAKEBLFTH019,10
521,/gifts-to-patna,F17-VRTEXFNP182-12,11
521,/gifts-to-patna,F17-VRTEXFNP181,12
521,/gifts-to-patna,GIFTSFNP62,13
521,/gifts-to-patna,GIFTSFNP2723,14
521,/gifts-to-patna,F17-VRTEXFNP184,15
521,/gifts-to-patna,F17-EXFNP202_CHOCO_BOQ,16
521,/gifts-to-patna,F17-EGCAKEBLFTH019,17
521,/gifts-to-patna,F17-EXDPLANT2,18
521,/gifts-to-patna,EXFNP220_CHOCO_BOQ,19
521,/gifts-to-patna,F17-EXDGREETING11,20
521,/gifts-to-patna,CAKE0091,21
521,/gifts-to-patna,F17-EXFNP51,22
521,/gifts-to-patna,F17-EXDFNP442,23
521,/gifts-to-patna,EXFNP221_CHOCO_BOQ,24
521,/gifts-to-patna,F17-EXDFNP1009,25
521,/gifts-to-patna,EXDFNP1009,26
521,/gifts-to-patna,F17-CAKEBUTTH007,27
521,/gifts-to-patna,F17-EXDFNP537,28
521,/gifts-to-patna,CAKE9078,29
521,/gifts-to-patna,F17-EXDFNPLW11,30
521,/gifts-to-patna,F17-EXFNP204_CHOCO_BOQ,31
521,/gifts-to-patna,EXFNP204_CHOCO_BOQ,32
521,/gifts-to-patna,F17-CAKEVANH022,33
521,/gifts-to-patna,F17-EGCAKEBUTTH007,34
521,/gifts-to-patna,F17-EXDFNP488,35
521,/gifts-to-patna,F17-CAKETFLOE001,36
521,/gifts-to-patna,F17-VRTEXFNP183-12,37
521,/gifts-to-patna,F17-VAREXDFNP406,38
521,/gifts-to-patna,F17-CAKECONH1897,39
521,/gifts-to-patna,F17-EXFNP70,40
521,/gifts-to-patna,GIFTSFNP4596,41
521,/gifts-to-patna,F17-EXDFNP69,42
521,/gifts-to-patna,GIFTSFNP1953,43
521,/gifts-to-patna,F17-EGCAKEVANH022,44
521,/gifts-to-patna,F17-CAKEBLFTO020,45
521,/gifts-to-patna,F17-EXFNP41,46
521,/gifts-to-patna,F17-EXDFNP419,47
521,/gifts-to-patna,F17-CAKECONH304,48
521,/gifts-to-patna,CAKE10604,49
521,/gifts-to-patna,EXFNP222_CHOCO_BOQ,50
521,/gifts-to-patna,F17-CAKECONH310,51
521,/gifts-to-patna,F17-EXDFNP630,52
521,/gifts-to-patna,F17-EXDFNP460,53
521,/gifts-to-patna,CAKE6071,54
521,/gifts-to-patna,F17-EGCAKEBLFTO020,55
521,/gifts-to-patna,F17-EXDFNP477,56
521,/gifts-to-patna,F17-EXDFNPLW13,57
521,/gifts-to-patna,F17-CAKECONH1945,58
521,/gifts-to-patna,F17-EX004,59
521,/gifts-to-patna,F17-EXDGREETING8,60
521,/gifts-to-patna,F17-CAKECHOO005,61
521,/gifts-to-patna,F17-EXFNP155,62
521,/gifts-to-patna,F17-VRTEXD1,63
521,/gifts-to-patna,F17-EXDFNP147,64
521,/gifts-to-patna,F17-VRTEXFNP182-20,65
521,/gifts-to-patna,F17-EXDFNP401,66
521,/gifts-to-patna,F17-EXFNP50,67
521,/gifts-to-patna,EXFNP219_CHOCO_BOQ,68
521,/gifts-to-patna,F17-EXDGREETING10,69
521,/gifts-to-patna,F17-EXDPLANT49,70
521,/gifts-to-patna,EXDPLANT49,71
521,/gifts-to-patna,F17-EGCAKECHOO005,72
521,/gifts-to-patna,F17-VRTEXFNP184-12,73
521,/gifts-to-patna,F17-EXDFNP542,74
521,/gifts-to-patna,F17-CAKECONH1834,75
521,/gifts-to-patna,F17-CAKECONH1822,76
521,/gifts-to-patna,F17-EGCAKECONH1897,77
521,/gifts-to-patna,EXFNP255_CHOCO_BOQ,78
521,/gifts-to-patna,F17-CAKEPINO014,79
521,/gifts-to-patna,VG234,80
521,/gifts-to-patna,F17-EXDFNPLW8,81
521,/gifts-to-patna,F17-EXDFNP465,82
521,/gifts-to-patna,CAKE11383,83
521,/gifts-to-patna,F17-CAKEHSTFLO017,84
521,/gifts-to-patna,EXFNP233_CHOCO_BOQ,85
521,/gifts-to-patna,CAKE38760,86
521,/gifts-to-patna,F17-EXDFNP2006,87
521,/gifts-to-patna,F17-EGCAKECONH310,88
521,/gifts-to-patna,F17-EXDFNP1010,89
521,/gifts-to-patna,F17-CAKEFRUO011,90
521,/gifts-to-patna,F17-EGCAKECONH1945,91
521,/gifts-to-patna,EXDCHOCO15,92
521,/gifts-to-patna,CAKE8256,93
521,/gifts-to-patna,F17-EXDFNP431,94
521,/gifts-to-patna,F17-CAKECONH874,95
521,/gifts-to-patna,F17-EXDFNP443,96
521,/gifts-to-patna,F17-EGCAKEPINO014,97
521,/gifts-to-patna,CAKE11838,98
521,/gifts-to-patna,F17-EGCAKEFRUO011,99
521,/gifts-to-patna,F17-EXDFNPLW9,100
521,/gifts-to-patna,F17-CAKECONH1780,101
521,/gifts-to-patna,GIFTSFNP4602,102
521,/gifts-to-patna,F17-EXDFNP494,103
521,/gifts-to-patna,EXDFNP494,104
521,/gifts-to-patna,EXFNP230_CHOCO_BOQ,105
521,/gifts-to-patna,F17-CAKECON3081,106
521,/gifts-to-patna,F17-EXFNP28,107
521,/gifts-to-patna,CAKE6876,108
521,/gifts-to-patna,F17-EXDFNP1000,109
521,/gifts-to-patna,F17-VAREXDFNP430,110
521,/gifts-to-patna,CAKE8930,111
521,/gifts-to-patna,F17-EX0065,112
521,/gifts-to-patna,CAKE11320,113
521,/gifts-to-patna,F17-EXDGREETING9,114
521,/gifts-to-patna,F17-CAKECONH25,115
521,/gifts-to-patna,F17-EGCAKECONH1780,116
521,/gifts-to-patna,F17-EXDFNP567,117
521,/gifts-to-patna,F17-EGCAKECONH1834,118
521,/gifts-to-patna,F17-EXDFNP508,119
521,/gifts-to-patna,GIFTSFNP1952,120
521,/gifts-to-patna,F17-EGCAKECONH1822,121
521,/gifts-to-patna,EXFNP232_CHOCO_BOQ,122
521,/gifts-to-patna,F17-EXDFNP1032,123
521,/gifts-to-patna,F17-EGCAKECONH874,124
521,/gifts-to-patna,F17-EXDFNP437,125
521,/gifts-to-patna,F17-EX0061,126
521,/gifts-to-patna,GIFTSFNP4600,127
382,/cakes-to-chandigarh,F17-CAKECHOH004,1
382,/cakes-to-chandigarh,CAKE00115,2
382,/cakes-to-chandigarh,F17-EGCAKECHOH004,3
382,/cakes-to-chandigarh,F17-CAKETFLHE001,4
382,/cakes-to-chandigarh,F17-CAKEPINH013,5
382,/cakes-to-chandigarh,F17-EGCAKEPINH013,6
382,/cakes-to-chandigarh,F17-CAKEBLFTH019,7
382,/cakes-to-chandigarh,F17-EGCAKEBLFTH019,8
382,/cakes-to-chandigarh,EXFNP220_CHOCO_BOQ,9
382,/cakes-to-chandigarh,CAKE0091,10
382,/cakes-to-chandigarh,F17-CAKEBUTTH007,11
382,/cakes-to-chandigarh,CAKE9078,12
382,/cakes-to-chandigarh,F17-CAKEVANH022,13
382,/cakes-to-chandigarh,F17-EGCAKEBUTTH007,14
382,/cakes-to-chandigarh,F17-CAKETFLOE001,15
382,/cakes-to-chandigarh,F17-CAKECONH1897,16
382,/cakes-to-chandigarh,F17-EGCAKEVANH022,17
382,/cakes-to-chandigarh,F17-CAKEBLFTO020,18
382,/cakes-to-chandigarh,F17-CAKECONH304,19
382,/cakes-to-chandigarh,CAKE10604,20
382,/cakes-to-chandigarh,F17-CAKECONH310,21
382,/cakes-to-chandigarh,CAKE6071,22
382,/cakes-to-chandigarh,F17-EGCAKEBLFTO020,23
382,/cakes-to-chandigarh,F17-CAKECONH1945,24
382,/cakes-to-chandigarh,F17-CAKECHOO005,25
382,/cakes-to-chandigarh,EXFNP219_CHOCO_BOQ,26
382,/cakes-to-chandigarh,F17-EGCAKECHOO005,27
382,/cakes-to-chandigarh,F17-CAKECONH1834,28
382,/cakes-to-chandigarh,F17-CAKECONH1822,29
382,/cakes-to-chandigarh,F17-EGCAKECONH1897,30
382,/cakes-to-chandigarh,F17-CAKEPINO014,31
382,/cakes-to-chandigarh,CAKE11383,32
382,/cakes-to-chandigarh,F17-CAKEHSTFLO017,33
382,/cakes-to-chandigarh,EXFNP233_CHOCO_BOQ,34
382,/cakes-to-chandigarh,CAKE38760,35
382,/cakes-to-chandigarh,F17-EGCAKECONH310,36
382,/cakes-to-chandigarh,F17-CAKEFRUO011,37
382,/cakes-to-chandigarh,F17-EGCAKECONH1945,38
382,/cakes-to-chandigarh,EXDCHOCO15,39
382,/cakes-to-chandigarh,CAKE8256,40
382,/cakes-to-chandigarh,F17-CAKECONH874,41
382,/cakes-to-chandigarh,F17-EGCAKEPINO014,42
382,/cakes-to-chandigarh,CAKE11838,43
382,/cakes-to-chandigarh,F17-EGCAKEFRUO011,44
382,/cakes-to-chandigarh,F17-CAKECONH1780,45
382,/cakes-to-chandigarh,F17-CAKECON3081,46
382,/cakes-to-chandigarh,CAKE6876,47
382,/cakes-to-chandigarh,CAKE8930,48
382,/cakes-to-chandigarh,CAKE11320,49
382,/cakes-to-chandigarh,F17-CAKECONH25,50
382,/cakes-to-chandigarh,F17-EGCAKECONH1780,51
382,/cakes-to-chandigarh,F17-EGCAKECONH1834,52
382,/cakes-to-chandigarh,F17-EGCAKECONH1822,53
382,/cakes-to-chandigarh,F17-EGCAKECONH874,54
382,/cakes-to-chandigarh,F17-CAKEBUTTO008,55
382,/cakes-to-chandigarh,F17-EGCAKEBUTTO008,56
382,/cakes-to-chandigarh,CAKE11227,57
524,/cakes-to-agra,F17-CAKECHOH004,1
524,/cakes-to-agra,CAKE00115,2
524,/cakes-to-agra,F17-EGCAKECHOH004,3
524,/cakes-to-agra,F17-CAKETFLHE001,4
524,/cakes-to-agra,F17-CAKEPINH013,5
524,/cakes-to-agra,F17-EGCAKEPINH013,6
524,/cakes-to-agra,F17-CAKEBLFTH019,7
524,/cakes-to-agra,F17-EGCAKEBLFTH019,8
524,/cakes-to-agra,EXFNP220_CHOCO_BOQ,9
524,/cakes-to-agra,CAKE0091,10
524,/cakes-to-agra,F17-CAKEBUTTH007,11
524,/cakes-to-agra,CAKE9078,12
524,/cakes-to-agra,F17-CAKEVANH022,13
524,/cakes-to-agra,F17-EGCAKEBUTTH007,14
524,/cakes-to-agra,F17-CAKETFLOE001,15
524,/cakes-to-agra,F17-CAKECONH1897,16
524,/cakes-to-agra,F17-EGCAKEVANH022,17
524,/cakes-to-agra,F17-CAKEBLFTO020,18
524,/cakes-to-agra,F17-CAKECONH304,19
524,/cakes-to-agra,CAKE10604,20
524,/cakes-to-agra,F17-CAKECONH310,21
524,/cakes-to-agra,CAKE6071,22
524,/cakes-to-agra,F17-EGCAKEBLFTO020,23
524,/cakes-to-agra,F17-CAKECONH1945,24
524,/cakes-to-agra,F17-CAKECHOO005,25
524,/cakes-to-agra,EXFNP219_CHOCO_BOQ,26
524,/cakes-to-agra,F17-EGCAKECHOO005,27
524,/cakes-to-agra,F17-CAKECONH1834,28
524,/cakes-to-agra,F17-CAKECONH1822,29
524,/cakes-to-agra,F17-EGCAKECONH1897,30
524,/cakes-to-agra,F17-CAKEPINO014,31
524,/cakes-to-agra,CAKE11383,32
524,/cakes-to-agra,F17-CAKEHSTFLO017,33
524,/cakes-to-agra,EXFNP233_CHOCO_BOQ,34
524,/cakes-to-agra,CAKE38760,35
524,/cakes-to-agra,F17-EGCAKECONH310,36
524,/cakes-to-agra,F17-CAKEFRUO011,37
524,/cakes-to-agra,F17-EGCAKECONH1945,38
524,/cakes-to-agra,EXDCHOCO15,39
524,/cakes-to-agra,CAKE8256,40
524,/cakes-to-agra,F17-CAKECONH874,41
524,/cakes-to-agra,F17-EGCAKEPINO014,42
524,/cakes-to-agra,CAKE11838,43
524,/cakes-to-agra,F17-EGCAKEFRUO011,44
524,/cakes-to-agra,F17-CAKECONH1780,45
524,/cakes-to-agra,F17-CAKECON3081,46
524,/cakes-to-agra,CAKE6876,47
524,/cakes-to-agra,CAKE8930,48
524,/cakes-to-agra,CAKE11320,49
524,/cakes-to-agra,F17-CAKECONH25,50
524,/cakes-to-agra,F17-EGCAKECONH1780,51
524,/cakes-to-agra,F17-EGCAKECONH1834,52
524,/cakes-to-agra,F17-EGCAKECONH1822,53
524,/cakes-to-agra,F17-EGCAKECONH874,54
524,/cakes-to-agra,F17-CAKEBUTTO008,55
524,/cakes-to-agra,F17-EGCAKEBUTTO008,56
524,/cakes-to-agra,CAKE11227,57
525,/cakes-to-allahabad,F17-CAKECHOH004,1
525,/cakes-to-allahabad,CAKE00115,2
525,/cakes-to-allahabad,F17-EGCAKECHOH004,3
525,/cakes-to-allahabad,F17-CAKETFLHE001,4
525,/cakes-to-allahabad,F17-CAKEPINH013,5
525,/cakes-to-allahabad,F17-EGCAKEPINH013,6
525,/cakes-to-allahabad,F17-CAKEBLFTH019,7
525,/cakes-to-allahabad,F17-EGCAKEBLFTH019,8
525,/cakes-to-allahabad,EXFNP220_CHOCO_BOQ,9
525,/cakes-to-allahabad,CAKE0091,10
525,/cakes-to-allahabad,F17-CAKEBUTTH007,11
525,/cakes-to-allahabad,CAKE9078,12
525,/cakes-to-allahabad,F17-CAKEVANH022,13
525,/cakes-to-allahabad,F17-EGCAKEBUTTH007,14
525,/cakes-to-allahabad,F17-CAKETFLOE001,15
525,/cakes-to-allahabad,F17-CAKECONH1897,16
525,/cakes-to-allahabad,F17-EGCAKEVANH022,17
525,/cakes-to-allahabad,F17-CAKEBLFTO020,18
525,/cakes-to-allahabad,F17-CAKECONH304,19
525,/cakes-to-allahabad,CAKE10604,20
525,/cakes-to-allahabad,F17-CAKECONH310,21
525,/cakes-to-allahabad,CAKE6071,22
525,/cakes-to-allahabad,F17-EGCAKEBLFTO020,23
525,/cakes-to-allahabad,F17-CAKECONH1945,24
525,/cakes-to-allahabad,F17-CAKECHOO005,25
525,/cakes-to-allahabad,EXFNP219_CHOCO_BOQ,26
525,/cakes-to-allahabad,F17-EGCAKECHOO005,27
525,/cakes-to-allahabad,F17-CAKECONH1834,28
525,/cakes-to-allahabad,F17-CAKECONH1822,29
525,/cakes-to-allahabad,F17-EGCAKECONH1897,30
525,/cakes-to-allahabad,F17-CAKEPINO014,31
525,/cakes-to-allahabad,CAKE11383,32
525,/cakes-to-allahabad,F17-CAKEHSTFLO017,33
525,/cakes-to-allahabad,EXFNP233_CHOCO_BOQ,34
525,/cakes-to-allahabad,CAKE38760,35
525,/cakes-to-allahabad,F17-EGCAKECONH310,36
525,/cakes-to-allahabad,F17-CAKEFRUO011,37
525,/cakes-to-allahabad,F17-EGCAKECONH1945,38
525,/cakes-to-allahabad,EXDCHOCO15,39
525,/cakes-to-allahabad,CAKE8256,40
525,/cakes-to-allahabad,F17-CAKECONH874,41
525,/cakes-to-allahabad,F17-EGCAKEPINO014,42
525,/cakes-to-allahabad,CAKE11838,43
525,/cakes-to-allahabad,F17-EGCAKEFRUO011,44
525,/cakes-to-allahabad,F17-CAKECONH1780,45
525,/cakes-to-allahabad,F17-CAKECON3081,46
525,/cakes-to-allahabad,CAKE6876,47
525,/cakes-to-allahabad,CAKE8930,48
525,/cakes-to-allahabad,CAKE11320,49
525,/cakes-to-allahabad,F17-CAKECONH25,50
525,/cakes-to-allahabad,F17-EGCAKECONH1780,51
525,/cakes-to-allahabad,F17-EGCAKECONH1834,52
525,/cakes-to-allahabad,F17-EGCAKECONH1822,53
525,/cakes-to-allahabad,F17-EGCAKECONH874,54
525,/cakes-to-allahabad,F17-CAKEBUTTO008,55
525,/cakes-to-allahabad,F17-EGCAKEBUTTO008,56
525,/cakes-to-allahabad,CAKE11227,57
526,/cakes-to-amritsar,F17-CAKECHOH004,1
526,/cakes-to-amritsar,CAKE00115,2
526,/cakes-to-amritsar,F17-EGCAKECHOH004,3
526,/cakes-to-amritsar,F17-CAKETFLHE001,4
526,/cakes-to-amritsar,F17-CAKEPINH013,5
526,/cakes-to-amritsar,F17-EGCAKEPINH013,6
526,/cakes-to-amritsar,F17-CAKEBLFTH019,7
526,/cakes-to-amritsar,F17-EGCAKEBLFTH019,8
526,/cakes-to-amritsar,EXFNP220_CHOCO_BOQ,9
526,/cakes-to-amritsar,CAKE0091,10
526,/cakes-to-amritsar,F17-CAKEBUTTH007,11
526,/cakes-to-amritsar,CAKE9078,12
526,/cakes-to-amritsar,F17-CAKEVANH022,13
526,/cakes-to-amritsar,F17-EGCAKEBUTTH007,14
526,/cakes-to-amritsar,F17-CAKETFLOE001,15
526,/cakes-to-amritsar,F17-CAKECONH1897,16
526,/cakes-to-amritsar,F17-EGCAKEVANH022,17
526,/cakes-to-amritsar,F17-CAKEBLFTO020,18
526,/cakes-to-amritsar,F17-CAKECONH304,19
526,/cakes-to-amritsar,CAKE10604,20
526,/cakes-to-amritsar,F17-CAKECONH310,21
526,/cakes-to-amritsar,CAKE6071,22
526,/cakes-to-amritsar,F17-EGCAKEBLFTO020,23
526,/cakes-to-amritsar,F17-CAKECONH1945,24
526,/cakes-to-amritsar,F17-CAKECHOO005,25
526,/cakes-to-amritsar,EXFNP219_CHOCO_BOQ,26
526,/cakes-to-amritsar,F17-EGCAKECHOO005,27
526,/cakes-to-amritsar,F17-CAKECONH1834,28
526,/cakes-to-amritsar,F17-CAKECONH1822,29
526,/cakes-to-amritsar,F17-EGCAKECONH1897,30
526,/cakes-to-amritsar,F17-CAKEPINO014,31
526,/cakes-to-amritsar,CAKE11383,32
526,/cakes-to-amritsar,F17-CAKEHSTFLO017,33
526,/cakes-to-amritsar,EXFNP233_CHOCO_BOQ,34
526,/cakes-to-amritsar,CAKE38760,35
526,/cakes-to-amritsar,F17-EGCAKECONH310,36
526,/cakes-to-amritsar,F17-CAKEFRUO011,37
526,/cakes-to-amritsar,F17-EGCAKECONH1945,38
526,/cakes-to-amritsar,EXDCHOCO15,39
526,/cakes-to-amritsar,CAKE8256,40
526,/cakes-to-amritsar,F17-CAKECONH874,41
526,/cakes-to-amritsar,F17-EGCAKEPINO014,42
526,/cakes-to-amritsar,CAKE11838,43
526,/cakes-to-amritsar,F17-EGCAKEFRUO011,44
526,/cakes-to-amritsar,F17-CAKECONH1780,45
526,/cakes-to-amritsar,F17-CAKECON3081,46
526,/cakes-to-amritsar,CAKE6876,47
526,/cakes-to-amritsar,CAKE8930,48
526,/cakes-to-amritsar,CAKE11320,49
526,/cakes-to-amritsar,F17-CAKECONH25,50
526,/cakes-to-amritsar,F17-EGCAKECONH1780,51
526,/cakes-to-amritsar,F17-EGCAKECONH1834,52
526,/cakes-to-amritsar,F17-EGCAKECONH1822,53
526,/cakes-to-amritsar,F17-EGCAKECONH874,54
526,/cakes-to-amritsar,F17-CAKEBUTTO008,55
526,/cakes-to-amritsar,F17-EGCAKEBUTTO008,56
526,/cakes-to-amritsar,CAKE11227,57
527,/cakes-to-vadodara,F17-CAKECHOH004,1
527,/cakes-to-vadodara,CAKE00115,2
527,/cakes-to-vadodara,F17-EGCAKECHOH004,3
527,/cakes-to-vadodara,F17-CAKETFLHE001,4
527,/cakes-to-vadodara,F17-CAKEPINH013,5
527,/cakes-to-vadodara,F17-EGCAKEPINH013,6
527,/cakes-to-vadodara,F17-CAKEBLFTH019,7
527,/cakes-to-vadodara,F17-EGCAKEBLFTH019,8
527,/cakes-to-vadodara,EXFNP220_CHOCO_BOQ,9
527,/cakes-to-vadodara,CAKE0091,10
527,/cakes-to-vadodara,F17-CAKEBUTTH007,11
527,/cakes-to-vadodara,CAKE9078,12
527,/cakes-to-vadodara,F17-CAKEVANH022,13
527,/cakes-to-vadodara,F17-EGCAKEBUTTH007,14
527,/cakes-to-vadodara,F17-CAKETFLOE001,15
527,/cakes-to-vadodara,F17-CAKECONH1897,16
527,/cakes-to-vadodara,F17-EGCAKEVANH022,17
527,/cakes-to-vadodara,F17-CAKEBLFTO020,18
527,/cakes-to-vadodara,F17-CAKECONH304,19
527,/cakes-to-vadodara,CAKE10604,20
527,/cakes-to-vadodara,F17-CAKECONH310,21
527,/cakes-to-vadodara,CAKE6071,22
527,/cakes-to-vadodara,F17-EGCAKEBLFTO020,23
527,/cakes-to-vadodara,F17-CAKECONH1945,24
527,/cakes-to-vadodara,F17-CAKECHOO005,25
527,/cakes-to-vadodara,EXFNP219_CHOCO_BOQ,26
527,/cakes-to-vadodara,F17-EGCAKECHOO005,27
527,/cakes-to-vadodara,F17-CAKECONH1834,28
527,/cakes-to-vadodara,F17-CAKECONH1822,29
527,/cakes-to-vadodara,F17-EGCAKECONH1897,30
527,/cakes-to-vadodara,F17-CAKEPINO014,31
527,/cakes-to-vadodara,CAKE11383,32
527,/cakes-to-vadodara,F17-CAKEHSTFLO017,33
527,/cakes-to-vadodara,EXFNP233_CHOCO_BOQ,34
527,/cakes-to-vadodara,CAKE38760,35
527,/cakes-to-vadodara,F17-EGCAKECONH310,36
527,/cakes-to-vadodara,F17-CAKEFRUO011,37
527,/cakes-to-vadodara,F17-EGCAKECONH1945,38
527,/cakes-to-vadodara,EXDCHOCO15,39
527,/cakes-to-vadodara,CAKE8256,40
527,/cakes-to-vadodara,F17-CAKECONH874,41
527,/cakes-to-vadodara,F17-EGCAKEPINO014,42
527,/cakes-to-vadodara,CAKE11838,43
527,/cakes-to-vadodara,F17-EGCAKEFRUO011,44
527,/cakes-to-vadodara,F17-CAKECONH1780,45
527,/cakes-to-vadodara,F17-CAKECON3081,46
527,/cakes-to-vadodara,CAKE6876,47
527,/cakes-to-vadodara,CAKE8930,48
527,/cakes-to-vadodara,CAKE11320,49
527,/cakes-to-vadodara,F17-CAKECONH25,50
527,/cakes-to-vadodara,F17-EGCAKECONH1780,51
527,/cakes-to-vadodara,F17-EGCAKECONH1834,52
527,/cakes-to-vadodara,F17-EGCAKECONH1822,53
527,/cakes-to-vadodara,F17-EGCAKECONH874,54
527,/cakes-to-vadodara,F17-CAKEBUTTO008,55
527,/cakes-to-vadodara,F17-EGCAKEBUTTO008,56
527,/cakes-to-vadodara,CAKE11227,57
528,/cakes-to-bhopal,F17-CAKECHOH004,1
528,/cakes-to-bhopal,CAKE00115,2
528,/cakes-to-bhopal,F17-EGCAKECHOH004,3
528,/cakes-to-bhopal,F17-CAKETFLHE001,4
528,/cakes-to-bhopal,F17-CAKEPINH013,5
528,/cakes-to-bhopal,F17-EGCAKEPINH013,6
528,/cakes-to-bhopal,F17-CAKEBLFTH019,7
528,/cakes-to-bhopal,F17-EGCAKEBLFTH019,8
528,/cakes-to-bhopal,EXFNP220_CHOCO_BOQ,9
528,/cakes-to-bhopal,CAKE0091,10
528,/cakes-to-bhopal,F17-CAKEBUTTH007,11
528,/cakes-to-bhopal,CAKE9078,12
528,/cakes-to-bhopal,F17-CAKEVANH022,13
528,/cakes-to-bhopal,F17-EGCAKEBUTTH007,14
528,/cakes-to-bhopal,F17-CAKETFLOE001,15
528,/cakes-to-bhopal,F17-CAKECONH1897,16
528,/cakes-to-bhopal,F17-EGCAKEVANH022,17
528,/cakes-to-bhopal,F17-CAKEBLFTO020,18
528,/cakes-to-bhopal,F17-CAKECONH304,19
528,/cakes-to-bhopal,CAKE10604,20
528,/cakes-to-bhopal,F17-CAKECONH310,21
528,/cakes-to-bhopal,CAKE6071,22
528,/cakes-to-bhopal,F17-EGCAKEBLFTO020,23
528,/cakes-to-bhopal,F17-CAKECONH1945,24
528,/cakes-to-bhopal,F17-CAKECHOO005,25
528,/cakes-to-bhopal,EXFNP219_CHOCO_BOQ,26
528,/cakes-to-bhopal,F17-EGCAKECHOO005,27
528,/cakes-to-bhopal,F17-CAKECONH1834,28
528,/cakes-to-bhopal,F17-CAKECONH1822,29
528,/cakes-to-bhopal,F17-EGCAKECONH1897,30
528,/cakes-to-bhopal,F17-CAKEPINO014,31
528,/cakes-to-bhopal,CAKE11383,32
528,/cakes-to-bhopal,F17-CAKEHSTFLO017,33
528,/cakes-to-bhopal,EXFNP233_CHOCO_BOQ,34
528,/cakes-to-bhopal,CAKE38760,35
528,/cakes-to-bhopal,F17-EGCAKECONH310,36
528,/cakes-to-bhopal,F17-CAKEFRUO011,37
528,/cakes-to-bhopal,F17-EGCAKECONH1945,38
528,/cakes-to-bhopal,EXDCHOCO15,39
528,/cakes-to-bhopal,CAKE8256,40
528,/cakes-to-bhopal,F17-CAKECONH874,41
528,/cakes-to-bhopal,F17-EGCAKEPINO014,42
528,/cakes-to-bhopal,CAKE11838,43
528,/cakes-to-bhopal,F17-EGCAKEFRUO011,44
528,/cakes-to-bhopal,F17-CAKECONH1780,45
528,/cakes-to-bhopal,F17-CAKECON3081,46
528,/cakes-to-bhopal,CAKE6876,47
528,/cakes-to-bhopal,CAKE8930,48
528,/cakes-to-bhopal,CAKE11320,49
528,/cakes-to-bhopal,F17-CAKECONH25,50
528,/cakes-to-bhopal,F17-EGCAKECONH1780,51
528,/cakes-to-bhopal,F17-EGCAKECONH1834,52
528,/cakes-to-bhopal,F17-EGCAKECONH1822,53
528,/cakes-to-bhopal,F17-EGCAKECONH874,54
528,/cakes-to-bhopal,F17-CAKEBUTTO008,55
528,/cakes-to-bhopal,F17-EGCAKEBUTTO008,56
528,/cakes-to-bhopal,CAKE11227,57
529,/cakes-to-coimbatore,F17-CAKECHOH004,1
529,/cakes-to-coimbatore,CAKE00115,2
529,/cakes-to-coimbatore,F17-EGCAKECHOH004,3
529,/cakes-to-coimbatore,F17-CAKETFLHE001,4
529,/cakes-to-coimbatore,F17-CAKEPINH013,5
529,/cakes-to-coimbatore,F17-EGCAKEPINH013,6
529,/cakes-to-coimbatore,F17-CAKEBLFTH019,7
529,/cakes-to-coimbatore,F17-EGCAKEBLFTH019,8
529,/cakes-to-coimbatore,EXFNP220_CHOCO_BOQ,9
529,/cakes-to-coimbatore,CAKE0091,10
529,/cakes-to-coimbatore,F17-CAKEBUTTH007,11
529,/cakes-to-coimbatore,CAKE9078,12
529,/cakes-to-coimbatore,F17-CAKEVANH022,13
529,/cakes-to-coimbatore,F17-EGCAKEBUTTH007,14
529,/cakes-to-coimbatore,F17-CAKETFLOE001,15
529,/cakes-to-coimbatore,F17-CAKECONH1897,16
529,/cakes-to-coimbatore,F17-EGCAKEVANH022,17
529,/cakes-to-coimbatore,F17-CAKEBLFTO020,18
529,/cakes-to-coimbatore,F17-CAKECONH304,19
529,/cakes-to-coimbatore,CAKE10604,20
529,/cakes-to-coimbatore,F17-CAKECONH310,21
529,/cakes-to-coimbatore,CAKE6071,22
529,/cakes-to-coimbatore,F17-EGCAKEBLFTO020,23
529,/cakes-to-coimbatore,F17-CAKECONH1945,24
529,/cakes-to-coimbatore,F17-CAKECHOO005,25
529,/cakes-to-coimbatore,EXFNP219_CHOCO_BOQ,26
529,/cakes-to-coimbatore,F17-EGCAKECHOO005,27
529,/cakes-to-coimbatore,F17-CAKECONH1834,28
529,/cakes-to-coimbatore,F17-CAKECONH1822,29
529,/cakes-to-coimbatore,F17-EGCAKECONH1897,30
529,/cakes-to-coimbatore,F17-CAKEPINO014,31
529,/cakes-to-coimbatore,CAKE11383,32
529,/cakes-to-coimbatore,F17-CAKEHSTFLO017,33
529,/cakes-to-coimbatore,EXFNP233_CHOCO_BOQ,34
529,/cakes-to-coimbatore,CAKE38760,35
529,/cakes-to-coimbatore,F17-EGCAKECONH310,36
529,/cakes-to-coimbatore,F17-CAKEFRUO011,37
529,/cakes-to-coimbatore,F17-EGCAKECONH1945,38
529,/cakes-to-coimbatore,EXDCHOCO15,39
529,/cakes-to-coimbatore,CAKE8256,40
529,/cakes-to-coimbatore,F17-CAKECONH874,41
529,/cakes-to-coimbatore,F17-EGCAKEPINO014,42
529,/cakes-to-coimbatore,CAKE11838,43
529,/cakes-to-coimbatore,F17-EGCAKEFRUO011,44
529,/cakes-to-coimbatore,F17-CAKECONH1780,45
529,/cakes-to-coimbatore,F17-CAKECON3081,46
529,/cakes-to-coimbatore,CAKE6876,47
529,/cakes-to-coimbatore,CAKE8930,48
529,/cakes-to-coimbatore,CAKE11320,49
529,/cakes-to-coimbatore,F17-CAKECONH25,50
529,/cakes-to-coimbatore,F17-EGCAKECONH1780,51
529,/cakes-to-coimbatore,F17-EGCAKECONH1834,52
529,/cakes-to-coimbatore,F17-EGCAKECONH1822,53
529,/cakes-to-coimbatore,F17-EGCAKECONH874,54
529,/cakes-to-coimbatore,F17-CAKEBUTTO008,55
529,/cakes-to-coimbatore,F17-EGCAKEBUTTO008,56
529,/cakes-to-coimbatore,CAKE11227,57
530,/cakes-to-dehradun,F17-CAKECHOH004,1
530,/cakes-to-dehradun,CAKE00115,2
530,/cakes-to-dehradun,F17-EGCAKECHOH004,3
530,/cakes-to-dehradun,F17-CAKETFLHE001,4
530,/cakes-to-dehradun,F17-CAKEPINH013,5
530,/cakes-to-dehradun,F17-EGCAKEPINH013,6
530,/cakes-to-dehradun,F17-CAKEBLFTH019,7
530,/cakes-to-dehradun,F17-EGCAKEBLFTH019,8
530,/cakes-to-dehradun,EXFNP220_CHOCO_BOQ,9
530,/cakes-to-dehradun,CAKE0091,10
530,/cakes-to-dehradun,F17-CAKEBUTTH007,11
530,/cakes-to-dehradun,CAKE9078,12
530,/cakes-to-dehradun,F17-CAKEVANH022,13
530,/cakes-to-dehradun,F17-EGCAKEBUTTH007,14
530,/cakes-to-dehradun,F17-CAKETFLOE001,15
530,/cakes-to-dehradun,F17-CAKECONH1897,16
530,/cakes-to-dehradun,F17-EGCAKEVANH022,17
530,/cakes-to-dehradun,F17-CAKEBLFTO020,18
530,/cakes-to-dehradun,F17-CAKECONH304,19
530,/cakes-to-dehradun,CAKE10604,20
530,/cakes-to-dehradun,F17-CAKECONH310,21
530,/cakes-to-dehradun,CAKE6071,22
530,/cakes-to-dehradun,F17-EGCAKEBLFTO020,23
530,/cakes-to-dehradun,F17-CAKECONH1945,24
530,/cakes-to-dehradun,F17-CAKECHOO005,25
530,/cakes-to-dehradun,EXFNP219_CHOCO_BOQ,26
530,/cakes-to-dehradun,F17-EGCAKECHOO005,27
530,/cakes-to-dehradun,F17-CAKECONH1834,28
530,/cakes-to-dehradun,F17-CAKECONH1822,29
530,/cakes-to-dehradun,F17-EGCAKECONH1897,30
530,/cakes-to-dehradun,F17-CAKEPINO014,31
530,/cakes-to-dehradun,CAKE11383,32
530,/cakes-to-dehradun,F17-CAKEHSTFLO017,33
530,/cakes-to-dehradun,EXFNP233_CHOCO_BOQ,34
530,/cakes-to-dehradun,CAKE38760,35
530,/cakes-to-dehradun,F17-EGCAKECONH310,36
530,/cakes-to-dehradun,F17-CAKEFRUO011,37
530,/cakes-to-dehradun,F17-EGCAKECONH1945,38
530,/cakes-to-dehradun,EXDCHOCO15,39
530,/cakes-to-dehradun,CAKE8256,40
530,/cakes-to-dehradun,F17-CAKECONH874,41
530,/cakes-to-dehradun,F17-EGCAKEPINO014,42
530,/cakes-to-dehradun,CAKE11838,43
530,/cakes-to-dehradun,F17-EGCAKEFRUO011,44
530,/cakes-to-dehradun,F17-CAKECONH1780,45
530,/cakes-to-dehradun,F17-CAKECON3081,46
530,/cakes-to-dehradun,CAKE6876,47
530,/cakes-to-dehradun,CAKE8930,48
530,/cakes-to-dehradun,CAKE11320,49
530,/cakes-to-dehradun,F17-CAKECONH25,50
530,/cakes-to-dehradun,F17-EGCAKECONH1780,51
530,/cakes-to-dehradun,F17-EGCAKECONH1834,52
530,/cakes-to-dehradun,F17-EGCAKECONH1822,53
530,/cakes-to-dehradun,F17-EGCAKECONH874,54
530,/cakes-to-dehradun,F17-CAKEBUTTO008,55
530,/cakes-to-dehradun,F17-EGCAKEBUTTO008,56
530,/cakes-to-dehradun,CAKE11227,57
531,/cakes-to-faridabad,F17-CAKECHOH004,1
531,/cakes-to-faridabad,CAKE00115,2
531,/cakes-to-faridabad,F17-EGCAKECHOH004,3
531,/cakes-to-faridabad,F17-CAKETFLHE001,4
531,/cakes-to-faridabad,F17-CAKEPINH013,5
531,/cakes-to-faridabad,F17-EGCAKEPINH013,6
531,/cakes-to-faridabad,F17-CAKEBLFTH019,7
531,/cakes-to-faridabad,F17-EGCAKEBLFTH019,8
531,/cakes-to-faridabad,EXFNP220_CHOCO_BOQ,9
531,/cakes-to-faridabad,CAKE0091,10
531,/cakes-to-faridabad,F17-CAKEBUTTH007,11
531,/cakes-to-faridabad,CAKE9078,12
531,/cakes-to-faridabad,F17-CAKEVANH022,13
531,/cakes-to-faridabad,F17-EGCAKEBUTTH007,14
531,/cakes-to-faridabad,F17-CAKETFLOE001,15
531,/cakes-to-faridabad,F17-CAKECONH1897,16
531,/cakes-to-faridabad,F17-EGCAKEVANH022,17
531,/cakes-to-faridabad,F17-CAKEBLFTO020,18
531,/cakes-to-faridabad,F17-CAKECONH304,19
531,/cakes-to-faridabad,CAKE10604,20
531,/cakes-to-faridabad,F17-CAKECONH310,21
531,/cakes-to-faridabad,CAKE6071,22
531,/cakes-to-faridabad,F17-EGCAKEBLFTO020,23
531,/cakes-to-faridabad,F17-CAKECONH1945,24
531,/cakes-to-faridabad,F17-CAKECHOO005,25
531,/cakes-to-faridabad,EXFNP219_CHOCO_BOQ,26
531,/cakes-to-faridabad,F17-EGCAKECHOO005,27
531,/cakes-to-faridabad,F17-CAKECONH1834,28
531,/cakes-to-faridabad,F17-CAKECONH1822,29
531,/cakes-to-faridabad,F17-EGCAKECONH1897,30
531,/cakes-to-faridabad,F17-CAKEPINO014,31
531,/cakes-to-faridabad,CAKE11383,32
531,/cakes-to-faridabad,F17-CAKEHSTFLO017,33
531,/cakes-to-faridabad,EXFNP233_CHOCO_BOQ,34
531,/cakes-to-faridabad,CAKE38760,35
531,/cakes-to-faridabad,F17-EGCAKECONH310,36
531,/cakes-to-faridabad,F17-CAKEFRUO011,37
531,/cakes-to-faridabad,F17-EGCAKECONH1945,38
531,/cakes-to-faridabad,EXDCHOCO15,39
531,/cakes-to-faridabad,CAKE8256,40
531,/cakes-to-faridabad,F17-CAKECONH874,41
531,/cakes-to-faridabad,F17-EGCAKEPINO014,42
531,/cakes-to-faridabad,CAKE11838,43
531,/cakes-to-faridabad,F17-EGCAKEFRUO011,44
531,/cakes-to-faridabad,F17-CAKECONH1780,45
531,/cakes-to-faridabad,F17-CAKECON3081,46
531,/cakes-to-faridabad,CAKE6876,47
531,/cakes-to-faridabad,CAKE8930,48
531,/cakes-to-faridabad,CAKE11320,49
531,/cakes-to-faridabad,F17-CAKECONH25,50
531,/cakes-to-faridabad,F17-EGCAKECONH1780,51
531,/cakes-to-faridabad,F17-EGCAKECONH1834,52
531,/cakes-to-faridabad,F17-EGCAKECONH1822,53
531,/cakes-to-faridabad,F17-EGCAKECONH874,54
531,/cakes-to-faridabad,F17-CAKEBUTTO008,55
531,/cakes-to-faridabad,F17-EGCAKEBUTTO008,56
531,/cakes-to-faridabad,CAKE11227,57
532,/cakes-to-ghaziabad,F17-CAKECHOH004,1
532,/cakes-to-ghaziabad,CAKE00115,2
532,/cakes-to-ghaziabad,F17-EGCAKECHOH004,3
532,/cakes-to-ghaziabad,F17-CAKETFLHE001,4
532,/cakes-to-ghaziabad,F17-CAKEPINH013,5
532,/cakes-to-ghaziabad,F17-EGCAKEPINH013,6
532,/cakes-to-ghaziabad,F17-CAKEBLFTH019,7
532,/cakes-to-ghaziabad,F17-EGCAKEBLFTH019,8
532,/cakes-to-ghaziabad,EXFNP220_CHOCO_BOQ,9
532,/cakes-to-ghaziabad,CAKE0091,10
532,/cakes-to-ghaziabad,F17-CAKEBUTTH007,11
532,/cakes-to-ghaziabad,CAKE9078,12
532,/cakes-to-ghaziabad,F17-CAKEVANH022,13
532,/cakes-to-ghaziabad,F17-EGCAKEBUTTH007,14
532,/cakes-to-ghaziabad,F17-CAKETFLOE001,15
532,/cakes-to-ghaziabad,F17-CAKECONH1897,16
532,/cakes-to-ghaziabad,F17-EGCAKEVANH022,17
532,/cakes-to-ghaziabad,F17-CAKEBLFTO020,18
532,/cakes-to-ghaziabad,F17-CAKECONH304,19
532,/cakes-to-ghaziabad,CAKE10604,20
532,/cakes-to-ghaziabad,F17-CAKECONH310,21
532,/cakes-to-ghaziabad,CAKE6071,22
532,/cakes-to-ghaziabad,F17-EGCAKEBLFTO020,23
532,/cakes-to-ghaziabad,F17-CAKECONH1945,24
532,/cakes-to-ghaziabad,F17-CAKECHOO005,25
532,/cakes-to-ghaziabad,EXFNP219_CHOCO_BOQ,26
532,/cakes-to-ghaziabad,F17-EGCAKECHOO005,27
532,/cakes-to-ghaziabad,F17-CAKECONH1834,28
532,/cakes-to-ghaziabad,F17-CAKECONH1822,29
532,/cakes-to-ghaziabad,F17-EGCAKECONH1897,30
532,/cakes-to-ghaziabad,F17-CAKEPINO014,31
532,/cakes-to-ghaziabad,CAKE11383,32
532,/cakes-to-ghaziabad,F17-CAKEHSTFLO017,33
532,/cakes-to-ghaziabad,EXFNP233_CHOCO_BOQ,34
532,/cakes-to-ghaziabad,CAKE38760,35
532,/cakes-to-ghaziabad,F17-EGCAKECONH310,36
532,/cakes-to-ghaziabad,F17-CAKEFRUO011,37
532,/cakes-to-ghaziabad,F17-EGCAKECONH1945,38
532,/cakes-to-ghaziabad,EXDCHOCO15,39
532,/cakes-to-ghaziabad,CAKE8256,40
532,/cakes-to-ghaziabad,F17-CAKECONH874,41
532,/cakes-to-ghaziabad,F17-EGCAKEPINO014,42
532,/cakes-to-ghaziabad,CAKE11838,43
532,/cakes-to-ghaziabad,F17-EGCAKEFRUO011,44
532,/cakes-to-ghaziabad,F17-CAKECONH1780,45
532,/cakes-to-ghaziabad,F17-CAKECON3081,46
532,/cakes-to-ghaziabad,CAKE6876,47
532,/cakes-to-ghaziabad,CAKE8930,48
532,/cakes-to-ghaziabad,CAKE11320,49
532,/cakes-to-ghaziabad,F17-CAKECONH25,50
532,/cakes-to-ghaziabad,F17-EGCAKECONH1780,51
532,/cakes-to-ghaziabad,F17-EGCAKECONH1834,52
532,/cakes-to-ghaziabad,F17-EGCAKECONH1822,53
532,/cakes-to-ghaziabad,F17-EGCAKECONH874,54
532,/cakes-to-ghaziabad,F17-CAKEBUTTO008,55
532,/cakes-to-ghaziabad,F17-EGCAKEBUTTO008,56
532,/cakes-to-ghaziabad,CAKE11227,57
533,/cakes-to-indore,F17-CAKECHOH004,1
533,/cakes-to-indore,CAKE00115,2
533,/cakes-to-indore,F17-EGCAKECHOH004,3
533,/cakes-to-indore,F17-CAKETFLHE001,4
533,/cakes-to-indore,F17-CAKEPINH013,5
533,/cakes-to-indore,F17-EGCAKEPINH013,6
533,/cakes-to-indore,F17-CAKEBLFTH019,7
533,/cakes-to-indore,F17-EGCAKEBLFTH019,8
533,/cakes-to-indore,EXFNP220_CHOCO_BOQ,9
533,/cakes-to-indore,CAKE0091,10
533,/cakes-to-indore,F17-CAKEBUTTH007,11
533,/cakes-to-indore,CAKE9078,12
533,/cakes-to-indore,F17-CAKEVANH022,13
533,/cakes-to-indore,F17-EGCAKEBUTTH007,14
533,/cakes-to-indore,F17-CAKETFLOE001,15
533,/cakes-to-indore,F17-CAKECONH1897,16
533,/cakes-to-indore,F17-EGCAKEVANH022,17
533,/cakes-to-indore,F17-CAKEBLFTO020,18
533,/cakes-to-indore,F17-CAKECONH304,19
533,/cakes-to-indore,CAKE10604,20
533,/cakes-to-indore,F17-CAKECONH310,21
533,/cakes-to-indore,CAKE6071,22
533,/cakes-to-indore,F17-EGCAKEBLFTO020,23
533,/cakes-to-indore,F17-CAKECONH1945,24
533,/cakes-to-indore,F17-CAKECHOO005,25
533,/cakes-to-indore,EXFNP219_CHOCO_BOQ,26
533,/cakes-to-indore,F17-EGCAKECHOO005,27
533,/cakes-to-indore,F17-CAKECONH1834,28
533,/cakes-to-indore,F17-CAKECONH1822,29
533,/cakes-to-indore,F17-EGCAKECONH1897,30
533,/cakes-to-indore,F17-CAKEPINO014,31
533,/cakes-to-indore,CAKE11383,32
533,/cakes-to-indore,F17-CAKEHSTFLO017,33
533,/cakes-to-indore,EXFNP233_CHOCO_BOQ,34
533,/cakes-to-indore,CAKE38760,35
533,/cakes-to-indore,F17-EGCAKECONH310,36
533,/cakes-to-indore,F17-CAKEFRUO011,37
533,/cakes-to-indore,F17-EGCAKECONH1945,38
533,/cakes-to-indore,EXDCHOCO15,39
533,/cakes-to-indore,CAKE8256,40
533,/cakes-to-indore,F17-CAKECONH874,41
533,/cakes-to-indore,F17-EGCAKEPINO014,42
533,/cakes-to-indore,CAKE11838,43
533,/cakes-to-indore,F17-EGCAKEFRUO011,44
533,/cakes-to-indore,F17-CAKECONH1780,45
533,/cakes-to-indore,F17-CAKECON3081,46
533,/cakes-to-indore,CAKE6876,47
533,/cakes-to-indore,CAKE8930,48
533,/cakes-to-indore,CAKE11320,49
533,/cakes-to-indore,F17-CAKECONH25,50
533,/cakes-to-indore,F17-EGCAKECONH1780,51
533,/cakes-to-indore,F17-EGCAKECONH1834,52
533,/cakes-to-indore,F17-EGCAKECONH1822,53
533,/cakes-to-indore,F17-EGCAKECONH874,54
533,/cakes-to-indore,F17-CAKEBUTTO008,55
533,/cakes-to-indore,F17-EGCAKEBUTTO008,56
533,/cakes-to-indore,CAKE11227,57
534,/cakes-to-kanpur,F17-CAKECHOH004,1
534,/cakes-to-kanpur,CAKE00115,2
534,/cakes-to-kanpur,F17-EGCAKECHOH004,3
534,/cakes-to-kanpur,F17-CAKETFLHE001,4
534,/cakes-to-kanpur,F17-CAKEPINH013,5
534,/cakes-to-kanpur,F17-EGCAKEPINH013,6
534,/cakes-to-kanpur,F17-CAKEBLFTH019,7
534,/cakes-to-kanpur,F17-EGCAKEBLFTH019,8
534,/cakes-to-kanpur,EXFNP220_CHOCO_BOQ,9
534,/cakes-to-kanpur,CAKE0091,10
534,/cakes-to-kanpur,F17-CAKEBUTTH007,11
534,/cakes-to-kanpur,CAKE9078,12
534,/cakes-to-kanpur,F17-CAKEVANH022,13
534,/cakes-to-kanpur,F17-EGCAKEBUTTH007,14
534,/cakes-to-kanpur,F17-CAKETFLOE001,15
534,/cakes-to-kanpur,F17-CAKECONH1897,16
534,/cakes-to-kanpur,F17-EGCAKEVANH022,17
534,/cakes-to-kanpur,F17-CAKEBLFTO020,18
534,/cakes-to-kanpur,F17-CAKECONH304,19
534,/cakes-to-kanpur,CAKE10604,20
534,/cakes-to-kanpur,F17-CAKECONH310,21
534,/cakes-to-kanpur,CAKE6071,22
534,/cakes-to-kanpur,F17-EGCAKEBLFTO020,23
534,/cakes-to-kanpur,F17-CAKECONH1945,24
534,/cakes-to-kanpur,F17-CAKECHOO005,25
534,/cakes-to-kanpur,EXFNP219_CHOCO_BOQ,26
534,/cakes-to-kanpur,F17-EGCAKECHOO005,27
534,/cakes-to-kanpur,F17-CAKECONH1834,28
534,/cakes-to-kanpur,F17-CAKECONH1822,29
534,/cakes-to-kanpur,F17-EGCAKECONH1897,30
534,/cakes-to-kanpur,F17-CAKEPINO014,31
534,/cakes-to-kanpur,CAKE11383,32
534,/cakes-to-kanpur,F17-CAKEHSTFLO017,33
534,/cakes-to-kanpur,EXFNP233_CHOCO_BOQ,34
534,/cakes-to-kanpur,CAKE38760,35
534,/cakes-to-kanpur,F17-EGCAKECONH310,36
534,/cakes-to-kanpur,F17-CAKEFRUO011,37
534,/cakes-to-kanpur,F17-EGCAKECONH1945,38
534,/cakes-to-kanpur,EXDCHOCO15,39
534,/cakes-to-kanpur,CAKE8256,40
534,/cakes-to-kanpur,F17-CAKECONH874,41
534,/cakes-to-kanpur,F17-EGCAKEPINO014,42
534,/cakes-to-kanpur,CAKE11838,43
534,/cakes-to-kanpur,F17-EGCAKEFRUO011,44
534,/cakes-to-kanpur,F17-CAKECONH1780,45
534,/cakes-to-kanpur,F17-CAKECON3081,46
534,/cakes-to-kanpur,CAKE6876,47
534,/cakes-to-kanpur,CAKE8930,48
534,/cakes-to-kanpur,CAKE11320,49
534,/cakes-to-kanpur,F17-CAKECONH25,50
534,/cakes-to-kanpur,F17-EGCAKECONH1780,51
534,/cakes-to-kanpur,F17-EGCAKECONH1834,52
534,/cakes-to-kanpur,F17-EGCAKECONH1822,53
534,/cakes-to-kanpur,F17-EGCAKECONH874,54
534,/cakes-to-kanpur,F17-CAKEBUTTO008,55
534,/cakes-to-kanpur,F17-EGCAKEBUTTO008,56
534,/cakes-to-kanpur,CAKE11227,57
535,/cakes-to-lucknow,F17-CAKECHOH004,1
535,/cakes-to-lucknow,CAKE00115,2
535,/cakes-to-lucknow,F17-EGCAKECHOH004,3
535,/cakes-to-lucknow,F17-CAKETFLHE001,4
535,/cakes-to-lucknow,F17-CAKEPINH013,5
535,/cakes-to-lucknow,F17-EGCAKEPINH013,6
535,/cakes-to-lucknow,F17-CAKEBLFTH019,7
535,/cakes-to-lucknow,F17-EGCAKEBLFTH019,8
535,/cakes-to-lucknow,EXFNP220_CHOCO_BOQ,9
535,/cakes-to-lucknow,CAKE0091,10
535,/cakes-to-lucknow,F17-CAKEBUTTH007,11
535,/cakes-to-lucknow,CAKE9078,12
535,/cakes-to-lucknow,F17-CAKEVANH022,13
535,/cakes-to-lucknow,F17-EGCAKEBUTTH007,14
535,/cakes-to-lucknow,F17-CAKETFLOE001,15
535,/cakes-to-lucknow,F17-CAKECONH1897,16
535,/cakes-to-lucknow,F17-EGCAKEVANH022,17
535,/cakes-to-lucknow,F17-CAKEBLFTO020,18
535,/cakes-to-lucknow,F17-CAKECONH304,19
535,/cakes-to-lucknow,CAKE10604,20
535,/cakes-to-lucknow,F17-CAKECONH310,21
535,/cakes-to-lucknow,CAKE6071,22
535,/cakes-to-lucknow,F17-EGCAKEBLFTO020,23
535,/cakes-to-lucknow,F17-CAKECONH1945,24
535,/cakes-to-lucknow,F17-CAKECHOO005,25
535,/cakes-to-lucknow,EXFNP219_CHOCO_BOQ,26
535,/cakes-to-lucknow,F17-EGCAKECHOO005,27
535,/cakes-to-lucknow,F17-CAKECONH1834,28
535,/cakes-to-lucknow,F17-CAKECONH1822,29
535,/cakes-to-lucknow,F17-EGCAKECONH1897,30
535,/cakes-to-lucknow,F17-CAKEPINO014,31
535,/cakes-to-lucknow,CAKE11383,32
535,/cakes-to-lucknow,F17-CAKEHSTFLO017,33
535,/cakes-to-lucknow,EXFNP233_CHOCO_BOQ,34
535,/cakes-to-lucknow,CAKE38760,35
535,/cakes-to-lucknow,F17-EGCAKECONH310,36
535,/cakes-to-lucknow,F17-CAKEFRUO011,37
535,/cakes-to-lucknow,F17-EGCAKECONH1945,38
535,/cakes-to-lucknow,EXDCHOCO15,39
535,/cakes-to-lucknow,CAKE8256,40
535,/cakes-to-lucknow,F17-CAKECONH874,41
535,/cakes-to-lucknow,F17-EGCAKEPINO014,42
535,/cakes-to-lucknow,CAKE11838,43
535,/cakes-to-lucknow,F17-EGCAKEFRUO011,44
535,/cakes-to-lucknow,F17-CAKECONH1780,45
535,/cakes-to-lucknow,F17-CAKECON3081,46
535,/cakes-to-lucknow,CAKE6876,47
535,/cakes-to-lucknow,CAKE8930,48
535,/cakes-to-lucknow,CAKE11320,49
535,/cakes-to-lucknow,F17-CAKECONH25,50
535,/cakes-to-lucknow,F17-EGCAKECONH1780,51
535,/cakes-to-lucknow,F17-EGCAKECONH1834,52
535,/cakes-to-lucknow,F17-EGCAKECONH1822,53
535,/cakes-to-lucknow,F17-EGCAKECONH874,54
535,/cakes-to-lucknow,F17-CAKEBUTTO008,55
535,/cakes-to-lucknow,F17-EGCAKEBUTTO008,56
535,/cakes-to-lucknow,CAKE11227,57
536,/cakes-to-ludhiana,F17-CAKECHOH004,1
536,/cakes-to-ludhiana,CAKE00115,2
536,/cakes-to-ludhiana,F17-EGCAKECHOH004,3
536,/cakes-to-ludhiana,F17-CAKETFLHE001,4
536,/cakes-to-ludhiana,F17-CAKEPINH013,5
536,/cakes-to-ludhiana,F17-EGCAKEPINH013,6
536,/cakes-to-ludhiana,F17-CAKEBLFTH019,7
536,/cakes-to-ludhiana,F17-EGCAKEBLFTH019,8
536,/cakes-to-ludhiana,EXFNP220_CHOCO_BOQ,9
536,/cakes-to-ludhiana,CAKE0091,10
536,/cakes-to-ludhiana,F17-CAKEBUTTH007,11
536,/cakes-to-ludhiana,CAKE9078,12
536,/cakes-to-ludhiana,F17-CAKEVANH022,13
536,/cakes-to-ludhiana,F17-EGCAKEBUTTH007,14
536,/cakes-to-ludhiana,F17-CAKETFLOE001,15
536,/cakes-to-ludhiana,F17-CAKECONH1897,16
536,/cakes-to-ludhiana,F17-EGCAKEVANH022,17
536,/cakes-to-ludhiana,F17-CAKEBLFTO020,18
536,/cakes-to-ludhiana,F17-CAKECONH304,19
536,/cakes-to-ludhiana,CAKE10604,20
536,/cakes-to-ludhiana,F17-CAKECONH310,21
536,/cakes-to-ludhiana,CAKE6071,22
536,/cakes-to-ludhiana,F17-EGCAKEBLFTO020,23
536,/cakes-to-ludhiana,F17-CAKECONH1945,24
536,/cakes-to-ludhiana,F17-CAKECHOO005,25
536,/cakes-to-ludhiana,EXFNP219_CHOCO_BOQ,26
536,/cakes-to-ludhiana,F17-EGCAKECHOO005,27
536,/cakes-to-ludhiana,F17-CAKECONH1834,28
536,/cakes-to-ludhiana,F17-CAKECONH1822,29
536,/cakes-to-ludhiana,F17-EGCAKECONH1897,30
536,/cakes-to-ludhiana,F17-CAKEPINO014,31
536,/cakes-to-ludhiana,CAKE11383,32
536,/cakes-to-ludhiana,F17-CAKEHSTFLO017,33
536,/cakes-to-ludhiana,EXFNP233_CHOCO_BOQ,34
536,/cakes-to-ludhiana,CAKE38760,35
536,/cakes-to-ludhiana,F17-EGCAKECONH310,36
536,/cakes-to-ludhiana,F17-CAKEFRUO011,37
536,/cakes-to-ludhiana,F17-EGCAKECONH1945,38
536,/cakes-to-ludhiana,EXDCHOCO15,39
536,/cakes-to-ludhiana,CAKE8256,40
536,/cakes-to-ludhiana,F17-CAKECONH874,41
536,/cakes-to-ludhiana,F17-EGCAKEPINO014,42
536,/cakes-to-ludhiana,CAKE11838,43
536,/cakes-to-ludhiana,F17-EGCAKEFRUO011,44
536,/cakes-to-ludhiana,F17-CAKECONH1780,45
536,/cakes-to-ludhiana,F17-CAKECON3081,46
536,/cakes-to-ludhiana,CAKE6876,47
536,/cakes-to-ludhiana,CAKE8930,48
536,/cakes-to-ludhiana,CAKE11320,49
536,/cakes-to-ludhiana,F17-CAKECONH25,50
536,/cakes-to-ludhiana,F17-EGCAKECONH1780,51
536,/cakes-to-ludhiana,F17-EGCAKECONH1834,52
536,/cakes-to-ludhiana,F17-EGCAKECONH1822,53
536,/cakes-to-ludhiana,F17-EGCAKECONH874,54
536,/cakes-to-ludhiana,F17-CAKEBUTTO008,55
536,/cakes-to-ludhiana,F17-EGCAKEBUTTO008,56
536,/cakes-to-ludhiana,CAKE11227,57
537,/cakes-to-nagpur,F17-CAKECHOH004,1
537,/cakes-to-nagpur,CAKE00115,2
537,/cakes-to-nagpur,F17-EGCAKECHOH004,3
537,/cakes-to-nagpur,F17-CAKETFLHE001,4
537,/cakes-to-nagpur,F17-CAKEPINH013,5
537,/cakes-to-nagpur,F17-EGCAKEPINH013,6
537,/cakes-to-nagpur,F17-CAKEBLFTH019,7
537,/cakes-to-nagpur,F17-EGCAKEBLFTH019,8
537,/cakes-to-nagpur,EXFNP220_CHOCO_BOQ,9
537,/cakes-to-nagpur,CAKE0091,10
537,/cakes-to-nagpur,F17-CAKEBUTTH007,11
537,/cakes-to-nagpur,CAKE9078,12
537,/cakes-to-nagpur,F17-CAKEVANH022,13
537,/cakes-to-nagpur,F17-EGCAKEBUTTH007,14
537,/cakes-to-nagpur,F17-CAKETFLOE001,15
537,/cakes-to-nagpur,F17-CAKECONH1897,16
537,/cakes-to-nagpur,F17-EGCAKEVANH022,17
537,/cakes-to-nagpur,F17-CAKEBLFTO020,18
537,/cakes-to-nagpur,F17-CAKECONH304,19
537,/cakes-to-nagpur,CAKE10604,20
537,/cakes-to-nagpur,F17-CAKECONH310,21
537,/cakes-to-nagpur,CAKE6071,22
537,/cakes-to-nagpur,F17-EGCAKEBLFTO020,23
537,/cakes-to-nagpur,F17-CAKECONH1945,24
537,/cakes-to-nagpur,F17-CAKECHOO005,25
537,/cakes-to-nagpur,EXFNP219_CHOCO_BOQ,26
537,/cakes-to-nagpur,F17-EGCAKECHOO005,27
537,/cakes-to-nagpur,F17-CAKECONH1834,28
537,/cakes-to-nagpur,F17-CAKECONH1822,29
537,/cakes-to-nagpur,F17-EGCAKECONH1897,30
537,/cakes-to-nagpur,F17-CAKEPINO014,31
537,/cakes-to-nagpur,CAKE11383,32
537,/cakes-to-nagpur,F17-CAKEHSTFLO017,33
537,/cakes-to-nagpur,EXFNP233_CHOCO_BOQ,34
537,/cakes-to-nagpur,CAKE38760,35
537,/cakes-to-nagpur,F17-EGCAKECONH310,36
537,/cakes-to-nagpur,F17-CAKEFRUO011,37
537,/cakes-to-nagpur,F17-EGCAKECONH1945,38
537,/cakes-to-nagpur,EXDCHOCO15,39
537,/cakes-to-nagpur,CAKE8256,40
537,/cakes-to-nagpur,F17-CAKECONH874,41
537,/cakes-to-nagpur,F17-EGCAKEPINO014,42
537,/cakes-to-nagpur,CAKE11838,43
537,/cakes-to-nagpur,F17-EGCAKEFRUO011,44
537,/cakes-to-nagpur,F17-CAKECONH1780,45
537,/cakes-to-nagpur,F17-CAKECON3081,46
537,/cakes-to-nagpur,CAKE6876,47
537,/cakes-to-nagpur,CAKE8930,48
537,/cakes-to-nagpur,CAKE11320,49
537,/cakes-to-nagpur,F17-CAKECONH25,50
537,/cakes-to-nagpur,F17-EGCAKECONH1780,51
537,/cakes-to-nagpur,F17-EGCAKECONH1834,52
537,/cakes-to-nagpur,F17-EGCAKECONH1822,53
537,/cakes-to-nagpur,F17-EGCAKECONH874,54
537,/cakes-to-nagpur,F17-CAKEBUTTO008,55
537,/cakes-to-nagpur,F17-EGCAKEBUTTO008,56
537,/cakes-to-nagpur,CAKE11227,57
538,/cakes-to-noida,F17-CAKECHOH004,1
538,/cakes-to-noida,CAKE00115,2
538,/cakes-to-noida,F17-EGCAKECHOH004,3
538,/cakes-to-noida,F17-CAKETFLHE001,4
538,/cakes-to-noida,F17-CAKEPINH013,5
538,/cakes-to-noida,F17-EGCAKEPINH013,6
538,/cakes-to-noida,F17-CAKEBLFTH019,7
538,/cakes-to-noida,F17-EGCAKEBLFTH019,8
538,/cakes-to-noida,EXFNP220_CHOCO_BOQ,9
538,/cakes-to-noida,CAKE0091,10
538,/cakes-to-noida,F17-CAKEBUTTH007,11
538,/cakes-to-noida,CAKE9078,12
538,/cakes-to-noida,F17-CAKEVANH022,13
538,/cakes-to-noida,F17-EGCAKEBUTTH007,14
538,/cakes-to-noida,F17-CAKETFLOE001,15
538,/cakes-to-noida,F17-CAKECONH1897,16
538,/cakes-to-noida,F17-EGCAKEVANH022,17
538,/cakes-to-noida,F17-CAKEBLFTO020,18
538,/cakes-to-noida,F17-CAKECONH304,19
538,/cakes-to-noida,CAKE10604,20
538,/cakes-to-noida,F17-CAKECONH310,21
538,/cakes-to-noida,CAKE6071,22
538,/cakes-to-noida,F17-EGCAKEBLFTO020,23
538,/cakes-to-noida,F17-CAKECONH1945,24
538,/cakes-to-noida,F17-CAKECHOO005,25
538,/cakes-to-noida,EXFNP219_CHOCO_BOQ,26
538,/cakes-to-noida,F17-EGCAKECHOO005,27
538,/cakes-to-noida,F17-CAKECONH1834,28
538,/cakes-to-noida,F17-CAKECONH1822,29
538,/cakes-to-noida,F17-EGCAKECONH1897,30
538,/cakes-to-noida,F17-CAKEPINO014,31
538,/cakes-to-noida,CAKE11383,32
538,/cakes-to-noida,F17-CAKEHSTFLO017,33
538,/cakes-to-noida,EXFNP233_CHOCO_BOQ,34
538,/cakes-to-noida,CAKE38760,35
538,/cakes-to-noida,F17-EGCAKECONH310,36
538,/cakes-to-noida,F17-CAKEFRUO011,37
538,/cakes-to-noida,F17-EGCAKECONH1945,38
538,/cakes-to-noida,EXDCHOCO15,39
538,/cakes-to-noida,CAKE8256,40
538,/cakes-to-noida,F17-CAKECONH874,41
538,/cakes-to-noida,F17-EGCAKEPINO014,42
538,/cakes-to-noida,CAKE11838,43
538,/cakes-to-noida,F17-EGCAKEFRUO011,44
538,/cakes-to-noida,F17-CAKECONH1780,45
538,/cakes-to-noida,F17-CAKECON3081,46
538,/cakes-to-noida,CAKE6876,47
538,/cakes-to-noida,CAKE8930,48
538,/cakes-to-noida,CAKE11320,49
538,/cakes-to-noida,F17-CAKECONH25,50
538,/cakes-to-noida,F17-EGCAKECONH1780,51
538,/cakes-to-noida,F17-EGCAKECONH1834,52
538,/cakes-to-noida,F17-EGCAKECONH1822,53
538,/cakes-to-noida,F17-EGCAKECONH874,54
538,/cakes-to-noida,F17-CAKEBUTTO008,55
538,/cakes-to-noida,F17-EGCAKEBUTTO008,56
538,/cakes-to-noida,CAKE11227,57
539,/cakes-to-patna,F17-CAKECHOH004,1
539,/cakes-to-patna,CAKE00115,2
539,/cakes-to-patna,F17-EGCAKECHOH004,3
539,/cakes-to-patna,F17-CAKETFLHE001,4
539,/cakes-to-patna,F17-CAKEPINH013,5
539,/cakes-to-patna,F17-EGCAKEPINH013,6
539,/cakes-to-patna,F17-CAKEBLFTH019,7
539,/cakes-to-patna,F17-EGCAKEBLFTH019,8
539,/cakes-to-patna,EXFNP220_CHOCO_BOQ,9
539,/cakes-to-patna,CAKE0091,10
539,/cakes-to-patna,F17-CAKEBUTTH007,11
539,/cakes-to-patna,CAKE9078,12
539,/cakes-to-patna,F17-CAKEVANH022,13
539,/cakes-to-patna,F17-EGCAKEBUTTH007,14
539,/cakes-to-patna,F17-CAKETFLOE001,15
539,/cakes-to-patna,F17-CAKECONH1897,16
539,/cakes-to-patna,F17-EGCAKEVANH022,17
539,/cakes-to-patna,F17-CAKEBLFTO020,18
539,/cakes-to-patna,F17-CAKECONH304,19
539,/cakes-to-patna,CAKE10604,20
539,/cakes-to-patna,F17-CAKECONH310,21
539,/cakes-to-patna,CAKE6071,22
539,/cakes-to-patna,F17-EGCAKEBLFTO020,23
539,/cakes-to-patna,F17-CAKECONH1945,24
539,/cakes-to-patna,F17-CAKECHOO005,25
539,/cakes-to-patna,EXFNP219_CHOCO_BOQ,26
539,/cakes-to-patna,F17-EGCAKECHOO005,27
539,/cakes-to-patna,F17-CAKECONH1834,28
539,/cakes-to-patna,F17-CAKECONH1822,29
539,/cakes-to-patna,F17-EGCAKECONH1897,30
539,/cakes-to-patna,F17-CAKEPINO014,31
539,/cakes-to-patna,CAKE11383,32
539,/cakes-to-patna,F17-CAKEHSTFLO017,33
539,/cakes-to-patna,EXFNP233_CHOCO_BOQ,34
539,/cakes-to-patna,CAKE38760,35
539,/cakes-to-patna,F17-EGCAKECONH310,36
539,/cakes-to-patna,F17-CAKEFRUO011,37
539,/cakes-to-patna,F17-EGCAKECONH1945,38
539,/cakes-to-patna,EXDCHOCO15,39
539,/cakes-to-patna,CAKE8256,40
539,/cakes-to-patna,F17-CAKECONH874,41
539,/cakes-to-patna,F17-EGCAKEPINO014,42
539,/cakes-to-patna,CAKE11838,43
539,/cakes-to-patna,F17-EGCAKEFRUO011,44
539,/cakes-to-patna,F17-CAKECONH1780,45
539,/cakes-to-patna,F17-CAKECON3081,46
539,/cakes-to-patna,CAKE6876,47
539,/cakes-to-patna,CAKE8930,48
539,/cakes-to-patna,CAKE11320,49
539,/cakes-to-patna,F17-CAKECONH25,50
539,/cakes-to-patna,F17-EGCAKECONH1780,51
539,/cakes-to-patna,F17-EGCAKECONH1834,52
539,/cakes-to-patna,F17-EGCAKECONH1822,53
539,/cakes-to-patna,F17-EGCAKECONH874,54
539,/cakes-to-patna,F17-CAKEBUTTO008,55
539,/cakes-to-patna,F17-EGCAKEBUTTO008,56
539,/cakes-to-patna,CAKE11227,57
522,/flowers-to-faridabad,F17-VRTEXFNP182,1
522,/flowers-to-faridabad,F17-VRTEXFNP183,2
522,/flowers-to-faridabad,F17-EXFNP213_CHOCO_BOQ,3
522,/flowers-to-faridabad,EXFNP29,4
522,/flowers-to-faridabad,F17-EXFNP29,5
522,/flowers-to-faridabad,F17-VRTEXFNP182-12,6
522,/flowers-to-faridabad,F17-VRTEXFNP181,7
522,/flowers-to-faridabad,F17-VRTEXFNP184,8
522,/flowers-to-faridabad,F17-EXFNP202_CHOCO_BOQ,9
522,/flowers-to-faridabad,F17-EXDGREETING11,10
522,/flowers-to-faridabad,F17-EXFNP51,11
522,/flowers-to-faridabad,F17-EXDFNP442,12
522,/flowers-to-faridabad,F17-EXDFNP1009,13
522,/flowers-to-faridabad,F17-EXDFNP537,14
522,/flowers-to-faridabad,F17-EXDFNPLW11,15
522,/flowers-to-faridabad,F17-EXFNP204_CHOCO_BOQ,16
522,/flowers-to-faridabad,F17-EXDFNP488,17
522,/flowers-to-faridabad,F17-VRTEXFNP183-12,18
522,/flowers-to-faridabad,F17-VAREXDFNP406,19
522,/flowers-to-faridabad,F17-EXFNP70,20
522,/flowers-to-faridabad,F17-EXDFNP69,21
522,/flowers-to-faridabad,F17-EXFNP41,22
522,/flowers-to-faridabad,F17-EXDFNP419,23
522,/flowers-to-faridabad,F17-EXDFNP630,24
522,/flowers-to-faridabad,F17-EXDFNP460,25
522,/flowers-to-faridabad,F17-EXDFNP477,26
522,/flowers-to-faridabad,F17-EXDFNPLW13,27
522,/flowers-to-faridabad,F17-EXDGREETING8,28
522,/flowers-to-faridabad,F17-EXFNP155,29
522,/flowers-to-faridabad,F17-VRTEXD1,30
522,/flowers-to-faridabad,F17-EXDFNP147,31
522,/flowers-to-faridabad,F17-VRTEXFNP182-20,32
522,/flowers-to-faridabad,F17-EXDFNP401,33
522,/flowers-to-faridabad,F17-EXFNP50,34
522,/flowers-to-faridabad,F17-EXDGREETING10,35
522,/flowers-to-faridabad,F17-EXDPLANT49,36
522,/flowers-to-faridabad,F17-VRTEXFNP184-12,37
522,/flowers-to-faridabad,F17-EXDFNP542,38
522,/flowers-to-faridabad,F17-EXDFNPLW8,39
522,/flowers-to-faridabad,F17-EXDFNP465,40
522,/flowers-to-faridabad,F17-EXDFNP2006,41
522,/flowers-to-faridabad,F17-EXDFNP1010,42
522,/flowers-to-faridabad,F17-EXDFNP431,43
522,/flowers-to-faridabad,F17-EXDFNP443,44
522,/flowers-to-faridabad,F17-EXDFNPLW9,45
522,/flowers-to-faridabad,EXDFNP494,46
522,/flowers-to-faridabad,F17-EXDFNP494,47
522,/flowers-to-faridabad,F17-EXFNP28,48
522,/flowers-to-faridabad,F17-EXDFNP1000,49
522,/flowers-to-faridabad,F17-VAREXDFNP430,50
522,/flowers-to-faridabad,F17-EX0065,51
522,/flowers-to-faridabad,F17-EXDGREETING9,52
522,/flowers-to-faridabad,F17-EXDFNP567,53
522,/flowers-to-faridabad,F17-EXDFNP508,54
522,/flowers-to-faridabad,F17-EXDFNP1032,55
522,/flowers-to-faridabad,F17-EXDFNP437,56
522,/flowers-to-faridabad,F17-EX0061,57
522,/flowers-to-faridabad,F17-EXFNP02,58
522,/flowers-to-faridabad,F17-EXFNP239,59
522,/flowers-to-faridabad,F17-EXFNP52,60
522,/flowers-to-faridabad,F17-EXFNP05,61
522,/flowers-to-faridabad,F17-EXFNP56,62
522,/flowers-to-faridabad,F17-EXDFNP522,63
522,/flowers-to-faridabad,F17-EXDFNP150,64
523,/flowers-to-nagpur,F17-VRTEXFNP182,1
523,/flowers-to-nagpur,F17-VRTEXFNP183,2
523,/flowers-to-nagpur,F17-EXFNP213_CHOCO_BOQ,3
523,/flowers-to-nagpur,EXFNP29,4
523,/flowers-to-nagpur,F17-EXFNP29,5
523,/flowers-to-nagpur,F17-VRTEXFNP182-12,6
523,/flowers-to-nagpur,F17-VRTEXFNP181,7
523,/flowers-to-nagpur,F17-VRTEXFNP184,8
523,/flowers-to-nagpur,F17-EXFNP202_CHOCO_BOQ,9
523,/flowers-to-nagpur,F17-EXDGREETING11,10
523,/flowers-to-nagpur,F17-EXFNP51,11
523,/flowers-to-nagpur,F17-EXDFNP442,12
523,/flowers-to-nagpur,F17-EXDFNP1009,13
523,/flowers-to-nagpur,F17-EXDFNP537,14
523,/flowers-to-nagpur,F17-EXDFNPLW11,15
523,/flowers-to-nagpur,F17-EXFNP204_CHOCO_BOQ,16
523,/flowers-to-nagpur,F17-EXDFNP488,17
523,/flowers-to-nagpur,F17-VRTEXFNP183-12,18
523,/flowers-to-nagpur,F17-VAREXDFNP406,19
523,/flowers-to-nagpur,F17-EXFNP70,20
523,/flowers-to-nagpur,F17-EXDFNP69,21
523,/flowers-to-nagpur,F17-EXFNP41,22
523,/flowers-to-nagpur,F17-EXDFNP419,23
523,/flowers-to-nagpur,F17-EXDFNP630,24
523,/flowers-to-nagpur,F17-EXDFNP460,25
523,/flowers-to-nagpur,F17-EXDFNP477,26
523,/flowers-to-nagpur,F17-EXDFNPLW13,27
523,/flowers-to-nagpur,F17-EXDGREETING8,28
523,/flowers-to-nagpur,F17-EXFNP155,29
523,/flowers-to-nagpur,F17-VRTEXD1,30
523,/flowers-to-nagpur,F17-EXDFNP147,31
523,/flowers-to-nagpur,F17-VRTEXFNP182-20,32
523,/flowers-to-nagpur,F17-EXDFNP401,33
523,/flowers-to-nagpur,F17-EXFNP50,34
523,/flowers-to-nagpur,F17-EXDGREETING10,35
523,/flowers-to-nagpur,F17-EXDPLANT49,36
523,/flowers-to-nagpur,F17-VRTEXFNP184-12,37
523,/flowers-to-nagpur,F17-EXDFNP542,38
523,/flowers-to-nagpur,F17-EXDFNPLW8,39
523,/flowers-to-nagpur,F17-EXDFNP465,40
523,/flowers-to-nagpur,F17-EXDFNP2006,41
523,/flowers-to-nagpur,F17-EXDFNP1010,42
523,/flowers-to-nagpur,F17-EXDFNP431,43
523,/flowers-to-nagpur,F17-EXDFNP443,44
523,/flowers-to-nagpur,F17-EXDFNPLW9,45
523,/flowers-to-nagpur,EXDFNP494,46
523,/flowers-to-nagpur,F17-EXDFNP494,47
523,/flowers-to-nagpur,F17-EXFNP28,48
523,/flowers-to-nagpur,F17-EXDFNP1000,49
523,/flowers-to-nagpur,F17-VAREXDFNP430,50
523,/flowers-to-nagpur,F17-EX0065,51
523,/flowers-to-nagpur,F17-EXDGREETING9,52
523,/flowers-to-nagpur,F17-EXDFNP567,53
523,/flowers-to-nagpur,F17-EXDFNP508,54
523,/flowers-to-nagpur,F17-EXDFNP1032,55
523,/flowers-to-nagpur,F17-EXDFNP437,56
523,/flowers-to-nagpur,F17-EX0061,57
523,/flowers-to-nagpur,F17-EXFNP02,58
523,/flowers-to-nagpur,F17-EXFNP239,59
523,/flowers-to-nagpur,F17-EXFNP52,60
523,/flowers-to-nagpur,F17-EXFNP05,61
523,/flowers-to-nagpur,F17-EXFNP56,62
523,/flowers-to-nagpur,F17-EXDFNP522,63
523,/flowers-to-nagpur,F17-EXDFNP150,64
361,/birthday/cakes-to-bangalore,F17-CAKECHOH004,1
361,/birthday/cakes-to-bangalore,CAKE00115,2
361,/birthday/cakes-to-bangalore,F17-EGCAKECHOH004,3
361,/birthday/cakes-to-bangalore,F17-CAKETFLHE001,4
361,/birthday/cakes-to-bangalore,F17-CAKEPINH013,5
361,/birthday/cakes-to-bangalore,F17-EGCAKEPINH013,6
361,/birthday/cakes-to-bangalore,F17-CAKEBLFTH019,7
361,/birthday/cakes-to-bangalore,F17-EGCAKEBLFTH019,8
361,/birthday/cakes-to-bangalore,EXFNP220_CHOCO_BOQ,9
361,/birthday/cakes-to-bangalore,CAKE0091,10
361,/birthday/cakes-to-bangalore,F17-CAKEBUTTH007,11
361,/birthday/cakes-to-bangalore,CAKE9078,12
361,/birthday/cakes-to-bangalore,F17-CAKEVANH022,13
361,/birthday/cakes-to-bangalore,F17-EGCAKEBUTTH007,14
361,/birthday/cakes-to-bangalore,F17-CAKETFLOE001,15
361,/birthday/cakes-to-bangalore,F17-CAKECONH1897,16
361,/birthday/cakes-to-bangalore,F17-EGCAKEVANH022,17
361,/birthday/cakes-to-bangalore,F17-CAKEBLFTO020,18
361,/birthday/cakes-to-bangalore,F17-CAKECONH304,19
361,/birthday/cakes-to-bangalore,CAKE10604,20
361,/birthday/cakes-to-bangalore,F17-CAKECONH310,21
361,/birthday/cakes-to-bangalore,CAKE6071,22
361,/birthday/cakes-to-bangalore,F17-EGCAKEBLFTO020,23
361,/birthday/cakes-to-bangalore,F17-CAKECONH1945,24
361,/birthday/cakes-to-bangalore,F17-CAKECHOO005,25
361,/birthday/cakes-to-bangalore,EXFNP219_CHOCO_BOQ,26
361,/birthday/cakes-to-bangalore,F17-EGCAKECHOO005,27
361,/birthday/cakes-to-bangalore,F17-CAKECONH1834,28
361,/birthday/cakes-to-bangalore,F17-CAKECONH1822,29
361,/birthday/cakes-to-bangalore,F17-EGCAKECONH1897,30
361,/birthday/cakes-to-bangalore,F17-CAKEPINO014,31
361,/birthday/cakes-to-bangalore,CAKE11383,32
361,/birthday/cakes-to-bangalore,F17-CAKEHSTFLO017,33
361,/birthday/cakes-to-bangalore,EXFNP233_CHOCO_BOQ,34
361,/birthday/cakes-to-bangalore,CAKE38760,35
361,/birthday/cakes-to-bangalore,F17-EGCAKECONH310,36
361,/birthday/cakes-to-bangalore,F17-CAKEFRUO011,37
361,/birthday/cakes-to-bangalore,F17-EGCAKECONH1945,38
361,/birthday/cakes-to-bangalore,EXDCHOCO15,39
361,/birthday/cakes-to-bangalore,CAKE8256,40
361,/birthday/cakes-to-bangalore,F17-CAKECONH874,41
361,/birthday/cakes-to-bangalore,F17-EGCAKEPINO014,42
361,/birthday/cakes-to-bangalore,CAKE11838,43
361,/birthday/cakes-to-bangalore,F17-EGCAKEFRUO011,44
361,/birthday/cakes-to-bangalore,F17-CAKECONH1780,45
361,/birthday/cakes-to-bangalore,F17-CAKECON3081,46
361,/birthday/cakes-to-bangalore,CAKE6876,47
361,/birthday/cakes-to-bangalore,CAKE8930,48
361,/birthday/cakes-to-bangalore,CAKE11320,49
361,/birthday/cakes-to-bangalore,F17-CAKECONH25,50
361,/birthday/cakes-to-bangalore,F17-EGCAKECONH1780,51
361,/birthday/cakes-to-bangalore,F17-EGCAKECONH1834,52
361,/birthday/cakes-to-bangalore,F17-EGCAKECONH1822,53
361,/birthday/cakes-to-bangalore,F17-EGCAKECONH874,54
361,/birthday/cakes-to-bangalore,F17-CAKEBUTTO008,55
361,/birthday/cakes-to-bangalore,F17-EGCAKEBUTTO008,56
361,/birthday/cakes-to-bangalore,CAKE11227,57
363,/birthday/cakes-to-delhi,F17-CAKECHOH004,1
363,/birthday/cakes-to-delhi,CAKE00115,2
363,/birthday/cakes-to-delhi,F17-EGCAKECHOH004,3
363,/birthday/cakes-to-delhi,F17-CAKETFLHE001,4
363,/birthday/cakes-to-delhi,F17-CAKEPINH013,5
363,/birthday/cakes-to-delhi,F17-EGCAKEPINH013,6
363,/birthday/cakes-to-delhi,F17-CAKEBLFTH019,7
363,/birthday/cakes-to-delhi,F17-EGCAKEBLFTH019,8
363,/birthday/cakes-to-delhi,EXFNP220_CHOCO_BOQ,9
363,/birthday/cakes-to-delhi,CAKE0091,10
363,/birthday/cakes-to-delhi,F17-CAKEBUTTH007,11
363,/birthday/cakes-to-delhi,CAKE9078,12
363,/birthday/cakes-to-delhi,F17-CAKEVANH022,13
363,/birthday/cakes-to-delhi,F17-EGCAKEBUTTH007,14
363,/birthday/cakes-to-delhi,F17-CAKETFLOE001,15
363,/birthday/cakes-to-delhi,F17-CAKECONH1897,16
363,/birthday/cakes-to-delhi,F17-EGCAKEVANH022,17
363,/birthday/cakes-to-delhi,F17-CAKEBLFTO020,18
363,/birthday/cakes-to-delhi,F17-CAKECONH304,19
363,/birthday/cakes-to-delhi,CAKE10604,20
363,/birthday/cakes-to-delhi,F17-CAKECONH310,21
363,/birthday/cakes-to-delhi,CAKE6071,22
363,/birthday/cakes-to-delhi,F17-EGCAKEBLFTO020,23
363,/birthday/cakes-to-delhi,F17-CAKECONH1945,24
363,/birthday/cakes-to-delhi,F17-CAKECHOO005,25
363,/birthday/cakes-to-delhi,EXFNP219_CHOCO_BOQ,26
363,/birthday/cakes-to-delhi,F17-EGCAKECHOO005,27
363,/birthday/cakes-to-delhi,F17-CAKECONH1834,28
363,/birthday/cakes-to-delhi,F17-CAKECONH1822,29
363,/birthday/cakes-to-delhi,F17-EGCAKECONH1897,30
363,/birthday/cakes-to-delhi,F17-CAKEPINO014,31
363,/birthday/cakes-to-delhi,CAKE11383,32
363,/birthday/cakes-to-delhi,F17-CAKEHSTFLO017,33
363,/birthday/cakes-to-delhi,EXFNP233_CHOCO_BOQ,34
363,/birthday/cakes-to-delhi,CAKE38760,35
363,/birthday/cakes-to-delhi,F17-EGCAKECONH310,36
363,/birthday/cakes-to-delhi,F17-CAKEFRUO011,37
363,/birthday/cakes-to-delhi,F17-EGCAKECONH1945,38
363,/birthday/cakes-to-delhi,EXDCHOCO15,39
363,/birthday/cakes-to-delhi,CAKE8256,40
363,/birthday/cakes-to-delhi,F17-CAKECONH874,41
363,/birthday/cakes-to-delhi,F17-EGCAKEPINO014,42
363,/birthday/cakes-to-delhi,CAKE11838,43
363,/birthday/cakes-to-delhi,F17-EGCAKEFRUO011,44
363,/birthday/cakes-to-delhi,F17-CAKECONH1780,45
363,/birthday/cakes-to-delhi,F17-CAKECON3081,46
363,/birthday/cakes-to-delhi,CAKE6876,47
363,/birthday/cakes-to-delhi,CAKE8930,48
363,/birthday/cakes-to-delhi,CAKE11320,49
363,/birthday/cakes-to-delhi,F17-CAKECONH25,50
363,/birthday/cakes-to-delhi,F17-EGCAKECONH1780,51
363,/birthday/cakes-to-delhi,F17-EGCAKECONH1834,52
363,/birthday/cakes-to-delhi,F17-EGCAKECONH1822,53
363,/birthday/cakes-to-delhi,F17-EGCAKECONH874,54
363,/birthday/cakes-to-delhi,F17-CAKEBUTTO008,55
363,/birthday/cakes-to-delhi,F17-EGCAKEBUTTO008,56
363,/birthday/cakes-to-delhi,CAKE11227,57
481,na,F17-CAKECONH874,999
481,na,F17-PHOTOCAKES33,999
481,na,F17-EGCAKECONH874,999
481,na,F17-EGCAKEBUTTO008,999
481,na,F17-CAKEBUTTO008,999
481,na,F17-ELButterscotchCake,999
481,na,F17-CAKECONH49,999
481,na,F17-PHOTOCAKES40,999
481,na,F17-Butterscotch Cake28,999
481,na,F17-EGCAKEBUTTH007,999
481,na,F17-CAKEBUTTH007,999
481,na,CAKE8129,999
481,na,CAKE11754,999
481,na,CAKE41971,999
481,na,CAKE8639,999
481,na,CAKE38649,999
481,na,CAKE8644,999
481,na,CAKE9796,999
481,na,F17-CAKECONTW693,999
479,na,F17-EGCAKECONH874,999
479,na,F17-EGCAKEBUTTO008,999
479,na,F17-EGCAKECONH25,999
479,na,F17-CAKEPHOTOO0013,999
479,na,F17-EGCAKECONH1897,999
479,na,F17-EGCAKECONH1822,999
479,na,F17-ELChocolateCake,999
479,na,F17-Eggless Chocolate,999
479,na,F17-Eggless Pineapple,999
479,na,F17-EGCAKECONH1489,999
479,na,F17-EGCAKEFRUO011,999
479,na,F17-CAKEFRUO011,999
479,na,F17-XP44,999
479,na,F17-CAKECONH1489,999
479,na,F17-CAKEPHOTOO0017,999
479,na,F17-EXDN2,999
479,na,F17-EXDFNP2037,999
479,na,F17-PHOTOCAKES38,999
479,na,F17-PHOTOCAKES33,999
479,na,F17-PHOTOCAKES14,999
479,na,F17-PHOTOCAKES4,999
479,na,F17-PHOTOCAKES3,999
479,na,F17-EXDFNP2028,999
479,na,F17-CAKEBUTTO008,999
479,na,F17-EGCAKEHSTFLO017,999
479,na,F17-CUPCAKE203,999
479,na,F17-EXFNP77,999
479,na,F17-CAKECONH1825,999
479,na,F17-CAKECONH13,999
479,na,F17-EXDFNP2024,999
479,na,F17-PHOTOCAKES8,999
479,na,F17-PHOTOCAKES37,999
479,na,F17-CAKECONTW2582,999
479,na,F17-EL2kgPineappleCake,999
479,na,F17-EL2kgChocolateCake,999
479,na,F17-ELButterscotchCake,999
479,na,F17-EGGCAKECONH1983,999
479,na,F17-CAKECON3081,999
479,na,F17-EGCAKECONO1781,999
479,na,F17-EXFNP86,999
479,na,F17-CAKEPHOTOO009,999
479,na,F17-EXFNP78,999
479,na,F17-CAKECONH253,999
479,na,F17-EXDFNP2022,999
479,na,F17-EXFNP226,999
479,na,F17-ELPineappleCake,999
479,na,F17-Eggless Blackforest109,999
479,na,F17-EGCAKEVANH022,999
479,na,F17-CAKECONO26,999
479,na,F17-HKTCake,999
479,na,F17-EGCAKECONO1127,999
479,na,F17-CAKECONH1483,999
479,na,F17-CAKECONH886,999
479,na,F17-CAKECONH49,999
479,na,F17-CAKECON3028,999
479,na,F17-ELBlackforestCake,999
479,na,F17-EGGCAKEBL080,999
479,na,F17-CAKECONO1898,999
479,na,F17-CAKECONO2702,999
479,na,F17-CAKECONO1781,999
479,na,F17-CAKECONO1127,999
479,na,F17-CUPCAKE140,999
479,na,F17-CAKECONH1033,999
479,na,F17-PHOTOCAKES40,999
479,na,F17-CUPCAKE281,999
479,na,F17-CAKECONO2452,999
479,na,F17-CAKECON3088,999
479,na,F17-2kg Chocolate Cake,999
479,na,F17-EgglessHeartshape110,999
479,na,F17-EGGCAKEC83,999
479,na,F17-CAKECONH883,999
479,na,F17-CAKECON3017,999
479,na,F17-CAKECONH1912,999
479,na,F17-CAKECONH382,999
479,na,F17-CUPCAKE37,999
479,na,F17-CAKECONH169,999
479,na,F17-CAKECONH1966,999
479,na,F17-CUPCAKE61,999
479,na,F17-CAKECONH55,999
479,na,F17-CAKECONH133,999
479,na,F17-CUPCAKE28,999
479,na,F17-CUPCAKE200,999
479,na,F17-CUPCAKE31,999
479,na,F17-CUPCAKE22,999
479,na,F17-CAKECONH1018,999
479,na,F17-CUPCAKE88,999
479,na,F17-CUPCAKE25,999
479,na,F17-CUPCAKE275,999
479,na,F17-CAKECON3060,999
479,na,F17-CAKECONH2080,999
479,na,F17-CAKECONH1492,999
479,na,F17-CUPCAKE191,999
479,na,F17-Butterscotch Cake28,999
479,na,F17-EGGTRUFFLECAKE1,999
479,na,F17-EGGTRUFFLECAKE3,999
479,na,F17-2kg Blackforest Cake,999
479,na,F17-2kg Pineapple Cake,999
479,na,F17-CAKECONH889,999
479,na,F17-CAKECONH1012,999
479,na,F17-CAKECONH271,999
479,na,F17-CAKECONTW693,999
479,na,F17-CAKECONH1997,999
479,na,F17-Heartshape Cake,999
479,na,F17-Blackforest Cake,999
479,na,F17-CAKEBLFTO067,999
479,na,F17-CAKECONH1338,999
479,na,F17-EGCAKECHOH004,999
479,na,F17-EGCAKEPINH013,999
479,na,F17-CAKEBUTTH007,999
479,na,F17-CAKECHOH004,999
479,na,F17-CAKEPINH013,999
479,na,F17-CAKEBLFTH019,999
479,na,F17-CAKETFLHE001,999
479,na,F17-CAKEVANH022,999
479,na,F17-CAKECONH1897,999
479,na,F17-CAKETFLOE001,999
479,na,F17-CAKECONH1945,999
479,na,F17-CAKECHOO005,999
479,na,F17-EXDGREETING9,999
479,na,F17-EGCAKECONH1945,999
479,na,F17-CAKECONH1780,999
479,na,F17-EGCAKECHOO005,999
479,na,F17-CAKECONH1822,999
479,na,F17-CAKEPINO014,999
479,na,F17-EGCAKEBLFTO020,999
479,na,F17-EGCAKECONH1780,999
479,na,F17-CAKEHSTFLO017,999
479,na,F17-EGCAKEPINO014,999
479,na,F17-EGCAKECONH1888,999
479,na,F17-CAKECONO2698,999
479,na,F17-CAKECONH25,999
479,na,F17-CAKECONH874,999
479,na,F17-CAKECONH1888,999
479,na,F17-EXFNP07,999
479,na,F17-EXDFNPLW19,999
479,na,F17-EXDFNPLW15,999
479,na,F17-EXDFNPLW27,999
479,na,F17-EXFNP13,999
479,na,F17-EXDFNP592,999
479,na,F17-EXFNP16,999
479,na,F17-EXDFNP2041,999
479,na,F17-EXFNP03,999
479,na,F17-EXDFNP589,999
479,na,F17-EXDFNP600,999
479,na,F17-EXDFNPLW20,999
479,na,F17-EXFNP20,999
479,na,F17-EXFNP21,999
479,na,F17-EXDFNPLW1,999
479,na,F17-EXDFNP84,999
479,na,F17-EXDFNP2019,999
479,na,F17-EXFNP08,999
479,na,F17-EXDFNPLW21,999
479,na,F17-EXFNP75,999
479,na,F17-EXFNP82,999
479,na,F17-EXFNP73,999
479,na,F17-EXFNP84,999
479,na,F17-EXFNP04,999
479,na,F17-EXDFNP599,999
479,na,F17-EXFNP01,999
479,na,F17-EXFNP11,999
479,na,F17-EXDFNP119,999
479,na,F17-EXDFNP2032,999
479,na,F17-EXFNP12,999
479,na,F17-EXDFNP585,999
479,na,F17-EXDFNPLW14,999
479,na,F17-EXFNP22,999
479,na,F17-EX0089,999
479,na,F17-EXFNP18,999
479,na,F17-EXFNP15,999
479,na,F17-EXDFNP2034,999
479,na,F17-EXDFNP583,999
479,na,F17-EXDFNPLW2,999
479,na,F17-EXDFNP598,999
479,na,F17-EXFNP06,999
479,na,F17-EXFNP10,999
479,na,F17-EXFNP17,999
479,na,F17-EXP236,999
479,na,F17-EXDFNP601,999
479,na,F17-EXDFNP73258,999
479,na,F17-EXFNP74,999
479,na,F17-EXFNP83,999
479,na,F17-EXFNP87,999
479,na,F17-EXFNP88,999
479,na,F17-EXFNP89,999
479,na,F17-EXFNP90,999
479,na,F17-EXDFNP2025,999
479,na,F17-CAKECONO2455,999
479,na,F17-CAKECON3064,999
479,na,F17-mothersdaycake14,999
479,na,F17-CAKECONTWW454,999
479,na,F17-EGCAKEBLFTH019,999
479,na,F17-CAKECONO2457,999
479,na,F17-CAKECON3072,999
479,na,F17-CAKECON3068,999
479,na,F17-CAKECONH349,999
479,na,F17-CAKECONTWW442,999
479,na,F17-CAKECONTW1413,999
479,na,F17-CAKECONTH2777,999
479,na,F17-CAKECONFO2801,999
479,na,F17-CAKECONH1933,999
479,na,F17-CAKECONTH2448,999
479,na,F17-EGGTRUFFLECAKE2,999
479,na,F17-CAKEBLFTO020,999
479,na,F17-EGLECAKECONO98,999
479,na,F17-EGCAKEBUTTH007,999
