category id,category url,SKU,Sort
336,rakhi,RKEX412,1
336,rakhi,RKEX413,1
336,rakhi,RKEX414,1
336,rakhi,RKEX437,1
336,rakhi,RKEX438,1
336,rakhi,RKEX471,1
336,rakhi,RKEX472,1
336,rakhi,RKEX475,1
336,rakhi,RKEX478,1
336,rakhi,RKEX479,1
336,rakhi,RKEX480,1
336,rakhi,RKEX509,1
333,rakhi,RAKHIEXP104,1
333,rakhi,RAKHIEXP116,1
333,rakhi,RAKHIEXP125,1
333,rakhi,RAKHIEXP130,1
333,rakhi,RAKHIEXP131,1
333,rakhi,RAKHIEXP132,1
333,rakhi,RAKHIEXP146,1
333,rakhi,RAKHIEXP147,1
333,rakhi,RAKHIEXP148,1
333,rakhi,RKEX10,1
333,rakhi,RKEX108,1
333,rakhi,RKEX111,1
333,rakhi,RKEX122,1
333,rakhi,RKEX123,1
333,rakhi,RKEX135,1
333,rakhi,RKEX141,1
333,rakhi,RKEX144,1
333,rakhi,RKEX19,1
333,rakhi,RKEX22,1
333,rakhi,RKEX28,1
333,rakhi,RKEX29,1
333,rakhi,RKEX3,1
333,rakhi,RKEX30,1
333,rakhi,RKEX32,1
333,rakhi,RKEX36,1
333,rakhi,RKEX38,1
333,rakhi,RKEX4,1
333,rakhi,RKEX41,1
333,rakhi,RKEX410,1
333,rakhi,RKEX411,1
333,rakhi,RKEX412,1
333,rakhi,RKEX413,1
333,rakhi,RKEX421,1
333,rakhi,RKEX431,1
333,rakhi,RKEX453,1
333,rakhi,RKEX454,1
333,rakhi,RKEX460,1
333,rakhi,RKEX461,1
333,rakhi,RKEX462,1
333,rakhi,RKEX463,1
333,rakhi,RKEX464,1
333,rakhi,RKEX466,1
333,rakhi,RKEX473,1
333,rakhi,RKEX474,1
333,rakhi,RKEX480,1
333,rakhi,RKEX481,1
333,rakhi,RKEX483,1
333,rakhi,RKEX484,1
333,rakhi,RKEX488,1
333,rakhi,RKEX489,1
333,rakhi,RKEX49,1
333,rakhi,RKEX491,1
333,rakhi,RKEX5,1
333,rakhi,RKEX50,1
333,rakhi,RKEX51,1
333,rakhi,RKEX512,1
333,rakhi,RKEX516,1
333,rakhi,RKEX518,1
333,rakhi,RKEX519,1
333,rakhi,RKEX52,1
333,rakhi,RKEX520,1
333,rakhi,RKEX521,1
333,rakhi,RKEX522,1
333,rakhi,RKEX526,1
333,rakhi,RKEX527,1
333,rakhi,RKEX529,1
333,rakhi,RKEX53,1
333,rakhi,RKEX530,1
333,rakhi,RKEX55,1
333,rakhi,RKEX550,1
333,rakhi,RKEX551,1
333,rakhi,RKEX552,1
333,rakhi,RKEX555,1
333,rakhi,RKEX56,1
333,rakhi,RKEX57,1
333,rakhi,RKEX572,1
333,rakhi,RKEX575,1
333,rakhi,RKEX58,1
333,rakhi,RKEX583,1
333,rakhi,RKEX584,1
333,rakhi,RKEX585,1
333,rakhi,RKEX6,1
333,rakhi,RKEX60,1
333,rakhi,RKEX63,1
333,rakhi,RKEX75,1
333,rakhi,RKEX8,1
333,rakhi,RKEX9,1
335,rakhi,RAKHIEXP118,1
335,rakhi,RAKHIEXP121,1
335,rakhi,RKEX113,1
335,rakhi,RKEX114,1
335,rakhi,RKEX115,1
335,rakhi,RKEX116,1
335,rakhi,RKEX117,1
335,rakhi,RKEX118,1
335,rakhi,RKEX120,1
335,rakhi,RKEX126,1
335,rakhi,RKEX127,1
335,rakhi,RKEX137,1
335,rakhi,RKEX143,1
335,rakhi,RKEX25,1
335,rakhi,RKEX26,1
335,rakhi,RKEX27,1
335,rakhi,RKEX28,1
335,rakhi,RKEX29,1
335,rakhi,RKEX30,1
335,rakhi,RKEX31,1
335,rakhi,RKEX43,1
335,rakhi,RKEX444,1
335,rakhi,RKEX445,1
335,rakhi,RKEX45,1
335,rakhi,RKEX461,1
335,rakhi,RKEX492,1
335,rakhi,RKEX51,1
335,rakhi,RKEX515,1
335,rakhi,RKEX516,1
335,rakhi,RKEX52,1
335,rakhi,RKEX523,1
335,rakhi,RKEX531,1
335,rakhi,RKEX536,1
335,rakhi,RKEX537,1
335,rakhi,RKEX556,1
335,rakhi,RKEX559,1
335,rakhi,RKEX560,1
335,rakhi,RKEX567,1
335,rakhi,RKEX586,1
335,rakhi,RKEX588,1
335,rakhi,RKEX590,1
335,rakhi,RKEX596,1
335,rakhi,RKEX597,1
335,rakhi,RKEX598,1
335,rakhi,RKEX599,1
335,rakhi,RKEX60,1
335,rakhi,RKEX61,1
335,rakhi,RKEX62,1
335,rakhi,RKEX63,1
335,rakhi,RKEX94,1
335,rakhi,RKEX95,1
335,rakhi,RKEX96,1
335,rakhi,RKEX97,1
335,rakhi,RKEX98,1
342,rakhi,RKEX402,1
342,rakhi,RKEX403,1
342,rakhi,RKEX404,1
342,rakhi,RKEX405,1
342,rakhi,RKEX406,1
342,rakhi,RKEX407,1
342,rakhi,RKEX408,1
342,rakhi,RKEX409,1
342,rakhi,RKEX410,1
342,rakhi,RKEX411,1
342,rakhi,RKEX412,1
342,rakhi,RKEX413,1
342,rakhi,RKEX414,1
342,rakhi,RKEX415,1
342,rakhi,RKEX416,1
342,rakhi,RKEX417,1
342,rakhi,RKEX418,1
342,rakhi,RKEX419,1
342,rakhi,RKEX420,1
342,rakhi,RKEX421,1
342,rakhi,RKEX422,1
342,rakhi,RKEX423,1
342,rakhi,RKEX424,1
342,rakhi,RKEX425,1
342,rakhi,RKEX426,1
342,rakhi,RKEX428,1
342,rakhi,RKEX430,1
342,rakhi,RKEX431,1
342,rakhi,RKEX432,1
342,rakhi,RKEX433,1
342,rakhi,RKEX434,1
342,rakhi,RKEX435,1
342,rakhi,RKEX436,1
342,rakhi,RKEX437,1
342,rakhi,RKEX438,1
342,rakhi,RKEX439,1
342,rakhi,RKEX440,1
342,rakhi,RKEX441,1
342,rakhi,RKEX442,1
342,rakhi,RKEX443,1
342,rakhi,RKEX444,1
342,rakhi,RKEX445,1
342,rakhi,RKEX451,1
342,rakhi,RKEX452,1
342,rakhi,RKEX453,1
342,rakhi,RKEX454,1
342,rakhi,RKEX456,1
342,rakhi,RKEX457,1
342,rakhi,RKEX459,1
342,rakhi,RKEX460,1
342,rakhi,RKEX461,1
342,rakhi,RKEX462,1
342,rakhi,RKEX463,1
342,rakhi,RKEX464,1
342,rakhi,RKEX465,1
342,rakhi,RKEX466,1
342,rakhi,RKEX467,1
342,rakhi,RKEX468,1
342,rakhi,RKEX469,1
342,rakhi,RKEX470,1
342,rakhi,RKEX471,1
342,rakhi,RKEX472,1
342,rakhi,RKEX473,1
342,rakhi,RKEX474,1
342,rakhi,RKEX475,1
342,rakhi,RKEX476,1
342,rakhi,RKEX477,1
342,rakhi,RKEX478,1
342,rakhi,RKEX479,1
342,rakhi,RKEX480,1
342,rakhi,RKEX481,1
342,rakhi,RKEX482,1
342,rakhi,RKEX483,1
342,rakhi,RKEX484,1
342,rakhi,RKEX485,1
342,rakhi,RKEX486,1
342,rakhi,RKEX487,1
342,rakhi,RKEX488,1
342,rakhi,RKEX489,1
342,rakhi,RKEX490,1
342,rakhi,RKEX491,1
342,rakhi,RKEX492,1
342,rakhi,RKEX509,1
342,rakhi,RKEX510,1
342,rakhi,RKEX511,1
342,rakhi,RKEX512,1
342,rakhi,RKEX513,1
342,rakhi,RKEX546,1
334,rakhi,RAKHIEXP119,1
334,rakhi,RAKHIEXP120,1
334,rakhi,RAKHIEXP133,1
334,rakhi,RKEX100,1
334,rakhi,RKEX101,1
334,rakhi,RKEX102,1
334,rakhi,RKEX103,1
334,rakhi,RKEX106,1
334,rakhi,RKEX107,1
334,rakhi,RKEX108,1
334,rakhi,RKEX109,1
334,rakhi,RKEX110,1
334,rakhi,RKEX111,1
334,rakhi,RKEX112,1
334,rakhi,RKEX119,1
334,rakhi,RKEX124,1
334,rakhi,RKEX125,1
334,rakhi,RKEX129,1
334,rakhi,RKEX131,1
334,rakhi,RKEX132,1
334,rakhi,RKEX133,1
334,rakhi,RKEX139,1
334,rakhi,RKEX140,1
334,rakhi,RKEX145,1
334,rakhi,RKEX146,1
334,rakhi,RKEX147,1
334,rakhi,RKEX148,1
334,rakhi,RKEX36,1
334,rakhi,RKEX37,1
334,rakhi,RKEX38,1
334,rakhi,RKEX416,1
334,rakhi,RKEX417,1
334,rakhi,RKEX418,1
334,rakhi,RKEX419,1
334,rakhi,RKEX422,1
334,rakhi,RKEX423,1
334,rakhi,RKEX424,1
334,rakhi,RKEX425,1
334,rakhi,RKEX428,1
334,rakhi,RKEX433,1
334,rakhi,RKEX434,1
334,rakhi,RKEX435,1
334,rakhi,RKEX436,1
334,rakhi,RKEX439,1
334,rakhi,RKEX440,1
334,rakhi,RKEX441,1
334,rakhi,RKEX442,1
334,rakhi,RKEX453,1
334,rakhi,RKEX456,1
334,rakhi,RKEX457,1
334,rakhi,RKEX459,1
334,rakhi,RKEX46,1
334,rakhi,RKEX467,1
334,rakhi,RKEX468,1
334,rakhi,RKEX470,1
334,rakhi,RKEX476,1
334,rakhi,RKEX48,1
334,rakhi,RKEX480,1
334,rakhi,RKEX481,1
334,rakhi,RKEX487,1
334,rakhi,RKEX489,1
334,rakhi,RKEX50,1
334,rakhi,RKEX512,1
334,rakhi,RKEX514,1
334,rakhi,RKEX52,1
334,rakhi,RKEX524,1
334,rakhi,RKEX525,1
334,rakhi,RKEX536,1
334,rakhi,RKEX539,1
334,rakhi,RKEX542,1
334,rakhi,RKEX543,1
334,rakhi,RKEX545,1
334,rakhi,RKEX547,1
334,rakhi,RKEX553,1
334,rakhi,RKEX554,1
334,rakhi,RKEX555,1
334,rakhi,RKEX556,1
334,rakhi,RKEX558,1
334,rakhi,RKEX56,1
334,rakhi,RKEX561,1
334,rakhi,RKEX562,1
334,rakhi,RKEX563,1
334,rakhi,RKEX564,1
334,rakhi,RKEX566,1
334,rakhi,RKEX568,1
334,rakhi,RKEX569,1
334,rakhi,RKEX57,1
334,rakhi,RKEX570,1
334,rakhi,RKEX573,1
334,rakhi,RKEX576,1
334,rakhi,RKEX577,1
334,rakhi,RKEX579,1
334,rakhi,RKEX58,1
334,rakhi,RKEX580,1
334,rakhi,RKEX581,1
334,rakhi,RKEX582,1
334,rakhi,RKEX583,1
334,rakhi,RKEX584,1
334,rakhi,RKEX590,1
334,rakhi,RKEX591,1
334,rakhi,RKEX592,1
334,rakhi,RKEX593,1
334,rakhi,RKEX594,1
334,rakhi,RKEX595,1
334,rakhi,RKEX60,1
334,rakhi,RKEX63,1
334,rakhi,RKEX75,1
334,rakhi,RKEX76,1
334,rakhi,RKEX77,1
334,rakhi,RKEX78,1
334,rakhi,RKEX81,1
334,rakhi,RKEX85,1
334,rakhi,RKEX87,1
334,rakhi,RKEX89,1
334,rakhi,RKEX90,1
334,rakhi,RKEX93,1
412,rakhi,RAKHIEXP104,1
412,rakhi,RAKHIEXP116,1
412,rakhi,RAKHIEXP118,1
412,rakhi,RAKHIEXP119,1
412,rakhi,RAKHIEXP120,1
412,rakhi,RAKHIEXP121,1
412,rakhi,RAKHIEXP125,1
412,rakhi,RAKHIEXP130,1
412,rakhi,RAKHIEXP131,1
412,rakhi,RAKHIEXP132,1
412,rakhi,RAKHIEXP133,1
412,rakhi,RAKHIEXP146,1
412,rakhi,RAKHIEXP147,1
412,rakhi,RAKHIEXP148,1
412,rakhi,RKEX10,1
412,rakhi,RKEX100,1
412,rakhi,RKEX101,1
412,rakhi,RKEX102,1
412,rakhi,RKEX103,1
412,rakhi,RKEX106,1
412,rakhi,RKEX107,1
412,rakhi,RKEX108,1
412,rakhi,RKEX109,1
412,rakhi,RKEX110,1
412,rakhi,RKEX111,1
412,rakhi,RKEX112,1
412,rakhi,RKEX113,1
412,rakhi,RKEX114,1
412,rakhi,RKEX115,1
412,rakhi,RKEX116,1
412,rakhi,RKEX117,1
412,rakhi,RKEX118,1
412,rakhi,RKEX119,1
412,rakhi,RKEX120,1
412,rakhi,RKEX122,1
412,rakhi,RKEX123,1
412,rakhi,RKEX124,1
412,rakhi,RKEX125,1
412,rakhi,RKEX126,1
412,rakhi,RKEX127,1
412,rakhi,RKEX129,1
412,rakhi,RKEX131,1
412,rakhi,RKEX132,1
412,rakhi,RKEX133,1
412,rakhi,RKEX135,1
412,rakhi,RKEX136,1
412,rakhi,RKEX137,1
412,rakhi,RKEX138,1
412,rakhi,RKEX139,1
412,rakhi,RKEX140,1
412,rakhi,RKEX141,1
412,rakhi,RKEX143,1
412,rakhi,RKEX144,1
412,rakhi,RKEX145,1
412,rakhi,RKEX146,1
412,rakhi,RKEX147,1
412,rakhi,RKEX148,1
412,rakhi,RKEX19,1
412,rakhi,RKEX22,1
412,rakhi,RKEX23,1
412,rakhi,RKEX25,1
412,rakhi,RKEX26,1
412,rakhi,RKEX27,1
412,rakhi,RKEX28,1
412,rakhi,RKEX29,1
412,rakhi,RKEX3,1
412,rakhi,RKEX30,1
412,rakhi,RKEX31,1
412,rakhi,RKEX32,1
412,rakhi,RKEX36,1
412,rakhi,RKEX37,1
412,rakhi,RKEX38,1
412,rakhi,RKEX4,1
412,rakhi,RKEX401,1
412,rakhi,RKEX402,1
412,rakhi,RKEX403,1
412,rakhi,RKEX404,1
412,rakhi,RKEX405,1
412,rakhi,RKEX406,1
412,rakhi,RKEX407,1
412,rakhi,RKEX408,1
412,rakhi,RKEX409,1
412,rakhi,RKEX41,1
412,rakhi,RKEX410,1
412,rakhi,RKEX411,1
412,rakhi,RKEX412,1
412,rakhi,RKEX413,1
412,rakhi,RKEX414,1
412,rakhi,RKEX415,1
412,rakhi,RKEX416,1
412,rakhi,RKEX417,1
412,rakhi,RKEX418,1
412,rakhi,RKEX419,1
412,rakhi,RKEX420,1
412,rakhi,RKEX421,1
412,rakhi,RKEX422,1
412,rakhi,RKEX423,1
412,rakhi,RKEX424,1
412,rakhi,RKEX425,1
412,rakhi,RKEX426,1
412,rakhi,RKEX428,1
412,rakhi,RKEX43,1
412,rakhi,RKEX430,1
412,rakhi,RKEX431,1
412,rakhi,RKEX432,1
412,rakhi,RKEX433,1
412,rakhi,RKEX434,1
412,rakhi,RKEX435,1
412,rakhi,RKEX436,1
412,rakhi,RKEX437,1
412,rakhi,RKEX438,1
412,rakhi,RKEX439,1
412,rakhi,RKEX440,1
412,rakhi,RKEX441,1
412,rakhi,RKEX442,1
412,rakhi,RKEX443,1
412,rakhi,RKEX444,1
412,rakhi,RKEX445,1
412,rakhi,RKEX45,1
412,rakhi,RKEX451,1
412,rakhi,RKEX452,1
412,rakhi,RKEX453,1
412,rakhi,RKEX454,1
412,rakhi,RKEX456,1
412,rakhi,RKEX457,1
412,rakhi,RKEX459,1
412,rakhi,RKEX46,1
412,rakhi,RKEX460,1
412,rakhi,RKEX461,1
412,rakhi,RKEX462,1
412,rakhi,RKEX463,1
412,rakhi,RKEX464,1
412,rakhi,RKEX465,1
412,rakhi,RKEX466,1
412,rakhi,RKEX467,1
412,rakhi,RKEX468,1
412,rakhi,RKEX469,1
412,rakhi,RKEX470,1
412,rakhi,RKEX471,1
412,rakhi,RKEX472,1
412,rakhi,RKEX473,1
412,rakhi,RKEX474,1
412,rakhi,RKEX475,1
412,rakhi,RKEX476,1
412,rakhi,RKEX477,1
412,rakhi,RKEX478,1
412,rakhi,RKEX479,1
412,rakhi,RKEX48,1
412,rakhi,RKEX480,1
412,rakhi,RKEX481,1
412,rakhi,RKEX482,1
412,rakhi,RKEX483,1
412,rakhi,RKEX484,1
412,rakhi,RKEX485,1
412,rakhi,RKEX486,1
412,rakhi,RKEX487,1
412,rakhi,RKEX488,1
412,rakhi,RKEX489,1
412,rakhi,RKEX49,1
412,rakhi,RKEX490,1
412,rakhi,RKEX491,1
412,rakhi,RKEX492,1
412,rakhi,RKEX5,1
412,rakhi,RKEX50,1
412,rakhi,RKEX509,1
412,rakhi,RKEX51,1
412,rakhi,RKEX510,1
412,rakhi,RKEX511,1
412,rakhi,RKEX512,1
412,rakhi,RKEX513,1
412,rakhi,RKEX514,1
412,rakhi,RKEX515,1
412,rakhi,RKEX516,1
412,rakhi,RKEX517,1
412,rakhi,RKEX518,1
412,rakhi,RKEX519,1
412,rakhi,RKEX52,1
412,rakhi,RKEX520,1
412,rakhi,RKEX521,1
412,rakhi,RKEX522,1
412,rakhi,RKEX523,1
412,rakhi,RKEX524,1
412,rakhi,RKEX525,1
412,rakhi,RKEX526,1
412,rakhi,RKEX527,1
412,rakhi,RKEX528,1
412,rakhi,RKEX529,1
412,rakhi,RKEX53,1
412,rakhi,RKEX530,1
412,rakhi,RKEX531,1
412,rakhi,RKEX536,1
412,rakhi,RKEX537,1
412,rakhi,RKEX539,1
412,rakhi,RKEX542,1
412,rakhi,RKEX543,1
412,rakhi,RKEX545,1
412,rakhi,RKEX546,1
412,rakhi,RKEX547,1
412,rakhi,RKEX55,1
412,rakhi,RKEX550,1
412,rakhi,RKEX551,1
412,rakhi,RKEX552,1
412,rakhi,RKEX553,1
412,rakhi,RKEX554,1
412,rakhi,RKEX555,1
412,rakhi,RKEX556,1
412,rakhi,RKEX558,1
412,rakhi,RKEX559,1
412,rakhi,RKEX56,1
412,rakhi,RKEX560,1
412,rakhi,RKEX561,1
412,rakhi,RKEX562,1
412,rakhi,RKEX563,1
412,rakhi,RKEX564,1
412,rakhi,RKEX566,1
412,rakhi,RKEX567,1
412,rakhi,RKEX568,1
412,rakhi,RKEX569,1
412,rakhi,RKEX57,1
412,rakhi,RKEX570,1
412,rakhi,RKEX572,1
412,rakhi,RKEX573,1
412,rakhi,RKEX575,1
412,rakhi,RKEX576,1
412,rakhi,RKEX577,1
412,rakhi,RKEX579,1
412,rakhi,RKEX58,1
412,rakhi,RKEX580,1
412,rakhi,RKEX581,1
412,rakhi,RKEX582,1
412,rakhi,RKEX583,1
412,rakhi,RKEX584,1
412,rakhi,RKEX585,1
412,rakhi,RKEX586,1
412,rakhi,RKEX588,1
412,rakhi,RKEX590,1
412,rakhi,RKEX591,1
412,rakhi,RKEX592,1
412,rakhi,RKEX593,1
412,rakhi,RKEX594,1
412,rakhi,RKEX595,1
412,rakhi,RKEX596,1
412,rakhi,RKEX597,1
412,rakhi,RKEX598,1
412,rakhi,RKEX599,1
412,rakhi,RKEX6,1
412,rakhi,RKEX60,1
412,rakhi,RKEX61,1
412,rakhi,RKEX62,1
412,rakhi,RKEX63,1
412,rakhi,RKEX75,1
412,rakhi,RKEX76,1
412,rakhi,RKEX77,1
412,rakhi,RKEX78,1
412,rakhi,RKEX8,1
412,rakhi,RKEX80,1
412,rakhi,RKEX81,1
412,rakhi,RKEX85,1
412,rakhi,RKEX87,1
412,rakhi,RKEX89,1
412,rakhi,RKEX9,1
412,rakhi,RKEX90,1
412,rakhi,RKEX93,1
412,rakhi,RKEX94,1
412,rakhi,RKEX95,1
412,rakhi,RKEX96,1
412,rakhi,RKEX97,1
412,rakhi,RKEX98,1
347,rakhi,RAKHIEXP104,1
347,rakhi,RAKHIEXP116,1
347,rakhi,RAKHIEXP118,1
347,rakhi,RAKHIEXP119,1
347,rakhi,RAKHIEXP120,1
347,rakhi,RAKHIEXP121,1
347,rakhi,RAKHIEXP125,1
347,rakhi,RAKHIEXP130,1
347,rakhi,RAKHIEXP131,1
347,rakhi,RAKHIEXP132,1
347,rakhi,RAKHIEXP133,1
347,rakhi,RAKHIEXP146,1
347,rakhi,RAKHIEXP147,1
347,rakhi,RAKHIEXP148,1
347,rakhi,RKEX10,1
347,rakhi,RKEX100,1
347,rakhi,RKEX101,1
347,rakhi,RKEX102,1
347,rakhi,RKEX103,1
347,rakhi,RKEX106,1
347,rakhi,RKEX107,1
347,rakhi,RKEX108,1
347,rakhi,RKEX109,1
347,rakhi,RKEX110,1
347,rakhi,RKEX111,1
347,rakhi,RKEX112,1
347,rakhi,RKEX113,1
347,rakhi,RKEX114,1
347,rakhi,RKEX115,1
347,rakhi,RKEX116,1
347,rakhi,RKEX117,1
347,rakhi,RKEX118,1
347,rakhi,RKEX119,1
347,rakhi,RKEX120,1
347,rakhi,RKEX122,1
347,rakhi,RKEX123,1
347,rakhi,RKEX124,1
347,rakhi,RKEX125,1
347,rakhi,RKEX126,1
347,rakhi,RKEX127,1
347,rakhi,RKEX129,1
347,rakhi,RKEX131,1
347,rakhi,RKEX132,1
347,rakhi,RKEX133,1
347,rakhi,RKEX135,1
347,rakhi,RKEX136,1
347,rakhi,RKEX137,1
347,rakhi,RKEX138,1
347,rakhi,RKEX139,1
347,rakhi,RKEX140,1
347,rakhi,RKEX141,1
347,rakhi,RKEX143,1
347,rakhi,RKEX144,1
347,rakhi,RKEX145,1
347,rakhi,RKEX146,1
347,rakhi,RKEX147,1
347,rakhi,RKEX148,1
347,rakhi,RKEX19,1
347,rakhi,RKEX22,1
347,rakhi,RKEX23,1
347,rakhi,RKEX25,1
347,rakhi,RKEX26,1
347,rakhi,RKEX27,1
347,rakhi,RKEX28,1
347,rakhi,RKEX29,1
347,rakhi,RKEX3,1
347,rakhi,RKEX30,1
347,rakhi,RKEX31,1
347,rakhi,RKEX32,1
347,rakhi,RKEX36,1
347,rakhi,RKEX37,1
347,rakhi,RKEX38,1
347,rakhi,RKEX4,1
347,rakhi,RKEX401,1
347,rakhi,RKEX402,1
347,rakhi,RKEX403,1
347,rakhi,RKEX404,1
347,rakhi,RKEX405,1
347,rakhi,RKEX406,1
347,rakhi,RKEX407,1
347,rakhi,RKEX408,1
347,rakhi,RKEX409,1
347,rakhi,RKEX41,1
347,rakhi,RKEX410,1
347,rakhi,RKEX411,1
347,rakhi,RKEX412,1
347,rakhi,RKEX413,1
347,rakhi,RKEX414,1
347,rakhi,RKEX415,1
347,rakhi,RKEX416,1
347,rakhi,RKEX417,1
347,rakhi,RKEX418,1
347,rakhi,RKEX419,1
347,rakhi,RKEX420,1
347,rakhi,RKEX421,1
347,rakhi,RKEX422,1
347,rakhi,RKEX423,1
347,rakhi,RKEX424,1
347,rakhi,RKEX425,1
347,rakhi,RKEX426,1
347,rakhi,RKEX428,1
347,rakhi,RKEX43,1
347,rakhi,RKEX430,1
347,rakhi,RKEX431,1
347,rakhi,RKEX432,1
347,rakhi,RKEX433,1
347,rakhi,RKEX434,1
347,rakhi,RKEX435,1
347,rakhi,RKEX436,1
347,rakhi,RKEX437,1
347,rakhi,RKEX438,1
347,rakhi,RKEX439,1
347,rakhi,RKEX440,1
347,rakhi,RKEX441,1
347,rakhi,RKEX442,1
347,rakhi,RKEX443,1
347,rakhi,RKEX444,1
347,rakhi,RKEX445,1
347,rakhi,RKEX45,1
347,rakhi,RKEX451,1
347,rakhi,RKEX452,1
347,rakhi,RKEX453,1
347,rakhi,RKEX454,1
347,rakhi,RKEX456,1
347,rakhi,RKEX457,1
347,rakhi,RKEX459,1
347,rakhi,RKEX46,1
347,rakhi,RKEX460,1
347,rakhi,RKEX461,1
347,rakhi,RKEX462,1
347,rakhi,RKEX463,1
347,rakhi,RKEX464,1
347,rakhi,RKEX465,1
347,rakhi,RKEX466,1
347,rakhi,RKEX467,1
347,rakhi,RKEX468,1
347,rakhi,RKEX469,1
347,rakhi,RKEX470,1
347,rakhi,RKEX471,1
347,rakhi,RKEX472,1
347,rakhi,RKEX473,1
347,rakhi,RKEX474,1
347,rakhi,RKEX475,1
347,rakhi,RKEX476,1
347,rakhi,RKEX477,1
347,rakhi,RKEX478,1
347,rakhi,RKEX479,1
347,rakhi,RKEX48,1
347,rakhi,RKEX480,1
347,rakhi,RKEX481,1
347,rakhi,RKEX482,1
347,rakhi,RKEX483,1
347,rakhi,RKEX484,1
347,rakhi,RKEX485,1
347,rakhi,RKEX486,1
347,rakhi,RKEX487,1
347,rakhi,RKEX488,1
347,rakhi,RKEX489,1
347,rakhi,RKEX49,1
347,rakhi,RKEX490,1
347,rakhi,RKEX491,1
347,rakhi,RKEX492,1
347,rakhi,RKEX5,1
347,rakhi,RKEX50,1
347,rakhi,RKEX509,1
347,rakhi,RKEX51,1
347,rakhi,RKEX510,1
347,rakhi,RKEX511,1
347,rakhi,RKEX512,1
347,rakhi,RKEX513,1
347,rakhi,RKEX514,1
347,rakhi,RKEX515,1
347,rakhi,RKEX516,1
347,rakhi,RKEX517,1
347,rakhi,RKEX518,1
347,rakhi,RKEX519,1
347,rakhi,RKEX52,1
347,rakhi,RKEX520,1
347,rakhi,RKEX521,1
347,rakhi,RKEX522,1
347,rakhi,RKEX523,1
347,rakhi,RKEX524,1
347,rakhi,RKEX525,1
347,rakhi,RKEX526,1
347,rakhi,RKEX527,1
347,rakhi,RKEX528,1
347,rakhi,RKEX529,1
347,rakhi,RKEX53,1
347,rakhi,RKEX530,1
347,rakhi,RKEX531,1
347,rakhi,RKEX536,1
347,rakhi,RKEX537,1
347,rakhi,RKEX539,1
347,rakhi,RKEX542,1
347,rakhi,RKEX543,1
347,rakhi,RKEX545,1
347,rakhi,RKEX546,1
347,rakhi,RKEX547,1
347,rakhi,RKEX55,1
347,rakhi,RKEX550,1
347,rakhi,RKEX551,1
347,rakhi,RKEX552,1
347,rakhi,RKEX553,1
347,rakhi,RKEX554,1
347,rakhi,RKEX555,1
347,rakhi,RKEX556,1
347,rakhi,RKEX558,1
347,rakhi,RKEX559,1
347,rakhi,RKEX56,1
347,rakhi,RKEX560,1
347,rakhi,RKEX561,1
347,rakhi,RKEX562,1
347,rakhi,RKEX563,1
347,rakhi,RKEX564,1
347,rakhi,RKEX566,1
347,rakhi,RKEX567,1
347,rakhi,RKEX568,1
347,rakhi,RKEX569,1
347,rakhi,RKEX57,1
347,rakhi,RKEX570,1
347,rakhi,RKEX572,1
347,rakhi,RKEX573,1
347,rakhi,RKEX575,1
347,rakhi,RKEX576,1
347,rakhi,RKEX577,1
347,rakhi,RKEX579,1
347,rakhi,RKEX58,1
347,rakhi,RKEX580,1
347,rakhi,RKEX581,1
347,rakhi,RKEX582,1
347,rakhi,RKEX583,1
347,rakhi,RKEX584,1
347,rakhi,RKEX585,1
347,rakhi,RKEX586,1
347,rakhi,RKEX588,1
347,rakhi,RKEX590,1
347,rakhi,RKEX591,1
347,rakhi,RKEX592,1
347,rakhi,RKEX593,1
347,rakhi,RKEX594,1
347,rakhi,RKEX595,1
347,rakhi,RKEX596,1
347,rakhi,RKEX597,1
347,rakhi,RKEX598,1
347,rakhi,RKEX599,1
347,rakhi,RKEX6,1
347,rakhi,RKEX60,1
347,rakhi,RKEX61,1
347,rakhi,RKEX62,1
347,rakhi,RKEX63,1
347,rakhi,RKEX75,1
347,rakhi,RKEX76,1
347,rakhi,RKEX77,1
347,rakhi,RKEX78,1
347,rakhi,RKEX8,1
347,rakhi,RKEX80,1
347,rakhi,RKEX81,1
347,rakhi,RKEX85,1
347,rakhi,RKEX87,1
347,rakhi,RKEX89,1
347,rakhi,RKEX9,1
347,rakhi,RKEX90,1
347,rakhi,RKEX93,1
347,rakhi,RKEX94,1
347,rakhi,RKEX95,1
347,rakhi,RKEX96,1
347,rakhi,RKEX97,1
347,rakhi,RKEX98,1
348,rakhi,RAKHIEXP104,1
348,rakhi,RAKHIEXP116,1
348,rakhi,RAKHIEXP118,1
348,rakhi,RAKHIEXP119,1
348,rakhi,RAKHIEXP120,1
348,rakhi,RAKHIEXP121,1
348,rakhi,RAKHIEXP125,1
348,rakhi,RAKHIEXP130,1
348,rakhi,RAKHIEXP131,1
348,rakhi,RAKHIEXP132,1
348,rakhi,RAKHIEXP133,1
348,rakhi,RAKHIEXP146,1
348,rakhi,RAKHIEXP147,1
348,rakhi,RAKHIEXP148,1
348,rakhi,RKEX10,1
348,rakhi,RKEX100,1
348,rakhi,RKEX101,1
348,rakhi,RKEX102,1
348,rakhi,RKEX103,1
348,rakhi,RKEX106,1
348,rakhi,RKEX107,1
348,rakhi,RKEX108,1
348,rakhi,RKEX109,1
348,rakhi,RKEX110,1
348,rakhi,RKEX111,1
348,rakhi,RKEX112,1
348,rakhi,RKEX113,1
348,rakhi,RKEX114,1
348,rakhi,RKEX115,1
348,rakhi,RKEX116,1
348,rakhi,RKEX117,1
348,rakhi,RKEX118,1
348,rakhi,RKEX119,1
348,rakhi,RKEX120,1
348,rakhi,RKEX122,1
348,rakhi,RKEX123,1
348,rakhi,RKEX124,1
348,rakhi,RKEX125,1
348,rakhi,RKEX126,1
348,rakhi,RKEX127,1
348,rakhi,RKEX129,1
348,rakhi,RKEX131,1
348,rakhi,RKEX132,1
348,rakhi,RKEX133,1
348,rakhi,RKEX135,1
348,rakhi,RKEX136,1
348,rakhi,RKEX137,1
348,rakhi,RKEX138,1
348,rakhi,RKEX139,1
348,rakhi,RKEX140,1
348,rakhi,RKEX141,1
348,rakhi,RKEX143,1
348,rakhi,RKEX144,1
348,rakhi,RKEX145,1
348,rakhi,RKEX146,1
348,rakhi,RKEX147,1
348,rakhi,RKEX148,1
348,rakhi,RKEX19,1
348,rakhi,RKEX22,1
348,rakhi,RKEX23,1
348,rakhi,RKEX25,1
348,rakhi,RKEX26,1
348,rakhi,RKEX27,1
348,rakhi,RKEX28,1
348,rakhi,RKEX29,1
348,rakhi,RKEX3,1
348,rakhi,RKEX30,1
348,rakhi,RKEX31,1
348,rakhi,RKEX32,1
348,rakhi,RKEX36,1
348,rakhi,RKEX37,1
348,rakhi,RKEX38,1
348,rakhi,RKEX4,1
348,rakhi,RKEX401,1
348,rakhi,RKEX402,1
348,rakhi,RKEX403,1
348,rakhi,RKEX404,1
348,rakhi,RKEX405,1
348,rakhi,RKEX406,1
348,rakhi,RKEX407,1
348,rakhi,RKEX408,1
348,rakhi,RKEX409,1
348,rakhi,RKEX41,1
348,rakhi,RKEX410,1
348,rakhi,RKEX411,1
348,rakhi,RKEX412,1
348,rakhi,RKEX413,1
348,rakhi,RKEX414,1
348,rakhi,RKEX415,1
348,rakhi,RKEX416,1
348,rakhi,RKEX417,1
348,rakhi,RKEX418,1
348,rakhi,RKEX419,1
348,rakhi,RKEX420,1
348,rakhi,RKEX421,1
348,rakhi,RKEX422,1
348,rakhi,RKEX423,1
348,rakhi,RKEX424,1
348,rakhi,RKEX425,1
348,rakhi,RKEX426,1
348,rakhi,RKEX428,1
348,rakhi,RKEX43,1
348,rakhi,RKEX430,1
348,rakhi,RKEX431,1
348,rakhi,RKEX432,1
348,rakhi,RKEX433,1
348,rakhi,RKEX434,1
348,rakhi,RKEX435,1
348,rakhi,RKEX436,1
348,rakhi,RKEX437,1
348,rakhi,RKEX438,1
348,rakhi,RKEX439,1
348,rakhi,RKEX440,1
348,rakhi,RKEX441,1
348,rakhi,RKEX442,1
348,rakhi,RKEX443,1
348,rakhi,RKEX444,1
348,rakhi,RKEX445,1
348,rakhi,RKEX45,1
348,rakhi,RKEX451,1
348,rakhi,RKEX452,1
348,rakhi,RKEX453,1
348,rakhi,RKEX454,1
348,rakhi,RKEX456,1
348,rakhi,RKEX457,1
348,rakhi,RKEX459,1
348,rakhi,RKEX46,1
348,rakhi,RKEX460,1
348,rakhi,RKEX461,1
348,rakhi,RKEX462,1
348,rakhi,RKEX463,1
348,rakhi,RKEX464,1
348,rakhi,RKEX465,1
348,rakhi,RKEX466,1
348,rakhi,RKEX467,1
348,rakhi,RKEX468,1
348,rakhi,RKEX469,1
348,rakhi,RKEX470,1
348,rakhi,RKEX471,1
348,rakhi,RKEX472,1
348,rakhi,RKEX473,1
348,rakhi,RKEX474,1
348,rakhi,RKEX475,1
348,rakhi,RKEX476,1
348,rakhi,RKEX477,1
348,rakhi,RKEX478,1
348,rakhi,RKEX479,1
348,rakhi,RKEX48,1
348,rakhi,RKEX480,1
348,rakhi,RKEX481,1
348,rakhi,RKEX482,1
348,rakhi,RKEX483,1
348,rakhi,RKEX484,1
348,rakhi,RKEX485,1
348,rakhi,RKEX486,1
348,rakhi,RKEX487,1
348,rakhi,RKEX488,1
348,rakhi,RKEX489,1
348,rakhi,RKEX49,1
348,rakhi,RKEX490,1
348,rakhi,RKEX491,1
348,rakhi,RKEX492,1
348,rakhi,RKEX5,1
348,rakhi,RKEX50,1
348,rakhi,RKEX509,1
348,rakhi,RKEX51,1
348,rakhi,RKEX510,1
348,rakhi,RKEX511,1
348,rakhi,RKEX512,1
348,rakhi,RKEX513,1
348,rakhi,RKEX514,1
348,rakhi,RKEX515,1
348,rakhi,RKEX516,1
348,rakhi,RKEX517,1
348,rakhi,RKEX518,1
348,rakhi,RKEX519,1
348,rakhi,RKEX52,1
348,rakhi,RKEX520,1
348,rakhi,RKEX521,1
348,rakhi,RKEX522,1
348,rakhi,RKEX523,1
348,rakhi,RKEX524,1
348,rakhi,RKEX525,1
348,rakhi,RKEX526,1
348,rakhi,RKEX527,1
348,rakhi,RKEX528,1
348,rakhi,RKEX529,1
348,rakhi,RKEX53,1
348,rakhi,RKEX530,1
348,rakhi,RKEX531,1
348,rakhi,RKEX536,1
348,rakhi,RKEX537,1
348,rakhi,RKEX539,1
348,rakhi,RKEX542,1
348,rakhi,RKEX543,1
348,rakhi,RKEX545,1
348,rakhi,RKEX546,1
348,rakhi,RKEX547,1
348,rakhi,RKEX55,1
348,rakhi,RKEX550,1
348,rakhi,RKEX551,1
348,rakhi,RKEX552,1
348,rakhi,RKEX553,1
348,rakhi,RKEX554,1
348,rakhi,RKEX555,1
348,rakhi,RKEX556,1
348,rakhi,RKEX558,1
348,rakhi,RKEX559,1
348,rakhi,RKEX56,1
348,rakhi,RKEX560,1
348,rakhi,RKEX561,1
348,rakhi,RKEX562,1
348,rakhi,RKEX563,1
348,rakhi,RKEX564,1
348,rakhi,RKEX566,1
348,rakhi,RKEX567,1
348,rakhi,RKEX568,1
348,rakhi,RKEX569,1
348,rakhi,RKEX57,1
348,rakhi,RKEX570,1
348,rakhi,RKEX572,1
348,rakhi,RKEX573,1
348,rakhi,RKEX575,1
348,rakhi,RKEX576,1
348,rakhi,RKEX577,1
348,rakhi,RKEX579,1
348,rakhi,RKEX58,1
348,rakhi,RKEX580,1
348,rakhi,RKEX581,1
348,rakhi,RKEX582,1
348,rakhi,RKEX583,1
348,rakhi,RKEX584,1
348,rakhi,RKEX585,1
348,rakhi,RKEX586,1
348,rakhi,RKEX588,1
348,rakhi,RKEX590,1
348,rakhi,RKEX591,1
348,rakhi,RKEX592,1
348,rakhi,RKEX593,1
348,rakhi,RKEX594,1
348,rakhi,RKEX595,1
348,rakhi,RKEX596,1
348,rakhi,RKEX597,1
348,rakhi,RKEX598,1
348,rakhi,RKEX599,1
348,rakhi,RKEX6,1
348,rakhi,RKEX60,1
348,rakhi,RKEX61,1
348,rakhi,RKEX62,1
348,rakhi,RKEX63,1
348,rakhi,RKEX75,1
348,rakhi,RKEX76,1
348,rakhi,RKEX77,1
348,rakhi,RKEX78,1
348,rakhi,RKEX8,1
348,rakhi,RKEX80,1
348,rakhi,RKEX81,1
348,rakhi,RKEX85,1
348,rakhi,RKEX87,1
348,rakhi,RKEX89,1
348,rakhi,RKEX9,1
348,rakhi,RKEX90,1
348,rakhi,RKEX93,1
348,rakhi,RKEX94,1
348,rakhi,RKEX95,1
348,rakhi,RKEX96,1
348,rakhi,RKEX97,1
348,rakhi,RKEX98,1
349,rakhi,RAKHIEXP104,1
349,rakhi,RAKHIEXP116,1
349,rakhi,RAKHIEXP118,1
349,rakhi,RAKHIEXP119,1
349,rakhi,RAKHIEXP120,1
349,rakhi,RAKHIEXP121,1
349,rakhi,RAKHIEXP125,1
349,rakhi,RAKHIEXP130,1
349,rakhi,RAKHIEXP131,1
349,rakhi,RAKHIEXP132,1
349,rakhi,RAKHIEXP133,1
349,rakhi,RAKHIEXP146,1
349,rakhi,RAKHIEXP147,1
349,rakhi,RAKHIEXP148,1
349,rakhi,RKEX10,1
349,rakhi,RKEX100,1
349,rakhi,RKEX101,1
349,rakhi,RKEX102,1
349,rakhi,RKEX103,1
349,rakhi,RKEX106,1
349,rakhi,RKEX107,1
349,rakhi,RKEX108,1
349,rakhi,RKEX109,1
349,rakhi,RKEX110,1
349,rakhi,RKEX111,1
349,rakhi,RKEX112,1
349,rakhi,RKEX113,1
349,rakhi,RKEX114,1
349,rakhi,RKEX115,1
349,rakhi,RKEX116,1
349,rakhi,RKEX117,1
349,rakhi,RKEX118,1
349,rakhi,RKEX119,1
349,rakhi,RKEX120,1
349,rakhi,RKEX122,1
349,rakhi,RKEX123,1
349,rakhi,RKEX124,1
349,rakhi,RKEX125,1
349,rakhi,RKEX126,1
349,rakhi,RKEX127,1
349,rakhi,RKEX129,1
349,rakhi,RKEX131,1
349,rakhi,RKEX132,1
349,rakhi,RKEX133,1
349,rakhi,RKEX135,1
349,rakhi,RKEX136,1
349,rakhi,RKEX137,1
349,rakhi,RKEX138,1
349,rakhi,RKEX139,1
349,rakhi,RKEX140,1
349,rakhi,RKEX141,1
349,rakhi,RKEX143,1
349,rakhi,RKEX144,1
349,rakhi,RKEX145,1
349,rakhi,RKEX146,1
349,rakhi,RKEX147,1
349,rakhi,RKEX148,1
349,rakhi,RKEX19,1
349,rakhi,RKEX22,1
349,rakhi,RKEX23,1
349,rakhi,RKEX25,1
349,rakhi,RKEX26,1
349,rakhi,RKEX27,1
349,rakhi,RKEX28,1
349,rakhi,RKEX29,1
349,rakhi,RKEX3,1
349,rakhi,RKEX30,1
349,rakhi,RKEX31,1
349,rakhi,RKEX32,1
349,rakhi,RKEX36,1
349,rakhi,RKEX37,1
349,rakhi,RKEX38,1
349,rakhi,RKEX4,1
349,rakhi,RKEX401,1
349,rakhi,RKEX402,1
349,rakhi,RKEX403,1
349,rakhi,RKEX404,1
349,rakhi,RKEX405,1
349,rakhi,RKEX406,1
349,rakhi,RKEX407,1
349,rakhi,RKEX408,1
349,rakhi,RKEX409,1
349,rakhi,RKEX41,1
349,rakhi,RKEX410,1
349,rakhi,RKEX411,1
349,rakhi,RKEX412,1
349,rakhi,RKEX413,1
349,rakhi,RKEX414,1
349,rakhi,RKEX415,1
349,rakhi,RKEX416,1
349,rakhi,RKEX417,1
349,rakhi,RKEX418,1
349,rakhi,RKEX419,1
349,rakhi,RKEX420,1
349,rakhi,RKEX421,1
349,rakhi,RKEX422,1
349,rakhi,RKEX423,1
349,rakhi,RKEX424,1
349,rakhi,RKEX425,1
349,rakhi,RKEX426,1
349,rakhi,RKEX428,1
349,rakhi,RKEX43,1
349,rakhi,RKEX430,1
349,rakhi,RKEX431,1
349,rakhi,RKEX432,1
349,rakhi,RKEX433,1
349,rakhi,RKEX434,1
349,rakhi,RKEX435,1
349,rakhi,RKEX436,1
349,rakhi,RKEX437,1
349,rakhi,RKEX438,1
349,rakhi,RKEX439,1
349,rakhi,RKEX440,1
349,rakhi,RKEX441,1
349,rakhi,RKEX442,1
349,rakhi,RKEX443,1
349,rakhi,RKEX444,1
349,rakhi,RKEX445,1
349,rakhi,RKEX45,1
349,rakhi,RKEX451,1
349,rakhi,RKEX452,1
349,rakhi,RKEX453,1
349,rakhi,RKEX454,1
349,rakhi,RKEX456,1
349,rakhi,RKEX457,1
349,rakhi,RKEX459,1
349,rakhi,RKEX46,1
349,rakhi,RKEX460,1
349,rakhi,RKEX461,1
349,rakhi,RKEX462,1
349,rakhi,RKEX463,1
349,rakhi,RKEX464,1
349,rakhi,RKEX465,1
349,rakhi,RKEX466,1
349,rakhi,RKEX467,1
349,rakhi,RKEX468,1
349,rakhi,RKEX469,1
349,rakhi,RKEX470,1
349,rakhi,RKEX471,1
349,rakhi,RKEX472,1
349,rakhi,RKEX473,1
349,rakhi,RKEX474,1
349,rakhi,RKEX475,1
349,rakhi,RKEX476,1
349,rakhi,RKEX477,1
349,rakhi,RKEX478,1
349,rakhi,RKEX479,1
349,rakhi,RKEX48,1
349,rakhi,RKEX480,1
349,rakhi,RKEX481,1
349,rakhi,RKEX482,1
349,rakhi,RKEX483,1
349,rakhi,RKEX484,1
349,rakhi,RKEX485,1
349,rakhi,RKEX486,1
349,rakhi,RKEX487,1
349,rakhi,RKEX488,1
349,rakhi,RKEX489,1
349,rakhi,RKEX49,1
349,rakhi,RKEX490,1
349,rakhi,RKEX491,1
349,rakhi,RKEX492,1
349,rakhi,RKEX5,1
349,rakhi,RKEX50,1
349,rakhi,RKEX509,1
349,rakhi,RKEX51,1
349,rakhi,RKEX510,1
349,rakhi,RKEX511,1
349,rakhi,RKEX512,1
349,rakhi,RKEX513,1
349,rakhi,RKEX514,1
349,rakhi,RKEX515,1
349,rakhi,RKEX516,1
349,rakhi,RKEX517,1
349,rakhi,RKEX518,1
349,rakhi,RKEX519,1
349,rakhi,RKEX52,1
349,rakhi,RKEX520,1
349,rakhi,RKEX521,1
349,rakhi,RKEX522,1
349,rakhi,RKEX523,1
349,rakhi,RKEX524,1
349,rakhi,RKEX525,1
349,rakhi,RKEX526,1
349,rakhi,RKEX527,1
349,rakhi,RKEX528,1
349,rakhi,RKEX529,1
349,rakhi,RKEX53,1
349,rakhi,RKEX530,1
349,rakhi,RKEX531,1
349,rakhi,RKEX536,1
349,rakhi,RKEX537,1
349,rakhi,RKEX539,1
349,rakhi,RKEX542,1
349,rakhi,RKEX543,1
349,rakhi,RKEX545,1
349,rakhi,RKEX546,1
349,rakhi,RKEX547,1
349,rakhi,RKEX55,1
349,rakhi,RKEX550,1
349,rakhi,RKEX551,1
349,rakhi,RKEX552,1
349,rakhi,RKEX553,1
349,rakhi,RKEX554,1
349,rakhi,RKEX555,1
349,rakhi,RKEX556,1
349,rakhi,RKEX558,1
349,rakhi,RKEX559,1
349,rakhi,RKEX56,1
349,rakhi,RKEX560,1
349,rakhi,RKEX561,1
349,rakhi,RKEX562,1
349,rakhi,RKEX563,1
349,rakhi,RKEX564,1
349,rakhi,RKEX566,1
349,rakhi,RKEX567,1
349,rakhi,RKEX568,1
349,rakhi,RKEX569,1
349,rakhi,RKEX57,1
349,rakhi,RKEX570,1
349,rakhi,RKEX572,1
349,rakhi,RKEX573,1
349,rakhi,RKEX575,1
349,rakhi,RKEX576,1
349,rakhi,RKEX577,1
349,rakhi,RKEX579,1
349,rakhi,RKEX58,1
349,rakhi,RKEX580,1
349,rakhi,RKEX581,1
349,rakhi,RKEX582,1
349,rakhi,RKEX583,1
349,rakhi,RKEX584,1
349,rakhi,RKEX585,1
349,rakhi,RKEX586,1
349,rakhi,RKEX588,1
349,rakhi,RKEX590,1
349,rakhi,RKEX591,1
349,rakhi,RKEX592,1
349,rakhi,RKEX593,1
349,rakhi,RKEX594,1
349,rakhi,RKEX595,1
349,rakhi,RKEX596,1
349,rakhi,RKEX597,1
349,rakhi,RKEX598,1
349,rakhi,RKEX599,1
349,rakhi,RKEX6,1
349,rakhi,RKEX60,1
349,rakhi,RKEX61,1
349,rakhi,RKEX62,1
349,rakhi,RKEX63,1
349,rakhi,RKEX75,1
349,rakhi,RKEX76,1
349,rakhi,RKEX77,1
349,rakhi,RKEX78,1
349,rakhi,RKEX8,1
349,rakhi,RKEX80,1
349,rakhi,RKEX81,1
349,rakhi,RKEX85,1
349,rakhi,RKEX87,1
349,rakhi,RKEX89,1
349,rakhi,RKEX9,1
349,rakhi,RKEX90,1
349,rakhi,RKEX93,1
349,rakhi,RKEX94,1
349,rakhi,RKEX95,1
349,rakhi,RKEX96,1
349,rakhi,RKEX97,1
349,rakhi,RKEX98,1
350,rakhi,RAKHIEXP104,1
350,rakhi,RAKHIEXP116,1
350,rakhi,RAKHIEXP118,1
350,rakhi,RAKHIEXP119,1
350,rakhi,RAKHIEXP120,1
350,rakhi,RAKHIEXP121,1
350,rakhi,RAKHIEXP125,1
350,rakhi,RAKHIEXP130,1
350,rakhi,RAKHIEXP131,1
350,rakhi,RAKHIEXP132,1
350,rakhi,RAKHIEXP133,1
350,rakhi,RAKHIEXP146,1
350,rakhi,RAKHIEXP147,1
350,rakhi,RAKHIEXP148,1
350,rakhi,RKEX10,1
350,rakhi,RKEX100,1
350,rakhi,RKEX101,1
350,rakhi,RKEX102,1
350,rakhi,RKEX103,1
350,rakhi,RKEX106,1
350,rakhi,RKEX107,1
350,rakhi,RKEX108,1
350,rakhi,RKEX109,1
350,rakhi,RKEX110,1
350,rakhi,RKEX111,1
350,rakhi,RKEX112,1
350,rakhi,RKEX113,1
350,rakhi,RKEX114,1
350,rakhi,RKEX115,1
350,rakhi,RKEX116,1
350,rakhi,RKEX117,1
350,rakhi,RKEX118,1
350,rakhi,RKEX119,1
350,rakhi,RKEX120,1
350,rakhi,RKEX122,1
350,rakhi,RKEX123,1
350,rakhi,RKEX124,1
350,rakhi,RKEX125,1
350,rakhi,RKEX126,1
350,rakhi,RKEX127,1
350,rakhi,RKEX129,1
350,rakhi,RKEX131,1
350,rakhi,RKEX132,1
350,rakhi,RKEX133,1
350,rakhi,RKEX135,1
350,rakhi,RKEX136,1
350,rakhi,RKEX137,1
350,rakhi,RKEX138,1
350,rakhi,RKEX139,1
350,rakhi,RKEX140,1
350,rakhi,RKEX141,1
350,rakhi,RKEX143,1
350,rakhi,RKEX144,1
350,rakhi,RKEX145,1
350,rakhi,RKEX146,1
350,rakhi,RKEX147,1
350,rakhi,RKEX148,1
350,rakhi,RKEX19,1
350,rakhi,RKEX22,1
350,rakhi,RKEX23,1
350,rakhi,RKEX25,1
350,rakhi,RKEX26,1
350,rakhi,RKEX27,1
350,rakhi,RKEX28,1
350,rakhi,RKEX29,1
350,rakhi,RKEX3,1
350,rakhi,RKEX30,1
350,rakhi,RKEX31,1
350,rakhi,RKEX32,1
350,rakhi,RKEX36,1
350,rakhi,RKEX37,1
350,rakhi,RKEX38,1
350,rakhi,RKEX4,1
350,rakhi,RKEX401,1
350,rakhi,RKEX402,1
350,rakhi,RKEX403,1
350,rakhi,RKEX404,1
350,rakhi,RKEX405,1
350,rakhi,RKEX406,1
350,rakhi,RKEX407,1
350,rakhi,RKEX408,1
350,rakhi,RKEX409,1
350,rakhi,RKEX41,1
350,rakhi,RKEX410,1
350,rakhi,RKEX411,1
350,rakhi,RKEX412,1
350,rakhi,RKEX413,1
350,rakhi,RKEX414,1
350,rakhi,RKEX415,1
350,rakhi,RKEX416,1
350,rakhi,RKEX417,1
350,rakhi,RKEX418,1
350,rakhi,RKEX419,1
350,rakhi,RKEX420,1
350,rakhi,RKEX421,1
350,rakhi,RKEX422,1
350,rakhi,RKEX423,1
350,rakhi,RKEX424,1
350,rakhi,RKEX425,1
350,rakhi,RKEX426,1
350,rakhi,RKEX428,1
350,rakhi,RKEX43,1
350,rakhi,RKEX430,1
350,rakhi,RKEX431,1
350,rakhi,RKEX432,1
350,rakhi,RKEX433,1
350,rakhi,RKEX434,1
350,rakhi,RKEX435,1
350,rakhi,RKEX436,1
350,rakhi,RKEX437,1
350,rakhi,RKEX438,1
350,rakhi,RKEX439,1
350,rakhi,RKEX440,1
350,rakhi,RKEX441,1
350,rakhi,RKEX442,1
350,rakhi,RKEX443,1
350,rakhi,RKEX444,1
350,rakhi,RKEX445,1
350,rakhi,RKEX45,1
350,rakhi,RKEX451,1
350,rakhi,RKEX452,1
350,rakhi,RKEX453,1
350,rakhi,RKEX454,1
350,rakhi,RKEX456,1
350,rakhi,RKEX457,1
350,rakhi,RKEX459,1
350,rakhi,RKEX46,1
350,rakhi,RKEX460,1
350,rakhi,RKEX461,1
350,rakhi,RKEX462,1
350,rakhi,RKEX463,1
350,rakhi,RKEX464,1
350,rakhi,RKEX465,1
350,rakhi,RKEX466,1
350,rakhi,RKEX467,1
350,rakhi,RKEX468,1
350,rakhi,RKEX469,1
350,rakhi,RKEX470,1
350,rakhi,RKEX471,1
350,rakhi,RKEX472,1
350,rakhi,RKEX473,1
350,rakhi,RKEX474,1
350,rakhi,RKEX475,1
350,rakhi,RKEX476,1
350,rakhi,RKEX477,1
350,rakhi,RKEX478,1
350,rakhi,RKEX479,1
350,rakhi,RKEX48,1
350,rakhi,RKEX480,1
350,rakhi,RKEX481,1
350,rakhi,RKEX482,1
350,rakhi,RKEX483,1
350,rakhi,RKEX484,1
350,rakhi,RKEX485,1
350,rakhi,RKEX486,1
350,rakhi,RKEX487,1
350,rakhi,RKEX488,1
350,rakhi,RKEX489,1
350,rakhi,RKEX49,1
350,rakhi,RKEX490,1
350,rakhi,RKEX491,1
350,rakhi,RKEX492,1
350,rakhi,RKEX5,1
350,rakhi,RKEX50,1
350,rakhi,RKEX509,1
350,rakhi,RKEX51,1
350,rakhi,RKEX510,1
350,rakhi,RKEX511,1
350,rakhi,RKEX512,1
350,rakhi,RKEX513,1
350,rakhi,RKEX514,1
350,rakhi,RKEX515,1
350,rakhi,RKEX516,1
350,rakhi,RKEX517,1
350,rakhi,RKEX518,1
350,rakhi,RKEX519,1
350,rakhi,RKEX52,1
350,rakhi,RKEX520,1
350,rakhi,RKEX521,1
350,rakhi,RKEX522,1
350,rakhi,RKEX523,1
350,rakhi,RKEX524,1
350,rakhi,RKEX525,1
350,rakhi,RKEX526,1
350,rakhi,RKEX527,1
350,rakhi,RKEX528,1
350,rakhi,RKEX529,1
350,rakhi,RKEX53,1
350,rakhi,RKEX530,1
350,rakhi,RKEX531,1
350,rakhi,RKEX536,1
350,rakhi,RKEX537,1
350,rakhi,RKEX539,1
350,rakhi,RKEX542,1
350,rakhi,RKEX543,1
350,rakhi,RKEX545,1
350,rakhi,RKEX546,1
350,rakhi,RKEX547,1
350,rakhi,RKEX55,1
350,rakhi,RKEX550,1
350,rakhi,RKEX551,1
350,rakhi,RKEX552,1
350,rakhi,RKEX553,1
350,rakhi,RKEX554,1
350,rakhi,RKEX555,1
350,rakhi,RKEX556,1
350,rakhi,RKEX558,1
350,rakhi,RKEX559,1
350,rakhi,RKEX56,1
350,rakhi,RKEX560,1
350,rakhi,RKEX561,1
350,rakhi,RKEX562,1
350,rakhi,RKEX563,1
350,rakhi,RKEX564,1
350,rakhi,RKEX566,1
350,rakhi,RKEX567,1
350,rakhi,RKEX568,1
350,rakhi,RKEX569,1
350,rakhi,RKEX57,1
350,rakhi,RKEX570,1
350,rakhi,RKEX572,1
350,rakhi,RKEX573,1
350,rakhi,RKEX575,1
350,rakhi,RKEX576,1
350,rakhi,RKEX577,1
350,rakhi,RKEX579,1
350,rakhi,RKEX58,1
350,rakhi,RKEX580,1
350,rakhi,RKEX581,1
350,rakhi,RKEX582,1
350,rakhi,RKEX583,1
350,rakhi,RKEX584,1
350,rakhi,RKEX585,1
350,rakhi,RKEX586,1
350,rakhi,RKEX588,1
350,rakhi,RKEX590,1
350,rakhi,RKEX591,1
350,rakhi,RKEX592,1
350,rakhi,RKEX593,1
350,rakhi,RKEX594,1
350,rakhi,RKEX595,1
350,rakhi,RKEX596,1
350,rakhi,RKEX597,1
350,rakhi,RKEX598,1
350,rakhi,RKEX599,1
350,rakhi,RKEX6,1
350,rakhi,RKEX60,1
350,rakhi,RKEX61,1
350,rakhi,RKEX62,1
350,rakhi,RKEX63,1
350,rakhi,RKEX75,1
350,rakhi,RKEX76,1
350,rakhi,RKEX77,1
350,rakhi,RKEX78,1
350,rakhi,RKEX8,1
350,rakhi,RKEX80,1
350,rakhi,RKEX81,1
350,rakhi,RKEX85,1
350,rakhi,RKEX87,1
350,rakhi,RKEX89,1
350,rakhi,RKEX9,1
350,rakhi,RKEX90,1
350,rakhi,RKEX93,1
350,rakhi,RKEX94,1
350,rakhi,RKEX95,1
350,rakhi,RKEX96,1
350,rakhi,RKEX97,1
350,rakhi,RKEX98,1
351,rakhi,RAKHIEXP104,1
351,rakhi,RAKHIEXP116,1
351,rakhi,RAKHIEXP118,1
351,rakhi,RAKHIEXP119,1
351,rakhi,RAKHIEXP120,1
351,rakhi,RAKHIEXP121,1
351,rakhi,RAKHIEXP125,1
351,rakhi,RAKHIEXP130,1
351,rakhi,RAKHIEXP131,1
351,rakhi,RAKHIEXP132,1
351,rakhi,RAKHIEXP133,1
351,rakhi,RAKHIEXP146,1
351,rakhi,RAKHIEXP147,1
351,rakhi,RAKHIEXP148,1
351,rakhi,RKEX10,1
351,rakhi,RKEX100,1
351,rakhi,RKEX101,1
351,rakhi,RKEX102,1
351,rakhi,RKEX103,1
351,rakhi,RKEX106,1
351,rakhi,RKEX107,1
351,rakhi,RKEX108,1
351,rakhi,RKEX109,1
351,rakhi,RKEX110,1
351,rakhi,RKEX111,1
351,rakhi,RKEX112,1
351,rakhi,RKEX113,1
351,rakhi,RKEX114,1
351,rakhi,RKEX115,1
351,rakhi,RKEX116,1
351,rakhi,RKEX117,1
351,rakhi,RKEX118,1
351,rakhi,RKEX119,1
351,rakhi,RKEX120,1
351,rakhi,RKEX122,1
351,rakhi,RKEX123,1
351,rakhi,RKEX124,1
351,rakhi,RKEX125,1
351,rakhi,RKEX126,1
351,rakhi,RKEX127,1
351,rakhi,RKEX129,1
351,rakhi,RKEX131,1
351,rakhi,RKEX132,1
351,rakhi,RKEX133,1
351,rakhi,RKEX135,1
351,rakhi,RKEX136,1
351,rakhi,RKEX137,1
351,rakhi,RKEX138,1
351,rakhi,RKEX139,1
351,rakhi,RKEX140,1
351,rakhi,RKEX141,1
351,rakhi,RKEX143,1
351,rakhi,RKEX144,1
351,rakhi,RKEX145,1
351,rakhi,RKEX146,1
351,rakhi,RKEX147,1
351,rakhi,RKEX148,1
351,rakhi,RKEX19,1
351,rakhi,RKEX22,1
351,rakhi,RKEX23,1
351,rakhi,RKEX25,1
351,rakhi,RKEX26,1
351,rakhi,RKEX27,1
351,rakhi,RKEX28,1
351,rakhi,RKEX29,1
351,rakhi,RKEX3,1
351,rakhi,RKEX30,1
351,rakhi,RKEX31,1
351,rakhi,RKEX32,1
351,rakhi,RKEX36,1
351,rakhi,RKEX37,1
351,rakhi,RKEX38,1
351,rakhi,RKEX4,1
351,rakhi,RKEX401,1
351,rakhi,RKEX402,1
351,rakhi,RKEX403,1
351,rakhi,RKEX404,1
351,rakhi,RKEX405,1
351,rakhi,RKEX406,1
351,rakhi,RKEX407,1
351,rakhi,RKEX408,1
351,rakhi,RKEX409,1
351,rakhi,RKEX41,1
351,rakhi,RKEX410,1
351,rakhi,RKEX411,1
351,rakhi,RKEX412,1
351,rakhi,RKEX413,1
351,rakhi,RKEX414,1
351,rakhi,RKEX415,1
351,rakhi,RKEX416,1
351,rakhi,RKEX417,1
351,rakhi,RKEX418,1
351,rakhi,RKEX419,1
351,rakhi,RKEX420,1
351,rakhi,RKEX421,1
351,rakhi,RKEX422,1
351,rakhi,RKEX423,1
351,rakhi,RKEX424,1
351,rakhi,RKEX425,1
351,rakhi,RKEX426,1
351,rakhi,RKEX428,1
351,rakhi,RKEX43,1
351,rakhi,RKEX430,1
351,rakhi,RKEX431,1
351,rakhi,RKEX432,1
351,rakhi,RKEX433,1
351,rakhi,RKEX434,1
351,rakhi,RKEX435,1
351,rakhi,RKEX436,1
351,rakhi,RKEX437,1
351,rakhi,RKEX438,1
351,rakhi,RKEX439,1
351,rakhi,RKEX440,1
351,rakhi,RKEX441,1
351,rakhi,RKEX442,1
351,rakhi,RKEX443,1
351,rakhi,RKEX444,1
351,rakhi,RKEX445,1
351,rakhi,RKEX45,1
351,rakhi,RKEX451,1
351,rakhi,RKEX452,1
351,rakhi,RKEX453,1
351,rakhi,RKEX454,1
351,rakhi,RKEX456,1
351,rakhi,RKEX457,1
351,rakhi,RKEX459,1
351,rakhi,RKEX46,1
351,rakhi,RKEX460,1
351,rakhi,RKEX461,1
351,rakhi,RKEX462,1
351,rakhi,RKEX463,1
351,rakhi,RKEX464,1
351,rakhi,RKEX465,1
351,rakhi,RKEX466,1
351,rakhi,RKEX467,1
351,rakhi,RKEX468,1
351,rakhi,RKEX469,1
351,rakhi,RKEX470,1
351,rakhi,RKEX471,1
351,rakhi,RKEX472,1
351,rakhi,RKEX473,1
351,rakhi,RKEX474,1
351,rakhi,RKEX475,1
351,rakhi,RKEX476,1
351,rakhi,RKEX477,1
351,rakhi,RKEX478,1
351,rakhi,RKEX479,1
351,rakhi,RKEX48,1
351,rakhi,RKEX480,1
351,rakhi,RKEX481,1
351,rakhi,RKEX482,1
351,rakhi,RKEX483,1
351,rakhi,RKEX484,1
351,rakhi,RKEX485,1
351,rakhi,RKEX486,1
351,rakhi,RKEX487,1
351,rakhi,RKEX488,1
351,rakhi,RKEX489,1
351,rakhi,RKEX49,1
351,rakhi,RKEX490,1
351,rakhi,RKEX491,1
351,rakhi,RKEX492,1
351,rakhi,RKEX5,1
351,rakhi,RKEX50,1
351,rakhi,RKEX509,1
351,rakhi,RKEX51,1
351,rakhi,RKEX510,1
351,rakhi,RKEX511,1
351,rakhi,RKEX512,1
351,rakhi,RKEX513,1
351,rakhi,RKEX514,1
351,rakhi,RKEX515,1
351,rakhi,RKEX516,1
351,rakhi,RKEX517,1
351,rakhi,RKEX518,1
351,rakhi,RKEX519,1
351,rakhi,RKEX52,1
351,rakhi,RKEX520,1
351,rakhi,RKEX521,1
351,rakhi,RKEX522,1
351,rakhi,RKEX523,1
351,rakhi,RKEX524,1
351,rakhi,RKEX525,1
351,rakhi,RKEX526,1
351,rakhi,RKEX527,1
351,rakhi,RKEX528,1
351,rakhi,RKEX529,1
351,rakhi,RKEX53,1
351,rakhi,RKEX530,1
351,rakhi,RKEX531,1
351,rakhi,RKEX536,1
351,rakhi,RKEX537,1
351,rakhi,RKEX539,1
351,rakhi,RKEX542,1
351,rakhi,RKEX543,1
351,rakhi,RKEX545,1
351,rakhi,RKEX546,1
351,rakhi,RKEX547,1
351,rakhi,RKEX55,1
351,rakhi,RKEX550,1
351,rakhi,RKEX551,1
351,rakhi,RKEX552,1
351,rakhi,RKEX553,1
351,rakhi,RKEX554,1
351,rakhi,RKEX555,1
351,rakhi,RKEX556,1
351,rakhi,RKEX558,1
351,rakhi,RKEX559,1
351,rakhi,RKEX56,1
351,rakhi,RKEX560,1
351,rakhi,RKEX561,1
351,rakhi,RKEX562,1
351,rakhi,RKEX563,1
351,rakhi,RKEX564,1
351,rakhi,RKEX566,1
351,rakhi,RKEX567,1
351,rakhi,RKEX568,1
351,rakhi,RKEX569,1
351,rakhi,RKEX57,1
351,rakhi,RKEX570,1
351,rakhi,RKEX572,1
351,rakhi,RKEX573,1
351,rakhi,RKEX575,1
351,rakhi,RKEX576,1
351,rakhi,RKEX577,1
351,rakhi,RKEX579,1
351,rakhi,RKEX58,1
351,rakhi,RKEX580,1
351,rakhi,RKEX581,1
351,rakhi,RKEX582,1
351,rakhi,RKEX583,1
351,rakhi,RKEX584,1
351,rakhi,RKEX585,1
351,rakhi,RKEX586,1
351,rakhi,RKEX588,1
351,rakhi,RKEX590,1
351,rakhi,RKEX591,1
351,rakhi,RKEX592,1
351,rakhi,RKEX593,1
351,rakhi,RKEX594,1
351,rakhi,RKEX595,1
351,rakhi,RKEX596,1
351,rakhi,RKEX597,1
351,rakhi,RKEX598,1
351,rakhi,RKEX599,1
351,rakhi,RKEX6,1
351,rakhi,RKEX60,1
351,rakhi,RKEX61,1
351,rakhi,RKEX62,1
351,rakhi,RKEX63,1
351,rakhi,RKEX75,1
351,rakhi,RKEX76,1
351,rakhi,RKEX77,1
351,rakhi,RKEX78,1
351,rakhi,RKEX8,1
351,rakhi,RKEX80,1
351,rakhi,RKEX81,1
351,rakhi,RKEX85,1
351,rakhi,RKEX87,1
351,rakhi,RKEX89,1
351,rakhi,RKEX9,1
351,rakhi,RKEX90,1
351,rakhi,RKEX93,1
351,rakhi,RKEX94,1
351,rakhi,RKEX95,1
351,rakhi,RKEX96,1
351,rakhi,RKEX97,1
351,rakhi,RKEX98,1
352,rakhi,RAKHIEXP104,1
352,rakhi,RAKHIEXP116,1
352,rakhi,RAKHIEXP118,1
352,rakhi,RAKHIEXP119,1
352,rakhi,RAKHIEXP120,1
352,rakhi,RAKHIEXP121,1
352,rakhi,RAKHIEXP125,1
352,rakhi,RAKHIEXP130,1
352,rakhi,RAKHIEXP131,1
352,rakhi,RAKHIEXP132,1
352,rakhi,RAKHIEXP133,1
352,rakhi,RAKHIEXP146,1
352,rakhi,RAKHIEXP147,1
352,rakhi,RAKHIEXP148,1
352,rakhi,RKEX10,1
352,rakhi,RKEX100,1
352,rakhi,RKEX101,1
352,rakhi,RKEX102,1
352,rakhi,RKEX103,1
352,rakhi,RKEX106,1
352,rakhi,RKEX107,1
352,rakhi,RKEX108,1
352,rakhi,RKEX109,1
352,rakhi,RKEX110,1
352,rakhi,RKEX111,1
352,rakhi,RKEX112,1
352,rakhi,RKEX113,1
352,rakhi,RKEX114,1
352,rakhi,RKEX115,1
352,rakhi,RKEX116,1
352,rakhi,RKEX117,1
352,rakhi,RKEX118,1
352,rakhi,RKEX119,1
352,rakhi,RKEX120,1
352,rakhi,RKEX122,1
352,rakhi,RKEX123,1
352,rakhi,RKEX124,1
352,rakhi,RKEX125,1
352,rakhi,RKEX126,1
352,rakhi,RKEX127,1
352,rakhi,RKEX129,1
352,rakhi,RKEX131,1
352,rakhi,RKEX132,1
352,rakhi,RKEX133,1
352,rakhi,RKEX135,1
352,rakhi,RKEX136,1
352,rakhi,RKEX137,1
352,rakhi,RKEX138,1
352,rakhi,RKEX139,1
352,rakhi,RKEX140,1
352,rakhi,RKEX141,1
352,rakhi,RKEX143,1
352,rakhi,RKEX144,1
352,rakhi,RKEX145,1
352,rakhi,RKEX146,1
352,rakhi,RKEX147,1
352,rakhi,RKEX148,1
352,rakhi,RKEX19,1
352,rakhi,RKEX22,1
352,rakhi,RKEX23,1
352,rakhi,RKEX25,1
352,rakhi,RKEX26,1
352,rakhi,RKEX27,1
352,rakhi,RKEX28,1
352,rakhi,RKEX29,1
352,rakhi,RKEX3,1
352,rakhi,RKEX30,1
352,rakhi,RKEX31,1
352,rakhi,RKEX32,1
352,rakhi,RKEX36,1
352,rakhi,RKEX37,1
352,rakhi,RKEX38,1
352,rakhi,RKEX4,1
352,rakhi,RKEX401,1
352,rakhi,RKEX402,1
352,rakhi,RKEX403,1
352,rakhi,RKEX404,1
352,rakhi,RKEX405,1
352,rakhi,RKEX406,1
352,rakhi,RKEX407,1
352,rakhi,RKEX408,1
352,rakhi,RKEX409,1
352,rakhi,RKEX41,1
352,rakhi,RKEX410,1
352,rakhi,RKEX411,1
352,rakhi,RKEX412,1
352,rakhi,RKEX413,1
352,rakhi,RKEX414,1
352,rakhi,RKEX415,1
352,rakhi,RKEX416,1
352,rakhi,RKEX417,1
352,rakhi,RKEX418,1
352,rakhi,RKEX419,1
352,rakhi,RKEX420,1
352,rakhi,RKEX421,1
352,rakhi,RKEX422,1
352,rakhi,RKEX423,1
352,rakhi,RKEX424,1
352,rakhi,RKEX425,1
352,rakhi,RKEX426,1
352,rakhi,RKEX428,1
352,rakhi,RKEX43,1
352,rakhi,RKEX430,1
352,rakhi,RKEX431,1
352,rakhi,RKEX432,1
352,rakhi,RKEX433,1
352,rakhi,RKEX434,1
352,rakhi,RKEX435,1
352,rakhi,RKEX436,1
352,rakhi,RKEX437,1
352,rakhi,RKEX438,1
352,rakhi,RKEX439,1
352,rakhi,RKEX440,1
352,rakhi,RKEX441,1
352,rakhi,RKEX442,1
352,rakhi,RKEX443,1
352,rakhi,RKEX444,1
352,rakhi,RKEX445,1
352,rakhi,RKEX45,1
352,rakhi,RKEX451,1
352,rakhi,RKEX452,1
352,rakhi,RKEX453,1
352,rakhi,RKEX454,1
352,rakhi,RKEX456,1
352,rakhi,RKEX457,1
352,rakhi,RKEX459,1
352,rakhi,RKEX46,1
352,rakhi,RKEX460,1
352,rakhi,RKEX461,1
352,rakhi,RKEX462,1
352,rakhi,RKEX463,1
352,rakhi,RKEX464,1
352,rakhi,RKEX465,1
352,rakhi,RKEX466,1
352,rakhi,RKEX467,1
352,rakhi,RKEX468,1
352,rakhi,RKEX469,1
352,rakhi,RKEX470,1
352,rakhi,RKEX471,1
352,rakhi,RKEX472,1
352,rakhi,RKEX473,1
352,rakhi,RKEX474,1
352,rakhi,RKEX475,1
352,rakhi,RKEX476,1
352,rakhi,RKEX477,1
352,rakhi,RKEX478,1
352,rakhi,RKEX479,1
352,rakhi,RKEX48,1
352,rakhi,RKEX480,1
352,rakhi,RKEX481,1
352,rakhi,RKEX482,1
352,rakhi,RKEX483,1
352,rakhi,RKEX484,1
352,rakhi,RKEX485,1
352,rakhi,RKEX486,1
352,rakhi,RKEX487,1
352,rakhi,RKEX488,1
352,rakhi,RKEX489,1
352,rakhi,RKEX49,1
352,rakhi,RKEX490,1
352,rakhi,RKEX491,1
352,rakhi,RKEX492,1
352,rakhi,RKEX5,1
352,rakhi,RKEX50,1
352,rakhi,RKEX509,1
352,rakhi,RKEX51,1
352,rakhi,RKEX510,1
352,rakhi,RKEX511,1
352,rakhi,RKEX512,1
352,rakhi,RKEX513,1
352,rakhi,RKEX514,1
352,rakhi,RKEX515,1
352,rakhi,RKEX516,1
352,rakhi,RKEX517,1
352,rakhi,RKEX518,1
352,rakhi,RKEX519,1
352,rakhi,RKEX52,1
352,rakhi,RKEX520,1
352,rakhi,RKEX521,1
352,rakhi,RKEX522,1
352,rakhi,RKEX523,1
352,rakhi,RKEX524,1
352,rakhi,RKEX525,1
352,rakhi,RKEX526,1
352,rakhi,RKEX527,1
352,rakhi,RKEX528,1
352,rakhi,RKEX529,1
352,rakhi,RKEX53,1
352,rakhi,RKEX530,1
352,rakhi,RKEX531,1
352,rakhi,RKEX536,1
352,rakhi,RKEX537,1
352,rakhi,RKEX539,1
352,rakhi,RKEX542,1
352,rakhi,RKEX543,1
352,rakhi,RKEX545,1
352,rakhi,RKEX546,1
352,rakhi,RKEX547,1
352,rakhi,RKEX55,1
352,rakhi,RKEX550,1
352,rakhi,RKEX551,1
352,rakhi,RKEX552,1
352,rakhi,RKEX553,1
352,rakhi,RKEX554,1
352,rakhi,RKEX555,1
352,rakhi,RKEX556,1
352,rakhi,RKEX558,1
352,rakhi,RKEX559,1
352,rakhi,RKEX56,1
352,rakhi,RKEX560,1
352,rakhi,RKEX561,1
352,rakhi,RKEX562,1
352,rakhi,RKEX563,1
352,rakhi,RKEX564,1
352,rakhi,RKEX566,1
352,rakhi,RKEX567,1
352,rakhi,RKEX568,1
352,rakhi,RKEX569,1
352,rakhi,RKEX57,1
352,rakhi,RKEX570,1
352,rakhi,RKEX572,1
352,rakhi,RKEX573,1
352,rakhi,RKEX575,1
352,rakhi,RKEX576,1
352,rakhi,RKEX577,1
352,rakhi,RKEX579,1
352,rakhi,RKEX58,1
352,rakhi,RKEX580,1
352,rakhi,RKEX581,1
352,rakhi,RKEX582,1
352,rakhi,RKEX583,1
352,rakhi,RKEX584,1
352,rakhi,RKEX585,1
352,rakhi,RKEX586,1
352,rakhi,RKEX588,1
352,rakhi,RKEX590,1
352,rakhi,RKEX591,1
352,rakhi,RKEX592,1
352,rakhi,RKEX593,1
352,rakhi,RKEX594,1
352,rakhi,RKEX595,1
352,rakhi,RKEX596,1
352,rakhi,RKEX597,1
352,rakhi,RKEX598,1
352,rakhi,RKEX599,1
352,rakhi,RKEX6,1
352,rakhi,RKEX60,1
352,rakhi,RKEX61,1
352,rakhi,RKEX62,1
352,rakhi,RKEX63,1
352,rakhi,RKEX75,1
352,rakhi,RKEX76,1
352,rakhi,RKEX77,1
352,rakhi,RKEX78,1
352,rakhi,RKEX8,1
352,rakhi,RKEX80,1
352,rakhi,RKEX81,1
352,rakhi,RKEX85,1
352,rakhi,RKEX87,1
352,rakhi,RKEX89,1
352,rakhi,RKEX9,1
352,rakhi,RKEX90,1
352,rakhi,RKEX93,1
352,rakhi,RKEX94,1
352,rakhi,RKEX95,1
352,rakhi,RKEX96,1
352,rakhi,RKEX97,1
352,rakhi,RKEX98,1
353,rakhi,RAKHIEXP104,1
353,rakhi,RAKHIEXP116,1
353,rakhi,RAKHIEXP118,1
353,rakhi,RAKHIEXP119,1
353,rakhi,RAKHIEXP120,1
353,rakhi,RAKHIEXP121,1
353,rakhi,RAKHIEXP125,1
353,rakhi,RAKHIEXP130,1
353,rakhi,RAKHIEXP131,1
353,rakhi,RAKHIEXP132,1
353,rakhi,RAKHIEXP133,1
353,rakhi,RAKHIEXP146,1
353,rakhi,RAKHIEXP147,1
353,rakhi,RAKHIEXP148,1
353,rakhi,RKEX10,1
353,rakhi,RKEX100,1
353,rakhi,RKEX101,1
353,rakhi,RKEX102,1
353,rakhi,RKEX103,1
353,rakhi,RKEX106,1
353,rakhi,RKEX107,1
353,rakhi,RKEX108,1
353,rakhi,RKEX109,1
353,rakhi,RKEX110,1
353,rakhi,RKEX111,1
353,rakhi,RKEX112,1
353,rakhi,RKEX113,1
353,rakhi,RKEX114,1
353,rakhi,RKEX115,1
353,rakhi,RKEX116,1
353,rakhi,RKEX117,1
353,rakhi,RKEX118,1
353,rakhi,RKEX119,1
353,rakhi,RKEX120,1
353,rakhi,RKEX122,1
353,rakhi,RKEX123,1
353,rakhi,RKEX124,1
353,rakhi,RKEX125,1
353,rakhi,RKEX126,1
353,rakhi,RKEX127,1
353,rakhi,RKEX129,1
353,rakhi,RKEX131,1
353,rakhi,RKEX132,1
353,rakhi,RKEX133,1
353,rakhi,RKEX135,1
353,rakhi,RKEX136,1
353,rakhi,RKEX137,1
353,rakhi,RKEX138,1
353,rakhi,RKEX139,1
353,rakhi,RKEX140,1
353,rakhi,RKEX141,1
353,rakhi,RKEX143,1
353,rakhi,RKEX144,1
353,rakhi,RKEX145,1
353,rakhi,RKEX146,1
353,rakhi,RKEX147,1
353,rakhi,RKEX148,1
353,rakhi,RKEX19,1
353,rakhi,RKEX22,1
353,rakhi,RKEX23,1
353,rakhi,RKEX25,1
353,rakhi,RKEX26,1
353,rakhi,RKEX27,1
353,rakhi,RKEX28,1
353,rakhi,RKEX29,1
353,rakhi,RKEX3,1
353,rakhi,RKEX30,1
353,rakhi,RKEX31,1
353,rakhi,RKEX32,1
353,rakhi,RKEX36,1
353,rakhi,RKEX37,1
353,rakhi,RKEX38,1
353,rakhi,RKEX4,1
353,rakhi,RKEX401,1
353,rakhi,RKEX402,1
353,rakhi,RKEX403,1
353,rakhi,RKEX404,1
353,rakhi,RKEX405,1
353,rakhi,RKEX406,1
353,rakhi,RKEX407,1
353,rakhi,RKEX408,1
353,rakhi,RKEX409,1
353,rakhi,RKEX41,1
353,rakhi,RKEX410,1
353,rakhi,RKEX411,1
353,rakhi,RKEX412,1
353,rakhi,RKEX413,1
353,rakhi,RKEX414,1
353,rakhi,RKEX415,1
353,rakhi,RKEX416,1
353,rakhi,RKEX417,1
353,rakhi,RKEX418,1
353,rakhi,RKEX419,1
353,rakhi,RKEX420,1
353,rakhi,RKEX421,1
353,rakhi,RKEX422,1
353,rakhi,RKEX423,1
353,rakhi,RKEX424,1
353,rakhi,RKEX425,1
353,rakhi,RKEX426,1
353,rakhi,RKEX428,1
353,rakhi,RKEX43,1
353,rakhi,RKEX430,1
353,rakhi,RKEX431,1
353,rakhi,RKEX432,1
353,rakhi,RKEX433,1
353,rakhi,RKEX434,1
353,rakhi,RKEX435,1
353,rakhi,RKEX436,1
353,rakhi,RKEX437,1
353,rakhi,RKEX438,1
353,rakhi,RKEX439,1
353,rakhi,RKEX440,1
353,rakhi,RKEX441,1
353,rakhi,RKEX442,1
353,rakhi,RKEX443,1
353,rakhi,RKEX444,1
353,rakhi,RKEX445,1
353,rakhi,RKEX45,1
353,rakhi,RKEX451,1
353,rakhi,RKEX452,1
353,rakhi,RKEX453,1
353,rakhi,RKEX454,1
353,rakhi,RKEX456,1
353,rakhi,RKEX457,1
353,rakhi,RKEX459,1
353,rakhi,RKEX46,1
353,rakhi,RKEX460,1
353,rakhi,RKEX461,1
353,rakhi,RKEX462,1
353,rakhi,RKEX463,1
353,rakhi,RKEX464,1
353,rakhi,RKEX465,1
353,rakhi,RKEX466,1
353,rakhi,RKEX467,1
353,rakhi,RKEX468,1
353,rakhi,RKEX469,1
353,rakhi,RKEX470,1
353,rakhi,RKEX471,1
353,rakhi,RKEX472,1
353,rakhi,RKEX473,1
353,rakhi,RKEX474,1
353,rakhi,RKEX475,1
353,rakhi,RKEX476,1
353,rakhi,RKEX477,1
353,rakhi,RKEX478,1
353,rakhi,RKEX479,1
353,rakhi,RKEX48,1
353,rakhi,RKEX480,1
353,rakhi,RKEX481,1
353,rakhi,RKEX482,1
353,rakhi,RKEX483,1
353,rakhi,RKEX484,1
353,rakhi,RKEX485,1
353,rakhi,RKEX486,1
353,rakhi,RKEX487,1
353,rakhi,RKEX488,1
353,rakhi,RKEX489,1
353,rakhi,RKEX49,1
353,rakhi,RKEX490,1
353,rakhi,RKEX491,1
353,rakhi,RKEX492,1
353,rakhi,RKEX5,1
353,rakhi,RKEX50,1
353,rakhi,RKEX509,1
353,rakhi,RKEX51,1
353,rakhi,RKEX510,1
353,rakhi,RKEX511,1
353,rakhi,RKEX512,1
353,rakhi,RKEX513,1
353,rakhi,RKEX514,1
353,rakhi,RKEX515,1
353,rakhi,RKEX516,1
353,rakhi,RKEX517,1
353,rakhi,RKEX518,1
353,rakhi,RKEX519,1
353,rakhi,RKEX52,1
353,rakhi,RKEX520,1
353,rakhi,RKEX521,1
353,rakhi,RKEX522,1
353,rakhi,RKEX523,1
353,rakhi,RKEX524,1
353,rakhi,RKEX525,1
353,rakhi,RKEX526,1
353,rakhi,RKEX527,1
353,rakhi,RKEX528,1
353,rakhi,RKEX529,1
353,rakhi,RKEX53,1
353,rakhi,RKEX530,1
353,rakhi,RKEX531,1
353,rakhi,RKEX536,1
353,rakhi,RKEX537,1
353,rakhi,RKEX539,1
353,rakhi,RKEX542,1
353,rakhi,RKEX543,1
353,rakhi,RKEX545,1
353,rakhi,RKEX546,1
353,rakhi,RKEX547,1
353,rakhi,RKEX55,1
353,rakhi,RKEX550,1
353,rakhi,RKEX551,1
353,rakhi,RKEX552,1
353,rakhi,RKEX553,1
353,rakhi,RKEX554,1
353,rakhi,RKEX555,1
353,rakhi,RKEX556,1
353,rakhi,RKEX558,1
353,rakhi,RKEX559,1
353,rakhi,RKEX56,1
353,rakhi,RKEX560,1
353,rakhi,RKEX561,1
353,rakhi,RKEX562,1
353,rakhi,RKEX563,1
353,rakhi,RKEX564,1
353,rakhi,RKEX566,1
353,rakhi,RKEX567,1
353,rakhi,RKEX568,1
353,rakhi,RKEX569,1
353,rakhi,RKEX57,1
353,rakhi,RKEX570,1
353,rakhi,RKEX572,1
353,rakhi,RKEX573,1
353,rakhi,RKEX575,1
353,rakhi,RKEX576,1
353,rakhi,RKEX577,1
353,rakhi,RKEX579,1
353,rakhi,RKEX58,1
353,rakhi,RKEX580,1
353,rakhi,RKEX581,1
353,rakhi,RKEX582,1
353,rakhi,RKEX583,1
353,rakhi,RKEX584,1
353,rakhi,RKEX585,1
353,rakhi,RKEX586,1
353,rakhi,RKEX588,1
353,rakhi,RKEX590,1
353,rakhi,RKEX591,1
353,rakhi,RKEX592,1
353,rakhi,RKEX593,1
353,rakhi,RKEX594,1
353,rakhi,RKEX595,1
353,rakhi,RKEX596,1
353,rakhi,RKEX597,1
353,rakhi,RKEX598,1
353,rakhi,RKEX599,1
353,rakhi,RKEX6,1
353,rakhi,RKEX60,1
353,rakhi,RKEX61,1
353,rakhi,RKEX62,1
353,rakhi,RKEX63,1
353,rakhi,RKEX75,1
353,rakhi,RKEX76,1
353,rakhi,RKEX77,1
353,rakhi,RKEX78,1
353,rakhi,RKEX8,1
353,rakhi,RKEX80,1
353,rakhi,RKEX81,1
353,rakhi,RKEX85,1
353,rakhi,RKEX87,1
353,rakhi,RKEX89,1
353,rakhi,RKEX9,1
353,rakhi,RKEX90,1
353,rakhi,RKEX93,1
353,rakhi,RKEX94,1
353,rakhi,RKEX95,1
353,rakhi,RKEX96,1
353,rakhi,RKEX97,1
353,rakhi,RKEX98,1
354,rakhi,RAKHIEXP104,1
354,rakhi,RAKHIEXP116,1
354,rakhi,RAKHIEXP118,1
354,rakhi,RAKHIEXP119,1
354,rakhi,RAKHIEXP120,1
354,rakhi,RAKHIEXP121,1
354,rakhi,RAKHIEXP125,1
354,rakhi,RAKHIEXP130,1
354,rakhi,RAKHIEXP131,1
354,rakhi,RAKHIEXP132,1
354,rakhi,RAKHIEXP133,1
354,rakhi,RAKHIEXP146,1
354,rakhi,RAKHIEXP147,1
354,rakhi,RAKHIEXP148,1
354,rakhi,RKEX10,1
354,rakhi,RKEX100,1
354,rakhi,RKEX101,1
354,rakhi,RKEX102,1
354,rakhi,RKEX103,1
354,rakhi,RKEX106,1
354,rakhi,RKEX107,1
354,rakhi,RKEX108,1
354,rakhi,RKEX109,1
354,rakhi,RKEX110,1
354,rakhi,RKEX111,1
354,rakhi,RKEX112,1
354,rakhi,RKEX113,1
354,rakhi,RKEX114,1
354,rakhi,RKEX115,1
354,rakhi,RKEX116,1
354,rakhi,RKEX117,1
354,rakhi,RKEX118,1
354,rakhi,RKEX119,1
354,rakhi,RKEX120,1
354,rakhi,RKEX122,1
354,rakhi,RKEX123,1
354,rakhi,RKEX124,1
354,rakhi,RKEX125,1
354,rakhi,RKEX126,1
354,rakhi,RKEX127,1
354,rakhi,RKEX129,1
354,rakhi,RKEX131,1
354,rakhi,RKEX132,1
354,rakhi,RKEX133,1
354,rakhi,RKEX135,1
354,rakhi,RKEX136,1
354,rakhi,RKEX137,1
354,rakhi,RKEX138,1
354,rakhi,RKEX139,1
354,rakhi,RKEX140,1
354,rakhi,RKEX141,1
354,rakhi,RKEX143,1
354,rakhi,RKEX144,1
354,rakhi,RKEX145,1
354,rakhi,RKEX146,1
354,rakhi,RKEX147,1
354,rakhi,RKEX148,1
354,rakhi,RKEX19,1
354,rakhi,RKEX22,1
354,rakhi,RKEX23,1
354,rakhi,RKEX25,1
354,rakhi,RKEX26,1
354,rakhi,RKEX27,1
354,rakhi,RKEX28,1
354,rakhi,RKEX29,1
354,rakhi,RKEX3,1
354,rakhi,RKEX30,1
354,rakhi,RKEX31,1
354,rakhi,RKEX32,1
354,rakhi,RKEX36,1
354,rakhi,RKEX37,1
354,rakhi,RKEX38,1
354,rakhi,RKEX4,1
354,rakhi,RKEX401,1
354,rakhi,RKEX402,1
354,rakhi,RKEX403,1
354,rakhi,RKEX404,1
354,rakhi,RKEX405,1
354,rakhi,RKEX406,1
354,rakhi,RKEX407,1
354,rakhi,RKEX408,1
354,rakhi,RKEX409,1
354,rakhi,RKEX41,1
354,rakhi,RKEX410,1
354,rakhi,RKEX411,1
354,rakhi,RKEX412,1
354,rakhi,RKEX413,1
354,rakhi,RKEX414,1
354,rakhi,RKEX415,1
354,rakhi,RKEX416,1
354,rakhi,RKEX417,1
354,rakhi,RKEX418,1
354,rakhi,RKEX419,1
354,rakhi,RKEX420,1
354,rakhi,RKEX421,1
354,rakhi,RKEX422,1
354,rakhi,RKEX423,1
354,rakhi,RKEX424,1
354,rakhi,RKEX425,1
354,rakhi,RKEX426,1
354,rakhi,RKEX428,1
354,rakhi,RKEX43,1
354,rakhi,RKEX430,1
354,rakhi,RKEX431,1
354,rakhi,RKEX432,1
354,rakhi,RKEX433,1
354,rakhi,RKEX434,1
354,rakhi,RKEX435,1
354,rakhi,RKEX436,1
354,rakhi,RKEX437,1
354,rakhi,RKEX438,1
354,rakhi,RKEX439,1
354,rakhi,RKEX440,1
354,rakhi,RKEX441,1
354,rakhi,RKEX442,1
354,rakhi,RKEX443,1
354,rakhi,RKEX444,1
354,rakhi,RKEX445,1
354,rakhi,RKEX45,1
354,rakhi,RKEX451,1
354,rakhi,RKEX452,1
354,rakhi,RKEX453,1
354,rakhi,RKEX454,1
354,rakhi,RKEX456,1
354,rakhi,RKEX457,1
354,rakhi,RKEX459,1
354,rakhi,RKEX46,1
354,rakhi,RKEX460,1
354,rakhi,RKEX461,1
354,rakhi,RKEX462,1
354,rakhi,RKEX463,1
354,rakhi,RKEX464,1
354,rakhi,RKEX465,1
354,rakhi,RKEX466,1
354,rakhi,RKEX467,1
354,rakhi,RKEX468,1
354,rakhi,RKEX469,1
354,rakhi,RKEX470,1
354,rakhi,RKEX471,1
354,rakhi,RKEX472,1
354,rakhi,RKEX473,1
354,rakhi,RKEX474,1
354,rakhi,RKEX475,1
354,rakhi,RKEX476,1
354,rakhi,RKEX477,1
354,rakhi,RKEX478,1
354,rakhi,RKEX479,1
354,rakhi,RKEX48,1
354,rakhi,RKEX480,1
354,rakhi,RKEX481,1
354,rakhi,RKEX482,1
354,rakhi,RKEX483,1
354,rakhi,RKEX484,1
354,rakhi,RKEX485,1
354,rakhi,RKEX486,1
354,rakhi,RKEX487,1
354,rakhi,RKEX488,1
354,rakhi,RKEX489,1
354,rakhi,RKEX49,1
354,rakhi,RKEX490,1
354,rakhi,RKEX491,1
354,rakhi,RKEX492,1
354,rakhi,RKEX5,1
354,rakhi,RKEX50,1
354,rakhi,RKEX509,1
354,rakhi,RKEX51,1
354,rakhi,RKEX510,1
354,rakhi,RKEX511,1
354,rakhi,RKEX512,1
354,rakhi,RKEX513,1
354,rakhi,RKEX514,1
354,rakhi,RKEX515,1
354,rakhi,RKEX516,1
354,rakhi,RKEX517,1
354,rakhi,RKEX518,1
354,rakhi,RKEX519,1
354,rakhi,RKEX52,1
354,rakhi,RKEX520,1
354,rakhi,RKEX521,1
354,rakhi,RKEX522,1
354,rakhi,RKEX523,1
354,rakhi,RKEX524,1
354,rakhi,RKEX525,1
354,rakhi,RKEX526,1
354,rakhi,RKEX527,1
354,rakhi,RKEX528,1
354,rakhi,RKEX529,1
354,rakhi,RKEX53,1
354,rakhi,RKEX530,1
354,rakhi,RKEX531,1
354,rakhi,RKEX536,1
354,rakhi,RKEX537,1
354,rakhi,RKEX539,1
354,rakhi,RKEX542,1
354,rakhi,RKEX543,1
354,rakhi,RKEX545,1
354,rakhi,RKEX546,1
354,rakhi,RKEX547,1
354,rakhi,RKEX55,1
354,rakhi,RKEX550,1
354,rakhi,RKEX551,1
354,rakhi,RKEX552,1
354,rakhi,RKEX553,1
354,rakhi,RKEX554,1
354,rakhi,RKEX555,1
354,rakhi,RKEX556,1
354,rakhi,RKEX558,1
354,rakhi,RKEX559,1
354,rakhi,RKEX56,1
354,rakhi,RKEX560,1
354,rakhi,RKEX561,1
354,rakhi,RKEX562,1
354,rakhi,RKEX563,1
354,rakhi,RKEX564,1
354,rakhi,RKEX566,1
354,rakhi,RKEX567,1
354,rakhi,RKEX568,1
354,rakhi,RKEX569,1
354,rakhi,RKEX57,1
354,rakhi,RKEX570,1
354,rakhi,RKEX572,1
354,rakhi,RKEX573,1
354,rakhi,RKEX575,1
354,rakhi,RKEX576,1
354,rakhi,RKEX577,1
354,rakhi,RKEX579,1
354,rakhi,RKEX58,1
354,rakhi,RKEX580,1
354,rakhi,RKEX581,1
354,rakhi,RKEX582,1
354,rakhi,RKEX583,1
354,rakhi,RKEX584,1
354,rakhi,RKEX585,1
354,rakhi,RKEX586,1
354,rakhi,RKEX588,1
354,rakhi,RKEX590,1
354,rakhi,RKEX591,1
354,rakhi,RKEX592,1
354,rakhi,RKEX593,1
354,rakhi,RKEX594,1
354,rakhi,RKEX595,1
354,rakhi,RKEX596,1
354,rakhi,RKEX597,1
354,rakhi,RKEX598,1
354,rakhi,RKEX599,1
354,rakhi,RKEX6,1
354,rakhi,RKEX60,1
354,rakhi,RKEX61,1
354,rakhi,RKEX62,1
354,rakhi,RKEX63,1
354,rakhi,RKEX75,1
354,rakhi,RKEX76,1
354,rakhi,RKEX77,1
354,rakhi,RKEX78,1
354,rakhi,RKEX8,1
354,rakhi,RKEX80,1
354,rakhi,RKEX81,1
354,rakhi,RKEX85,1
354,rakhi,RKEX87,1
354,rakhi,RKEX89,1
354,rakhi,RKEX9,1
354,rakhi,RKEX90,1
354,rakhi,RKEX93,1
354,rakhi,RKEX94,1
354,rakhi,RKEX95,1
354,rakhi,RKEX96,1
354,rakhi,RKEX97,1
354,rakhi,RKEX98,1
355,rakhi,RAKHIEXP104,1
355,rakhi,RAKHIEXP116,1
355,rakhi,RAKHIEXP118,1
355,rakhi,RAKHIEXP119,1
355,rakhi,RAKHIEXP120,1
355,rakhi,RAKHIEXP121,1
355,rakhi,RAKHIEXP125,1
355,rakhi,RAKHIEXP130,1
355,rakhi,RAKHIEXP131,1
355,rakhi,RAKHIEXP132,1
355,rakhi,RAKHIEXP133,1
355,rakhi,RAKHIEXP146,1
355,rakhi,RAKHIEXP147,1
355,rakhi,RAKHIEXP148,1
355,rakhi,RKEX10,1
355,rakhi,RKEX100,1
355,rakhi,RKEX101,1
355,rakhi,RKEX102,1
355,rakhi,RKEX103,1
355,rakhi,RKEX106,1
355,rakhi,RKEX107,1
355,rakhi,RKEX108,1
355,rakhi,RKEX109,1
355,rakhi,RKEX110,1
355,rakhi,RKEX111,1
355,rakhi,RKEX112,1
355,rakhi,RKEX113,1
355,rakhi,RKEX114,1
355,rakhi,RKEX115,1
355,rakhi,RKEX116,1
355,rakhi,RKEX117,1
355,rakhi,RKEX118,1
355,rakhi,RKEX119,1
355,rakhi,RKEX120,1
355,rakhi,RKEX122,1
355,rakhi,RKEX123,1
355,rakhi,RKEX124,1
355,rakhi,RKEX125,1
355,rakhi,RKEX126,1
355,rakhi,RKEX127,1
355,rakhi,RKEX129,1
355,rakhi,RKEX131,1
355,rakhi,RKEX132,1
355,rakhi,RKEX133,1
355,rakhi,RKEX135,1
355,rakhi,RKEX136,1
355,rakhi,RKEX137,1
355,rakhi,RKEX138,1
355,rakhi,RKEX139,1
355,rakhi,RKEX140,1
355,rakhi,RKEX141,1
355,rakhi,RKEX143,1
355,rakhi,RKEX144,1
355,rakhi,RKEX145,1
355,rakhi,RKEX146,1
355,rakhi,RKEX147,1
355,rakhi,RKEX148,1
355,rakhi,RKEX19,1
355,rakhi,RKEX22,1
355,rakhi,RKEX23,1
355,rakhi,RKEX25,1
355,rakhi,RKEX26,1
355,rakhi,RKEX27,1
355,rakhi,RKEX28,1
355,rakhi,RKEX29,1
355,rakhi,RKEX3,1
355,rakhi,RKEX30,1
355,rakhi,RKEX31,1
355,rakhi,RKEX32,1
355,rakhi,RKEX36,1
355,rakhi,RKEX37,1
355,rakhi,RKEX38,1
355,rakhi,RKEX4,1
355,rakhi,RKEX401,1
355,rakhi,RKEX402,1
355,rakhi,RKEX403,1
355,rakhi,RKEX404,1
355,rakhi,RKEX405,1
355,rakhi,RKEX406,1
355,rakhi,RKEX407,1
355,rakhi,RKEX408,1
355,rakhi,RKEX409,1
355,rakhi,RKEX41,1
355,rakhi,RKEX410,1
355,rakhi,RKEX411,1
355,rakhi,RKEX412,1
355,rakhi,RKEX413,1
355,rakhi,RKEX414,1
355,rakhi,RKEX415,1
355,rakhi,RKEX416,1
355,rakhi,RKEX417,1
355,rakhi,RKEX418,1
355,rakhi,RKEX419,1
355,rakhi,RKEX420,1
355,rakhi,RKEX421,1
355,rakhi,RKEX422,1
355,rakhi,RKEX423,1
355,rakhi,RKEX424,1
355,rakhi,RKEX425,1
355,rakhi,RKEX426,1
355,rakhi,RKEX428,1
355,rakhi,RKEX43,1
355,rakhi,RKEX430,1
355,rakhi,RKEX431,1
355,rakhi,RKEX432,1
355,rakhi,RKEX433,1
355,rakhi,RKEX434,1
355,rakhi,RKEX435,1
355,rakhi,RKEX436,1
355,rakhi,RKEX437,1
355,rakhi,RKEX438,1
355,rakhi,RKEX439,1
355,rakhi,RKEX440,1
355,rakhi,RKEX441,1
355,rakhi,RKEX442,1
355,rakhi,RKEX443,1
355,rakhi,RKEX444,1
355,rakhi,RKEX445,1
355,rakhi,RKEX45,1
355,rakhi,RKEX451,1
355,rakhi,RKEX452,1
355,rakhi,RKEX453,1
355,rakhi,RKEX454,1
355,rakhi,RKEX456,1
355,rakhi,RKEX457,1
355,rakhi,RKEX459,1
355,rakhi,RKEX46,1
355,rakhi,RKEX460,1
355,rakhi,RKEX461,1
355,rakhi,RKEX462,1
355,rakhi,RKEX463,1
355,rakhi,RKEX464,1
355,rakhi,RKEX465,1
355,rakhi,RKEX466,1
355,rakhi,RKEX467,1
355,rakhi,RKEX468,1
355,rakhi,RKEX469,1
355,rakhi,RKEX470,1
355,rakhi,RKEX471,1
355,rakhi,RKEX472,1
355,rakhi,RKEX473,1
355,rakhi,RKEX474,1
355,rakhi,RKEX475,1
355,rakhi,RKEX476,1
355,rakhi,RKEX477,1
355,rakhi,RKEX478,1
355,rakhi,RKEX479,1
355,rakhi,RKEX48,1
355,rakhi,RKEX480,1
355,rakhi,RKEX481,1
355,rakhi,RKEX482,1
355,rakhi,RKEX483,1
355,rakhi,RKEX484,1
355,rakhi,RKEX485,1
355,rakhi,RKEX486,1
355,rakhi,RKEX487,1
355,rakhi,RKEX488,1
355,rakhi,RKEX489,1
355,rakhi,RKEX49,1
355,rakhi,RKEX490,1
355,rakhi,RKEX491,1
355,rakhi,RKEX492,1
355,rakhi,RKEX5,1
355,rakhi,RKEX50,1
355,rakhi,RKEX509,1
355,rakhi,RKEX51,1
355,rakhi,RKEX510,1
355,rakhi,RKEX511,1
355,rakhi,RKEX512,1
355,rakhi,RKEX513,1
355,rakhi,RKEX514,1
355,rakhi,RKEX515,1
355,rakhi,RKEX516,1
355,rakhi,RKEX517,1
355,rakhi,RKEX518,1
355,rakhi,RKEX519,1
355,rakhi,RKEX52,1
355,rakhi,RKEX520,1
355,rakhi,RKEX521,1
355,rakhi,RKEX522,1
355,rakhi,RKEX523,1
355,rakhi,RKEX524,1
355,rakhi,RKEX525,1
355,rakhi,RKEX526,1
355,rakhi,RKEX527,1
355,rakhi,RKEX528,1
355,rakhi,RKEX529,1
355,rakhi,RKEX53,1
355,rakhi,RKEX530,1
355,rakhi,RKEX531,1
355,rakhi,RKEX536,1
355,rakhi,RKEX537,1
355,rakhi,RKEX539,1
355,rakhi,RKEX542,1
355,rakhi,RKEX543,1
355,rakhi,RKEX545,1
355,rakhi,RKEX546,1
355,rakhi,RKEX547,1
355,rakhi,RKEX55,1
355,rakhi,RKEX550,1
355,rakhi,RKEX551,1
355,rakhi,RKEX552,1
355,rakhi,RKEX553,1
355,rakhi,RKEX554,1
355,rakhi,RKEX555,1
355,rakhi,RKEX556,1
355,rakhi,RKEX558,1
355,rakhi,RKEX559,1
355,rakhi,RKEX56,1
355,rakhi,RKEX560,1
355,rakhi,RKEX561,1
355,rakhi,RKEX562,1
355,rakhi,RKEX563,1
355,rakhi,RKEX564,1
355,rakhi,RKEX566,1
355,rakhi,RKEX567,1
355,rakhi,RKEX568,1
355,rakhi,RKEX569,1
355,rakhi,RKEX57,1
355,rakhi,RKEX570,1
355,rakhi,RKEX572,1
355,rakhi,RKEX573,1
355,rakhi,RKEX575,1
355,rakhi,RKEX576,1
355,rakhi,RKEX577,1
355,rakhi,RKEX579,1
355,rakhi,RKEX58,1
355,rakhi,RKEX580,1
355,rakhi,RKEX581,1
355,rakhi,RKEX582,1
355,rakhi,RKEX583,1
355,rakhi,RKEX584,1
355,rakhi,RKEX585,1
355,rakhi,RKEX586,1
355,rakhi,RKEX588,1
355,rakhi,RKEX590,1
355,rakhi,RKEX591,1
355,rakhi,RKEX592,1
355,rakhi,RKEX593,1
355,rakhi,RKEX594,1
355,rakhi,RKEX595,1
355,rakhi,RKEX596,1
355,rakhi,RKEX597,1
355,rakhi,RKEX598,1
355,rakhi,RKEX599,1
355,rakhi,RKEX6,1
355,rakhi,RKEX60,1
355,rakhi,RKEX61,1
355,rakhi,RKEX62,1
355,rakhi,RKEX63,1
355,rakhi,RKEX75,1
355,rakhi,RKEX76,1
355,rakhi,RKEX77,1
355,rakhi,RKEX78,1
355,rakhi,RKEX8,1
355,rakhi,RKEX80,1
355,rakhi,RKEX81,1
355,rakhi,RKEX85,1
355,rakhi,RKEX87,1
355,rakhi,RKEX89,1
355,rakhi,RKEX9,1
355,rakhi,RKEX90,1
355,rakhi,RKEX93,1
355,rakhi,RKEX94,1
355,rakhi,RKEX95,1
355,rakhi,RKEX96,1
355,rakhi,RKEX97,1
355,rakhi,RKEX98,1
356,rakhi,RAKHIEXP104,1
356,rakhi,RAKHIEXP116,1
356,rakhi,RAKHIEXP118,1
356,rakhi,RAKHIEXP119,1
356,rakhi,RAKHIEXP120,1
356,rakhi,RAKHIEXP121,1
356,rakhi,RAKHIEXP125,1
356,rakhi,RAKHIEXP130,1
356,rakhi,RAKHIEXP131,1
356,rakhi,RAKHIEXP132,1
356,rakhi,RAKHIEXP133,1
356,rakhi,RAKHIEXP146,1
356,rakhi,RAKHIEXP147,1
356,rakhi,RAKHIEXP148,1
356,rakhi,RKEX10,1
356,rakhi,RKEX100,1
356,rakhi,RKEX101,1
356,rakhi,RKEX102,1
356,rakhi,RKEX103,1
356,rakhi,RKEX106,1
356,rakhi,RKEX107,1
356,rakhi,RKEX108,1
356,rakhi,RKEX109,1
356,rakhi,RKEX110,1
356,rakhi,RKEX111,1
356,rakhi,RKEX112,1
356,rakhi,RKEX113,1
356,rakhi,RKEX114,1
356,rakhi,RKEX115,1
356,rakhi,RKEX116,1
356,rakhi,RKEX117,1
356,rakhi,RKEX118,1
356,rakhi,RKEX119,1
356,rakhi,RKEX120,1
356,rakhi,RKEX122,1
356,rakhi,RKEX123,1
356,rakhi,RKEX124,1
356,rakhi,RKEX125,1
356,rakhi,RKEX126,1
356,rakhi,RKEX127,1
356,rakhi,RKEX129,1
356,rakhi,RKEX131,1
356,rakhi,RKEX132,1
356,rakhi,RKEX133,1
356,rakhi,RKEX135,1
356,rakhi,RKEX136,1
356,rakhi,RKEX137,1
356,rakhi,RKEX138,1
356,rakhi,RKEX139,1
356,rakhi,RKEX140,1
356,rakhi,RKEX141,1
356,rakhi,RKEX143,1
356,rakhi,RKEX144,1
356,rakhi,RKEX145,1
356,rakhi,RKEX146,1
356,rakhi,RKEX147,1
356,rakhi,RKEX148,1
356,rakhi,RKEX19,1
356,rakhi,RKEX22,1
356,rakhi,RKEX23,1
356,rakhi,RKEX25,1
356,rakhi,RKEX26,1
356,rakhi,RKEX27,1
356,rakhi,RKEX28,1
356,rakhi,RKEX29,1
356,rakhi,RKEX3,1
356,rakhi,RKEX30,1
356,rakhi,RKEX31,1
356,rakhi,RKEX32,1
356,rakhi,RKEX36,1
356,rakhi,RKEX37,1
356,rakhi,RKEX38,1
356,rakhi,RKEX4,1
356,rakhi,RKEX401,1
356,rakhi,RKEX402,1
356,rakhi,RKEX403,1
356,rakhi,RKEX404,1
356,rakhi,RKEX405,1
356,rakhi,RKEX406,1
356,rakhi,RKEX407,1
356,rakhi,RKEX408,1
356,rakhi,RKEX409,1
356,rakhi,RKEX41,1
356,rakhi,RKEX410,1
356,rakhi,RKEX411,1
356,rakhi,RKEX412,1
356,rakhi,RKEX413,1
356,rakhi,RKEX414,1
356,rakhi,RKEX415,1
356,rakhi,RKEX416,1
356,rakhi,RKEX417,1
356,rakhi,RKEX418,1
356,rakhi,RKEX419,1
356,rakhi,RKEX420,1
356,rakhi,RKEX421,1
356,rakhi,RKEX422,1
356,rakhi,RKEX423,1
356,rakhi,RKEX424,1
356,rakhi,RKEX425,1
356,rakhi,RKEX426,1
356,rakhi,RKEX428,1
356,rakhi,RKEX43,1
356,rakhi,RKEX430,1
356,rakhi,RKEX431,1
356,rakhi,RKEX432,1
356,rakhi,RKEX433,1
356,rakhi,RKEX434,1
356,rakhi,RKEX435,1
356,rakhi,RKEX436,1
356,rakhi,RKEX437,1
356,rakhi,RKEX438,1
356,rakhi,RKEX439,1
356,rakhi,RKEX440,1
356,rakhi,RKEX441,1
356,rakhi,RKEX442,1
356,rakhi,RKEX443,1
356,rakhi,RKEX444,1
356,rakhi,RKEX445,1
356,rakhi,RKEX45,1
356,rakhi,RKEX451,1
356,rakhi,RKEX452,1
356,rakhi,RKEX453,1
356,rakhi,RKEX454,1
356,rakhi,RKEX456,1
356,rakhi,RKEX457,1
356,rakhi,RKEX459,1
356,rakhi,RKEX46,1
356,rakhi,RKEX460,1
356,rakhi,RKEX461,1
356,rakhi,RKEX462,1
356,rakhi,RKEX463,1
356,rakhi,RKEX464,1
356,rakhi,RKEX465,1
356,rakhi,RKEX466,1
356,rakhi,RKEX467,1
356,rakhi,RKEX468,1
356,rakhi,RKEX469,1
356,rakhi,RKEX470,1
356,rakhi,RKEX471,1
356,rakhi,RKEX472,1
356,rakhi,RKEX473,1
356,rakhi,RKEX474,1
356,rakhi,RKEX475,1
356,rakhi,RKEX476,1
356,rakhi,RKEX477,1
356,rakhi,RKEX478,1
356,rakhi,RKEX479,1
356,rakhi,RKEX48,1
356,rakhi,RKEX480,1
356,rakhi,RKEX481,1
356,rakhi,RKEX482,1
356,rakhi,RKEX483,1
356,rakhi,RKEX484,1
356,rakhi,RKEX485,1
356,rakhi,RKEX486,1
356,rakhi,RKEX487,1
356,rakhi,RKEX488,1
356,rakhi,RKEX489,1
356,rakhi,RKEX49,1
356,rakhi,RKEX490,1
356,rakhi,RKEX491,1
356,rakhi,RKEX492,1
356,rakhi,RKEX5,1
356,rakhi,RKEX50,1
356,rakhi,RKEX509,1
356,rakhi,RKEX51,1
356,rakhi,RKEX510,1
356,rakhi,RKEX511,1
356,rakhi,RKEX512,1
356,rakhi,RKEX513,1
356,rakhi,RKEX514,1
356,rakhi,RKEX515,1
356,rakhi,RKEX516,1
356,rakhi,RKEX517,1
356,rakhi,RKEX518,1
356,rakhi,RKEX519,1
356,rakhi,RKEX52,1
356,rakhi,RKEX520,1
356,rakhi,RKEX521,1
356,rakhi,RKEX522,1
356,rakhi,RKEX523,1
356,rakhi,RKEX524,1
356,rakhi,RKEX525,1
356,rakhi,RKEX526,1
356,rakhi,RKEX527,1
356,rakhi,RKEX528,1
356,rakhi,RKEX529,1
356,rakhi,RKEX53,1
356,rakhi,RKEX530,1
356,rakhi,RKEX531,1
356,rakhi,RKEX536,1
356,rakhi,RKEX537,1
356,rakhi,RKEX539,1
356,rakhi,RKEX542,1
356,rakhi,RKEX543,1
356,rakhi,RKEX545,1
356,rakhi,RKEX546,1
356,rakhi,RKEX547,1
356,rakhi,RKEX55,1
356,rakhi,RKEX550,1
356,rakhi,RKEX551,1
356,rakhi,RKEX552,1
356,rakhi,RKEX553,1
356,rakhi,RKEX554,1
356,rakhi,RKEX555,1
356,rakhi,RKEX556,1
356,rakhi,RKEX558,1
356,rakhi,RKEX559,1
356,rakhi,RKEX56,1
356,rakhi,RKEX560,1
356,rakhi,RKEX561,1
356,rakhi,RKEX562,1
356,rakhi,RKEX563,1
356,rakhi,RKEX564,1
356,rakhi,RKEX566,1
356,rakhi,RKEX567,1
356,rakhi,RKEX568,1
356,rakhi,RKEX569,1
356,rakhi,RKEX57,1
356,rakhi,RKEX570,1
356,rakhi,RKEX572,1
356,rakhi,RKEX573,1
356,rakhi,RKEX575,1
356,rakhi,RKEX576,1
356,rakhi,RKEX577,1
356,rakhi,RKEX579,1
356,rakhi,RKEX58,1
356,rakhi,RKEX580,1
356,rakhi,RKEX581,1
356,rakhi,RKEX582,1
356,rakhi,RKEX583,1
356,rakhi,RKEX584,1
356,rakhi,RKEX585,1
356,rakhi,RKEX586,1
356,rakhi,RKEX588,1
356,rakhi,RKEX590,1
356,rakhi,RKEX591,1
356,rakhi,RKEX592,1
356,rakhi,RKEX593,1
356,rakhi,RKEX594,1
356,rakhi,RKEX595,1
356,rakhi,RKEX596,1
356,rakhi,RKEX597,1
356,rakhi,RKEX598,1
356,rakhi,RKEX599,1
356,rakhi,RKEX6,1
356,rakhi,RKEX60,1
356,rakhi,RKEX61,1
356,rakhi,RKEX62,1
356,rakhi,RKEX63,1
356,rakhi,RKEX75,1
356,rakhi,RKEX76,1
356,rakhi,RKEX77,1
356,rakhi,RKEX78,1
356,rakhi,RKEX8,1
356,rakhi,RKEX80,1
356,rakhi,RKEX81,1
356,rakhi,RKEX85,1
356,rakhi,RKEX87,1
356,rakhi,RKEX89,1
356,rakhi,RKEX9,1
356,rakhi,RKEX90,1
356,rakhi,RKEX93,1
356,rakhi,RKEX94,1
356,rakhi,RKEX95,1
356,rakhi,RKEX96,1
356,rakhi,RKEX97,1
356,rakhi,RKEX98,1
357,rakhi,RAKHIEXP104,1
357,rakhi,RAKHIEXP116,1
357,rakhi,RAKHIEXP118,1
357,rakhi,RAKHIEXP119,1
357,rakhi,RAKHIEXP120,1
357,rakhi,RAKHIEXP121,1
357,rakhi,RAKHIEXP125,1
357,rakhi,RAKHIEXP130,1
357,rakhi,RAKHIEXP131,1
357,rakhi,RAKHIEXP132,1
357,rakhi,RAKHIEXP133,1
357,rakhi,RAKHIEXP146,1
357,rakhi,RAKHIEXP147,1
357,rakhi,RAKHIEXP148,1
357,rakhi,RKEX10,1
357,rakhi,RKEX100,1
357,rakhi,RKEX101,1
357,rakhi,RKEX102,1
357,rakhi,RKEX103,1
357,rakhi,RKEX106,1
357,rakhi,RKEX107,1
357,rakhi,RKEX108,1
357,rakhi,RKEX109,1
357,rakhi,RKEX110,1
357,rakhi,RKEX111,1
357,rakhi,RKEX112,1
357,rakhi,RKEX113,1
357,rakhi,RKEX114,1
357,rakhi,RKEX115,1
357,rakhi,RKEX116,1
357,rakhi,RKEX117,1
357,rakhi,RKEX118,1
357,rakhi,RKEX119,1
357,rakhi,RKEX120,1
357,rakhi,RKEX122,1
357,rakhi,RKEX123,1
357,rakhi,RKEX124,1
357,rakhi,RKEX125,1
357,rakhi,RKEX126,1
357,rakhi,RKEX127,1
357,rakhi,RKEX129,1
357,rakhi,RKEX131,1
357,rakhi,RKEX132,1
357,rakhi,RKEX133,1
357,rakhi,RKEX135,1
357,rakhi,RKEX136,1
357,rakhi,RKEX137,1
357,rakhi,RKEX138,1
357,rakhi,RKEX139,1
357,rakhi,RKEX140,1
357,rakhi,RKEX141,1
357,rakhi,RKEX143,1
357,rakhi,RKEX144,1
357,rakhi,RKEX145,1
357,rakhi,RKEX146,1
357,rakhi,RKEX147,1
357,rakhi,RKEX148,1
357,rakhi,RKEX19,1
357,rakhi,RKEX22,1
357,rakhi,RKEX23,1
357,rakhi,RKEX25,1
357,rakhi,RKEX26,1
357,rakhi,RKEX27,1
357,rakhi,RKEX28,1
357,rakhi,RKEX29,1
357,rakhi,RKEX3,1
357,rakhi,RKEX30,1
357,rakhi,RKEX31,1
357,rakhi,RKEX32,1
357,rakhi,RKEX36,1
357,rakhi,RKEX37,1
357,rakhi,RKEX38,1
357,rakhi,RKEX4,1
357,rakhi,RKEX401,1
357,rakhi,RKEX402,1
357,rakhi,RKEX403,1
357,rakhi,RKEX404,1
357,rakhi,RKEX405,1
357,rakhi,RKEX406,1
357,rakhi,RKEX407,1
357,rakhi,RKEX408,1
357,rakhi,RKEX409,1
357,rakhi,RKEX41,1
357,rakhi,RKEX410,1
357,rakhi,RKEX411,1
357,rakhi,RKEX412,1
357,rakhi,RKEX413,1
357,rakhi,RKEX414,1
357,rakhi,RKEX415,1
357,rakhi,RKEX416,1
357,rakhi,RKEX417,1
357,rakhi,RKEX418,1
357,rakhi,RKEX419,1
357,rakhi,RKEX420,1
357,rakhi,RKEX421,1
357,rakhi,RKEX422,1
357,rakhi,RKEX423,1
357,rakhi,RKEX424,1
357,rakhi,RKEX425,1
357,rakhi,RKEX426,1
357,rakhi,RKEX428,1
357,rakhi,RKEX43,1
357,rakhi,RKEX430,1
357,rakhi,RKEX431,1
357,rakhi,RKEX432,1
357,rakhi,RKEX433,1
357,rakhi,RKEX434,1
357,rakhi,RKEX435,1
357,rakhi,RKEX436,1
357,rakhi,RKEX437,1
357,rakhi,RKEX438,1
357,rakhi,RKEX439,1
357,rakhi,RKEX440,1
357,rakhi,RKEX441,1
357,rakhi,RKEX442,1
357,rakhi,RKEX443,1
357,rakhi,RKEX444,1
357,rakhi,RKEX445,1
357,rakhi,RKEX45,1
357,rakhi,RKEX451,1
357,rakhi,RKEX452,1
357,rakhi,RKEX453,1
357,rakhi,RKEX454,1
357,rakhi,RKEX456,1
357,rakhi,RKEX457,1
357,rakhi,RKEX459,1
357,rakhi,RKEX46,1
357,rakhi,RKEX460,1
357,rakhi,RKEX461,1
357,rakhi,RKEX462,1
357,rakhi,RKEX463,1
357,rakhi,RKEX464,1
357,rakhi,RKEX465,1
357,rakhi,RKEX466,1
357,rakhi,RKEX467,1
357,rakhi,RKEX468,1
357,rakhi,RKEX469,1
357,rakhi,RKEX470,1
357,rakhi,RKEX471,1
357,rakhi,RKEX472,1
357,rakhi,RKEX473,1
357,rakhi,RKEX474,1
357,rakhi,RKEX475,1
357,rakhi,RKEX476,1
357,rakhi,RKEX477,1
357,rakhi,RKEX478,1
357,rakhi,RKEX479,1
357,rakhi,RKEX48,1
357,rakhi,RKEX480,1
357,rakhi,RKEX481,1
357,rakhi,RKEX482,1
357,rakhi,RKEX483,1
357,rakhi,RKEX484,1
357,rakhi,RKEX485,1
357,rakhi,RKEX486,1
357,rakhi,RKEX487,1
357,rakhi,RKEX488,1
357,rakhi,RKEX489,1
357,rakhi,RKEX49,1
357,rakhi,RKEX490,1
357,rakhi,RKEX491,1
357,rakhi,RKEX492,1
357,rakhi,RKEX5,1
357,rakhi,RKEX50,1
357,rakhi,RKEX509,1
357,rakhi,RKEX51,1
357,rakhi,RKEX510,1
357,rakhi,RKEX511,1
357,rakhi,RKEX512,1
357,rakhi,RKEX513,1
357,rakhi,RKEX514,1
357,rakhi,RKEX515,1
357,rakhi,RKEX516,1
357,rakhi,RKEX517,1
357,rakhi,RKEX518,1
357,rakhi,RKEX519,1
357,rakhi,RKEX52,1
357,rakhi,RKEX520,1
357,rakhi,RKEX521,1
357,rakhi,RKEX522,1
357,rakhi,RKEX523,1
357,rakhi,RKEX524,1
357,rakhi,RKEX525,1
357,rakhi,RKEX526,1
357,rakhi,RKEX527,1
357,rakhi,RKEX528,1
357,rakhi,RKEX529,1
357,rakhi,RKEX53,1
357,rakhi,RKEX530,1
357,rakhi,RKEX531,1
357,rakhi,RKEX536,1
357,rakhi,RKEX537,1
357,rakhi,RKEX539,1
357,rakhi,RKEX542,1
357,rakhi,RKEX543,1
357,rakhi,RKEX545,1
357,rakhi,RKEX546,1
357,rakhi,RKEX547,1
357,rakhi,RKEX55,1
357,rakhi,RKEX550,1
357,rakhi,RKEX551,1
357,rakhi,RKEX552,1
357,rakhi,RKEX553,1
357,rakhi,RKEX554,1
357,rakhi,RKEX555,1
357,rakhi,RKEX556,1
357,rakhi,RKEX558,1
357,rakhi,RKEX559,1
357,rakhi,RKEX56,1
357,rakhi,RKEX560,1
357,rakhi,RKEX561,1
357,rakhi,RKEX562,1
357,rakhi,RKEX563,1
357,rakhi,RKEX564,1
357,rakhi,RKEX566,1
357,rakhi,RKEX567,1
357,rakhi,RKEX568,1
357,rakhi,RKEX569,1
357,rakhi,RKEX57,1
357,rakhi,RKEX570,1
357,rakhi,RKEX572,1
357,rakhi,RKEX573,1
357,rakhi,RKEX575,1
357,rakhi,RKEX576,1
357,rakhi,RKEX577,1
357,rakhi,RKEX579,1
357,rakhi,RKEX58,1
357,rakhi,RKEX580,1
357,rakhi,RKEX581,1
357,rakhi,RKEX582,1
357,rakhi,RKEX583,1
357,rakhi,RKEX584,1
357,rakhi,RKEX585,1
357,rakhi,RKEX586,1
357,rakhi,RKEX588,1
357,rakhi,RKEX590,1
357,rakhi,RKEX591,1
357,rakhi,RKEX592,1
357,rakhi,RKEX593,1
357,rakhi,RKEX594,1
357,rakhi,RKEX595,1
357,rakhi,RKEX596,1
357,rakhi,RKEX597,1
357,rakhi,RKEX598,1
357,rakhi,RKEX599,1
357,rakhi,RKEX6,1
357,rakhi,RKEX60,1
357,rakhi,RKEX61,1
357,rakhi,RKEX62,1
357,rakhi,RKEX63,1
357,rakhi,RKEX75,1
357,rakhi,RKEX76,1
357,rakhi,RKEX77,1
357,rakhi,RKEX78,1
357,rakhi,RKEX8,1
357,rakhi,RKEX80,1
357,rakhi,RKEX81,1
357,rakhi,RKEX85,1
357,rakhi,RKEX87,1
357,rakhi,RKEX89,1
357,rakhi,RKEX9,1
357,rakhi,RKEX90,1
357,rakhi,RKEX93,1
357,rakhi,RKEX94,1
357,rakhi,RKEX95,1
357,rakhi,RKEX96,1
357,rakhi,RKEX97,1
357,rakhi,RKEX98,1
358,rakhi,RAKHIEXP104,1
358,rakhi,RAKHIEXP116,1
358,rakhi,RAKHIEXP118,1
358,rakhi,RAKHIEXP119,1
358,rakhi,RAKHIEXP120,1
358,rakhi,RAKHIEXP121,1
358,rakhi,RAKHIEXP125,1
358,rakhi,RAKHIEXP130,1
358,rakhi,RAKHIEXP131,1
358,rakhi,RAKHIEXP132,1
358,rakhi,RAKHIEXP133,1
358,rakhi,RAKHIEXP146,1
358,rakhi,RAKHIEXP147,1
358,rakhi,RAKHIEXP148,1
358,rakhi,RKEX10,1
358,rakhi,RKEX100,1
358,rakhi,RKEX101,1
358,rakhi,RKEX102,1
358,rakhi,RKEX103,1
358,rakhi,RKEX106,1
358,rakhi,RKEX107,1
358,rakhi,RKEX108,1
358,rakhi,RKEX109,1
358,rakhi,RKEX110,1
358,rakhi,RKEX111,1
358,rakhi,RKEX112,1
358,rakhi,RKEX113,1
358,rakhi,RKEX114,1
358,rakhi,RKEX115,1
358,rakhi,RKEX116,1
358,rakhi,RKEX117,1
358,rakhi,RKEX118,1
358,rakhi,RKEX119,1
358,rakhi,RKEX120,1
358,rakhi,RKEX122,1
358,rakhi,RKEX123,1
358,rakhi,RKEX124,1
358,rakhi,RKEX125,1
358,rakhi,RKEX126,1
358,rakhi,RKEX127,1
358,rakhi,RKEX129,1
358,rakhi,RKEX131,1
358,rakhi,RKEX132,1
358,rakhi,RKEX133,1
358,rakhi,RKEX135,1
358,rakhi,RKEX136,1
358,rakhi,RKEX137,1
358,rakhi,RKEX138,1
358,rakhi,RKEX139,1
358,rakhi,RKEX140,1
358,rakhi,RKEX141,1
358,rakhi,RKEX143,1
358,rakhi,RKEX144,1
358,rakhi,RKEX145,1
358,rakhi,RKEX146,1
358,rakhi,RKEX147,1
358,rakhi,RKEX148,1
358,rakhi,RKEX19,1
358,rakhi,RKEX22,1
358,rakhi,RKEX23,1
358,rakhi,RKEX25,1
358,rakhi,RKEX26,1
358,rakhi,RKEX27,1
358,rakhi,RKEX28,1
358,rakhi,RKEX29,1
358,rakhi,RKEX3,1
358,rakhi,RKEX30,1
358,rakhi,RKEX31,1
358,rakhi,RKEX32,1
358,rakhi,RKEX36,1
358,rakhi,RKEX37,1
358,rakhi,RKEX38,1
358,rakhi,RKEX4,1
358,rakhi,RKEX401,1
358,rakhi,RKEX402,1
358,rakhi,RKEX403,1
358,rakhi,RKEX404,1
358,rakhi,RKEX405,1
358,rakhi,RKEX406,1
358,rakhi,RKEX407,1
358,rakhi,RKEX408,1
358,rakhi,RKEX409,1
358,rakhi,RKEX41,1
358,rakhi,RKEX410,1
358,rakhi,RKEX411,1
358,rakhi,RKEX412,1
358,rakhi,RKEX413,1
358,rakhi,RKEX414,1
358,rakhi,RKEX415,1
358,rakhi,RKEX416,1
358,rakhi,RKEX417,1
358,rakhi,RKEX418,1
358,rakhi,RKEX419,1
358,rakhi,RKEX420,1
358,rakhi,RKEX421,1
358,rakhi,RKEX422,1
358,rakhi,RKEX423,1
358,rakhi,RKEX424,1
358,rakhi,RKEX425,1
358,rakhi,RKEX426,1
358,rakhi,RKEX428,1
358,rakhi,RKEX43,1
358,rakhi,RKEX430,1
358,rakhi,RKEX431,1
358,rakhi,RKEX432,1
358,rakhi,RKEX433,1
358,rakhi,RKEX434,1
358,rakhi,RKEX435,1
358,rakhi,RKEX436,1
358,rakhi,RKEX437,1
358,rakhi,RKEX438,1
358,rakhi,RKEX439,1
358,rakhi,RKEX440,1
358,rakhi,RKEX441,1
358,rakhi,RKEX442,1
358,rakhi,RKEX443,1
358,rakhi,RKEX444,1
358,rakhi,RKEX445,1
358,rakhi,RKEX45,1
358,rakhi,RKEX451,1
358,rakhi,RKEX452,1
358,rakhi,RKEX453,1
358,rakhi,RKEX454,1
358,rakhi,RKEX456,1
358,rakhi,RKEX457,1
358,rakhi,RKEX459,1
358,rakhi,RKEX46,1
358,rakhi,RKEX460,1
358,rakhi,RKEX461,1
358,rakhi,RKEX462,1
358,rakhi,RKEX463,1
358,rakhi,RKEX464,1
358,rakhi,RKEX465,1
358,rakhi,RKEX466,1
358,rakhi,RKEX467,1
358,rakhi,RKEX468,1
358,rakhi,RKEX469,1
358,rakhi,RKEX470,1
358,rakhi,RKEX471,1
358,rakhi,RKEX472,1
358,rakhi,RKEX473,1
358,rakhi,RKEX474,1
358,rakhi,RKEX475,1
358,rakhi,RKEX476,1
358,rakhi,RKEX477,1
358,rakhi,RKEX478,1
358,rakhi,RKEX479,1
358,rakhi,RKEX48,1
358,rakhi,RKEX480,1
358,rakhi,RKEX481,1
358,rakhi,RKEX482,1
358,rakhi,RKEX483,1
358,rakhi,RKEX484,1
358,rakhi,RKEX485,1
358,rakhi,RKEX486,1
358,rakhi,RKEX487,1
358,rakhi,RKEX488,1
358,rakhi,RKEX489,1
358,rakhi,RKEX49,1
358,rakhi,RKEX490,1
358,rakhi,RKEX491,1
358,rakhi,RKEX492,1
358,rakhi,RKEX5,1
358,rakhi,RKEX50,1
358,rakhi,RKEX509,1
358,rakhi,RKEX51,1
358,rakhi,RKEX510,1
358,rakhi,RKEX511,1
358,rakhi,RKEX512,1
358,rakhi,RKEX513,1
358,rakhi,RKEX514,1
358,rakhi,RKEX515,1
358,rakhi,RKEX516,1
358,rakhi,RKEX517,1
358,rakhi,RKEX518,1
358,rakhi,RKEX519,1
358,rakhi,RKEX52,1
358,rakhi,RKEX520,1
358,rakhi,RKEX521,1
358,rakhi,RKEX522,1
358,rakhi,RKEX523,1
358,rakhi,RKEX524,1
358,rakhi,RKEX525,1
358,rakhi,RKEX526,1
358,rakhi,RKEX527,1
358,rakhi,RKEX528,1
358,rakhi,RKEX529,1
358,rakhi,RKEX53,1
358,rakhi,RKEX530,1
358,rakhi,RKEX531,1
358,rakhi,RKEX536,1
358,rakhi,RKEX537,1
358,rakhi,RKEX539,1
358,rakhi,RKEX542,1
358,rakhi,RKEX543,1
358,rakhi,RKEX545,1
358,rakhi,RKEX546,1
358,rakhi,RKEX547,1
358,rakhi,RKEX55,1
358,rakhi,RKEX550,1
358,rakhi,RKEX551,1
358,rakhi,RKEX552,1
358,rakhi,RKEX553,1
358,rakhi,RKEX554,1
358,rakhi,RKEX555,1
358,rakhi,RKEX556,1
358,rakhi,RKEX558,1
358,rakhi,RKEX559,1
358,rakhi,RKEX56,1
358,rakhi,RKEX560,1
358,rakhi,RKEX561,1
358,rakhi,RKEX562,1
358,rakhi,RKEX563,1
358,rakhi,RKEX564,1
358,rakhi,RKEX566,1
358,rakhi,RKEX567,1
358,rakhi,RKEX568,1
358,rakhi,RKEX569,1
358,rakhi,RKEX57,1
358,rakhi,RKEX570,1
358,rakhi,RKEX572,1
358,rakhi,RKEX573,1
358,rakhi,RKEX575,1
358,rakhi,RKEX576,1
358,rakhi,RKEX577,1
358,rakhi,RKEX579,1
358,rakhi,RKEX58,1
358,rakhi,RKEX580,1
358,rakhi,RKEX581,1
358,rakhi,RKEX582,1
358,rakhi,RKEX583,1
358,rakhi,RKEX584,1
358,rakhi,RKEX585,1
358,rakhi,RKEX586,1
358,rakhi,RKEX588,1
358,rakhi,RKEX590,1
358,rakhi,RKEX591,1
358,rakhi,RKEX592,1
358,rakhi,RKEX593,1
358,rakhi,RKEX594,1
358,rakhi,RKEX595,1
358,rakhi,RKEX596,1
358,rakhi,RKEX597,1
358,rakhi,RKEX598,1
358,rakhi,RKEX599,1
358,rakhi,RKEX6,1
358,rakhi,RKEX60,1
358,rakhi,RKEX61,1
358,rakhi,RKEX62,1
358,rakhi,RKEX63,1
358,rakhi,RKEX75,1
358,rakhi,RKEX76,1
358,rakhi,RKEX77,1
358,rakhi,RKEX78,1
358,rakhi,RKEX8,1
358,rakhi,RKEX80,1
358,rakhi,RKEX81,1
358,rakhi,RKEX85,1
358,rakhi,RKEX87,1
358,rakhi,RKEX89,1
358,rakhi,RKEX9,1
358,rakhi,RKEX90,1
358,rakhi,RKEX93,1
358,rakhi,RKEX94,1
358,rakhi,RKEX95,1
358,rakhi,RKEX96,1
358,rakhi,RKEX97,1
358,rakhi,RKEX98,1
364,rakhi,RAKHIEXP104,1
364,rakhi,RAKHIEXP116,1
364,rakhi,RAKHIEXP118,1
364,rakhi,RAKHIEXP119,1
364,rakhi,RAKHIEXP120,1
364,rakhi,RAKHIEXP121,1
364,rakhi,RAKHIEXP125,1
364,rakhi,RAKHIEXP130,1
364,rakhi,RAKHIEXP131,1
364,rakhi,RAKHIEXP132,1
364,rakhi,RAKHIEXP133,1
364,rakhi,RAKHIEXP146,1
364,rakhi,RAKHIEXP147,1
364,rakhi,RAKHIEXP148,1
364,rakhi,RKEX10,1
364,rakhi,RKEX100,1
364,rakhi,RKEX101,1
364,rakhi,RKEX102,1
364,rakhi,RKEX103,1
364,rakhi,RKEX106,1
364,rakhi,RKEX107,1
364,rakhi,RKEX108,1
364,rakhi,RKEX109,1
364,rakhi,RKEX110,1
364,rakhi,RKEX111,1
364,rakhi,RKEX112,1
364,rakhi,RKEX113,1
364,rakhi,RKEX114,1
364,rakhi,RKEX115,1
364,rakhi,RKEX116,1
364,rakhi,RKEX117,1
364,rakhi,RKEX118,1
364,rakhi,RKEX119,1
364,rakhi,RKEX120,1
364,rakhi,RKEX122,1
364,rakhi,RKEX123,1
364,rakhi,RKEX124,1
364,rakhi,RKEX125,1
364,rakhi,RKEX126,1
364,rakhi,RKEX127,1
364,rakhi,RKEX129,1
364,rakhi,RKEX131,1
364,rakhi,RKEX132,1
364,rakhi,RKEX133,1
364,rakhi,RKEX135,1
364,rakhi,RKEX136,1
364,rakhi,RKEX137,1
364,rakhi,RKEX138,1
364,rakhi,RKEX139,1
364,rakhi,RKEX140,1
364,rakhi,RKEX141,1
364,rakhi,RKEX143,1
364,rakhi,RKEX144,1
364,rakhi,RKEX145,1
364,rakhi,RKEX146,1
364,rakhi,RKEX147,1
364,rakhi,RKEX148,1
364,rakhi,RKEX19,1
364,rakhi,RKEX22,1
364,rakhi,RKEX23,1
364,rakhi,RKEX25,1
364,rakhi,RKEX26,1
364,rakhi,RKEX27,1
364,rakhi,RKEX28,1
364,rakhi,RKEX29,1
364,rakhi,RKEX3,1
364,rakhi,RKEX30,1
364,rakhi,RKEX31,1
364,rakhi,RKEX32,1
364,rakhi,RKEX36,1
364,rakhi,RKEX37,1
364,rakhi,RKEX38,1
364,rakhi,RKEX4,1
364,rakhi,RKEX401,1
364,rakhi,RKEX402,1
364,rakhi,RKEX403,1
364,rakhi,RKEX404,1
364,rakhi,RKEX405,1
364,rakhi,RKEX406,1
364,rakhi,RKEX407,1
364,rakhi,RKEX408,1
364,rakhi,RKEX409,1
364,rakhi,RKEX41,1
364,rakhi,RKEX410,1
364,rakhi,RKEX411,1
364,rakhi,RKEX412,1
364,rakhi,RKEX413,1
364,rakhi,RKEX414,1
364,rakhi,RKEX415,1
364,rakhi,RKEX416,1
364,rakhi,RKEX417,1
364,rakhi,RKEX418,1
364,rakhi,RKEX419,1
364,rakhi,RKEX420,1
364,rakhi,RKEX421,1
364,rakhi,RKEX422,1
364,rakhi,RKEX423,1
364,rakhi,RKEX424,1
364,rakhi,RKEX425,1
364,rakhi,RKEX426,1
364,rakhi,RKEX428,1
364,rakhi,RKEX43,1
364,rakhi,RKEX430,1
364,rakhi,RKEX431,1
364,rakhi,RKEX432,1
364,rakhi,RKEX433,1
364,rakhi,RKEX434,1
364,rakhi,RKEX435,1
364,rakhi,RKEX436,1
364,rakhi,RKEX437,1
364,rakhi,RKEX438,1
364,rakhi,RKEX439,1
364,rakhi,RKEX440,1
364,rakhi,RKEX441,1
364,rakhi,RKEX442,1
364,rakhi,RKEX443,1
364,rakhi,RKEX444,1
364,rakhi,RKEX445,1
364,rakhi,RKEX45,1
364,rakhi,RKEX451,1
364,rakhi,RKEX452,1
364,rakhi,RKEX453,1
364,rakhi,RKEX454,1
364,rakhi,RKEX456,1
364,rakhi,RKEX457,1
364,rakhi,RKEX459,1
364,rakhi,RKEX46,1
364,rakhi,RKEX460,1
364,rakhi,RKEX461,1
364,rakhi,RKEX462,1
364,rakhi,RKEX463,1
364,rakhi,RKEX464,1
364,rakhi,RKEX465,1
364,rakhi,RKEX466,1
364,rakhi,RKEX467,1
364,rakhi,RKEX468,1
364,rakhi,RKEX469,1
364,rakhi,RKEX470,1
364,rakhi,RKEX471,1
364,rakhi,RKEX472,1
364,rakhi,RKEX473,1
364,rakhi,RKEX474,1
364,rakhi,RKEX475,1
364,rakhi,RKEX476,1
364,rakhi,RKEX477,1
364,rakhi,RKEX478,1
364,rakhi,RKEX479,1
364,rakhi,RKEX48,1
364,rakhi,RKEX480,1
364,rakhi,RKEX481,1
364,rakhi,RKEX482,1
364,rakhi,RKEX483,1
364,rakhi,RKEX484,1
364,rakhi,RKEX485,1
364,rakhi,RKEX486,1
364,rakhi,RKEX487,1
364,rakhi,RKEX488,1
364,rakhi,RKEX489,1
364,rakhi,RKEX49,1
364,rakhi,RKEX490,1
364,rakhi,RKEX491,1
364,rakhi,RKEX492,1
364,rakhi,RKEX5,1
364,rakhi,RKEX50,1
364,rakhi,RKEX509,1
364,rakhi,RKEX51,1
364,rakhi,RKEX510,1
364,rakhi,RKEX511,1
364,rakhi,RKEX512,1
364,rakhi,RKEX513,1
364,rakhi,RKEX514,1
364,rakhi,RKEX515,1
364,rakhi,RKEX516,1
364,rakhi,RKEX517,1
364,rakhi,RKEX518,1
364,rakhi,RKEX519,1
364,rakhi,RKEX52,1
364,rakhi,RKEX520,1
364,rakhi,RKEX521,1
364,rakhi,RKEX522,1
364,rakhi,RKEX523,1
364,rakhi,RKEX524,1
364,rakhi,RKEX525,1
364,rakhi,RKEX526,1
364,rakhi,RKEX527,1
364,rakhi,RKEX528,1
364,rakhi,RKEX529,1
364,rakhi,RKEX53,1
364,rakhi,RKEX530,1
364,rakhi,RKEX531,1
364,rakhi,RKEX536,1
364,rakhi,RKEX537,1
364,rakhi,RKEX539,1
364,rakhi,RKEX542,1
364,rakhi,RKEX543,1
364,rakhi,RKEX545,1
364,rakhi,RKEX546,1
364,rakhi,RKEX547,1
364,rakhi,RKEX55,1
364,rakhi,RKEX550,1
364,rakhi,RKEX551,1
364,rakhi,RKEX552,1
364,rakhi,RKEX553,1
364,rakhi,RKEX554,1
364,rakhi,RKEX555,1
364,rakhi,RKEX556,1
364,rakhi,RKEX558,1
364,rakhi,RKEX559,1
364,rakhi,RKEX56,1
364,rakhi,RKEX560,1
364,rakhi,RKEX561,1
364,rakhi,RKEX562,1
364,rakhi,RKEX563,1
364,rakhi,RKEX564,1
364,rakhi,RKEX566,1
364,rakhi,RKEX567,1
364,rakhi,RKEX568,1
364,rakhi,RKEX569,1
364,rakhi,RKEX57,1
364,rakhi,RKEX570,1
364,rakhi,RKEX572,1
364,rakhi,RKEX573,1
364,rakhi,RKEX575,1
364,rakhi,RKEX576,1
364,rakhi,RKEX577,1
364,rakhi,RKEX579,1
364,rakhi,RKEX58,1
364,rakhi,RKEX580,1
364,rakhi,RKEX581,1
364,rakhi,RKEX582,1
364,rakhi,RKEX583,1
364,rakhi,RKEX584,1
364,rakhi,RKEX585,1
364,rakhi,RKEX586,1
364,rakhi,RKEX588,1
364,rakhi,RKEX590,1
364,rakhi,RKEX591,1
364,rakhi,RKEX592,1
364,rakhi,RKEX593,1
364,rakhi,RKEX594,1
364,rakhi,RKEX595,1
364,rakhi,RKEX596,1
364,rakhi,RKEX597,1
364,rakhi,RKEX598,1
364,rakhi,RKEX599,1
364,rakhi,RKEX6,1
364,rakhi,RKEX60,1
364,rakhi,RKEX61,1
364,rakhi,RKEX62,1
364,rakhi,RKEX63,1
364,rakhi,RKEX75,1
364,rakhi,RKEX76,1
364,rakhi,RKEX77,1
364,rakhi,RKEX78,1
364,rakhi,RKEX8,1
364,rakhi,RKEX80,1
364,rakhi,RKEX81,1
364,rakhi,RKEX85,1
364,rakhi,RKEX87,1
364,rakhi,RKEX89,1
364,rakhi,RKEX9,1
364,rakhi,RKEX90,1
364,rakhi,RKEX93,1
364,rakhi,RKEX94,1
364,rakhi,RKEX95,1
364,rakhi,RKEX96,1
364,rakhi,RKEX97,1
364,rakhi,RKEX98,1
365,rakhi,RAKHIEXP104,1
365,rakhi,RAKHIEXP116,1
365,rakhi,RAKHIEXP118,1
365,rakhi,RAKHIEXP119,1
365,rakhi,RAKHIEXP120,1
365,rakhi,RAKHIEXP121,1
365,rakhi,RAKHIEXP125,1
365,rakhi,RAKHIEXP130,1
365,rakhi,RAKHIEXP131,1
365,rakhi,RAKHIEXP132,1
365,rakhi,RAKHIEXP133,1
365,rakhi,RAKHIEXP146,1
365,rakhi,RAKHIEXP147,1
365,rakhi,RAKHIEXP148,1
365,rakhi,RKEX10,1
365,rakhi,RKEX100,1
365,rakhi,RKEX101,1
365,rakhi,RKEX102,1
365,rakhi,RKEX103,1
365,rakhi,RKEX106,1
365,rakhi,RKEX107,1
365,rakhi,RKEX108,1
365,rakhi,RKEX109,1
365,rakhi,RKEX110,1
365,rakhi,RKEX111,1
365,rakhi,RKEX112,1
365,rakhi,RKEX113,1
365,rakhi,RKEX114,1
365,rakhi,RKEX115,1
365,rakhi,RKEX116,1
365,rakhi,RKEX117,1
365,rakhi,RKEX118,1
365,rakhi,RKEX119,1
365,rakhi,RKEX120,1
365,rakhi,RKEX122,1
365,rakhi,RKEX123,1
365,rakhi,RKEX124,1
365,rakhi,RKEX125,1
365,rakhi,RKEX126,1
365,rakhi,RKEX127,1
365,rakhi,RKEX129,1
365,rakhi,RKEX131,1
365,rakhi,RKEX132,1
365,rakhi,RKEX133,1
365,rakhi,RKEX135,1
365,rakhi,RKEX136,1
365,rakhi,RKEX137,1
365,rakhi,RKEX138,1
365,rakhi,RKEX139,1
365,rakhi,RKEX140,1
365,rakhi,RKEX141,1
365,rakhi,RKEX143,1
365,rakhi,RKEX144,1
365,rakhi,RKEX145,1
365,rakhi,RKEX146,1
365,rakhi,RKEX147,1
365,rakhi,RKEX148,1
365,rakhi,RKEX19,1
365,rakhi,RKEX22,1
365,rakhi,RKEX23,1
365,rakhi,RKEX25,1
365,rakhi,RKEX26,1
365,rakhi,RKEX27,1
365,rakhi,RKEX28,1
365,rakhi,RKEX29,1
365,rakhi,RKEX3,1
365,rakhi,RKEX30,1
365,rakhi,RKEX31,1
365,rakhi,RKEX32,1
365,rakhi,RKEX36,1
365,rakhi,RKEX37,1
365,rakhi,RKEX38,1
365,rakhi,RKEX4,1
365,rakhi,RKEX401,1
365,rakhi,RKEX402,1
365,rakhi,RKEX403,1
365,rakhi,RKEX404,1
365,rakhi,RKEX405,1
365,rakhi,RKEX406,1
365,rakhi,RKEX407,1
365,rakhi,RKEX408,1
365,rakhi,RKEX409,1
365,rakhi,RKEX41,1
365,rakhi,RKEX410,1
365,rakhi,RKEX411,1
365,rakhi,RKEX412,1
365,rakhi,RKEX413,1
365,rakhi,RKEX414,1
365,rakhi,RKEX415,1
365,rakhi,RKEX416,1
365,rakhi,RKEX417,1
365,rakhi,RKEX418,1
365,rakhi,RKEX419,1
365,rakhi,RKEX420,1
365,rakhi,RKEX421,1
365,rakhi,RKEX422,1
365,rakhi,RKEX423,1
365,rakhi,RKEX424,1
365,rakhi,RKEX425,1
365,rakhi,RKEX426,1
365,rakhi,RKEX428,1
365,rakhi,RKEX43,1
365,rakhi,RKEX430,1
365,rakhi,RKEX431,1
365,rakhi,RKEX432,1
365,rakhi,RKEX433,1
365,rakhi,RKEX434,1
365,rakhi,RKEX435,1
365,rakhi,RKEX436,1
365,rakhi,RKEX437,1
365,rakhi,RKEX438,1
365,rakhi,RKEX439,1
365,rakhi,RKEX440,1
365,rakhi,RKEX441,1
365,rakhi,RKEX442,1
365,rakhi,RKEX443,1
365,rakhi,RKEX444,1
365,rakhi,RKEX445,1
365,rakhi,RKEX45,1
365,rakhi,RKEX451,1
365,rakhi,RKEX452,1
365,rakhi,RKEX453,1
365,rakhi,RKEX454,1
365,rakhi,RKEX456,1
365,rakhi,RKEX457,1
365,rakhi,RKEX459,1
365,rakhi,RKEX46,1
365,rakhi,RKEX460,1
365,rakhi,RKEX461,1
365,rakhi,RKEX462,1
365,rakhi,RKEX463,1
365,rakhi,RKEX464,1
365,rakhi,RKEX465,1
365,rakhi,RKEX466,1
365,rakhi,RKEX467,1
365,rakhi,RKEX468,1
365,rakhi,RKEX469,1
365,rakhi,RKEX470,1
365,rakhi,RKEX471,1
365,rakhi,RKEX472,1
365,rakhi,RKEX473,1
365,rakhi,RKEX474,1
365,rakhi,RKEX475,1
365,rakhi,RKEX476,1
365,rakhi,RKEX477,1
365,rakhi,RKEX478,1
365,rakhi,RKEX479,1
365,rakhi,RKEX48,1
365,rakhi,RKEX480,1
365,rakhi,RKEX481,1
365,rakhi,RKEX482,1
365,rakhi,RKEX483,1
365,rakhi,RKEX484,1
365,rakhi,RKEX485,1
365,rakhi,RKEX486,1
365,rakhi,RKEX487,1
365,rakhi,RKEX488,1
365,rakhi,RKEX489,1
365,rakhi,RKEX49,1
365,rakhi,RKEX490,1
365,rakhi,RKEX491,1
365,rakhi,RKEX492,1
365,rakhi,RKEX5,1
365,rakhi,RKEX50,1
365,rakhi,RKEX509,1
365,rakhi,RKEX51,1
365,rakhi,RKEX510,1
365,rakhi,RKEX511,1
365,rakhi,RKEX512,1
365,rakhi,RKEX513,1
365,rakhi,RKEX514,1
365,rakhi,RKEX515,1
365,rakhi,RKEX516,1
365,rakhi,RKEX517,1
365,rakhi,RKEX518,1
365,rakhi,RKEX519,1
365,rakhi,RKEX52,1
365,rakhi,RKEX520,1
365,rakhi,RKEX521,1
365,rakhi,RKEX522,1
365,rakhi,RKEX523,1
365,rakhi,RKEX524,1
365,rakhi,RKEX525,1
365,rakhi,RKEX526,1
365,rakhi,RKEX527,1
365,rakhi,RKEX528,1
365,rakhi,RKEX529,1
365,rakhi,RKEX53,1
365,rakhi,RKEX530,1
365,rakhi,RKEX531,1
365,rakhi,RKEX536,1
365,rakhi,RKEX537,1
365,rakhi,RKEX539,1
365,rakhi,RKEX542,1
365,rakhi,RKEX543,1
365,rakhi,RKEX545,1
365,rakhi,RKEX546,1
365,rakhi,RKEX547,1
365,rakhi,RKEX55,1
365,rakhi,RKEX550,1
365,rakhi,RKEX551,1
365,rakhi,RKEX552,1
365,rakhi,RKEX553,1
365,rakhi,RKEX554,1
365,rakhi,RKEX555,1
365,rakhi,RKEX556,1
365,rakhi,RKEX558,1
365,rakhi,RKEX559,1
365,rakhi,RKEX56,1
365,rakhi,RKEX560,1
365,rakhi,RKEX561,1
365,rakhi,RKEX562,1
365,rakhi,RKEX563,1
365,rakhi,RKEX564,1
365,rakhi,RKEX566,1
365,rakhi,RKEX567,1
365,rakhi,RKEX568,1
365,rakhi,RKEX569,1
365,rakhi,RKEX57,1
365,rakhi,RKEX570,1
365,rakhi,RKEX572,1
365,rakhi,RKEX573,1
365,rakhi,RKEX575,1
365,rakhi,RKEX576,1
365,rakhi,RKEX577,1
365,rakhi,RKEX579,1
365,rakhi,RKEX58,1
365,rakhi,RKEX580,1
365,rakhi,RKEX581,1
365,rakhi,RKEX582,1
365,rakhi,RKEX583,1
365,rakhi,RKEX584,1
365,rakhi,RKEX585,1
365,rakhi,RKEX586,1
365,rakhi,RKEX588,1
365,rakhi,RKEX590,1
365,rakhi,RKEX591,1
365,rakhi,RKEX592,1
365,rakhi,RKEX593,1
365,rakhi,RKEX594,1
365,rakhi,RKEX595,1
365,rakhi,RKEX596,1
365,rakhi,RKEX597,1
365,rakhi,RKEX598,1
365,rakhi,RKEX599,1
365,rakhi,RKEX6,1
365,rakhi,RKEX60,1
365,rakhi,RKEX61,1
365,rakhi,RKEX62,1
365,rakhi,RKEX63,1
365,rakhi,RKEX75,1
365,rakhi,RKEX76,1
365,rakhi,RKEX77,1
365,rakhi,RKEX78,1
365,rakhi,RKEX8,1
365,rakhi,RKEX80,1
365,rakhi,RKEX81,1
365,rakhi,RKEX85,1
365,rakhi,RKEX87,1
365,rakhi,RKEX89,1
365,rakhi,RKEX9,1
365,rakhi,RKEX90,1
365,rakhi,RKEX93,1
365,rakhi,RKEX94,1
365,rakhi,RKEX95,1
365,rakhi,RKEX96,1
365,rakhi,RKEX97,1
365,rakhi,RKEX98,1
366,rakhi,RAKHIEXP104,1
366,rakhi,RAKHIEXP116,1
366,rakhi,RAKHIEXP118,1
366,rakhi,RAKHIEXP119,1
366,rakhi,RAKHIEXP120,1
366,rakhi,RAKHIEXP121,1
366,rakhi,RAKHIEXP125,1
366,rakhi,RAKHIEXP130,1
366,rakhi,RAKHIEXP131,1
366,rakhi,RAKHIEXP132,1
366,rakhi,RAKHIEXP133,1
366,rakhi,RAKHIEXP146,1
366,rakhi,RAKHIEXP147,1
366,rakhi,RAKHIEXP148,1
366,rakhi,RKEX10,1
366,rakhi,RKEX100,1
366,rakhi,RKEX101,1
366,rakhi,RKEX102,1
366,rakhi,RKEX103,1
366,rakhi,RKEX106,1
366,rakhi,RKEX107,1
366,rakhi,RKEX108,1
366,rakhi,RKEX109,1
366,rakhi,RKEX110,1
366,rakhi,RKEX111,1
366,rakhi,RKEX112,1
366,rakhi,RKEX113,1
366,rakhi,RKEX114,1
366,rakhi,RKEX115,1
366,rakhi,RKEX116,1
366,rakhi,RKEX117,1
366,rakhi,RKEX118,1
366,rakhi,RKEX119,1
366,rakhi,RKEX120,1
366,rakhi,RKEX122,1
366,rakhi,RKEX123,1
366,rakhi,RKEX124,1
366,rakhi,RKEX125,1
366,rakhi,RKEX126,1
366,rakhi,RKEX127,1
366,rakhi,RKEX129,1
366,rakhi,RKEX131,1
366,rakhi,RKEX132,1
366,rakhi,RKEX133,1
366,rakhi,RKEX135,1
366,rakhi,RKEX136,1
366,rakhi,RKEX137,1
366,rakhi,RKEX138,1
366,rakhi,RKEX139,1
366,rakhi,RKEX140,1
366,rakhi,RKEX141,1
366,rakhi,RKEX143,1
366,rakhi,RKEX144,1
366,rakhi,RKEX145,1
366,rakhi,RKEX146,1
366,rakhi,RKEX147,1
366,rakhi,RKEX148,1
366,rakhi,RKEX19,1
366,rakhi,RKEX22,1
366,rakhi,RKEX23,1
366,rakhi,RKEX25,1
366,rakhi,RKEX26,1
366,rakhi,RKEX27,1
366,rakhi,RKEX28,1
366,rakhi,RKEX29,1
366,rakhi,RKEX3,1
366,rakhi,RKEX30,1
366,rakhi,RKEX31,1
366,rakhi,RKEX32,1
366,rakhi,RKEX36,1
366,rakhi,RKEX37,1
366,rakhi,RKEX38,1
366,rakhi,RKEX4,1
366,rakhi,RKEX401,1
366,rakhi,RKEX402,1
366,rakhi,RKEX403,1
366,rakhi,RKEX404,1
366,rakhi,RKEX405,1
366,rakhi,RKEX406,1
366,rakhi,RKEX407,1
366,rakhi,RKEX408,1
366,rakhi,RKEX409,1
366,rakhi,RKEX41,1
366,rakhi,RKEX410,1
366,rakhi,RKEX411,1
366,rakhi,RKEX412,1
366,rakhi,RKEX413,1
366,rakhi,RKEX414,1
366,rakhi,RKEX415,1
366,rakhi,RKEX416,1
366,rakhi,RKEX417,1
366,rakhi,RKEX418,1
366,rakhi,RKEX419,1
366,rakhi,RKEX420,1
366,rakhi,RKEX421,1
366,rakhi,RKEX422,1
366,rakhi,RKEX423,1
366,rakhi,RKEX424,1
366,rakhi,RKEX425,1
366,rakhi,RKEX426,1
366,rakhi,RKEX428,1
366,rakhi,RKEX43,1
366,rakhi,RKEX430,1
366,rakhi,RKEX431,1
366,rakhi,RKEX432,1
366,rakhi,RKEX433,1
366,rakhi,RKEX434,1
366,rakhi,RKEX435,1
366,rakhi,RKEX436,1
366,rakhi,RKEX437,1
366,rakhi,RKEX438,1
366,rakhi,RKEX439,1
366,rakhi,RKEX440,1
366,rakhi,RKEX441,1
366,rakhi,RKEX442,1
366,rakhi,RKEX443,1
366,rakhi,RKEX444,1
366,rakhi,RKEX445,1
366,rakhi,RKEX45,1
366,rakhi,RKEX451,1
366,rakhi,RKEX452,1
366,rakhi,RKEX453,1
366,rakhi,RKEX454,1
366,rakhi,RKEX456,1
366,rakhi,RKEX457,1
366,rakhi,RKEX459,1
366,rakhi,RKEX46,1
366,rakhi,RKEX460,1
366,rakhi,RKEX461,1
366,rakhi,RKEX462,1
366,rakhi,RKEX463,1
366,rakhi,RKEX464,1
366,rakhi,RKEX465,1
366,rakhi,RKEX466,1
366,rakhi,RKEX467,1
366,rakhi,RKEX468,1
366,rakhi,RKEX469,1
366,rakhi,RKEX470,1
366,rakhi,RKEX471,1
366,rakhi,RKEX472,1
366,rakhi,RKEX473,1
366,rakhi,RKEX474,1
366,rakhi,RKEX475,1
366,rakhi,RKEX476,1
366,rakhi,RKEX477,1
366,rakhi,RKEX478,1
366,rakhi,RKEX479,1
366,rakhi,RKEX48,1
366,rakhi,RKEX480,1
366,rakhi,RKEX481,1
366,rakhi,RKEX482,1
366,rakhi,RKEX483,1
366,rakhi,RKEX484,1
366,rakhi,RKEX485,1
366,rakhi,RKEX486,1
366,rakhi,RKEX487,1
366,rakhi,RKEX488,1
366,rakhi,RKEX489,1
366,rakhi,RKEX49,1
366,rakhi,RKEX490,1
366,rakhi,RKEX491,1
366,rakhi,RKEX492,1
366,rakhi,RKEX5,1
366,rakhi,RKEX50,1
366,rakhi,RKEX509,1
366,rakhi,RKEX51,1
366,rakhi,RKEX510,1
366,rakhi,RKEX511,1
366,rakhi,RKEX512,1
366,rakhi,RKEX513,1
366,rakhi,RKEX514,1
366,rakhi,RKEX515,1
366,rakhi,RKEX516,1
366,rakhi,RKEX517,1
366,rakhi,RKEX518,1
366,rakhi,RKEX519,1
366,rakhi,RKEX52,1
366,rakhi,RKEX520,1
366,rakhi,RKEX521,1
366,rakhi,RKEX522,1
366,rakhi,RKEX523,1
366,rakhi,RKEX524,1
366,rakhi,RKEX525,1
366,rakhi,RKEX526,1
366,rakhi,RKEX527,1
366,rakhi,RKEX528,1
366,rakhi,RKEX529,1
366,rakhi,RKEX53,1
366,rakhi,RKEX530,1
366,rakhi,RKEX531,1
366,rakhi,RKEX536,1
366,rakhi,RKEX537,1
366,rakhi,RKEX539,1
366,rakhi,RKEX542,1
366,rakhi,RKEX543,1
366,rakhi,RKEX545,1
366,rakhi,RKEX546,1
366,rakhi,RKEX547,1
366,rakhi,RKEX55,1
366,rakhi,RKEX550,1
366,rakhi,RKEX551,1
366,rakhi,RKEX552,1
366,rakhi,RKEX553,1
366,rakhi,RKEX554,1
366,rakhi,RKEX555,1
366,rakhi,RKEX556,1
366,rakhi,RKEX558,1
366,rakhi,RKEX559,1
366,rakhi,RKEX56,1
366,rakhi,RKEX560,1
366,rakhi,RKEX561,1
366,rakhi,RKEX562,1
366,rakhi,RKEX563,1
366,rakhi,RKEX564,1
366,rakhi,RKEX566,1
366,rakhi,RKEX567,1
366,rakhi,RKEX568,1
366,rakhi,RKEX569,1
366,rakhi,RKEX57,1
366,rakhi,RKEX570,1
366,rakhi,RKEX572,1
366,rakhi,RKEX573,1
366,rakhi,RKEX575,1
366,rakhi,RKEX576,1
366,rakhi,RKEX577,1
366,rakhi,RKEX579,1
366,rakhi,RKEX58,1
366,rakhi,RKEX580,1
366,rakhi,RKEX581,1
366,rakhi,RKEX582,1
366,rakhi,RKEX583,1
366,rakhi,RKEX584,1
366,rakhi,RKEX585,1
366,rakhi,RKEX586,1
366,rakhi,RKEX588,1
366,rakhi,RKEX590,1
366,rakhi,RKEX591,1
366,rakhi,RKEX592,1
366,rakhi,RKEX593,1
366,rakhi,RKEX594,1
366,rakhi,RKEX595,1
366,rakhi,RKEX596,1
366,rakhi,RKEX597,1
366,rakhi,RKEX598,1
366,rakhi,RKEX599,1
366,rakhi,RKEX6,1
366,rakhi,RKEX60,1
366,rakhi,RKEX61,1
366,rakhi,RKEX62,1
366,rakhi,RKEX63,1
366,rakhi,RKEX75,1
366,rakhi,RKEX76,1
366,rakhi,RKEX77,1
366,rakhi,RKEX78,1
366,rakhi,RKEX8,1
366,rakhi,RKEX80,1
366,rakhi,RKEX81,1
366,rakhi,RKEX85,1
366,rakhi,RKEX87,1
366,rakhi,RKEX89,1
366,rakhi,RKEX9,1
366,rakhi,RKEX90,1
366,rakhi,RKEX93,1
366,rakhi,RKEX94,1
366,rakhi,RKEX95,1
366,rakhi,RKEX96,1
366,rakhi,RKEX97,1
366,rakhi,RKEX98,1
455,rakhi,RAKHIEXP104,1
455,rakhi,RAKHIEXP116,1
455,rakhi,RAKHIEXP118,1
455,rakhi,RAKHIEXP119,1
455,rakhi,RAKHIEXP120,1
455,rakhi,RAKHIEXP121,1
455,rakhi,RAKHIEXP125,1
455,rakhi,RAKHIEXP130,1
455,rakhi,RAKHIEXP131,1
455,rakhi,RAKHIEXP132,1
455,rakhi,RAKHIEXP133,1
455,rakhi,RAKHIEXP146,1
455,rakhi,RAKHIEXP147,1
455,rakhi,RAKHIEXP148,1
455,rakhi,RKEX10,1
455,rakhi,RKEX100,1
455,rakhi,RKEX101,1
455,rakhi,RKEX102,1
455,rakhi,RKEX103,1
455,rakhi,RKEX106,1
455,rakhi,RKEX107,1
455,rakhi,RKEX108,1
455,rakhi,RKEX109,1
455,rakhi,RKEX110,1
455,rakhi,RKEX111,1
455,rakhi,RKEX112,1
455,rakhi,RKEX113,1
455,rakhi,RKEX114,1
455,rakhi,RKEX115,1
455,rakhi,RKEX116,1
455,rakhi,RKEX117,1
455,rakhi,RKEX118,1
455,rakhi,RKEX119,1
455,rakhi,RKEX120,1
455,rakhi,RKEX122,1
455,rakhi,RKEX123,1
455,rakhi,RKEX124,1
455,rakhi,RKEX125,1
455,rakhi,RKEX126,1
455,rakhi,RKEX127,1
455,rakhi,RKEX129,1
455,rakhi,RKEX131,1
455,rakhi,RKEX132,1
455,rakhi,RKEX133,1
455,rakhi,RKEX135,1
455,rakhi,RKEX136,1
455,rakhi,RKEX137,1
455,rakhi,RKEX138,1
455,rakhi,RKEX139,1
455,rakhi,RKEX140,1
455,rakhi,RKEX141,1
455,rakhi,RKEX143,1
455,rakhi,RKEX144,1
455,rakhi,RKEX145,1
455,rakhi,RKEX146,1
455,rakhi,RKEX147,1
455,rakhi,RKEX148,1
455,rakhi,RKEX19,1
455,rakhi,RKEX22,1
455,rakhi,RKEX23,1
455,rakhi,RKEX25,1
455,rakhi,RKEX26,1
455,rakhi,RKEX27,1
455,rakhi,RKEX28,1
455,rakhi,RKEX29,1
455,rakhi,RKEX3,1
455,rakhi,RKEX30,1
455,rakhi,RKEX31,1
455,rakhi,RKEX32,1
455,rakhi,RKEX36,1
455,rakhi,RKEX37,1
455,rakhi,RKEX38,1
455,rakhi,RKEX4,1
455,rakhi,RKEX401,1
455,rakhi,RKEX402,1
455,rakhi,RKEX403,1
455,rakhi,RKEX404,1
455,rakhi,RKEX405,1
455,rakhi,RKEX406,1
455,rakhi,RKEX407,1
455,rakhi,RKEX408,1
455,rakhi,RKEX409,1
455,rakhi,RKEX41,1
455,rakhi,RKEX410,1
455,rakhi,RKEX411,1
455,rakhi,RKEX412,1
455,rakhi,RKEX413,1
455,rakhi,RKEX414,1
455,rakhi,RKEX415,1
455,rakhi,RKEX416,1
455,rakhi,RKEX417,1
455,rakhi,RKEX418,1
455,rakhi,RKEX419,1
455,rakhi,RKEX420,1
455,rakhi,RKEX421,1
455,rakhi,RKEX422,1
455,rakhi,RKEX423,1
455,rakhi,RKEX424,1
455,rakhi,RKEX425,1
455,rakhi,RKEX426,1
455,rakhi,RKEX428,1
455,rakhi,RKEX43,1
455,rakhi,RKEX430,1
455,rakhi,RKEX431,1
455,rakhi,RKEX432,1
455,rakhi,RKEX433,1
455,rakhi,RKEX434,1
455,rakhi,RKEX435,1
455,rakhi,RKEX436,1
455,rakhi,RKEX437,1
455,rakhi,RKEX438,1
455,rakhi,RKEX439,1
455,rakhi,RKEX440,1
455,rakhi,RKEX441,1
455,rakhi,RKEX442,1
455,rakhi,RKEX443,1
455,rakhi,RKEX444,1
455,rakhi,RKEX445,1
455,rakhi,RKEX45,1
455,rakhi,RKEX451,1
455,rakhi,RKEX452,1
455,rakhi,RKEX453,1
455,rakhi,RKEX454,1
455,rakhi,RKEX456,1
455,rakhi,RKEX457,1
455,rakhi,RKEX459,1
455,rakhi,RKEX46,1
455,rakhi,RKEX460,1
455,rakhi,RKEX461,1
455,rakhi,RKEX462,1
455,rakhi,RKEX463,1
455,rakhi,RKEX464,1
455,rakhi,RKEX465,1
455,rakhi,RKEX466,1
455,rakhi,RKEX467,1
455,rakhi,RKEX468,1
455,rakhi,RKEX469,1
455,rakhi,RKEX470,1
455,rakhi,RKEX471,1
455,rakhi,RKEX472,1
455,rakhi,RKEX473,1
455,rakhi,RKEX474,1
455,rakhi,RKEX475,1
455,rakhi,RKEX476,1
455,rakhi,RKEX477,1
455,rakhi,RKEX478,1
455,rakhi,RKEX479,1
455,rakhi,RKEX48,1
455,rakhi,RKEX480,1
455,rakhi,RKEX481,1
455,rakhi,RKEX482,1
455,rakhi,RKEX483,1
455,rakhi,RKEX484,1
455,rakhi,RKEX485,1
455,rakhi,RKEX486,1
455,rakhi,RKEX487,1
455,rakhi,RKEX488,1
455,rakhi,RKEX489,1
455,rakhi,RKEX49,1
455,rakhi,RKEX490,1
455,rakhi,RKEX491,1
455,rakhi,RKEX492,1
455,rakhi,RKEX5,1
455,rakhi,RKEX50,1
455,rakhi,RKEX509,1
455,rakhi,RKEX51,1
455,rakhi,RKEX510,1
455,rakhi,RKEX511,1
455,rakhi,RKEX512,1
455,rakhi,RKEX513,1
455,rakhi,RKEX514,1
455,rakhi,RKEX515,1
455,rakhi,RKEX516,1
455,rakhi,RKEX517,1
455,rakhi,RKEX518,1
455,rakhi,RKEX519,1
455,rakhi,RKEX52,1
455,rakhi,RKEX520,1
455,rakhi,RKEX521,1
455,rakhi,RKEX522,1
455,rakhi,RKEX523,1
455,rakhi,RKEX524,1
455,rakhi,RKEX525,1
455,rakhi,RKEX526,1
455,rakhi,RKEX527,1
455,rakhi,RKEX528,1
455,rakhi,RKEX529,1
455,rakhi,RKEX53,1
455,rakhi,RKEX530,1
455,rakhi,RKEX531,1
455,rakhi,RKEX536,1
455,rakhi,RKEX537,1
455,rakhi,RKEX539,1
455,rakhi,RKEX542,1
455,rakhi,RKEX543,1
455,rakhi,RKEX545,1
455,rakhi,RKEX546,1
455,rakhi,RKEX547,1
455,rakhi,RKEX55,1
455,rakhi,RKEX550,1
455,rakhi,RKEX551,1
455,rakhi,RKEX552,1
455,rakhi,RKEX553,1
455,rakhi,RKEX554,1
455,rakhi,RKEX555,1
455,rakhi,RKEX556,1
455,rakhi,RKEX558,1
455,rakhi,RKEX559,1
455,rakhi,RKEX56,1
455,rakhi,RKEX560,1
455,rakhi,RKEX561,1
455,rakhi,RKEX562,1
455,rakhi,RKEX563,1
455,rakhi,RKEX564,1
455,rakhi,RKEX566,1
455,rakhi,RKEX567,1
455,rakhi,RKEX568,1
455,rakhi,RKEX569,1
455,rakhi,RKEX57,1
455,rakhi,RKEX570,1
455,rakhi,RKEX572,1
455,rakhi,RKEX573,1
455,rakhi,RKEX575,1
455,rakhi,RKEX576,1
455,rakhi,RKEX577,1
455,rakhi,RKEX579,1
455,rakhi,RKEX58,1
455,rakhi,RKEX580,1
455,rakhi,RKEX581,1
455,rakhi,RKEX582,1
455,rakhi,RKEX583,1
455,rakhi,RKEX584,1
455,rakhi,RKEX585,1
455,rakhi,RKEX586,1
455,rakhi,RKEX588,1
455,rakhi,RKEX590,1
455,rakhi,RKEX591,1
455,rakhi,RKEX592,1
455,rakhi,RKEX593,1
455,rakhi,RKEX594,1
455,rakhi,RKEX595,1
455,rakhi,RKEX596,1
455,rakhi,RKEX597,1
455,rakhi,RKEX598,1
455,rakhi,RKEX599,1
455,rakhi,RKEX6,1
455,rakhi,RKEX60,1
455,rakhi,RKEX61,1
455,rakhi,RKEX62,1
455,rakhi,RKEX63,1
455,rakhi,RKEX75,1
455,rakhi,RKEX76,1
455,rakhi,RKEX77,1
455,rakhi,RKEX78,1
455,rakhi,RKEX8,1
455,rakhi,RKEX80,1
455,rakhi,RKEX81,1
455,rakhi,RKEX85,1
455,rakhi,RKEX87,1
455,rakhi,RKEX89,1
455,rakhi,RKEX9,1
455,rakhi,RKEX90,1
455,rakhi,RKEX93,1
455,rakhi,RKEX94,1
455,rakhi,RKEX95,1
455,rakhi,RKEX96,1
455,rakhi,RKEX97,1
455,rakhi,RKEX98,1
456,rakhi,RAKHIEXP104,1
456,rakhi,RAKHIEXP116,1
456,rakhi,RAKHIEXP118,1
456,rakhi,RAKHIEXP119,1
456,rakhi,RAKHIEXP120,1
456,rakhi,RAKHIEXP121,1
456,rakhi,RAKHIEXP125,1
456,rakhi,RAKHIEXP130,1
456,rakhi,RAKHIEXP131,1
456,rakhi,RAKHIEXP132,1
456,rakhi,RAKHIEXP133,1
456,rakhi,RAKHIEXP146,1
456,rakhi,RAKHIEXP147,1
456,rakhi,RAKHIEXP148,1
456,rakhi,RKEX10,1
456,rakhi,RKEX100,1
456,rakhi,RKEX101,1
456,rakhi,RKEX102,1
456,rakhi,RKEX103,1
456,rakhi,RKEX106,1
456,rakhi,RKEX107,1
456,rakhi,RKEX108,1
456,rakhi,RKEX109,1
456,rakhi,RKEX110,1
456,rakhi,RKEX111,1
456,rakhi,RKEX112,1
456,rakhi,RKEX113,1
456,rakhi,RKEX114,1
456,rakhi,RKEX115,1
456,rakhi,RKEX116,1
456,rakhi,RKEX117,1
456,rakhi,RKEX118,1
456,rakhi,RKEX119,1
456,rakhi,RKEX120,1
456,rakhi,RKEX122,1
456,rakhi,RKEX123,1
456,rakhi,RKEX124,1
456,rakhi,RKEX125,1
456,rakhi,RKEX126,1
456,rakhi,RKEX127,1
456,rakhi,RKEX129,1
456,rakhi,RKEX131,1
456,rakhi,RKEX132,1
456,rakhi,RKEX133,1
456,rakhi,RKEX135,1
456,rakhi,RKEX136,1
456,rakhi,RKEX137,1
456,rakhi,RKEX138,1
456,rakhi,RKEX139,1
456,rakhi,RKEX140,1
456,rakhi,RKEX141,1
456,rakhi,RKEX143,1
456,rakhi,RKEX144,1
456,rakhi,RKEX145,1
456,rakhi,RKEX146,1
456,rakhi,RKEX147,1
456,rakhi,RKEX148,1
456,rakhi,RKEX19,1
456,rakhi,RKEX22,1
456,rakhi,RKEX23,1
456,rakhi,RKEX25,1
456,rakhi,RKEX26,1
456,rakhi,RKEX27,1
456,rakhi,RKEX28,1
456,rakhi,RKEX29,1
456,rakhi,RKEX3,1
456,rakhi,RKEX30,1
456,rakhi,RKEX31,1
456,rakhi,RKEX32,1
456,rakhi,RKEX36,1
456,rakhi,RKEX37,1
456,rakhi,RKEX38,1
456,rakhi,RKEX4,1
456,rakhi,RKEX401,1
456,rakhi,RKEX402,1
456,rakhi,RKEX403,1
456,rakhi,RKEX404,1
456,rakhi,RKEX405,1
456,rakhi,RKEX406,1
456,rakhi,RKEX407,1
456,rakhi,RKEX408,1
456,rakhi,RKEX409,1
456,rakhi,RKEX41,1
456,rakhi,RKEX410,1
456,rakhi,RKEX411,1
456,rakhi,RKEX412,1
456,rakhi,RKEX413,1
456,rakhi,RKEX414,1
456,rakhi,RKEX415,1
456,rakhi,RKEX416,1
456,rakhi,RKEX417,1
456,rakhi,RKEX418,1
456,rakhi,RKEX419,1
456,rakhi,RKEX420,1
456,rakhi,RKEX421,1
456,rakhi,RKEX422,1
456,rakhi,RKEX423,1
456,rakhi,RKEX424,1
456,rakhi,RKEX425,1
456,rakhi,RKEX426,1
456,rakhi,RKEX428,1
456,rakhi,RKEX43,1
456,rakhi,RKEX430,1
456,rakhi,RKEX431,1
456,rakhi,RKEX432,1
456,rakhi,RKEX433,1
456,rakhi,RKEX434,1
456,rakhi,RKEX435,1
456,rakhi,RKEX436,1
456,rakhi,RKEX437,1
456,rakhi,RKEX438,1
456,rakhi,RKEX439,1
456,rakhi,RKEX440,1
456,rakhi,RKEX441,1
456,rakhi,RKEX442,1
456,rakhi,RKEX443,1
456,rakhi,RKEX444,1
456,rakhi,RKEX445,1
456,rakhi,RKEX45,1
456,rakhi,RKEX451,1
456,rakhi,RKEX452,1
456,rakhi,RKEX453,1
456,rakhi,RKEX454,1
456,rakhi,RKEX456,1
456,rakhi,RKEX457,1
456,rakhi,RKEX459,1
456,rakhi,RKEX46,1
456,rakhi,RKEX460,1
456,rakhi,RKEX461,1
456,rakhi,RKEX462,1
456,rakhi,RKEX463,1
456,rakhi,RKEX464,1
456,rakhi,RKEX465,1
456,rakhi,RKEX466,1
456,rakhi,RKEX467,1
456,rakhi,RKEX468,1
456,rakhi,RKEX469,1
456,rakhi,RKEX470,1
456,rakhi,RKEX471,1
456,rakhi,RKEX472,1
456,rakhi,RKEX473,1
456,rakhi,RKEX474,1
456,rakhi,RKEX475,1
456,rakhi,RKEX476,1
456,rakhi,RKEX477,1
456,rakhi,RKEX478,1
456,rakhi,RKEX479,1
456,rakhi,RKEX48,1
456,rakhi,RKEX480,1
456,rakhi,RKEX481,1
456,rakhi,RKEX482,1
456,rakhi,RKEX483,1
456,rakhi,RKEX484,1
456,rakhi,RKEX485,1
456,rakhi,RKEX486,1
456,rakhi,RKEX487,1
456,rakhi,RKEX488,1
456,rakhi,RKEX489,1
456,rakhi,RKEX49,1
456,rakhi,RKEX490,1
456,rakhi,RKEX491,1
456,rakhi,RKEX492,1
456,rakhi,RKEX5,1
456,rakhi,RKEX50,1
456,rakhi,RKEX509,1
456,rakhi,RKEX51,1
456,rakhi,RKEX510,1
456,rakhi,RKEX511,1
456,rakhi,RKEX512,1
456,rakhi,RKEX513,1
456,rakhi,RKEX514,1
456,rakhi,RKEX515,1
456,rakhi,RKEX516,1
456,rakhi,RKEX517,1
456,rakhi,RKEX518,1
456,rakhi,RKEX519,1
456,rakhi,RKEX52,1
456,rakhi,RKEX520,1
456,rakhi,RKEX521,1
456,rakhi,RKEX522,1
456,rakhi,RKEX523,1
456,rakhi,RKEX524,1
456,rakhi,RKEX525,1
456,rakhi,RKEX526,1
456,rakhi,RKEX527,1
456,rakhi,RKEX528,1
456,rakhi,RKEX529,1
456,rakhi,RKEX53,1
456,rakhi,RKEX530,1
456,rakhi,RKEX531,1
456,rakhi,RKEX536,1
456,rakhi,RKEX537,1
456,rakhi,RKEX539,1
456,rakhi,RKEX542,1
456,rakhi,RKEX543,1
456,rakhi,RKEX545,1
456,rakhi,RKEX546,1
456,rakhi,RKEX547,1
456,rakhi,RKEX55,1
456,rakhi,RKEX550,1
456,rakhi,RKEX551,1
456,rakhi,RKEX552,1
456,rakhi,RKEX553,1
456,rakhi,RKEX554,1
456,rakhi,RKEX555,1
456,rakhi,RKEX556,1
456,rakhi,RKEX558,1
456,rakhi,RKEX559,1
456,rakhi,RKEX56,1
456,rakhi,RKEX560,1
456,rakhi,RKEX561,1
456,rakhi,RKEX562,1
456,rakhi,RKEX563,1
456,rakhi,RKEX564,1
456,rakhi,RKEX566,1
456,rakhi,RKEX567,1
456,rakhi,RKEX568,1
456,rakhi,RKEX569,1
456,rakhi,RKEX57,1
456,rakhi,RKEX570,1
456,rakhi,RKEX572,1
456,rakhi,RKEX573,1
456,rakhi,RKEX575,1
456,rakhi,RKEX576,1
456,rakhi,RKEX577,1
456,rakhi,RKEX579,1
456,rakhi,RKEX58,1
456,rakhi,RKEX580,1
456,rakhi,RKEX581,1
456,rakhi,RKEX582,1
456,rakhi,RKEX583,1
456,rakhi,RKEX584,1
456,rakhi,RKEX585,1
456,rakhi,RKEX586,1
456,rakhi,RKEX588,1
456,rakhi,RKEX590,1
456,rakhi,RKEX591,1
456,rakhi,RKEX592,1
456,rakhi,RKEX593,1
456,rakhi,RKEX594,1
456,rakhi,RKEX595,1
456,rakhi,RKEX596,1
456,rakhi,RKEX597,1
456,rakhi,RKEX598,1
456,rakhi,RKEX599,1
456,rakhi,RKEX6,1
456,rakhi,RKEX60,1
456,rakhi,RKEX61,1
456,rakhi,RKEX62,1
456,rakhi,RKEX63,1
456,rakhi,RKEX75,1
456,rakhi,RKEX76,1
456,rakhi,RKEX77,1
456,rakhi,RKEX78,1
456,rakhi,RKEX8,1
456,rakhi,RKEX80,1
456,rakhi,RKEX81,1
456,rakhi,RKEX85,1
456,rakhi,RKEX87,1
456,rakhi,RKEX89,1
456,rakhi,RKEX9,1
456,rakhi,RKEX90,1
456,rakhi,RKEX93,1
456,rakhi,RKEX94,1
456,rakhi,RKEX95,1
456,rakhi,RKEX96,1
456,rakhi,RKEX97,1
456,rakhi,RKEX98,1
457,rakhi,RAKHIEXP104,1
457,rakhi,RAKHIEXP116,1
457,rakhi,RAKHIEXP118,1
457,rakhi,RAKHIEXP119,1
457,rakhi,RAKHIEXP120,1
457,rakhi,RAKHIEXP121,1
457,rakhi,RAKHIEXP125,1
457,rakhi,RAKHIEXP130,1
457,rakhi,RAKHIEXP131,1
457,rakhi,RAKHIEXP132,1
457,rakhi,RAKHIEXP133,1
457,rakhi,RAKHIEXP146,1
457,rakhi,RAKHIEXP147,1
457,rakhi,RAKHIEXP148,1
457,rakhi,RKEX10,1
457,rakhi,RKEX100,1
457,rakhi,RKEX101,1
457,rakhi,RKEX102,1
457,rakhi,RKEX103,1
457,rakhi,RKEX106,1
457,rakhi,RKEX107,1
457,rakhi,RKEX108,1
457,rakhi,RKEX109,1
457,rakhi,RKEX110,1
457,rakhi,RKEX111,1
457,rakhi,RKEX112,1
457,rakhi,RKEX113,1
457,rakhi,RKEX114,1
457,rakhi,RKEX115,1
457,rakhi,RKEX116,1
457,rakhi,RKEX117,1
457,rakhi,RKEX118,1
457,rakhi,RKEX119,1
457,rakhi,RKEX120,1
457,rakhi,RKEX122,1
457,rakhi,RKEX123,1
457,rakhi,RKEX124,1
457,rakhi,RKEX125,1
457,rakhi,RKEX126,1
457,rakhi,RKEX127,1
457,rakhi,RKEX129,1
457,rakhi,RKEX131,1
457,rakhi,RKEX132,1
457,rakhi,RKEX133,1
457,rakhi,RKEX135,1
457,rakhi,RKEX136,1
457,rakhi,RKEX137,1
457,rakhi,RKEX138,1
457,rakhi,RKEX139,1
457,rakhi,RKEX140,1
457,rakhi,RKEX141,1
457,rakhi,RKEX143,1
457,rakhi,RKEX144,1
457,rakhi,RKEX145,1
457,rakhi,RKEX146,1
457,rakhi,RKEX147,1
457,rakhi,RKEX148,1
457,rakhi,RKEX19,1
457,rakhi,RKEX22,1
457,rakhi,RKEX23,1
457,rakhi,RKEX25,1
457,rakhi,RKEX26,1
457,rakhi,RKEX27,1
457,rakhi,RKEX28,1
457,rakhi,RKEX29,1
457,rakhi,RKEX3,1
457,rakhi,RKEX30,1
457,rakhi,RKEX31,1
457,rakhi,RKEX32,1
457,rakhi,RKEX36,1
457,rakhi,RKEX37,1
457,rakhi,RKEX38,1
457,rakhi,RKEX4,1
457,rakhi,RKEX401,1
457,rakhi,RKEX402,1
457,rakhi,RKEX403,1
457,rakhi,RKEX404,1
457,rakhi,RKEX405,1
457,rakhi,RKEX406,1
457,rakhi,RKEX407,1
457,rakhi,RKEX408,1
457,rakhi,RKEX409,1
457,rakhi,RKEX41,1
457,rakhi,RKEX410,1
457,rakhi,RKEX411,1
457,rakhi,RKEX412,1
457,rakhi,RKEX413,1
457,rakhi,RKEX414,1
457,rakhi,RKEX415,1
457,rakhi,RKEX416,1
457,rakhi,RKEX417,1
457,rakhi,RKEX418,1
457,rakhi,RKEX419,1
457,rakhi,RKEX420,1
457,rakhi,RKEX421,1
457,rakhi,RKEX422,1
457,rakhi,RKEX423,1
457,rakhi,RKEX424,1
457,rakhi,RKEX425,1
457,rakhi,RKEX426,1
457,rakhi,RKEX428,1
457,rakhi,RKEX43,1
457,rakhi,RKEX430,1
457,rakhi,RKEX431,1
457,rakhi,RKEX432,1
457,rakhi,RKEX433,1
457,rakhi,RKEX434,1
457,rakhi,RKEX435,1
457,rakhi,RKEX436,1
457,rakhi,RKEX437,1
457,rakhi,RKEX438,1
457,rakhi,RKEX439,1
457,rakhi,RKEX440,1
457,rakhi,RKEX441,1
457,rakhi,RKEX442,1
457,rakhi,RKEX443,1
457,rakhi,RKEX444,1
457,rakhi,RKEX445,1
457,rakhi,RKEX45,1
457,rakhi,RKEX451,1
457,rakhi,RKEX452,1
457,rakhi,RKEX453,1
457,rakhi,RKEX454,1
457,rakhi,RKEX456,1
457,rakhi,RKEX457,1
457,rakhi,RKEX459,1
457,rakhi,RKEX46,1
457,rakhi,RKEX460,1
457,rakhi,RKEX461,1
457,rakhi,RKEX462,1
457,rakhi,RKEX463,1
457,rakhi,RKEX464,1
457,rakhi,RKEX465,1
457,rakhi,RKEX466,1
457,rakhi,RKEX467,1
457,rakhi,RKEX468,1
457,rakhi,RKEX469,1
457,rakhi,RKEX470,1
457,rakhi,RKEX471,1
457,rakhi,RKEX472,1
457,rakhi,RKEX473,1
457,rakhi,RKEX474,1
457,rakhi,RKEX475,1
457,rakhi,RKEX476,1
457,rakhi,RKEX477,1
457,rakhi,RKEX478,1
457,rakhi,RKEX479,1
457,rakhi,RKEX48,1
457,rakhi,RKEX480,1
457,rakhi,RKEX481,1
457,rakhi,RKEX482,1
457,rakhi,RKEX483,1
457,rakhi,RKEX484,1
457,rakhi,RKEX485,1
457,rakhi,RKEX486,1
457,rakhi,RKEX487,1
457,rakhi,RKEX488,1
457,rakhi,RKEX489,1
457,rakhi,RKEX49,1
457,rakhi,RKEX490,1
457,rakhi,RKEX491,1
457,rakhi,RKEX492,1
457,rakhi,RKEX5,1
457,rakhi,RKEX50,1
457,rakhi,RKEX509,1
457,rakhi,RKEX51,1
457,rakhi,RKEX510,1
457,rakhi,RKEX511,1
457,rakhi,RKEX512,1
457,rakhi,RKEX513,1
457,rakhi,RKEX514,1
457,rakhi,RKEX515,1
457,rakhi,RKEX516,1
457,rakhi,RKEX517,1
457,rakhi,RKEX518,1
457,rakhi,RKEX519,1
457,rakhi,RKEX52,1
457,rakhi,RKEX520,1
457,rakhi,RKEX521,1
457,rakhi,RKEX522,1
457,rakhi,RKEX523,1
457,rakhi,RKEX524,1
457,rakhi,RKEX525,1
457,rakhi,RKEX526,1
457,rakhi,RKEX527,1
457,rakhi,RKEX528,1
457,rakhi,RKEX529,1
457,rakhi,RKEX53,1
457,rakhi,RKEX530,1
457,rakhi,RKEX531,1
457,rakhi,RKEX536,1
457,rakhi,RKEX537,1
457,rakhi,RKEX539,1
457,rakhi,RKEX542,1
457,rakhi,RKEX543,1
457,rakhi,RKEX545,1
457,rakhi,RKEX546,1
457,rakhi,RKEX547,1
457,rakhi,RKEX55,1
457,rakhi,RKEX550,1
457,rakhi,RKEX551,1
457,rakhi,RKEX552,1
457,rakhi,RKEX553,1
457,rakhi,RKEX554,1
457,rakhi,RKEX555,1
457,rakhi,RKEX556,1
457,rakhi,RKEX558,1
457,rakhi,RKEX559,1
457,rakhi,RKEX56,1
457,rakhi,RKEX560,1
457,rakhi,RKEX561,1
457,rakhi,RKEX562,1
457,rakhi,RKEX563,1
457,rakhi,RKEX564,1
457,rakhi,RKEX566,1
457,rakhi,RKEX567,1
457,rakhi,RKEX568,1
457,rakhi,RKEX569,1
457,rakhi,RKEX57,1
457,rakhi,RKEX570,1
457,rakhi,RKEX572,1
457,rakhi,RKEX573,1
457,rakhi,RKEX575,1
457,rakhi,RKEX576,1
457,rakhi,RKEX577,1
457,rakhi,RKEX579,1
457,rakhi,RKEX58,1
457,rakhi,RKEX580,1
457,rakhi,RKEX581,1
457,rakhi,RKEX582,1
457,rakhi,RKEX583,1
457,rakhi,RKEX584,1
457,rakhi,RKEX585,1
457,rakhi,RKEX586,1
457,rakhi,RKEX588,1
457,rakhi,RKEX590,1
457,rakhi,RKEX591,1
457,rakhi,RKEX592,1
457,rakhi,RKEX593,1
457,rakhi,RKEX594,1
457,rakhi,RKEX595,1
457,rakhi,RKEX596,1
457,rakhi,RKEX597,1
457,rakhi,RKEX598,1
457,rakhi,RKEX599,1
457,rakhi,RKEX6,1
457,rakhi,RKEX60,1
457,rakhi,RKEX61,1
457,rakhi,RKEX62,1
457,rakhi,RKEX63,1
457,rakhi,RKEX75,1
457,rakhi,RKEX76,1
457,rakhi,RKEX77,1
457,rakhi,RKEX78,1
457,rakhi,RKEX8,1
457,rakhi,RKEX80,1
457,rakhi,RKEX81,1
457,rakhi,RKEX85,1
457,rakhi,RKEX87,1
457,rakhi,RKEX89,1
457,rakhi,RKEX9,1
457,rakhi,RKEX90,1
457,rakhi,RKEX93,1
457,rakhi,RKEX94,1
457,rakhi,RKEX95,1
457,rakhi,RKEX96,1
457,rakhi,RKEX97,1
457,rakhi,RKEX98,1
458,rakhi,RAKHIEXP104,1
458,rakhi,RAKHIEXP116,1
458,rakhi,RAKHIEXP118,1
458,rakhi,RAKHIEXP119,1
458,rakhi,RAKHIEXP120,1
458,rakhi,RAKHIEXP121,1
458,rakhi,RAKHIEXP125,1
458,rakhi,RAKHIEXP130,1
458,rakhi,RAKHIEXP131,1
458,rakhi,RAKHIEXP132,1
458,rakhi,RAKHIEXP133,1
458,rakhi,RAKHIEXP146,1
458,rakhi,RAKHIEXP147,1
458,rakhi,RAKHIEXP148,1
458,rakhi,RKEX10,1
458,rakhi,RKEX100,1
458,rakhi,RKEX101,1
458,rakhi,RKEX102,1
458,rakhi,RKEX103,1
458,rakhi,RKEX106,1
458,rakhi,RKEX107,1
458,rakhi,RKEX108,1
458,rakhi,RKEX109,1
458,rakhi,RKEX110,1
458,rakhi,RKEX111,1
458,rakhi,RKEX112,1
458,rakhi,RKEX113,1
458,rakhi,RKEX114,1
458,rakhi,RKEX115,1
458,rakhi,RKEX116,1
458,rakhi,RKEX117,1
458,rakhi,RKEX118,1
458,rakhi,RKEX119,1
458,rakhi,RKEX120,1
458,rakhi,RKEX122,1
458,rakhi,RKEX123,1
458,rakhi,RKEX124,1
458,rakhi,RKEX125,1
458,rakhi,RKEX126,1
458,rakhi,RKEX127,1
458,rakhi,RKEX129,1
458,rakhi,RKEX131,1
458,rakhi,RKEX132,1
458,rakhi,RKEX133,1
458,rakhi,RKEX135,1
458,rakhi,RKEX136,1
458,rakhi,RKEX137,1
458,rakhi,RKEX138,1
458,rakhi,RKEX139,1
458,rakhi,RKEX140,1
458,rakhi,RKEX141,1
458,rakhi,RKEX143,1
458,rakhi,RKEX144,1
458,rakhi,RKEX145,1
458,rakhi,RKEX146,1
458,rakhi,RKEX147,1
458,rakhi,RKEX148,1
458,rakhi,RKEX19,1
458,rakhi,RKEX22,1
458,rakhi,RKEX23,1
458,rakhi,RKEX25,1
458,rakhi,RKEX26,1
458,rakhi,RKEX27,1
458,rakhi,RKEX28,1
458,rakhi,RKEX29,1
458,rakhi,RKEX3,1
458,rakhi,RKEX30,1
458,rakhi,RKEX31,1
458,rakhi,RKEX32,1
458,rakhi,RKEX36,1
458,rakhi,RKEX37,1
458,rakhi,RKEX38,1
458,rakhi,RKEX4,1
458,rakhi,RKEX401,1
458,rakhi,RKEX402,1
458,rakhi,RKEX403,1
458,rakhi,RKEX404,1
458,rakhi,RKEX405,1
458,rakhi,RKEX406,1
458,rakhi,RKEX407,1
458,rakhi,RKEX408,1
458,rakhi,RKEX409,1
458,rakhi,RKEX41,1
458,rakhi,RKEX410,1
458,rakhi,RKEX411,1
458,rakhi,RKEX412,1
458,rakhi,RKEX413,1
458,rakhi,RKEX414,1
458,rakhi,RKEX415,1
458,rakhi,RKEX416,1
458,rakhi,RKEX417,1
458,rakhi,RKEX418,1
458,rakhi,RKEX419,1
458,rakhi,RKEX420,1
458,rakhi,RKEX421,1
458,rakhi,RKEX422,1
458,rakhi,RKEX423,1
458,rakhi,RKEX424,1
458,rakhi,RKEX425,1
458,rakhi,RKEX426,1
458,rakhi,RKEX428,1
458,rakhi,RKEX43,1
458,rakhi,RKEX430,1
458,rakhi,RKEX431,1
458,rakhi,RKEX432,1
458,rakhi,RKEX433,1
458,rakhi,RKEX434,1
458,rakhi,RKEX435,1
458,rakhi,RKEX436,1
458,rakhi,RKEX437,1
458,rakhi,RKEX438,1
458,rakhi,RKEX439,1
458,rakhi,RKEX440,1
458,rakhi,RKEX441,1
458,rakhi,RKEX442,1
458,rakhi,RKEX443,1
458,rakhi,RKEX444,1
458,rakhi,RKEX445,1
458,rakhi,RKEX45,1
458,rakhi,RKEX451,1
458,rakhi,RKEX452,1
458,rakhi,RKEX453,1
458,rakhi,RKEX454,1
458,rakhi,RKEX456,1
458,rakhi,RKEX457,1
458,rakhi,RKEX459,1
458,rakhi,RKEX46,1
458,rakhi,RKEX460,1
458,rakhi,RKEX461,1
458,rakhi,RKEX462,1
458,rakhi,RKEX463,1
458,rakhi,RKEX464,1
458,rakhi,RKEX465,1
458,rakhi,RKEX466,1
458,rakhi,RKEX467,1
458,rakhi,RKEX468,1
458,rakhi,RKEX469,1
458,rakhi,RKEX470,1
458,rakhi,RKEX471,1
458,rakhi,RKEX472,1
458,rakhi,RKEX473,1
458,rakhi,RKEX474,1
458,rakhi,RKEX475,1
458,rakhi,RKEX476,1
458,rakhi,RKEX477,1
458,rakhi,RKEX478,1
458,rakhi,RKEX479,1
458,rakhi,RKEX48,1
458,rakhi,RKEX480,1
458,rakhi,RKEX481,1
458,rakhi,RKEX482,1
458,rakhi,RKEX483,1
458,rakhi,RKEX484,1
458,rakhi,RKEX485,1
458,rakhi,RKEX486,1
458,rakhi,RKEX487,1
458,rakhi,RKEX488,1
458,rakhi,RKEX489,1
458,rakhi,RKEX49,1
458,rakhi,RKEX490,1
458,rakhi,RKEX491,1
458,rakhi,RKEX492,1
458,rakhi,RKEX5,1
458,rakhi,RKEX50,1
458,rakhi,RKEX509,1
458,rakhi,RKEX51,1
458,rakhi,RKEX510,1
458,rakhi,RKEX511,1
458,rakhi,RKEX512,1
458,rakhi,RKEX513,1
458,rakhi,RKEX514,1
458,rakhi,RKEX515,1
458,rakhi,RKEX516,1
458,rakhi,RKEX517,1
458,rakhi,RKEX518,1
458,rakhi,RKEX519,1
458,rakhi,RKEX52,1
458,rakhi,RKEX520,1
458,rakhi,RKEX521,1
458,rakhi,RKEX522,1
458,rakhi,RKEX523,1
458,rakhi,RKEX524,1
458,rakhi,RKEX525,1
458,rakhi,RKEX526,1
458,rakhi,RKEX527,1
458,rakhi,RKEX528,1
458,rakhi,RKEX529,1
458,rakhi,RKEX53,1
458,rakhi,RKEX530,1
458,rakhi,RKEX531,1
458,rakhi,RKEX536,1
458,rakhi,RKEX537,1
458,rakhi,RKEX539,1
458,rakhi,RKEX542,1
458,rakhi,RKEX543,1
458,rakhi,RKEX545,1
458,rakhi,RKEX546,1
458,rakhi,RKEX547,1
458,rakhi,RKEX55,1
458,rakhi,RKEX550,1
458,rakhi,RKEX551,1
458,rakhi,RKEX552,1
458,rakhi,RKEX553,1
458,rakhi,RKEX554,1
458,rakhi,RKEX555,1
458,rakhi,RKEX556,1
458,rakhi,RKEX558,1
458,rakhi,RKEX559,1
458,rakhi,RKEX56,1
458,rakhi,RKEX560,1
458,rakhi,RKEX561,1
458,rakhi,RKEX562,1
458,rakhi,RKEX563,1
458,rakhi,RKEX564,1
458,rakhi,RKEX566,1
458,rakhi,RKEX567,1
458,rakhi,RKEX568,1
458,rakhi,RKEX569,1
458,rakhi,RKEX57,1
458,rakhi,RKEX570,1
458,rakhi,RKEX572,1
458,rakhi,RKEX573,1
458,rakhi,RKEX575,1
458,rakhi,RKEX576,1
458,rakhi,RKEX577,1
458,rakhi,RKEX579,1
458,rakhi,RKEX58,1
458,rakhi,RKEX580,1
458,rakhi,RKEX581,1
458,rakhi,RKEX582,1
458,rakhi,RKEX583,1
458,rakhi,RKEX584,1
458,rakhi,RKEX585,1
458,rakhi,RKEX586,1
458,rakhi,RKEX588,1
458,rakhi,RKEX590,1
458,rakhi,RKEX591,1
458,rakhi,RKEX592,1
458,rakhi,RKEX593,1
458,rakhi,RKEX594,1
458,rakhi,RKEX595,1
458,rakhi,RKEX596,1
458,rakhi,RKEX597,1
458,rakhi,RKEX598,1
458,rakhi,RKEX599,1
458,rakhi,RKEX6,1
458,rakhi,RKEX60,1
458,rakhi,RKEX61,1
458,rakhi,RKEX62,1
458,rakhi,RKEX63,1
458,rakhi,RKEX75,1
458,rakhi,RKEX76,1
458,rakhi,RKEX77,1
458,rakhi,RKEX78,1
458,rakhi,RKEX8,1
458,rakhi,RKEX80,1
458,rakhi,RKEX81,1
458,rakhi,RKEX85,1
458,rakhi,RKEX87,1
458,rakhi,RKEX89,1
458,rakhi,RKEX9,1
458,rakhi,RKEX90,1
458,rakhi,RKEX93,1
458,rakhi,RKEX94,1
458,rakhi,RKEX95,1
458,rakhi,RKEX96,1
458,rakhi,RKEX97,1
458,rakhi,RKEX98,1
553,rakhi,RAKHIEXP104,1
553,rakhi,RAKHIEXP116,1
553,rakhi,RAKHIEXP118,1
553,rakhi,RAKHIEXP119,1
553,rakhi,RAKHIEXP120,1
553,rakhi,RAKHIEXP121,1
553,rakhi,RAKHIEXP125,1
553,rakhi,RAKHIEXP130,1
553,rakhi,RAKHIEXP131,1
553,rakhi,RAKHIEXP132,1
553,rakhi,RAKHIEXP133,1
553,rakhi,RAKHIEXP146,1
553,rakhi,RAKHIEXP147,1
553,rakhi,RAKHIEXP148,1
553,rakhi,RKEX10,1
553,rakhi,RKEX100,1
553,rakhi,RKEX101,1
553,rakhi,RKEX102,1
553,rakhi,RKEX103,1
553,rakhi,RKEX106,1
553,rakhi,RKEX107,1
553,rakhi,RKEX108,1
553,rakhi,RKEX109,1
553,rakhi,RKEX110,1
553,rakhi,RKEX111,1
553,rakhi,RKEX112,1
553,rakhi,RKEX113,1
553,rakhi,RKEX114,1
553,rakhi,RKEX115,1
553,rakhi,RKEX116,1
553,rakhi,RKEX117,1
553,rakhi,RKEX118,1
553,rakhi,RKEX119,1
553,rakhi,RKEX120,1
553,rakhi,RKEX122,1
553,rakhi,RKEX123,1
553,rakhi,RKEX124,1
553,rakhi,RKEX125,1
553,rakhi,RKEX126,1
553,rakhi,RKEX127,1
553,rakhi,RKEX129,1
553,rakhi,RKEX131,1
553,rakhi,RKEX132,1
553,rakhi,RKEX133,1
553,rakhi,RKEX135,1
553,rakhi,RKEX136,1
553,rakhi,RKEX137,1
553,rakhi,RKEX138,1
553,rakhi,RKEX139,1
553,rakhi,RKEX140,1
553,rakhi,RKEX141,1
553,rakhi,RKEX143,1
553,rakhi,RKEX144,1
553,rakhi,RKEX145,1
553,rakhi,RKEX146,1
553,rakhi,RKEX147,1
553,rakhi,RKEX148,1
553,rakhi,RKEX19,1
553,rakhi,RKEX22,1
553,rakhi,RKEX23,1
553,rakhi,RKEX25,1
553,rakhi,RKEX26,1
553,rakhi,RKEX27,1
553,rakhi,RKEX28,1
553,rakhi,RKEX29,1
553,rakhi,RKEX3,1
553,rakhi,RKEX30,1
553,rakhi,RKEX31,1
553,rakhi,RKEX32,1
553,rakhi,RKEX36,1
553,rakhi,RKEX37,1
553,rakhi,RKEX38,1
553,rakhi,RKEX4,1
553,rakhi,RKEX401,1
553,rakhi,RKEX402,1
553,rakhi,RKEX403,1
553,rakhi,RKEX404,1
553,rakhi,RKEX405,1
553,rakhi,RKEX406,1
553,rakhi,RKEX407,1
553,rakhi,RKEX408,1
553,rakhi,RKEX409,1
553,rakhi,RKEX41,1
553,rakhi,RKEX410,1
553,rakhi,RKEX411,1
553,rakhi,RKEX412,1
553,rakhi,RKEX413,1
553,rakhi,RKEX414,1
553,rakhi,RKEX415,1
553,rakhi,RKEX416,1
553,rakhi,RKEX417,1
553,rakhi,RKEX418,1
553,rakhi,RKEX419,1
553,rakhi,RKEX420,1
553,rakhi,RKEX421,1
553,rakhi,RKEX422,1
553,rakhi,RKEX423,1
553,rakhi,RKEX424,1
553,rakhi,RKEX425,1
553,rakhi,RKEX426,1
553,rakhi,RKEX428,1
553,rakhi,RKEX43,1
553,rakhi,RKEX430,1
553,rakhi,RKEX431,1
553,rakhi,RKEX432,1
553,rakhi,RKEX433,1
553,rakhi,RKEX434,1
553,rakhi,RKEX435,1
553,rakhi,RKEX436,1
553,rakhi,RKEX437,1
553,rakhi,RKEX438,1
553,rakhi,RKEX439,1
553,rakhi,RKEX440,1
553,rakhi,RKEX441,1
553,rakhi,RKEX442,1
553,rakhi,RKEX443,1
553,rakhi,RKEX444,1
553,rakhi,RKEX445,1
553,rakhi,RKEX45,1
553,rakhi,RKEX451,1
553,rakhi,RKEX452,1
553,rakhi,RKEX453,1
553,rakhi,RKEX454,1
553,rakhi,RKEX456,1
553,rakhi,RKEX457,1
553,rakhi,RKEX459,1
553,rakhi,RKEX46,1
553,rakhi,RKEX460,1
553,rakhi,RKEX461,1
553,rakhi,RKEX462,1
553,rakhi,RKEX463,1
553,rakhi,RKEX464,1
553,rakhi,RKEX465,1
553,rakhi,RKEX466,1
553,rakhi,RKEX467,1
553,rakhi,RKEX468,1
553,rakhi,RKEX469,1
553,rakhi,RKEX470,1
553,rakhi,RKEX471,1
553,rakhi,RKEX472,1
553,rakhi,RKEX473,1
553,rakhi,RKEX474,1
553,rakhi,RKEX475,1
553,rakhi,RKEX476,1
553,rakhi,RKEX477,1
553,rakhi,RKEX478,1
553,rakhi,RKEX479,1
553,rakhi,RKEX48,1
553,rakhi,RKEX480,1
553,rakhi,RKEX481,1
553,rakhi,RKEX482,1
553,rakhi,RKEX483,1
553,rakhi,RKEX484,1
553,rakhi,RKEX485,1
553,rakhi,RKEX486,1
553,rakhi,RKEX487,1
553,rakhi,RKEX488,1
553,rakhi,RKEX489,1
553,rakhi,RKEX49,1
553,rakhi,RKEX490,1
553,rakhi,RKEX491,1
553,rakhi,RKEX492,1
553,rakhi,RKEX5,1
553,rakhi,RKEX50,1
553,rakhi,RKEX509,1
553,rakhi,RKEX51,1
553,rakhi,RKEX510,1
553,rakhi,RKEX511,1
553,rakhi,RKEX512,1
553,rakhi,RKEX513,1
553,rakhi,RKEX514,1
553,rakhi,RKEX515,1
553,rakhi,RKEX516,1
553,rakhi,RKEX517,1
553,rakhi,RKEX518,1
553,rakhi,RKEX519,1
553,rakhi,RKEX52,1
553,rakhi,RKEX520,1
553,rakhi,RKEX521,1
553,rakhi,RKEX522,1
553,rakhi,RKEX523,1
553,rakhi,RKEX524,1
553,rakhi,RKEX525,1
553,rakhi,RKEX526,1
553,rakhi,RKEX527,1
553,rakhi,RKEX528,1
553,rakhi,RKEX529,1
553,rakhi,RKEX53,1
553,rakhi,RKEX530,1
553,rakhi,RKEX531,1
553,rakhi,RKEX536,1
553,rakhi,RKEX537,1
553,rakhi,RKEX539,1
553,rakhi,RKEX542,1
553,rakhi,RKEX543,1
553,rakhi,RKEX545,1
553,rakhi,RKEX546,1
553,rakhi,RKEX547,1
553,rakhi,RKEX55,1
553,rakhi,RKEX550,1
553,rakhi,RKEX551,1
553,rakhi,RKEX552,1
553,rakhi,RKEX553,1
553,rakhi,RKEX554,1
553,rakhi,RKEX555,1
553,rakhi,RKEX556,1
553,rakhi,RKEX558,1
553,rakhi,RKEX559,1
553,rakhi,RKEX56,1
553,rakhi,RKEX560,1
553,rakhi,RKEX561,1
553,rakhi,RKEX562,1
553,rakhi,RKEX563,1
553,rakhi,RKEX564,1
553,rakhi,RKEX566,1
553,rakhi,RKEX567,1
553,rakhi,RKEX568,1
553,rakhi,RKEX569,1
553,rakhi,RKEX57,1
553,rakhi,RKEX570,1
553,rakhi,RKEX572,1
553,rakhi,RKEX573,1
553,rakhi,RKEX575,1
553,rakhi,RKEX576,1
553,rakhi,RKEX577,1
553,rakhi,RKEX579,1
553,rakhi,RKEX58,1
553,rakhi,RKEX580,1
553,rakhi,RKEX581,1
553,rakhi,RKEX582,1
553,rakhi,RKEX583,1
553,rakhi,RKEX584,1
553,rakhi,RKEX585,1
553,rakhi,RKEX586,1
553,rakhi,RKEX588,1
553,rakhi,RKEX590,1
553,rakhi,RKEX591,1
553,rakhi,RKEX592,1
553,rakhi,RKEX593,1
553,rakhi,RKEX594,1
553,rakhi,RKEX595,1
553,rakhi,RKEX596,1
553,rakhi,RKEX597,1
553,rakhi,RKEX598,1
553,rakhi,RKEX599,1
553,rakhi,RKEX6,1
553,rakhi,RKEX60,1
553,rakhi,RKEX61,1
553,rakhi,RKEX62,1
553,rakhi,RKEX63,1
553,rakhi,RKEX75,1
553,rakhi,RKEX76,1
553,rakhi,RKEX77,1
553,rakhi,RKEX78,1
553,rakhi,RKEX8,1
553,rakhi,RKEX80,1
553,rakhi,RKEX81,1
553,rakhi,RKEX85,1
553,rakhi,RKEX87,1
553,rakhi,RKEX89,1
553,rakhi,RKEX9,1
553,rakhi,RKEX90,1
553,rakhi,RKEX93,1
553,rakhi,RKEX94,1
553,rakhi,RKEX95,1
553,rakhi,RKEX96,1
553,rakhi,RKEX97,1
553,rakhi,RKEX98,1
554,rakhi,RAKHIEXP104,1
554,rakhi,RAKHIEXP116,1
554,rakhi,RAKHIEXP118,1
554,rakhi,RAKHIEXP119,1
554,rakhi,RAKHIEXP120,1
554,rakhi,RAKHIEXP121,1
554,rakhi,RAKHIEXP125,1
554,rakhi,RAKHIEXP130,1
554,rakhi,RAKHIEXP131,1
554,rakhi,RAKHIEXP132,1
554,rakhi,RAKHIEXP133,1
554,rakhi,RAKHIEXP146,1
554,rakhi,RAKHIEXP147,1
554,rakhi,RAKHIEXP148,1
554,rakhi,RKEX10,1
554,rakhi,RKEX100,1
554,rakhi,RKEX101,1
554,rakhi,RKEX102,1
554,rakhi,RKEX103,1
554,rakhi,RKEX106,1
554,rakhi,RKEX107,1
554,rakhi,RKEX108,1
554,rakhi,RKEX109,1
554,rakhi,RKEX110,1
554,rakhi,RKEX111,1
554,rakhi,RKEX112,1
554,rakhi,RKEX113,1
554,rakhi,RKEX114,1
554,rakhi,RKEX115,1
554,rakhi,RKEX116,1
554,rakhi,RKEX117,1
554,rakhi,RKEX118,1
554,rakhi,RKEX119,1
554,rakhi,RKEX120,1
554,rakhi,RKEX122,1
554,rakhi,RKEX123,1
554,rakhi,RKEX124,1
554,rakhi,RKEX125,1
554,rakhi,RKEX126,1
554,rakhi,RKEX127,1
554,rakhi,RKEX129,1
554,rakhi,RKEX131,1
554,rakhi,RKEX132,1
554,rakhi,RKEX133,1
554,rakhi,RKEX135,1
554,rakhi,RKEX136,1
554,rakhi,RKEX137,1
554,rakhi,RKEX138,1
554,rakhi,RKEX139,1
554,rakhi,RKEX140,1
554,rakhi,RKEX141,1
554,rakhi,RKEX143,1
554,rakhi,RKEX144,1
554,rakhi,RKEX145,1
554,rakhi,RKEX146,1
554,rakhi,RKEX147,1
554,rakhi,RKEX148,1
554,rakhi,RKEX19,1
554,rakhi,RKEX22,1
554,rakhi,RKEX23,1
554,rakhi,RKEX25,1
554,rakhi,RKEX26,1
554,rakhi,RKEX27,1
554,rakhi,RKEX28,1
554,rakhi,RKEX29,1
554,rakhi,RKEX3,1
554,rakhi,RKEX30,1
554,rakhi,RKEX31,1
554,rakhi,RKEX32,1
554,rakhi,RKEX36,1
554,rakhi,RKEX37,1
554,rakhi,RKEX38,1
554,rakhi,RKEX4,1
554,rakhi,RKEX401,1
554,rakhi,RKEX402,1
554,rakhi,RKEX403,1
554,rakhi,RKEX404,1
554,rakhi,RKEX405,1
554,rakhi,RKEX406,1
554,rakhi,RKEX407,1
554,rakhi,RKEX408,1
554,rakhi,RKEX409,1
554,rakhi,RKEX41,1
554,rakhi,RKEX410,1
554,rakhi,RKEX411,1
554,rakhi,RKEX412,1
554,rakhi,RKEX413,1
554,rakhi,RKEX414,1
554,rakhi,RKEX415,1
554,rakhi,RKEX416,1
554,rakhi,RKEX417,1
554,rakhi,RKEX418,1
554,rakhi,RKEX419,1
554,rakhi,RKEX420,1
554,rakhi,RKEX421,1
554,rakhi,RKEX422,1
554,rakhi,RKEX423,1
554,rakhi,RKEX424,1
554,rakhi,RKEX425,1
554,rakhi,RKEX426,1
554,rakhi,RKEX428,1
554,rakhi,RKEX43,1
554,rakhi,RKEX430,1
554,rakhi,RKEX431,1
554,rakhi,RKEX432,1
554,rakhi,RKEX433,1
554,rakhi,RKEX434,1
554,rakhi,RKEX435,1
554,rakhi,RKEX436,1
554,rakhi,RKEX437,1
554,rakhi,RKEX438,1
554,rakhi,RKEX439,1
554,rakhi,RKEX440,1
554,rakhi,RKEX441,1
554,rakhi,RKEX442,1
554,rakhi,RKEX443,1
554,rakhi,RKEX444,1
554,rakhi,RKEX445,1
554,rakhi,RKEX45,1
554,rakhi,RKEX451,1
554,rakhi,RKEX452,1
554,rakhi,RKEX453,1
554,rakhi,RKEX454,1
554,rakhi,RKEX456,1
554,rakhi,RKEX457,1
554,rakhi,RKEX459,1
554,rakhi,RKEX46,1
554,rakhi,RKEX460,1
554,rakhi,RKEX461,1
554,rakhi,RKEX462,1
554,rakhi,RKEX463,1
554,rakhi,RKEX464,1
554,rakhi,RKEX465,1
554,rakhi,RKEX466,1
554,rakhi,RKEX467,1
554,rakhi,RKEX468,1
554,rakhi,RKEX469,1
554,rakhi,RKEX470,1
554,rakhi,RKEX471,1
554,rakhi,RKEX472,1
554,rakhi,RKEX473,1
554,rakhi,RKEX474,1
554,rakhi,RKEX475,1
554,rakhi,RKEX476,1
554,rakhi,RKEX477,1
554,rakhi,RKEX478,1
554,rakhi,RKEX479,1
554,rakhi,RKEX48,1
554,rakhi,RKEX480,1
554,rakhi,RKEX481,1
554,rakhi,RKEX482,1
554,rakhi,RKEX483,1
554,rakhi,RKEX484,1
554,rakhi,RKEX485,1
554,rakhi,RKEX486,1
554,rakhi,RKEX487,1
554,rakhi,RKEX488,1
554,rakhi,RKEX489,1
554,rakhi,RKEX49,1
554,rakhi,RKEX490,1
554,rakhi,RKEX491,1
554,rakhi,RKEX492,1
554,rakhi,RKEX5,1
554,rakhi,RKEX50,1
554,rakhi,RKEX509,1
554,rakhi,RKEX51,1
554,rakhi,RKEX510,1
554,rakhi,RKEX511,1
554,rakhi,RKEX512,1
554,rakhi,RKEX513,1
554,rakhi,RKEX514,1
554,rakhi,RKEX515,1
554,rakhi,RKEX516,1
554,rakhi,RKEX517,1
554,rakhi,RKEX518,1
554,rakhi,RKEX519,1
554,rakhi,RKEX52,1
554,rakhi,RKEX520,1
554,rakhi,RKEX521,1
554,rakhi,RKEX522,1
554,rakhi,RKEX523,1
554,rakhi,RKEX524,1
554,rakhi,RKEX525,1
554,rakhi,RKEX526,1
554,rakhi,RKEX527,1
554,rakhi,RKEX528,1
554,rakhi,RKEX529,1
554,rakhi,RKEX53,1
554,rakhi,RKEX530,1
554,rakhi,RKEX531,1
554,rakhi,RKEX536,1
554,rakhi,RKEX537,1
554,rakhi,RKEX539,1
554,rakhi,RKEX542,1
554,rakhi,RKEX543,1
554,rakhi,RKEX545,1
554,rakhi,RKEX546,1
554,rakhi,RKEX547,1
554,rakhi,RKEX55,1
554,rakhi,RKEX550,1
554,rakhi,RKEX551,1
554,rakhi,RKEX552,1
554,rakhi,RKEX553,1
554,rakhi,RKEX554,1
554,rakhi,RKEX555,1
554,rakhi,RKEX556,1
554,rakhi,RKEX558,1
554,rakhi,RKEX559,1
554,rakhi,RKEX56,1
554,rakhi,RKEX560,1
554,rakhi,RKEX561,1
554,rakhi,RKEX562,1
554,rakhi,RKEX563,1
554,rakhi,RKEX564,1
554,rakhi,RKEX566,1
554,rakhi,RKEX567,1
554,rakhi,RKEX568,1
554,rakhi,RKEX569,1
554,rakhi,RKEX57,1
554,rakhi,RKEX570,1
554,rakhi,RKEX572,1
554,rakhi,RKEX573,1
554,rakhi,RKEX575,1
554,rakhi,RKEX576,1
554,rakhi,RKEX577,1
554,rakhi,RKEX579,1
554,rakhi,RKEX58,1
554,rakhi,RKEX580,1
554,rakhi,RKEX581,1
554,rakhi,RKEX582,1
554,rakhi,RKEX583,1
554,rakhi,RKEX584,1
554,rakhi,RKEX585,1
554,rakhi,RKEX586,1
554,rakhi,RKEX588,1
554,rakhi,RKEX590,1
554,rakhi,RKEX591,1
554,rakhi,RKEX592,1
554,rakhi,RKEX593,1
554,rakhi,RKEX594,1
554,rakhi,RKEX595,1
554,rakhi,RKEX596,1
554,rakhi,RKEX597,1
554,rakhi,RKEX598,1
554,rakhi,RKEX599,1
554,rakhi,RKEX6,1
554,rakhi,RKEX60,1
554,rakhi,RKEX61,1
554,rakhi,RKEX62,1
554,rakhi,RKEX63,1
554,rakhi,RKEX75,1
554,rakhi,RKEX76,1
554,rakhi,RKEX77,1
554,rakhi,RKEX78,1
554,rakhi,RKEX8,1
554,rakhi,RKEX80,1
554,rakhi,RKEX81,1
554,rakhi,RKEX85,1
554,rakhi,RKEX87,1
554,rakhi,RKEX89,1
554,rakhi,RKEX9,1
554,rakhi,RKEX90,1
554,rakhi,RKEX93,1
554,rakhi,RKEX94,1
554,rakhi,RKEX95,1
554,rakhi,RKEX96,1
554,rakhi,RKEX97,1
554,rakhi,RKEX98,1
555,rakhi,RAKHIEXP104,1
555,rakhi,RAKHIEXP116,1
555,rakhi,RAKHIEXP118,1
555,rakhi,RAKHIEXP119,1
555,rakhi,RAKHIEXP120,1
555,rakhi,RAKHIEXP121,1
555,rakhi,RAKHIEXP125,1
555,rakhi,RAKHIEXP130,1
555,rakhi,RAKHIEXP131,1
555,rakhi,RAKHIEXP132,1
555,rakhi,RAKHIEXP133,1
555,rakhi,RAKHIEXP146,1
555,rakhi,RAKHIEXP147,1
555,rakhi,RAKHIEXP148,1
555,rakhi,RKEX10,1
555,rakhi,RKEX100,1
555,rakhi,RKEX101,1
555,rakhi,RKEX102,1
555,rakhi,RKEX103,1
555,rakhi,RKEX106,1
555,rakhi,RKEX107,1
555,rakhi,RKEX108,1
555,rakhi,RKEX109,1
555,rakhi,RKEX110,1
555,rakhi,RKEX111,1
555,rakhi,RKEX112,1
555,rakhi,RKEX113,1
555,rakhi,RKEX114,1
555,rakhi,RKEX115,1
555,rakhi,RKEX116,1
555,rakhi,RKEX117,1
555,rakhi,RKEX118,1
555,rakhi,RKEX119,1
555,rakhi,RKEX120,1
555,rakhi,RKEX122,1
555,rakhi,RKEX123,1
555,rakhi,RKEX124,1
555,rakhi,RKEX125,1
555,rakhi,RKEX126,1
555,rakhi,RKEX127,1
555,rakhi,RKEX129,1
555,rakhi,RKEX131,1
555,rakhi,RKEX132,1
555,rakhi,RKEX133,1
555,rakhi,RKEX135,1
555,rakhi,RKEX136,1
555,rakhi,RKEX137,1
555,rakhi,RKEX138,1
555,rakhi,RKEX139,1
555,rakhi,RKEX140,1
555,rakhi,RKEX141,1
555,rakhi,RKEX143,1
555,rakhi,RKEX144,1
555,rakhi,RKEX145,1
555,rakhi,RKEX146,1
555,rakhi,RKEX147,1
555,rakhi,RKEX148,1
555,rakhi,RKEX19,1
555,rakhi,RKEX22,1
555,rakhi,RKEX23,1
555,rakhi,RKEX25,1
555,rakhi,RKEX26,1
555,rakhi,RKEX27,1
555,rakhi,RKEX28,1
555,rakhi,RKEX29,1
555,rakhi,RKEX3,1
555,rakhi,RKEX30,1
555,rakhi,RKEX31,1
555,rakhi,RKEX32,1
555,rakhi,RKEX36,1
555,rakhi,RKEX37,1
555,rakhi,RKEX38,1
555,rakhi,RKEX4,1
555,rakhi,RKEX401,1
555,rakhi,RKEX402,1
555,rakhi,RKEX403,1
555,rakhi,RKEX404,1
555,rakhi,RKEX405,1
555,rakhi,RKEX406,1
555,rakhi,RKEX407,1
555,rakhi,RKEX408,1
555,rakhi,RKEX409,1
555,rakhi,RKEX41,1
555,rakhi,RKEX410,1
555,rakhi,RKEX411,1
555,rakhi,RKEX412,1
555,rakhi,RKEX413,1
555,rakhi,RKEX414,1
555,rakhi,RKEX415,1
555,rakhi,RKEX416,1
555,rakhi,RKEX417,1
555,rakhi,RKEX418,1
555,rakhi,RKEX419,1
555,rakhi,RKEX420,1
555,rakhi,RKEX421,1
555,rakhi,RKEX422,1
555,rakhi,RKEX423,1
555,rakhi,RKEX424,1
555,rakhi,RKEX425,1
555,rakhi,RKEX426,1
555,rakhi,RKEX428,1
555,rakhi,RKEX43,1
555,rakhi,RKEX430,1
555,rakhi,RKEX431,1
555,rakhi,RKEX432,1
555,rakhi,RKEX433,1
555,rakhi,RKEX434,1
555,rakhi,RKEX435,1
555,rakhi,RKEX436,1
555,rakhi,RKEX437,1
555,rakhi,RKEX438,1
555,rakhi,RKEX439,1
555,rakhi,RKEX440,1
555,rakhi,RKEX441,1
555,rakhi,RKEX442,1
555,rakhi,RKEX443,1
555,rakhi,RKEX444,1
555,rakhi,RKEX445,1
555,rakhi,RKEX45,1
555,rakhi,RKEX451,1
555,rakhi,RKEX452,1
555,rakhi,RKEX453,1
555,rakhi,RKEX454,1
555,rakhi,RKEX456,1
555,rakhi,RKEX457,1
555,rakhi,RKEX459,1
555,rakhi,RKEX46,1
555,rakhi,RKEX460,1
555,rakhi,RKEX461,1
555,rakhi,RKEX462,1
555,rakhi,RKEX463,1
555,rakhi,RKEX464,1
555,rakhi,RKEX465,1
555,rakhi,RKEX466,1
555,rakhi,RKEX467,1
555,rakhi,RKEX468,1
555,rakhi,RKEX469,1
555,rakhi,RKEX470,1
555,rakhi,RKEX471,1
555,rakhi,RKEX472,1
555,rakhi,RKEX473,1
555,rakhi,RKEX474,1
555,rakhi,RKEX475,1
555,rakhi,RKEX476,1
555,rakhi,RKEX477,1
555,rakhi,RKEX478,1
555,rakhi,RKEX479,1
555,rakhi,RKEX48,1
555,rakhi,RKEX480,1
555,rakhi,RKEX481,1
555,rakhi,RKEX482,1
555,rakhi,RKEX483,1
555,rakhi,RKEX484,1
555,rakhi,RKEX485,1
555,rakhi,RKEX486,1
555,rakhi,RKEX487,1
555,rakhi,RKEX488,1
555,rakhi,RKEX489,1
555,rakhi,RKEX49,1
555,rakhi,RKEX490,1
555,rakhi,RKEX491,1
555,rakhi,RKEX492,1
555,rakhi,RKEX5,1
555,rakhi,RKEX50,1
555,rakhi,RKEX509,1
555,rakhi,RKEX51,1
555,rakhi,RKEX510,1
555,rakhi,RKEX511,1
555,rakhi,RKEX512,1
555,rakhi,RKEX513,1
555,rakhi,RKEX514,1
555,rakhi,RKEX515,1
555,rakhi,RKEX516,1
555,rakhi,RKEX517,1
555,rakhi,RKEX518,1
555,rakhi,RKEX519,1
555,rakhi,RKEX52,1
555,rakhi,RKEX520,1
555,rakhi,RKEX521,1
555,rakhi,RKEX522,1
555,rakhi,RKEX523,1
555,rakhi,RKEX524,1
555,rakhi,RKEX525,1
555,rakhi,RKEX526,1
555,rakhi,RKEX527,1
555,rakhi,RKEX528,1
555,rakhi,RKEX529,1
555,rakhi,RKEX53,1
555,rakhi,RKEX530,1
555,rakhi,RKEX531,1
555,rakhi,RKEX536,1
555,rakhi,RKEX537,1
555,rakhi,RKEX539,1
555,rakhi,RKEX542,1
555,rakhi,RKEX543,1
555,rakhi,RKEX545,1
555,rakhi,RKEX546,1
555,rakhi,RKEX547,1
555,rakhi,RKEX55,1
555,rakhi,RKEX550,1
555,rakhi,RKEX551,1
555,rakhi,RKEX552,1
555,rakhi,RKEX553,1
555,rakhi,RKEX554,1
555,rakhi,RKEX555,1
555,rakhi,RKEX556,1
555,rakhi,RKEX558,1
555,rakhi,RKEX559,1
555,rakhi,RKEX56,1
555,rakhi,RKEX560,1
555,rakhi,RKEX561,1
555,rakhi,RKEX562,1
555,rakhi,RKEX563,1
555,rakhi,RKEX564,1
555,rakhi,RKEX566,1
555,rakhi,RKEX567,1
555,rakhi,RKEX568,1
555,rakhi,RKEX569,1
555,rakhi,RKEX57,1
555,rakhi,RKEX570,1
555,rakhi,RKEX572,1
555,rakhi,RKEX573,1
555,rakhi,RKEX575,1
555,rakhi,RKEX576,1
555,rakhi,RKEX577,1
555,rakhi,RKEX579,1
555,rakhi,RKEX58,1
555,rakhi,RKEX580,1
555,rakhi,RKEX581,1
555,rakhi,RKEX582,1
555,rakhi,RKEX583,1
555,rakhi,RKEX584,1
555,rakhi,RKEX585,1
555,rakhi,RKEX586,1
555,rakhi,RKEX588,1
555,rakhi,RKEX590,1
555,rakhi,RKEX591,1
555,rakhi,RKEX592,1
555,rakhi,RKEX593,1
555,rakhi,RKEX594,1
555,rakhi,RKEX595,1
555,rakhi,RKEX596,1
555,rakhi,RKEX597,1
555,rakhi,RKEX598,1
555,rakhi,RKEX599,1
555,rakhi,RKEX6,1
555,rakhi,RKEX60,1
555,rakhi,RKEX61,1
555,rakhi,RKEX62,1
555,rakhi,RKEX63,1
555,rakhi,RKEX75,1
555,rakhi,RKEX76,1
555,rakhi,RKEX77,1
555,rakhi,RKEX78,1
555,rakhi,RKEX8,1
555,rakhi,RKEX80,1
555,rakhi,RKEX81,1
555,rakhi,RKEX85,1
555,rakhi,RKEX87,1
555,rakhi,RKEX89,1
555,rakhi,RKEX9,1
555,rakhi,RKEX90,1
555,rakhi,RKEX93,1
555,rakhi,RKEX94,1
555,rakhi,RKEX95,1
555,rakhi,RKEX96,1
555,rakhi,RKEX97,1
555,rakhi,RKEX98,1
556,rakhi,RAKHIEXP104,1
556,rakhi,RAKHIEXP116,1
556,rakhi,RAKHIEXP118,1
556,rakhi,RAKHIEXP119,1
556,rakhi,RAKHIEXP120,1
556,rakhi,RAKHIEXP121,1
556,rakhi,RAKHIEXP125,1
556,rakhi,RAKHIEXP130,1
556,rakhi,RAKHIEXP131,1
556,rakhi,RAKHIEXP132,1
556,rakhi,RAKHIEXP133,1
556,rakhi,RAKHIEXP146,1
556,rakhi,RAKHIEXP147,1
556,rakhi,RAKHIEXP148,1
556,rakhi,RKEX10,1
556,rakhi,RKEX100,1
556,rakhi,RKEX101,1
556,rakhi,RKEX102,1
556,rakhi,RKEX103,1
556,rakhi,RKEX106,1
556,rakhi,RKEX107,1
556,rakhi,RKEX108,1
556,rakhi,RKEX109,1
556,rakhi,RKEX110,1
556,rakhi,RKEX111,1
556,rakhi,RKEX112,1
556,rakhi,RKEX113,1
556,rakhi,RKEX114,1
556,rakhi,RKEX115,1
556,rakhi,RKEX116,1
556,rakhi,RKEX117,1
556,rakhi,RKEX118,1
556,rakhi,RKEX119,1
556,rakhi,RKEX120,1
556,rakhi,RKEX122,1
556,rakhi,RKEX123,1
556,rakhi,RKEX124,1
556,rakhi,RKEX125,1
556,rakhi,RKEX126,1
556,rakhi,RKEX127,1
556,rakhi,RKEX129,1
556,rakhi,RKEX131,1
556,rakhi,RKEX132,1
556,rakhi,RKEX133,1
556,rakhi,RKEX135,1
556,rakhi,RKEX136,1
556,rakhi,RKEX137,1
556,rakhi,RKEX138,1
556,rakhi,RKEX139,1
556,rakhi,RKEX140,1
556,rakhi,RKEX141,1
556,rakhi,RKEX143,1
556,rakhi,RKEX144,1
556,rakhi,RKEX145,1
556,rakhi,RKEX146,1
556,rakhi,RKEX147,1
556,rakhi,RKEX148,1
556,rakhi,RKEX19,1
556,rakhi,RKEX22,1
556,rakhi,RKEX23,1
556,rakhi,RKEX25,1
556,rakhi,RKEX26,1
556,rakhi,RKEX27,1
556,rakhi,RKEX28,1
556,rakhi,RKEX29,1
556,rakhi,RKEX3,1
556,rakhi,RKEX30,1
556,rakhi,RKEX31,1
556,rakhi,RKEX32,1
556,rakhi,RKEX36,1
556,rakhi,RKEX37,1
556,rakhi,RKEX38,1
556,rakhi,RKEX4,1
556,rakhi,RKEX401,1
556,rakhi,RKEX402,1
556,rakhi,RKEX403,1
556,rakhi,RKEX404,1
556,rakhi,RKEX405,1
556,rakhi,RKEX406,1
556,rakhi,RKEX407,1
556,rakhi,RKEX408,1
556,rakhi,RKEX409,1
556,rakhi,RKEX41,1
556,rakhi,RKEX410,1
556,rakhi,RKEX411,1
556,rakhi,RKEX412,1
556,rakhi,RKEX413,1
556,rakhi,RKEX414,1
556,rakhi,RKEX415,1
556,rakhi,RKEX416,1
556,rakhi,RKEX417,1
556,rakhi,RKEX418,1
556,rakhi,RKEX419,1
556,rakhi,RKEX420,1
556,rakhi,RKEX421,1
556,rakhi,RKEX422,1
556,rakhi,RKEX423,1
556,rakhi,RKEX424,1
556,rakhi,RKEX425,1
556,rakhi,RKEX426,1
556,rakhi,RKEX428,1
556,rakhi,RKEX43,1
556,rakhi,RKEX430,1
556,rakhi,RKEX431,1
556,rakhi,RKEX432,1
556,rakhi,RKEX433,1
556,rakhi,RKEX434,1
556,rakhi,RKEX435,1
556,rakhi,RKEX436,1
556,rakhi,RKEX437,1
556,rakhi,RKEX438,1
556,rakhi,RKEX439,1
556,rakhi,RKEX440,1
556,rakhi,RKEX441,1
556,rakhi,RKEX442,1
556,rakhi,RKEX443,1
556,rakhi,RKEX444,1
556,rakhi,RKEX445,1
556,rakhi,RKEX45,1
556,rakhi,RKEX451,1
556,rakhi,RKEX452,1
556,rakhi,RKEX453,1
556,rakhi,RKEX454,1
556,rakhi,RKEX456,1
556,rakhi,RKEX457,1
556,rakhi,RKEX459,1
556,rakhi,RKEX46,1
556,rakhi,RKEX460,1
556,rakhi,RKEX461,1
556,rakhi,RKEX462,1
556,rakhi,RKEX463,1
556,rakhi,RKEX464,1
556,rakhi,RKEX465,1
556,rakhi,RKEX466,1
556,rakhi,RKEX467,1
556,rakhi,RKEX468,1
556,rakhi,RKEX469,1
556,rakhi,RKEX470,1
556,rakhi,RKEX471,1
556,rakhi,RKEX472,1
556,rakhi,RKEX473,1
556,rakhi,RKEX474,1
556,rakhi,RKEX475,1
556,rakhi,RKEX476,1
556,rakhi,RKEX477,1
556,rakhi,RKEX478,1
556,rakhi,RKEX479,1
556,rakhi,RKEX48,1
556,rakhi,RKEX480,1
556,rakhi,RKEX481,1
556,rakhi,RKEX482,1
556,rakhi,RKEX483,1
556,rakhi,RKEX484,1
556,rakhi,RKEX485,1
556,rakhi,RKEX486,1
556,rakhi,RKEX487,1
556,rakhi,RKEX488,1
556,rakhi,RKEX489,1
556,rakhi,RKEX49,1
556,rakhi,RKEX490,1
556,rakhi,RKEX491,1
556,rakhi,RKEX492,1
556,rakhi,RKEX5,1
556,rakhi,RKEX50,1
556,rakhi,RKEX509,1
556,rakhi,RKEX51,1
556,rakhi,RKEX510,1
556,rakhi,RKEX511,1
556,rakhi,RKEX512,1
556,rakhi,RKEX513,1
556,rakhi,RKEX514,1
556,rakhi,RKEX515,1
556,rakhi,RKEX516,1
556,rakhi,RKEX517,1
556,rakhi,RKEX518,1
556,rakhi,RKEX519,1
556,rakhi,RKEX52,1
556,rakhi,RKEX520,1
556,rakhi,RKEX521,1
556,rakhi,RKEX522,1
556,rakhi,RKEX523,1
556,rakhi,RKEX524,1
556,rakhi,RKEX525,1
556,rakhi,RKEX526,1
556,rakhi,RKEX527,1
556,rakhi,RKEX528,1
556,rakhi,RKEX529,1
556,rakhi,RKEX53,1
556,rakhi,RKEX530,1
556,rakhi,RKEX531,1
556,rakhi,RKEX536,1
556,rakhi,RKEX537,1
556,rakhi,RKEX539,1
556,rakhi,RKEX542,1
556,rakhi,RKEX543,1
556,rakhi,RKEX545,1
556,rakhi,RKEX546,1
556,rakhi,RKEX547,1
556,rakhi,RKEX55,1
556,rakhi,RKEX550,1
556,rakhi,RKEX551,1
556,rakhi,RKEX552,1
556,rakhi,RKEX553,1
556,rakhi,RKEX554,1
556,rakhi,RKEX555,1
556,rakhi,RKEX556,1
556,rakhi,RKEX558,1
556,rakhi,RKEX559,1
556,rakhi,RKEX56,1
556,rakhi,RKEX560,1
556,rakhi,RKEX561,1
556,rakhi,RKEX562,1
556,rakhi,RKEX563,1
556,rakhi,RKEX564,1
556,rakhi,RKEX566,1
556,rakhi,RKEX567,1
556,rakhi,RKEX568,1
556,rakhi,RKEX569,1
556,rakhi,RKEX57,1
556,rakhi,RKEX570,1
556,rakhi,RKEX572,1
556,rakhi,RKEX573,1
556,rakhi,RKEX575,1
556,rakhi,RKEX576,1
556,rakhi,RKEX577,1
556,rakhi,RKEX579,1
556,rakhi,RKEX58,1
556,rakhi,RKEX580,1
556,rakhi,RKEX581,1
556,rakhi,RKEX582,1
556,rakhi,RKEX583,1
556,rakhi,RKEX584,1
556,rakhi,RKEX585,1
556,rakhi,RKEX586,1
556,rakhi,RKEX588,1
556,rakhi,RKEX590,1
556,rakhi,RKEX591,1
556,rakhi,RKEX592,1
556,rakhi,RKEX593,1
556,rakhi,RKEX594,1
556,rakhi,RKEX595,1
556,rakhi,RKEX596,1
556,rakhi,RKEX597,1
556,rakhi,RKEX598,1
556,rakhi,RKEX599,1
556,rakhi,RKEX6,1
556,rakhi,RKEX60,1
556,rakhi,RKEX61,1
556,rakhi,RKEX62,1
556,rakhi,RKEX63,1
556,rakhi,RKEX75,1
556,rakhi,RKEX76,1
556,rakhi,RKEX77,1
556,rakhi,RKEX78,1
556,rakhi,RKEX8,1
556,rakhi,RKEX80,1
556,rakhi,RKEX81,1
556,rakhi,RKEX85,1
556,rakhi,RKEX87,1
556,rakhi,RKEX89,1
556,rakhi,RKEX9,1
556,rakhi,RKEX90,1
556,rakhi,RKEX93,1
556,rakhi,RKEX94,1
556,rakhi,RKEX95,1
556,rakhi,RKEX96,1
556,rakhi,RKEX97,1
556,rakhi,RKEX98,1
557,rakhi,RAKHIEXP104,1
557,rakhi,RAKHIEXP116,1
557,rakhi,RAKHIEXP118,1
557,rakhi,RAKHIEXP119,1
557,rakhi,RAKHIEXP120,1
557,rakhi,RAKHIEXP121,1
557,rakhi,RAKHIEXP125,1
557,rakhi,RAKHIEXP130,1
557,rakhi,RAKHIEXP131,1
557,rakhi,RAKHIEXP132,1
557,rakhi,RAKHIEXP133,1
557,rakhi,RAKHIEXP146,1
557,rakhi,RAKHIEXP147,1
557,rakhi,RAKHIEXP148,1
557,rakhi,RKEX10,1
557,rakhi,RKEX100,1
557,rakhi,RKEX101,1
557,rakhi,RKEX102,1
557,rakhi,RKEX103,1
557,rakhi,RKEX106,1
557,rakhi,RKEX107,1
557,rakhi,RKEX108,1
557,rakhi,RKEX109,1
557,rakhi,RKEX110,1
557,rakhi,RKEX111,1
557,rakhi,RKEX112,1
557,rakhi,RKEX113,1
557,rakhi,RKEX114,1
557,rakhi,RKEX115,1
557,rakhi,RKEX116,1
557,rakhi,RKEX117,1
557,rakhi,RKEX118,1
557,rakhi,RKEX119,1
557,rakhi,RKEX120,1
557,rakhi,RKEX122,1
557,rakhi,RKEX123,1
557,rakhi,RKEX124,1
557,rakhi,RKEX125,1
557,rakhi,RKEX126,1
557,rakhi,RKEX127,1
557,rakhi,RKEX129,1
557,rakhi,RKEX131,1
557,rakhi,RKEX132,1
557,rakhi,RKEX133,1
557,rakhi,RKEX135,1
557,rakhi,RKEX136,1
557,rakhi,RKEX137,1
557,rakhi,RKEX138,1
557,rakhi,RKEX139,1
557,rakhi,RKEX140,1
557,rakhi,RKEX141,1
557,rakhi,RKEX143,1
557,rakhi,RKEX144,1
557,rakhi,RKEX145,1
557,rakhi,RKEX146,1
557,rakhi,RKEX147,1
557,rakhi,RKEX148,1
557,rakhi,RKEX19,1
557,rakhi,RKEX22,1
557,rakhi,RKEX23,1
557,rakhi,RKEX25,1
557,rakhi,RKEX26,1
557,rakhi,RKEX27,1
557,rakhi,RKEX28,1
557,rakhi,RKEX29,1
557,rakhi,RKEX3,1
557,rakhi,RKEX30,1
557,rakhi,RKEX31,1
557,rakhi,RKEX32,1
557,rakhi,RKEX36,1
557,rakhi,RKEX37,1
557,rakhi,RKEX38,1
557,rakhi,RKEX4,1
557,rakhi,RKEX401,1
557,rakhi,RKEX402,1
557,rakhi,RKEX403,1
557,rakhi,RKEX404,1
557,rakhi,RKEX405,1
557,rakhi,RKEX406,1
557,rakhi,RKEX407,1
557,rakhi,RKEX408,1
557,rakhi,RKEX409,1
557,rakhi,RKEX41,1
557,rakhi,RKEX410,1
557,rakhi,RKEX411,1
557,rakhi,RKEX412,1
557,rakhi,RKEX413,1
557,rakhi,RKEX414,1
557,rakhi,RKEX415,1
557,rakhi,RKEX416,1
557,rakhi,RKEX417,1
557,rakhi,RKEX418,1
557,rakhi,RKEX419,1
557,rakhi,RKEX420,1
557,rakhi,RKEX421,1
557,rakhi,RKEX422,1
557,rakhi,RKEX423,1
557,rakhi,RKEX424,1
557,rakhi,RKEX425,1
557,rakhi,RKEX426,1
557,rakhi,RKEX428,1
557,rakhi,RKEX43,1
557,rakhi,RKEX430,1
557,rakhi,RKEX431,1
557,rakhi,RKEX432,1
557,rakhi,RKEX433,1
557,rakhi,RKEX434,1
557,rakhi,RKEX435,1
557,rakhi,RKEX436,1
557,rakhi,RKEX437,1
557,rakhi,RKEX438,1
557,rakhi,RKEX439,1
557,rakhi,RKEX440,1
557,rakhi,RKEX441,1
557,rakhi,RKEX442,1
557,rakhi,RKEX443,1
557,rakhi,RKEX444,1
557,rakhi,RKEX445,1
557,rakhi,RKEX45,1
557,rakhi,RKEX451,1
557,rakhi,RKEX452,1
557,rakhi,RKEX453,1
557,rakhi,RKEX454,1
557,rakhi,RKEX456,1
557,rakhi,RKEX457,1
557,rakhi,RKEX459,1
557,rakhi,RKEX46,1
557,rakhi,RKEX460,1
557,rakhi,RKEX461,1
557,rakhi,RKEX462,1
557,rakhi,RKEX463,1
557,rakhi,RKEX464,1
557,rakhi,RKEX465,1
557,rakhi,RKEX466,1
557,rakhi,RKEX467,1
557,rakhi,RKEX468,1
557,rakhi,RKEX469,1
557,rakhi,RKEX470,1
557,rakhi,RKEX471,1
557,rakhi,RKEX472,1
557,rakhi,RKEX473,1
557,rakhi,RKEX474,1
557,rakhi,RKEX475,1
557,rakhi,RKEX476,1
557,rakhi,RKEX477,1
557,rakhi,RKEX478,1
557,rakhi,RKEX479,1
557,rakhi,RKEX48,1
557,rakhi,RKEX480,1
557,rakhi,RKEX481,1
557,rakhi,RKEX482,1
557,rakhi,RKEX483,1
557,rakhi,RKEX484,1
557,rakhi,RKEX485,1
557,rakhi,RKEX486,1
557,rakhi,RKEX487,1
557,rakhi,RKEX488,1
557,rakhi,RKEX489,1
557,rakhi,RKEX49,1
557,rakhi,RKEX490,1
557,rakhi,RKEX491,1
557,rakhi,RKEX492,1
557,rakhi,RKEX5,1
557,rakhi,RKEX50,1
557,rakhi,RKEX509,1
557,rakhi,RKEX51,1
557,rakhi,RKEX510,1
557,rakhi,RKEX511,1
557,rakhi,RKEX512,1
557,rakhi,RKEX513,1
557,rakhi,RKEX514,1
557,rakhi,RKEX515,1
557,rakhi,RKEX516,1
557,rakhi,RKEX517,1
557,rakhi,RKEX518,1
557,rakhi,RKEX519,1
557,rakhi,RKEX52,1
557,rakhi,RKEX520,1
557,rakhi,RKEX521,1
557,rakhi,RKEX522,1
557,rakhi,RKEX523,1
557,rakhi,RKEX524,1
557,rakhi,RKEX525,1
557,rakhi,RKEX526,1
557,rakhi,RKEX527,1
557,rakhi,RKEX528,1
557,rakhi,RKEX529,1
557,rakhi,RKEX53,1
557,rakhi,RKEX530,1
557,rakhi,RKEX531,1
557,rakhi,RKEX536,1
557,rakhi,RKEX537,1
557,rakhi,RKEX539,1
557,rakhi,RKEX542,1
557,rakhi,RKEX543,1
557,rakhi,RKEX545,1
557,rakhi,RKEX546,1
557,rakhi,RKEX547,1
557,rakhi,RKEX55,1
557,rakhi,RKEX550,1
557,rakhi,RKEX551,1
557,rakhi,RKEX552,1
557,rakhi,RKEX553,1
557,rakhi,RKEX554,1
557,rakhi,RKEX555,1
557,rakhi,RKEX556,1
557,rakhi,RKEX558,1
557,rakhi,RKEX559,1
557,rakhi,RKEX56,1
557,rakhi,RKEX560,1
557,rakhi,RKEX561,1
557,rakhi,RKEX562,1
557,rakhi,RKEX563,1
557,rakhi,RKEX564,1
557,rakhi,RKEX566,1
557,rakhi,RKEX567,1
557,rakhi,RKEX568,1
557,rakhi,RKEX569,1
557,rakhi,RKEX57,1
557,rakhi,RKEX570,1
557,rakhi,RKEX572,1
557,rakhi,RKEX573,1
557,rakhi,RKEX575,1
557,rakhi,RKEX576,1
557,rakhi,RKEX577,1
557,rakhi,RKEX579,1
557,rakhi,RKEX58,1
557,rakhi,RKEX580,1
557,rakhi,RKEX581,1
557,rakhi,RKEX582,1
557,rakhi,RKEX583,1
557,rakhi,RKEX584,1
557,rakhi,RKEX585,1
557,rakhi,RKEX586,1
557,rakhi,RKEX588,1
557,rakhi,RKEX590,1
557,rakhi,RKEX591,1
557,rakhi,RKEX592,1
557,rakhi,RKEX593,1
557,rakhi,RKEX594,1
557,rakhi,RKEX595,1
557,rakhi,RKEX596,1
557,rakhi,RKEX597,1
557,rakhi,RKEX598,1
557,rakhi,RKEX599,1
557,rakhi,RKEX6,1
557,rakhi,RKEX60,1
557,rakhi,RKEX61,1
557,rakhi,RKEX62,1
557,rakhi,RKEX63,1
557,rakhi,RKEX75,1
557,rakhi,RKEX76,1
557,rakhi,RKEX77,1
557,rakhi,RKEX78,1
557,rakhi,RKEX8,1
557,rakhi,RKEX80,1
557,rakhi,RKEX81,1
557,rakhi,RKEX85,1
557,rakhi,RKEX87,1
557,rakhi,RKEX89,1
557,rakhi,RKEX9,1
557,rakhi,RKEX90,1
557,rakhi,RKEX93,1
557,rakhi,RKEX94,1
557,rakhi,RKEX95,1
557,rakhi,RKEX96,1
557,rakhi,RKEX97,1
557,rakhi,RKEX98,1
558,rakhi,RAKHIEXP104,1
558,rakhi,RAKHIEXP116,1
558,rakhi,RAKHIEXP118,1
558,rakhi,RAKHIEXP119,1
558,rakhi,RAKHIEXP120,1
558,rakhi,RAKHIEXP121,1
558,rakhi,RAKHIEXP125,1
558,rakhi,RAKHIEXP130,1
558,rakhi,RAKHIEXP131,1
558,rakhi,RAKHIEXP132,1
558,rakhi,RAKHIEXP133,1
558,rakhi,RAKHIEXP146,1
558,rakhi,RAKHIEXP147,1
558,rakhi,RAKHIEXP148,1
558,rakhi,RKEX10,1
558,rakhi,RKEX100,1
558,rakhi,RKEX101,1
558,rakhi,RKEX102,1
558,rakhi,RKEX103,1
558,rakhi,RKEX106,1
558,rakhi,RKEX107,1
558,rakhi,RKEX108,1
558,rakhi,RKEX109,1
558,rakhi,RKEX110,1
558,rakhi,RKEX111,1
558,rakhi,RKEX112,1
558,rakhi,RKEX113,1
558,rakhi,RKEX114,1
558,rakhi,RKEX115,1
558,rakhi,RKEX116,1
558,rakhi,RKEX117,1
558,rakhi,RKEX118,1
558,rakhi,RKEX119,1
558,rakhi,RKEX120,1
558,rakhi,RKEX122,1
558,rakhi,RKEX123,1
558,rakhi,RKEX124,1
558,rakhi,RKEX125,1
558,rakhi,RKEX126,1
558,rakhi,RKEX127,1
558,rakhi,RKEX129,1
558,rakhi,RKEX131,1
558,rakhi,RKEX132,1
558,rakhi,RKEX133,1
558,rakhi,RKEX135,1
558,rakhi,RKEX136,1
558,rakhi,RKEX137,1
558,rakhi,RKEX138,1
558,rakhi,RKEX139,1
558,rakhi,RKEX140,1
558,rakhi,RKEX141,1
558,rakhi,RKEX143,1
558,rakhi,RKEX144,1
558,rakhi,RKEX145,1
558,rakhi,RKEX146,1
558,rakhi,RKEX147,1
558,rakhi,RKEX148,1
558,rakhi,RKEX19,1
558,rakhi,RKEX22,1
558,rakhi,RKEX23,1
558,rakhi,RKEX25,1
558,rakhi,RKEX26,1
558,rakhi,RKEX27,1
558,rakhi,RKEX28,1
558,rakhi,RKEX29,1
558,rakhi,RKEX3,1
558,rakhi,RKEX30,1
558,rakhi,RKEX31,1
558,rakhi,RKEX32,1
558,rakhi,RKEX36,1
558,rakhi,RKEX37,1
558,rakhi,RKEX38,1
558,rakhi,RKEX4,1
558,rakhi,RKEX401,1
558,rakhi,RKEX402,1
558,rakhi,RKEX403,1
558,rakhi,RKEX404,1
558,rakhi,RKEX405,1
558,rakhi,RKEX406,1
558,rakhi,RKEX407,1
558,rakhi,RKEX408,1
558,rakhi,RKEX409,1
558,rakhi,RKEX41,1
558,rakhi,RKEX410,1
558,rakhi,RKEX411,1
558,rakhi,RKEX412,1
558,rakhi,RKEX413,1
558,rakhi,RKEX414,1
558,rakhi,RKEX415,1
558,rakhi,RKEX416,1
558,rakhi,RKEX417,1
558,rakhi,RKEX418,1
558,rakhi,RKEX419,1
558,rakhi,RKEX420,1
558,rakhi,RKEX421,1
558,rakhi,RKEX422,1
558,rakhi,RKEX423,1
558,rakhi,RKEX424,1
558,rakhi,RKEX425,1
558,rakhi,RKEX426,1
558,rakhi,RKEX428,1
558,rakhi,RKEX43,1
558,rakhi,RKEX430,1
558,rakhi,RKEX431,1
558,rakhi,RKEX432,1
558,rakhi,RKEX433,1
558,rakhi,RKEX434,1
558,rakhi,RKEX435,1
558,rakhi,RKEX436,1
558,rakhi,RKEX437,1
558,rakhi,RKEX438,1
558,rakhi,RKEX439,1
558,rakhi,RKEX440,1
558,rakhi,RKEX441,1
558,rakhi,RKEX442,1
558,rakhi,RKEX443,1
558,rakhi,RKEX444,1
558,rakhi,RKEX445,1
558,rakhi,RKEX45,1
558,rakhi,RKEX451,1
558,rakhi,RKEX452,1
558,rakhi,RKEX453,1
558,rakhi,RKEX454,1
558,rakhi,RKEX456,1
558,rakhi,RKEX457,1
558,rakhi,RKEX459,1
558,rakhi,RKEX46,1
558,rakhi,RKEX460,1
558,rakhi,RKEX461,1
558,rakhi,RKEX462,1
558,rakhi,RKEX463,1
558,rakhi,RKEX464,1
558,rakhi,RKEX465,1
558,rakhi,RKEX466,1
558,rakhi,RKEX467,1
558,rakhi,RKEX468,1
558,rakhi,RKEX469,1
558,rakhi,RKEX470,1
558,rakhi,RKEX471,1
558,rakhi,RKEX472,1
558,rakhi,RKEX473,1
558,rakhi,RKEX474,1
558,rakhi,RKEX475,1
558,rakhi,RKEX476,1
558,rakhi,RKEX477,1
558,rakhi,RKEX478,1
558,rakhi,RKEX479,1
558,rakhi,RKEX48,1
558,rakhi,RKEX480,1
558,rakhi,RKEX481,1
558,rakhi,RKEX482,1
558,rakhi,RKEX483,1
558,rakhi,RKEX484,1
558,rakhi,RKEX485,1
558,rakhi,RKEX486,1
558,rakhi,RKEX487,1
558,rakhi,RKEX488,1
558,rakhi,RKEX489,1
558,rakhi,RKEX49,1
558,rakhi,RKEX490,1
558,rakhi,RKEX491,1
558,rakhi,RKEX492,1
558,rakhi,RKEX5,1
558,rakhi,RKEX50,1
558,rakhi,RKEX509,1
558,rakhi,RKEX51,1
558,rakhi,RKEX510,1
558,rakhi,RKEX511,1
558,rakhi,RKEX512,1
558,rakhi,RKEX513,1
558,rakhi,RKEX514,1
558,rakhi,RKEX515,1
558,rakhi,RKEX516,1
558,rakhi,RKEX517,1
558,rakhi,RKEX518,1
558,rakhi,RKEX519,1
558,rakhi,RKEX52,1
558,rakhi,RKEX520,1
558,rakhi,RKEX521,1
558,rakhi,RKEX522,1
558,rakhi,RKEX523,1
558,rakhi,RKEX524,1
558,rakhi,RKEX525,1
558,rakhi,RKEX526,1
558,rakhi,RKEX527,1
558,rakhi,RKEX528,1
558,rakhi,RKEX529,1
558,rakhi,RKEX53,1
558,rakhi,RKEX530,1
558,rakhi,RKEX531,1
558,rakhi,RKEX536,1
558,rakhi,RKEX537,1
558,rakhi,RKEX539,1
558,rakhi,RKEX542,1
558,rakhi,RKEX543,1
558,rakhi,RKEX545,1
558,rakhi,RKEX546,1
558,rakhi,RKEX547,1
558,rakhi,RKEX55,1
558,rakhi,RKEX550,1
558,rakhi,RKEX551,1
558,rakhi,RKEX552,1
558,rakhi,RKEX553,1
558,rakhi,RKEX554,1
558,rakhi,RKEX555,1
558,rakhi,RKEX556,1
558,rakhi,RKEX558,1
558,rakhi,RKEX559,1
558,rakhi,RKEX56,1
558,rakhi,RKEX560,1
558,rakhi,RKEX561,1
558,rakhi,RKEX562,1
558,rakhi,RKEX563,1
558,rakhi,RKEX564,1
558,rakhi,RKEX566,1
558,rakhi,RKEX567,1
558,rakhi,RKEX568,1
558,rakhi,RKEX569,1
558,rakhi,RKEX57,1
558,rakhi,RKEX570,1
558,rakhi,RKEX572,1
558,rakhi,RKEX573,1
558,rakhi,RKEX575,1
558,rakhi,RKEX576,1
558,rakhi,RKEX577,1
558,rakhi,RKEX579,1
558,rakhi,RKEX58,1
558,rakhi,RKEX580,1
558,rakhi,RKEX581,1
558,rakhi,RKEX582,1
558,rakhi,RKEX583,1
558,rakhi,RKEX584,1
558,rakhi,RKEX585,1
558,rakhi,RKEX586,1
558,rakhi,RKEX588,1
558,rakhi,RKEX590,1
558,rakhi,RKEX591,1
558,rakhi,RKEX592,1
558,rakhi,RKEX593,1
558,rakhi,RKEX594,1
558,rakhi,RKEX595,1
558,rakhi,RKEX596,1
558,rakhi,RKEX597,1
558,rakhi,RKEX598,1
558,rakhi,RKEX599,1
558,rakhi,RKEX6,1
558,rakhi,RKEX60,1
558,rakhi,RKEX61,1
558,rakhi,RKEX62,1
558,rakhi,RKEX63,1
558,rakhi,RKEX75,1
558,rakhi,RKEX76,1
558,rakhi,RKEX77,1
558,rakhi,RKEX78,1
558,rakhi,RKEX8,1
558,rakhi,RKEX80,1
558,rakhi,RKEX81,1
558,rakhi,RKEX85,1
558,rakhi,RKEX87,1
558,rakhi,RKEX89,1
558,rakhi,RKEX9,1
558,rakhi,RKEX90,1
558,rakhi,RKEX93,1
558,rakhi,RKEX94,1
558,rakhi,RKEX95,1
558,rakhi,RKEX96,1
558,rakhi,RKEX97,1
558,rakhi,RKEX98,1
559,rakhi,RAKHIEXP104,1
559,rakhi,RAKHIEXP116,1
559,rakhi,RAKHIEXP118,1
559,rakhi,RAKHIEXP119,1
559,rakhi,RAKHIEXP120,1
559,rakhi,RAKHIEXP121,1
559,rakhi,RAKHIEXP125,1
559,rakhi,RAKHIEXP130,1
559,rakhi,RAKHIEXP131,1
559,rakhi,RAKHIEXP132,1
559,rakhi,RAKHIEXP133,1
559,rakhi,RAKHIEXP146,1
559,rakhi,RAKHIEXP147,1
559,rakhi,RAKHIEXP148,1
559,rakhi,RKEX10,1
559,rakhi,RKEX100,1
559,rakhi,RKEX101,1
559,rakhi,RKEX102,1
559,rakhi,RKEX103,1
559,rakhi,RKEX106,1
559,rakhi,RKEX107,1
559,rakhi,RKEX108,1
559,rakhi,RKEX109,1
559,rakhi,RKEX110,1
559,rakhi,RKEX111,1
559,rakhi,RKEX112,1
559,rakhi,RKEX113,1
559,rakhi,RKEX114,1
559,rakhi,RKEX115,1
559,rakhi,RKEX116,1
559,rakhi,RKEX117,1
559,rakhi,RKEX118,1
559,rakhi,RKEX119,1
559,rakhi,RKEX120,1
559,rakhi,RKEX122,1
559,rakhi,RKEX123,1
559,rakhi,RKEX124,1
559,rakhi,RKEX125,1
559,rakhi,RKEX126,1
559,rakhi,RKEX127,1
559,rakhi,RKEX129,1
559,rakhi,RKEX131,1
559,rakhi,RKEX132,1
559,rakhi,RKEX133,1
559,rakhi,RKEX135,1
559,rakhi,RKEX136,1
559,rakhi,RKEX137,1
559,rakhi,RKEX138,1
559,rakhi,RKEX139,1
559,rakhi,RKEX140,1
559,rakhi,RKEX141,1
559,rakhi,RKEX143,1
559,rakhi,RKEX144,1
559,rakhi,RKEX145,1
559,rakhi,RKEX146,1
559,rakhi,RKEX147,1
559,rakhi,RKEX148,1
559,rakhi,RKEX19,1
559,rakhi,RKEX22,1
559,rakhi,RKEX23,1
559,rakhi,RKEX25,1
559,rakhi,RKEX26,1
559,rakhi,RKEX27,1
559,rakhi,RKEX28,1
559,rakhi,RKEX29,1
559,rakhi,RKEX3,1
559,rakhi,RKEX30,1
559,rakhi,RKEX31,1
559,rakhi,RKEX32,1
559,rakhi,RKEX36,1
559,rakhi,RKEX37,1
559,rakhi,RKEX38,1
559,rakhi,RKEX4,1
559,rakhi,RKEX401,1
559,rakhi,RKEX402,1
559,rakhi,RKEX403,1
559,rakhi,RKEX404,1
559,rakhi,RKEX405,1
559,rakhi,RKEX406,1
559,rakhi,RKEX407,1
559,rakhi,RKEX408,1
559,rakhi,RKEX409,1
559,rakhi,RKEX41,1
559,rakhi,RKEX410,1
559,rakhi,RKEX411,1
559,rakhi,RKEX412,1
559,rakhi,RKEX413,1
559,rakhi,RKEX414,1
559,rakhi,RKEX415,1
559,rakhi,RKEX416,1
559,rakhi,RKEX417,1
559,rakhi,RKEX418,1
559,rakhi,RKEX419,1
559,rakhi,RKEX420,1
559,rakhi,RKEX421,1
559,rakhi,RKEX422,1
559,rakhi,RKEX423,1
559,rakhi,RKEX424,1
559,rakhi,RKEX425,1
559,rakhi,RKEX426,1
559,rakhi,RKEX428,1
559,rakhi,RKEX43,1
559,rakhi,RKEX430,1
559,rakhi,RKEX431,1
559,rakhi,RKEX432,1
559,rakhi,RKEX433,1
559,rakhi,RKEX434,1
559,rakhi,RKEX435,1
559,rakhi,RKEX436,1
559,rakhi,RKEX437,1
559,rakhi,RKEX438,1
559,rakhi,RKEX439,1
559,rakhi,RKEX440,1
559,rakhi,RKEX441,1
559,rakhi,RKEX442,1
559,rakhi,RKEX443,1
559,rakhi,RKEX444,1
559,rakhi,RKEX445,1
559,rakhi,RKEX45,1
559,rakhi,RKEX451,1
559,rakhi,RKEX452,1
559,rakhi,RKEX453,1
559,rakhi,RKEX454,1
559,rakhi,RKEX456,1
559,rakhi,RKEX457,1
559,rakhi,RKEX459,1
559,rakhi,RKEX46,1
559,rakhi,RKEX460,1
559,rakhi,RKEX461,1
559,rakhi,RKEX462,1
559,rakhi,RKEX463,1
559,rakhi,RKEX464,1
559,rakhi,RKEX465,1
559,rakhi,RKEX466,1
559,rakhi,RKEX467,1
559,rakhi,RKEX468,1
559,rakhi,RKEX469,1
559,rakhi,RKEX470,1
559,rakhi,RKEX471,1
559,rakhi,RKEX472,1
559,rakhi,RKEX473,1
559,rakhi,RKEX474,1
559,rakhi,RKEX475,1
559,rakhi,RKEX476,1
559,rakhi,RKEX477,1
559,rakhi,RKEX478,1
559,rakhi,RKEX479,1
559,rakhi,RKEX48,1
559,rakhi,RKEX480,1
559,rakhi,RKEX481,1
559,rakhi,RKEX482,1
559,rakhi,RKEX483,1
559,rakhi,RKEX484,1
559,rakhi,RKEX485,1
559,rakhi,RKEX486,1
559,rakhi,RKEX487,1
559,rakhi,RKEX488,1
559,rakhi,RKEX489,1
559,rakhi,RKEX49,1
559,rakhi,RKEX490,1
559,rakhi,RKEX491,1
559,rakhi,RKEX492,1
559,rakhi,RKEX5,1
559,rakhi,RKEX50,1
559,rakhi,RKEX509,1
559,rakhi,RKEX51,1
559,rakhi,RKEX510,1
559,rakhi,RKEX511,1
559,rakhi,RKEX512,1
559,rakhi,RKEX513,1
559,rakhi,RKEX514,1
559,rakhi,RKEX515,1
559,rakhi,RKEX516,1
559,rakhi,RKEX517,1
559,rakhi,RKEX518,1
559,rakhi,RKEX519,1
559,rakhi,RKEX52,1
559,rakhi,RKEX520,1
559,rakhi,RKEX521,1
559,rakhi,RKEX522,1
559,rakhi,RKEX523,1
559,rakhi,RKEX524,1
559,rakhi,RKEX525,1
559,rakhi,RKEX526,1
559,rakhi,RKEX527,1
559,rakhi,RKEX528,1
559,rakhi,RKEX529,1
559,rakhi,RKEX53,1
559,rakhi,RKEX530,1
559,rakhi,RKEX531,1
559,rakhi,RKEX536,1
559,rakhi,RKEX537,1
559,rakhi,RKEX539,1
559,rakhi,RKEX542,1
559,rakhi,RKEX543,1
559,rakhi,RKEX545,1
559,rakhi,RKEX546,1
559,rakhi,RKEX547,1
559,rakhi,RKEX55,1
559,rakhi,RKEX550,1
559,rakhi,RKEX551,1
559,rakhi,RKEX552,1
559,rakhi,RKEX553,1
559,rakhi,RKEX554,1
559,rakhi,RKEX555,1
559,rakhi,RKEX556,1
559,rakhi,RKEX558,1
559,rakhi,RKEX559,1
559,rakhi,RKEX56,1
559,rakhi,RKEX560,1
559,rakhi,RKEX561,1
559,rakhi,RKEX562,1
559,rakhi,RKEX563,1
559,rakhi,RKEX564,1
559,rakhi,RKEX566,1
559,rakhi,RKEX567,1
559,rakhi,RKEX568,1
559,rakhi,RKEX569,1
559,rakhi,RKEX57,1
559,rakhi,RKEX570,1
559,rakhi,RKEX572,1
559,rakhi,RKEX573,1
559,rakhi,RKEX575,1
559,rakhi,RKEX576,1
559,rakhi,RKEX577,1
559,rakhi,RKEX579,1
559,rakhi,RKEX58,1
559,rakhi,RKEX580,1
559,rakhi,RKEX581,1
559,rakhi,RKEX582,1
559,rakhi,RKEX583,1
559,rakhi,RKEX584,1
559,rakhi,RKEX585,1
559,rakhi,RKEX586,1
559,rakhi,RKEX588,1
559,rakhi,RKEX590,1
559,rakhi,RKEX591,1
559,rakhi,RKEX592,1
559,rakhi,RKEX593,1
559,rakhi,RKEX594,1
559,rakhi,RKEX595,1
559,rakhi,RKEX596,1
559,rakhi,RKEX597,1
559,rakhi,RKEX598,1
559,rakhi,RKEX599,1
559,rakhi,RKEX6,1
559,rakhi,RKEX60,1
559,rakhi,RKEX61,1
559,rakhi,RKEX62,1
559,rakhi,RKEX63,1
559,rakhi,RKEX75,1
559,rakhi,RKEX76,1
559,rakhi,RKEX77,1
559,rakhi,RKEX78,1
559,rakhi,RKEX8,1
559,rakhi,RKEX80,1
559,rakhi,RKEX81,1
559,rakhi,RKEX85,1
559,rakhi,RKEX87,1
559,rakhi,RKEX89,1
559,rakhi,RKEX9,1
559,rakhi,RKEX90,1
559,rakhi,RKEX93,1
559,rakhi,RKEX94,1
559,rakhi,RKEX95,1
559,rakhi,RKEX96,1
559,rakhi,RKEX97,1
559,rakhi,RKEX98,1
560,rakhi,RAKHIEXP104,1
560,rakhi,RAKHIEXP116,1
560,rakhi,RAKHIEXP118,1
560,rakhi,RAKHIEXP119,1
560,rakhi,RAKHIEXP120,1
560,rakhi,RAKHIEXP121,1
560,rakhi,RAKHIEXP125,1
560,rakhi,RAKHIEXP130,1
560,rakhi,RAKHIEXP131,1
560,rakhi,RAKHIEXP132,1
560,rakhi,RAKHIEXP133,1
560,rakhi,RAKHIEXP146,1
560,rakhi,RAKHIEXP147,1
560,rakhi,RAKHIEXP148,1
560,rakhi,RKEX10,1
560,rakhi,RKEX100,1
560,rakhi,RKEX101,1
560,rakhi,RKEX102,1
560,rakhi,RKEX103,1
560,rakhi,RKEX106,1
560,rakhi,RKEX107,1
560,rakhi,RKEX108,1
560,rakhi,RKEX109,1
560,rakhi,RKEX110,1
560,rakhi,RKEX111,1
560,rakhi,RKEX112,1
560,rakhi,RKEX113,1
560,rakhi,RKEX114,1
560,rakhi,RKEX115,1
560,rakhi,RKEX116,1
560,rakhi,RKEX117,1
560,rakhi,RKEX118,1
560,rakhi,RKEX119,1
560,rakhi,RKEX120,1
560,rakhi,RKEX122,1
560,rakhi,RKEX123,1
560,rakhi,RKEX124,1
560,rakhi,RKEX125,1
560,rakhi,RKEX126,1
560,rakhi,RKEX127,1
560,rakhi,RKEX129,1
560,rakhi,RKEX131,1
560,rakhi,RKEX132,1
560,rakhi,RKEX133,1
560,rakhi,RKEX135,1
560,rakhi,RKEX136,1
560,rakhi,RKEX137,1
560,rakhi,RKEX138,1
560,rakhi,RKEX139,1
560,rakhi,RKEX140,1
560,rakhi,RKEX141,1
560,rakhi,RKEX143,1
560,rakhi,RKEX144,1
560,rakhi,RKEX145,1
560,rakhi,RKEX146,1
560,rakhi,RKEX147,1
560,rakhi,RKEX148,1
560,rakhi,RKEX19,1
560,rakhi,RKEX22,1
560,rakhi,RKEX23,1
560,rakhi,RKEX25,1
560,rakhi,RKEX26,1
560,rakhi,RKEX27,1
560,rakhi,RKEX28,1
560,rakhi,RKEX29,1
560,rakhi,RKEX3,1
560,rakhi,RKEX30,1
560,rakhi,RKEX31,1
560,rakhi,RKEX32,1
560,rakhi,RKEX36,1
560,rakhi,RKEX37,1
560,rakhi,RKEX38,1
560,rakhi,RKEX4,1
560,rakhi,RKEX401,1
560,rakhi,RKEX402,1
560,rakhi,RKEX403,1
560,rakhi,RKEX404,1
560,rakhi,RKEX405,1
560,rakhi,RKEX406,1
560,rakhi,RKEX407,1
560,rakhi,RKEX408,1
560,rakhi,RKEX409,1
560,rakhi,RKEX41,1
560,rakhi,RKEX410,1
560,rakhi,RKEX411,1
560,rakhi,RKEX412,1
560,rakhi,RKEX413,1
560,rakhi,RKEX414,1
560,rakhi,RKEX415,1
560,rakhi,RKEX416,1
560,rakhi,RKEX417,1
560,rakhi,RKEX418,1
560,rakhi,RKEX419,1
560,rakhi,RKEX420,1
560,rakhi,RKEX421,1
560,rakhi,RKEX422,1
560,rakhi,RKEX423,1
560,rakhi,RKEX424,1
560,rakhi,RKEX425,1
560,rakhi,RKEX426,1
560,rakhi,RKEX428,1
560,rakhi,RKEX43,1
560,rakhi,RKEX430,1
560,rakhi,RKEX431,1
560,rakhi,RKEX432,1
560,rakhi,RKEX433,1
560,rakhi,RKEX434,1
560,rakhi,RKEX435,1
560,rakhi,RKEX436,1
560,rakhi,RKEX437,1
560,rakhi,RKEX438,1
560,rakhi,RKEX439,1
560,rakhi,RKEX440,1
560,rakhi,RKEX441,1
560,rakhi,RKEX442,1
560,rakhi,RKEX443,1
560,rakhi,RKEX444,1
560,rakhi,RKEX445,1
560,rakhi,RKEX45,1
560,rakhi,RKEX451,1
560,rakhi,RKEX452,1
560,rakhi,RKEX453,1
560,rakhi,RKEX454,1
560,rakhi,RKEX456,1
560,rakhi,RKEX457,1
560,rakhi,RKEX459,1
560,rakhi,RKEX46,1
560,rakhi,RKEX460,1
560,rakhi,RKEX461,1
560,rakhi,RKEX462,1
560,rakhi,RKEX463,1
560,rakhi,RKEX464,1
560,rakhi,RKEX465,1
560,rakhi,RKEX466,1
560,rakhi,RKEX467,1
560,rakhi,RKEX468,1
560,rakhi,RKEX469,1
560,rakhi,RKEX470,1
560,rakhi,RKEX471,1
560,rakhi,RKEX472,1
560,rakhi,RKEX473,1
560,rakhi,RKEX474,1
560,rakhi,RKEX475,1
560,rakhi,RKEX476,1
560,rakhi,RKEX477,1
560,rakhi,RKEX478,1
560,rakhi,RKEX479,1
560,rakhi,RKEX48,1
560,rakhi,RKEX480,1
560,rakhi,RKEX481,1
560,rakhi,RKEX482,1
560,rakhi,RKEX483,1
560,rakhi,RKEX484,1
560,rakhi,RKEX485,1
560,rakhi,RKEX486,1
560,rakhi,RKEX487,1
560,rakhi,RKEX488,1
560,rakhi,RKEX489,1
560,rakhi,RKEX49,1
560,rakhi,RKEX490,1
560,rakhi,RKEX491,1
560,rakhi,RKEX492,1
560,rakhi,RKEX5,1
560,rakhi,RKEX50,1
560,rakhi,RKEX509,1
560,rakhi,RKEX51,1
560,rakhi,RKEX510,1
560,rakhi,RKEX511,1
560,rakhi,RKEX512,1
560,rakhi,RKEX513,1
560,rakhi,RKEX514,1
560,rakhi,RKEX515,1
560,rakhi,RKEX516,1
560,rakhi,RKEX517,1
560,rakhi,RKEX518,1
560,rakhi,RKEX519,1
560,rakhi,RKEX52,1
560,rakhi,RKEX520,1
560,rakhi,RKEX521,1
560,rakhi,RKEX522,1
560,rakhi,RKEX523,1
560,rakhi,RKEX524,1
560,rakhi,RKEX525,1
560,rakhi,RKEX526,1
560,rakhi,RKEX527,1
560,rakhi,RKEX528,1
560,rakhi,RKEX529,1
560,rakhi,RKEX53,1
560,rakhi,RKEX530,1
560,rakhi,RKEX531,1
560,rakhi,RKEX536,1
560,rakhi,RKEX537,1
560,rakhi,RKEX539,1
560,rakhi,RKEX542,1
560,rakhi,RKEX543,1
560,rakhi,RKEX545,1
560,rakhi,RKEX546,1
560,rakhi,RKEX547,1
560,rakhi,RKEX55,1
560,rakhi,RKEX550,1
560,rakhi,RKEX551,1
560,rakhi,RKEX552,1
560,rakhi,RKEX553,1
560,rakhi,RKEX554,1
560,rakhi,RKEX555,1
560,rakhi,RKEX556,1
560,rakhi,RKEX558,1
560,rakhi,RKEX559,1
560,rakhi,RKEX56,1
560,rakhi,RKEX560,1
560,rakhi,RKEX561,1
560,rakhi,RKEX562,1
560,rakhi,RKEX563,1
560,rakhi,RKEX564,1
560,rakhi,RKEX566,1
560,rakhi,RKEX567,1
560,rakhi,RKEX568,1
560,rakhi,RKEX569,1
560,rakhi,RKEX57,1
560,rakhi,RKEX570,1
560,rakhi,RKEX572,1
560,rakhi,RKEX573,1
560,rakhi,RKEX575,1
560,rakhi,RKEX576,1
560,rakhi,RKEX577,1
560,rakhi,RKEX579,1
560,rakhi,RKEX58,1
560,rakhi,RKEX580,1
560,rakhi,RKEX581,1
560,rakhi,RKEX582,1
560,rakhi,RKEX583,1
560,rakhi,RKEX584,1
560,rakhi,RKEX585,1
560,rakhi,RKEX586,1
560,rakhi,RKEX588,1
560,rakhi,RKEX590,1
560,rakhi,RKEX591,1
560,rakhi,RKEX592,1
560,rakhi,RKEX593,1
560,rakhi,RKEX594,1
560,rakhi,RKEX595,1
560,rakhi,RKEX596,1
560,rakhi,RKEX597,1
560,rakhi,RKEX598,1
560,rakhi,RKEX599,1
560,rakhi,RKEX6,1
560,rakhi,RKEX60,1
560,rakhi,RKEX61,1
560,rakhi,RKEX62,1
560,rakhi,RKEX63,1
560,rakhi,RKEX75,1
560,rakhi,RKEX76,1
560,rakhi,RKEX77,1
560,rakhi,RKEX78,1
560,rakhi,RKEX8,1
560,rakhi,RKEX80,1
560,rakhi,RKEX81,1
560,rakhi,RKEX85,1
560,rakhi,RKEX87,1
560,rakhi,RKEX89,1
560,rakhi,RKEX9,1
560,rakhi,RKEX90,1
560,rakhi,RKEX93,1
560,rakhi,RKEX94,1
560,rakhi,RKEX95,1
560,rakhi,RKEX96,1
560,rakhi,RKEX97,1
560,rakhi,RKEX98,1
330,rakhi,RK110,1
330,rakhi,RK1104,1
330,rakhi,RK111,1
330,rakhi,RK1126,1
330,rakhi,RK1142,1
330,rakhi,RK130,1
330,rakhi,RK131,1
330,rakhi,RK1649,1
330,rakhi,RK1664,1
330,rakhi,RK1670,1
330,rakhi,RK1673,1
330,rakhi,RK169,1
330,rakhi,RK1699,1
330,rakhi,RK1706,1
330,rakhi,RK1713,1
330,rakhi,RK1720,1
330,rakhi,RK1724,1
330,rakhi,RK1756,1
330,rakhi,RK1757,1
330,rakhi,RK1759,1
330,rakhi,RK1761,1
330,rakhi,RK1766,1
330,rakhi,RK1774,1
330,rakhi,RK1787,1
330,rakhi,RK1788,1
330,rakhi,RK1793,1
330,rakhi,RK1793_2,1
330,rakhi,RK1820,1
330,rakhi,RK1823,1
330,rakhi,RK1841,1
330,rakhi,RK1845,1
330,rakhi,RK1895,1
330,rakhi,RK1899,1
330,rakhi,RK1900,1
330,rakhi,RK1905,1
330,rakhi,RK1947,1
330,rakhi,RK1949,1
330,rakhi,RK1957,1
330,rakhi,RK1966,1
330,rakhi,RK1998,1
330,rakhi,RK2052,1
330,rakhi,RK250,1
330,rakhi,RK290,1
330,rakhi,RK345,1
330,rakhi,RK410,1
330,rakhi,RK438,1
330,rakhi,RK493,1
330,rakhi,RK550,1
330,rakhi,RK582,1
330,rakhi,RK70,1
330,rakhi,RK73,1
330,rakhi,RK859,1
330,rakhi,RK860,1
331,rakhi,RK146,1
331,rakhi,RK1636,1
331,rakhi,RK1784,1
331,rakhi,RK1789,1
331,rakhi,RK345,1
331,rakhi,RK808,1
332,rakhi,RK1143,1
332,rakhi,RK1148,1
332,rakhi,RK169,1
332,rakhi,RK1694,1
332,rakhi,RK1742,1
332,rakhi,RK1780,1
332,rakhi,RK1781,1
332,rakhi,RK1785,1
332,rakhi,RK1786,1
332,rakhi,RK1894,1
332,rakhi,RK455,1
332,rakhi,RK680,1
329,rakhi,RK1066,1
329,rakhi,RK1127,1
329,rakhi,RK1128,1
329,rakhi,RK1347,1
329,rakhi,RK1348,1
329,rakhi,RK1349,1
329,rakhi,RK1351,1
329,rakhi,RK1354,1
329,rakhi,RK1355,1
329,rakhi,RK1356,1
329,rakhi,RK1360,1
329,rakhi,RK1366,1
329,rakhi,RK1389,1
329,rakhi,RK14,1
329,rakhi,RK1402,1
329,rakhi,RK1600,1
329,rakhi,RK1601,1
329,rakhi,RK1719,1
329,rakhi,RK1740,1
329,rakhi,RK1752,1
329,rakhi,RK176,1
329,rakhi,RK189,1
329,rakhi,RK238,1
329,rakhi,RK248,1
329,rakhi,RK250,1
329,rakhi,RK290,1
329,rakhi,RK464,1
329,rakhi,RK468,1
329,rakhi,RK488,1
329,rakhi,RK499,1
329,rakhi,RK639,1
329,rakhi,RK69,1
329,rakhi,RK733,1
329,rakhi,RK767,1
329,rakhi,RK79,1
329,rakhi,RK81,1
329,rakhi,RK83,1
491,rakhi,RK1247,1
491,rakhi,RK1249,1
491,rakhi,RK1251,1
491,rakhi,RK1263,1
491,rakhi,RK1275,1
491,rakhi,RK1278,1
491,rakhi,RK1280,1
491,rakhi,RK1281,1
491,rakhi,RK1642,1
491,rakhi,RK1643,1
491,rakhi,RK1644,1
491,rakhi,RK1657,1
491,rakhi,RK201,1
491,rakhi,RK2033,1
491,rakhi,RK264,1
491,rakhi,RK271,1
491,rakhi,RK272,1
491,rakhi,RK273,1
491,rakhi,RK276,1
491,rakhi,RK368,1
491,rakhi,RK369,1
491,rakhi,RK371,1
491,rakhi,RK437,1
491,rakhi,RK457,1
491,rakhi,RK585,1
491,rakhi,RK60,1
491,rakhi,RK61,1
491,rakhi,RK617,1
491,rakhi,RK63,1
491,rakhi,RK643,1
491,rakhi,RK664,1
491,rakhi,RK796,1
491,rakhi,RK889,1
407,rakhi,RK1340,1
407,rakhi,RK1341,1
407,rakhi,RK1639_2,1
407,rakhi,RK1639_3,1
407,rakhi,RK1887,1
407,rakhi,RK1890,1
407,rakhi,RK1891,1
407,rakhi,RK1892,1
407,rakhi,RK1893,1
407,rakhi,RK715,1
407,rakhi,RK854,1
339,rakhi,RK1025,1
339,rakhi,RK1204,1
339,rakhi,RK1211,1
339,rakhi,RK1223,1
339,rakhi,RK1239,1
339,rakhi,RK1249,1
339,rakhi,RK1263,1
339,rakhi,RK1264,1
339,rakhi,RK1265,1
339,rakhi,RK1266,1
339,rakhi,RK1351,1
339,rakhi,RK1360,1
339,rakhi,RK1673,1
339,rakhi,RK1704,1
339,rakhi,RK1713,1
339,rakhi,RK1717,1
339,rakhi,RK1718,1
339,rakhi,RK1742,1
339,rakhi,RK1747,1
339,rakhi,RK1759,1
339,rakhi,RK1761,1
339,rakhi,RK1770,1
339,rakhi,RK1774,1
339,rakhi,RK1782,1
339,rakhi,RK1783,1
339,rakhi,RK1785,1
339,rakhi,RK1786,1
339,rakhi,RK1788,1
339,rakhi,RK1789,1
339,rakhi,RK1795,1
339,rakhi,RK1796,1
339,rakhi,RK1797,1
339,rakhi,RK1799,1
339,rakhi,RK1803,1
339,rakhi,RK1804,1
339,rakhi,RK1807,1
339,rakhi,RK1814,1
339,rakhi,RK196,1
339,rakhi,RK1998,1
339,rakhi,RK2045,1
339,rakhi,RK2046,1
339,rakhi,RK2047,1
339,rakhi,RK2052,1
339,rakhi,RK2074,1
339,rakhi,RK2107,1
339,rakhi,RK48,1
339,rakhi,RK492,1
339,rakhi,RK550,1
339,rakhi,RK552,1
339,rakhi,RK773,1
339,rakhi,RK905,1
409,rakhi,RK1347,1
409,rakhi,RK1351,1
409,rakhi,RK1355,1
409,rakhi,RK1356,1
409,rakhi,RK1366,1
409,rakhi,RK1600,1
409,rakhi,RK1601,1
409,rakhi,RK1719,1
409,rakhi,RK1740,1
409,rakhi,RK464,1
409,rakhi,RK81,1
345,rakhi,RK1,1
345,rakhi,RK1000,1
345,rakhi,RK1001,1
345,rakhi,RK1003,1
345,rakhi,RK1004,1
345,rakhi,RK1005,1
345,rakhi,RK1012,1
345,rakhi,RK1013,1
345,rakhi,RK1015,1
345,rakhi,RK1017,1
345,rakhi,RK1019,1
345,rakhi,RK1022,1
345,rakhi,RK1023,1
345,rakhi,RK1025,1
345,rakhi,RK1026,1
345,rakhi,RK1027,1
345,rakhi,RK1040,1
345,rakhi,RK1050,1
345,rakhi,RK1050_2,1
345,rakhi,RK1061,1
345,rakhi,RK1061_2,1
345,rakhi,RK1078,1
345,rakhi,RK1079,1
345,rakhi,RK1083,1
345,rakhi,RK1084,1
345,rakhi,RK1085,1
345,rakhi,RK110,1
345,rakhi,RK1104,1
345,rakhi,RK111,1
345,rakhi,RK1119,1
345,rakhi,RK1126,1
345,rakhi,RK1135,1
345,rakhi,RK1136,1
345,rakhi,RK1137,1
345,rakhi,RK1139,1
345,rakhi,RK1141,1
345,rakhi,RK1142,1
345,rakhi,RK1143,1
345,rakhi,RK1148,1
345,rakhi,RK1150,1
345,rakhi,RK1161,1
345,rakhi,RK1162,1
345,rakhi,RK1163,1
345,rakhi,RK1164,1
345,rakhi,RK1167,1
345,rakhi,RK1168,1
345,rakhi,RK1170,1
345,rakhi,RK1171,1
345,rakhi,RK1184,1
345,rakhi,RK1190,1
345,rakhi,RK1191,1
345,rakhi,RK1202,1
345,rakhi,RK1203,1
345,rakhi,RK1204,1
345,rakhi,RK1207,1
345,rakhi,RK1208,1
345,rakhi,RK1210,1
345,rakhi,RK1211,1
345,rakhi,RK1212,1
345,rakhi,RK1213,1
345,rakhi,RK1214,1
345,rakhi,RK1215,1
345,rakhi,RK1216,1
345,rakhi,RK1217,1
345,rakhi,RK1218,1
345,rakhi,RK1219,1
345,rakhi,RK1220,1
345,rakhi,RK1221,1
345,rakhi,RK1223,1
345,rakhi,RK1224,1
345,rakhi,RK1225,1
345,rakhi,RK1226,1
345,rakhi,RK1227,1
345,rakhi,RK1228,1
345,rakhi,RK1230,1
345,rakhi,RK1236,1
345,rakhi,RK1237,1
345,rakhi,RK1238,1
345,rakhi,RK1239,1
345,rakhi,RK1240,1
345,rakhi,RK1241,1
345,rakhi,RK1244,1
345,rakhi,RK1247,1
345,rakhi,RK1249,1
345,rakhi,RK1251,1
345,rakhi,RK1252,1
345,rakhi,RK1255,1
345,rakhi,RK1256,1
345,rakhi,RK1257,1
345,rakhi,RK1258,1
345,rakhi,RK1259,1
345,rakhi,RK1261,1
345,rakhi,RK1263,1
345,rakhi,RK1264,1
345,rakhi,RK1265,1
345,rakhi,RK1266,1
345,rakhi,RK1267,1
345,rakhi,RK1268,1
345,rakhi,RK1271,1
345,rakhi,RK1274,1
345,rakhi,RK1275,1
345,rakhi,RK1278,1
345,rakhi,RK1279,1
345,rakhi,RK1280,1
345,rakhi,RK1281,1
345,rakhi,RK1286,1
345,rakhi,RK1287,1
345,rakhi,RK1290,1
345,rakhi,RK130,1
345,rakhi,RK1309,1
345,rakhi,RK131,1
345,rakhi,RK1319,1
345,rakhi,RK1345,1
345,rakhi,RK1351,1
345,rakhi,RK1354,1
345,rakhi,RK1382,1
345,rakhi,RK1405,1
345,rakhi,RK146,1
345,rakhi,RK1597,1
345,rakhi,RK1601,1
345,rakhi,RK1608,1
345,rakhi,RK1609,1
345,rakhi,RK1616,1
345,rakhi,RK1618,1
345,rakhi,RK1619,1
345,rakhi,RK1621,1
345,rakhi,RK1622,1
345,rakhi,RK1625,1
345,rakhi,RK1634,1
345,rakhi,RK1636,1
345,rakhi,RK1642,1
345,rakhi,RK1643,1
345,rakhi,RK1644,1
345,rakhi,RK1646,1
345,rakhi,RK1649,1
345,rakhi,RK1653,1
345,rakhi,RK1655,1
345,rakhi,RK1657,1
345,rakhi,RK1663,1
345,rakhi,RK1663_2,1
345,rakhi,RK1664,1
345,rakhi,RK1669,1
345,rakhi,RK1670,1
345,rakhi,RK1672,1
345,rakhi,RK1673,1
345,rakhi,RK1676,1
345,rakhi,RK1682,1
345,rakhi,RK169,1
345,rakhi,RK1693,1
345,rakhi,RK1694,1
345,rakhi,RK1695,1
345,rakhi,RK1699,1
345,rakhi,RK1703,1
345,rakhi,RK1704,1
345,rakhi,RK1705,1
345,rakhi,RK1706,1
345,rakhi,RK1711,1
345,rakhi,RK1712,1
345,rakhi,RK1713,1
345,rakhi,RK1714,1
345,rakhi,RK1716,1
345,rakhi,RK1717,1
345,rakhi,RK1718,1
345,rakhi,RK1719,1
345,rakhi,RK1720,1
345,rakhi,RK1723,1
345,rakhi,RK1724,1
345,rakhi,RK1725,1
345,rakhi,RK1740,1
345,rakhi,RK1741,1
345,rakhi,RK1742,1
345,rakhi,RK1747,1
345,rakhi,RK1750,1
345,rakhi,RK1756,1
345,rakhi,RK1757,1
345,rakhi,RK1758,1
345,rakhi,RK1759,1
345,rakhi,RK1761,1
345,rakhi,RK1762,1
345,rakhi,RK1764,1
345,rakhi,RK1766,1
345,rakhi,RK1770,1
345,rakhi,RK1774,1
345,rakhi,RK1775,1
345,rakhi,RK1778,1
345,rakhi,RK1780,1
345,rakhi,RK1781,1
345,rakhi,RK1782,1
345,rakhi,RK1783,1
345,rakhi,RK1784,1
345,rakhi,RK1785,1
345,rakhi,RK1786,1
345,rakhi,RK1787,1
345,rakhi,RK1788,1
345,rakhi,RK1789,1
345,rakhi,RK1792,1
345,rakhi,RK1793,1
345,rakhi,RK1793_2,1
345,rakhi,RK1800,1
345,rakhi,RK1802,1
345,rakhi,RK1803,1
345,rakhi,RK1804,1
345,rakhi,RK1805,1
345,rakhi,RK1806,1
345,rakhi,RK1807,1
345,rakhi,RK181,1
345,rakhi,RK1814,1
345,rakhi,RK1815,1
345,rakhi,RK1816,1
345,rakhi,RK1819,1
345,rakhi,RK1820,1
345,rakhi,RK1821,1
345,rakhi,RK1823,1
345,rakhi,RK1825,1
345,rakhi,RK1841,1
345,rakhi,RK1843,1
345,rakhi,RK1845,1
345,rakhi,RK1849,1
345,rakhi,RK1861,1
345,rakhi,RK1864,1
345,rakhi,RK1865,1
345,rakhi,RK1870,1
345,rakhi,RK1874,1
345,rakhi,RK1875,1
345,rakhi,RK1882,1
345,rakhi,RK1884,1
345,rakhi,RK1894,1
345,rakhi,RK1895,1
345,rakhi,RK1899,1
345,rakhi,RK1900,1
345,rakhi,RK1905,1
345,rakhi,RK1907,1
345,rakhi,RK1910,1
345,rakhi,RK1912,1
345,rakhi,RK1915,1
345,rakhi,RK1920,1
345,rakhi,RK1921,1
345,rakhi,RK1922,1
345,rakhi,RK1925,1
345,rakhi,RK1940,1
345,rakhi,RK1945,1
345,rakhi,RK1947,1
345,rakhi,RK1949,1
345,rakhi,RK1950,1
345,rakhi,RK1957,1
345,rakhi,RK1958,1
345,rakhi,RK196,1
345,rakhi,RK1966,1
345,rakhi,RK1976,1
345,rakhi,RK1978,1
345,rakhi,RK1979,1
345,rakhi,RK1981,1
345,rakhi,RK1982,1
345,rakhi,RK1983,1
345,rakhi,RK1989,1
345,rakhi,RK1992,1
345,rakhi,RK1995,1
345,rakhi,RK1997,1
345,rakhi,RK1998,1
345,rakhi,RK2003,1
345,rakhi,RK2004,1
345,rakhi,RK2006,1
345,rakhi,RK201,1
345,rakhi,RK2011,1
345,rakhi,RK2020,1
345,rakhi,RK2021,1
345,rakhi,RK2022,1
345,rakhi,RK2023,1
345,rakhi,RK2031,1
345,rakhi,RK2031_2,1
345,rakhi,RK2033,1
345,rakhi,RK2035,1
345,rakhi,RK2045,1
345,rakhi,RK2046,1
345,rakhi,RK2047,1
345,rakhi,RK2052,1
345,rakhi,RK2053,1
345,rakhi,RK2059,1
345,rakhi,RK2074,1
345,rakhi,RK2098,1
345,rakhi,RK2107,1
345,rakhi,RK227,1
345,rakhi,RK229,1
345,rakhi,RK236,1
345,rakhi,RK237,1
345,rakhi,RK238,1
345,rakhi,RK240,1
345,rakhi,RK241,1
345,rakhi,RK248,1
345,rakhi,RK250,1
345,rakhi,RK264,1
345,rakhi,RK271,1
345,rakhi,RK272,1
345,rakhi,RK273,1
345,rakhi,RK276,1
345,rakhi,RK279,1
345,rakhi,RK283,1
345,rakhi,RK298,1
345,rakhi,RK303,1
345,rakhi,RK304,1
345,rakhi,RK345,1
345,rakhi,RK350,1
345,rakhi,RK351,1
345,rakhi,RK353,1
345,rakhi,RK354,1
345,rakhi,RK355,1
345,rakhi,RK357,1
345,rakhi,RK361,1
345,rakhi,RK367,1
345,rakhi,RK368,1
345,rakhi,RK369,1
345,rakhi,RK371,1
345,rakhi,RK372,1
345,rakhi,RK374,1
345,rakhi,RK380,1
345,rakhi,RK381,1
345,rakhi,RK396,1
345,rakhi,RK398,1
345,rakhi,RK409,1
345,rakhi,RK410,1
345,rakhi,RK412,1
345,rakhi,RK433,1
345,rakhi,RK434,1
345,rakhi,RK437,1
345,rakhi,RK438,1
345,rakhi,RK441,1
345,rakhi,RK455,1
345,rakhi,RK457,1
345,rakhi,RK466,1
345,rakhi,RK474,1
345,rakhi,RK48,1
345,rakhi,RK484,1
345,rakhi,RK492,1
345,rakhi,RK493,1
345,rakhi,RK499,1
345,rakhi,RK513,1
345,rakhi,RK516,1
345,rakhi,RK517,1
345,rakhi,RK526,1
345,rakhi,RK539,1
345,rakhi,RK55,1
345,rakhi,RK550,1
345,rakhi,RK552,1
345,rakhi,RK554,1
345,rakhi,RK57,1
345,rakhi,RK582,1
345,rakhi,RK585,1
345,rakhi,RK589,1
345,rakhi,RK60,1
345,rakhi,RK61,1
345,rakhi,RK613,1
345,rakhi,RK617,1
345,rakhi,RK620,1
345,rakhi,RK63,1
345,rakhi,RK643,1
345,rakhi,RK645,1
345,rakhi,RK648,1
345,rakhi,RK653,1
345,rakhi,RK663,1
345,rakhi,RK664,1
345,rakhi,RK665,1
345,rakhi,RK67,1
345,rakhi,RK671,1
345,rakhi,RK673,1
345,rakhi,RK680,1
345,rakhi,RK70,1
345,rakhi,RK719,1
345,rakhi,RK72,1
345,rakhi,RK722,1
345,rakhi,RK73,1
345,rakhi,RK737,1
345,rakhi,RK75,1
345,rakhi,RK757,1
345,rakhi,RK766,1
345,rakhi,RK77,1
345,rakhi,RK80,1
345,rakhi,RK808,1
345,rakhi,RK819,1
345,rakhi,RK828,1
345,rakhi,RK833,1
345,rakhi,RK834,1
345,rakhi,RK835,1
345,rakhi,RK838,1
345,rakhi,RK840,1
345,rakhi,RK846,1
345,rakhi,RK853,1
345,rakhi,RK859,1
345,rakhi,RK860,1
345,rakhi,RK869,1
345,rakhi,RK874,1
345,rakhi,RK887,1
345,rakhi,RK889,1
345,rakhi,RK891,1
345,rakhi,RK894,1
345,rakhi,RK900,1
345,rakhi,RK905,1
345,rakhi,RK906,1
345,rakhi,RK911,1
345,rakhi,RK913,1
345,rakhi,RK915,1
345,rakhi,RK928,1
345,rakhi,RK929,1
345,rakhi,RK930,1
345,rakhi,RK931,1
345,rakhi,RK932,1
345,rakhi,RK933,1
345,rakhi,RK934,1
345,rakhi,RK935,1
345,rakhi,RK936,1
345,rakhi,RK937,1
345,rakhi,RK938,1
345,rakhi,RK939,1
345,rakhi,RK940,1
345,rakhi,RK941,1
345,rakhi,RK951,1
345,rakhi,RK978,1
345,rakhi,RK979,1
345,rakhi,RK980,1
345,rakhi,RK981,1
345,rakhi,RK982,1
345,rakhi,RK983,1
345,rakhi,RK985,1
345,rakhi,RK987,1
345,rakhi,RK989,1
345,rakhi,RK991,1
345,rakhi,RK993,1
345,rakhi,RK994,1
345,rakhi,RK995,1
345,rakhi,RK999,1
346,rakhi,RK1340,1
346,rakhi,RK1341,1
346,rakhi,RK1639,1
346,rakhi,RK1639_2,1
346,rakhi,RK1639_3,1
346,rakhi,RK1852,1
346,rakhi,RK1887,1
346,rakhi,RK1890,1
346,rakhi,RK1891,1
346,rakhi,RK1892,1
346,rakhi,RK1893,1
346,rakhi,RK1933,1
346,rakhi,RK715,1
346,rakhi,RK77,1
346,rakhi,RK854,1
333,rakhi,RK1022,1
333,rakhi,RK1025,1
333,rakhi,RK1026,1
333,rakhi,RK1027,1
333,rakhi,RK1066,1
333,rakhi,RK1078,1
333,rakhi,RK1079,1
333,rakhi,RK1084,1
333,rakhi,RK111,1
333,rakhi,RK1119,1
333,rakhi,RK1221,1
333,rakhi,RK131,1
333,rakhi,RK146,1
333,rakhi,RK1616,1
333,rakhi,RK1618,1
333,rakhi,RK1619,1
333,rakhi,RK1634,1
333,rakhi,RK1649,1
333,rakhi,RK1664,1
333,rakhi,RK1669,1
333,rakhi,RK1670,1
333,rakhi,RK1672,1
333,rakhi,RK169,1
333,rakhi,RK1692,1
333,rakhi,RK1705,1
333,rakhi,RK1706,1
333,rakhi,RK1714,1
333,rakhi,RK1725,1
333,rakhi,RK1740,1
333,rakhi,RK1747,1
333,rakhi,RK176,1
333,rakhi,RK1778,1
333,rakhi,RK1789,1
333,rakhi,RK1799,1
333,rakhi,RK1800,1
333,rakhi,RK1802,1
333,rakhi,RK1803,1
333,rakhi,RK1807,1
333,rakhi,RK181,1
333,rakhi,RK1821,1
333,rakhi,RK1823,1
333,rakhi,RK1826,1
333,rakhi,RK1845,1
333,rakhi,RK1849,1
333,rakhi,RK1850,1
333,rakhi,RK1858,1
333,rakhi,RK1859,1
333,rakhi,RK1861,1
333,rakhi,RK1874,1
333,rakhi,RK1875,1
333,rakhi,RK1882,1
333,rakhi,RK1887,1
333,rakhi,RK189,1
333,rakhi,RK1890,1
333,rakhi,RK1891,1
333,rakhi,RK1907,1
333,rakhi,RK1909,1
333,rakhi,RK1914,1
333,rakhi,RK1926,1
333,rakhi,RK1927,1
333,rakhi,RK1928,1
333,rakhi,RK1933,1
333,rakhi,RK1945,1
333,rakhi,RK1950,1
333,rakhi,RK1957,1
333,rakhi,RK2006,1
333,rakhi,RK2021,1
333,rakhi,RK2023,1
333,rakhi,RK2035,1
333,rakhi,RK2043,1
333,rakhi,RK2045,1
333,rakhi,RK2074,1
333,rakhi,RK229,1
333,rakhi,RK264,1
333,rakhi,RK271,1
333,rakhi,RK273,1
333,rakhi,RK276,1
333,rakhi,RK283,1
333,rakhi,RK290,1
333,rakhi,RK298,1
333,rakhi,RK304,1
333,rakhi,RK345,1
333,rakhi,RK350,1
333,rakhi,RK353,1
333,rakhi,RK354,1
333,rakhi,RK355,1
333,rakhi,RK357,1
333,rakhi,RK367,1
333,rakhi,RK368,1
333,rakhi,RK369,1
333,rakhi,RK371,1
333,rakhi,RK372,1
333,rakhi,RK381,1
333,rakhi,RK396,1
333,rakhi,RK409,1
333,rakhi,RK410,1
333,rakhi,RK433,1
333,rakhi,RK434,1
333,rakhi,RK437,1
333,rakhi,RK441,1
333,rakhi,RK455,1
333,rakhi,RK457,1
333,rakhi,RK464,1
333,rakhi,RK466,1
333,rakhi,RK468,1
333,rakhi,RK474,1
333,rakhi,RK539,1
333,rakhi,RK585,1
333,rakhi,RK589,1
333,rakhi,RK648,1
333,rakhi,RK653,1
333,rakhi,RK671,1
333,rakhi,RK722,1
333,rakhi,RK891,1
333,rakhi,RK911,1
333,rakhi,RK913,1
335,rakhi,RK1061,1
335,rakhi,RK1621,1
335,rakhi,RK1622,1
335,rakhi,RK1625,1
335,rakhi,RK1646,1
335,rakhi,RK1703,1
335,rakhi,RK1704,1
335,rakhi,RK1716,1
335,rakhi,RK1720,1
335,rakhi,RK1724,1
335,rakhi,RK1750,1
335,rakhi,RK1759,1
335,rakhi,RK1761,1
335,rakhi,RK1762,1
335,rakhi,RK1764,1
335,rakhi,RK1766,1
335,rakhi,RK1770,1
335,rakhi,RK1780,1
335,rakhi,RK1781,1
335,rakhi,RK1782,1
335,rakhi,RK1783,1
335,rakhi,RK1784,1
335,rakhi,RK1785,1
335,rakhi,RK1795,1
335,rakhi,RK1796,1
335,rakhi,RK1797,1
335,rakhi,RK1804,1
335,rakhi,RK1805,1
335,rakhi,RK1806,1
335,rakhi,RK1807,1
335,rakhi,RK1820,1
335,rakhi,RK1841,1
335,rakhi,RK1843,1
335,rakhi,RK1845,1
335,rakhi,RK185,1
335,rakhi,RK1864,1
335,rakhi,RK1865,1
335,rakhi,RK1870,1
335,rakhi,RK1884,1
335,rakhi,RK1899,1
335,rakhi,RK1900,1
335,rakhi,RK1947,1
335,rakhi,RK1958,1
335,rakhi,RK1982,1
335,rakhi,RK2047,1
335,rakhi,RK2059,1
335,rakhi,RK2107,1
335,rakhi,RK234,1
335,rakhi,RK236,1
335,rakhi,RK237,1
335,rakhi,RK238,1
335,rakhi,RK240,1
335,rakhi,RK241,1
335,rakhi,RK248,1
335,rakhi,RK250,1
335,rakhi,RK271,1
335,rakhi,RK272,1
335,rakhi,RK279,1
335,rakhi,RK290,1
335,rakhi,RK303,1
335,rakhi,RK351,1
335,rakhi,RK361,1
335,rakhi,RK374,1
335,rakhi,RK455,1
335,rakhi,RK474,1
335,rakhi,RK499,1
335,rakhi,RK516,1
335,rakhi,RK517,1
335,rakhi,RK620,1
335,rakhi,RK639,1
335,rakhi,RK643,1
335,rakhi,RK645,1
335,rakhi,RK73,1
337,rakhi,RK1135,1
337,rakhi,RK1137,1
337,rakhi,RK1139,1
337,rakhi,RK1756,1
337,rakhi,RK1757,1
337,rakhi,RK1758,1
337,rakhi,RK1766,1
337,rakhi,RK1792,1
337,rakhi,RK1814,1
337,rakhi,RK1815,1
337,rakhi,RK1816,1
337,rakhi,RK1819,1
337,rakhi,RK1841,1
337,rakhi,RK1895,1
337,rakhi,RK1905,1
337,rakhi,RK1979,1
337,rakhi,RK1981,1
337,rakhi,RK1983,1
337,rakhi,RK1992,1
337,rakhi,RK1995,1
334,rakhi,RK1017,1
334,rakhi,RK1019,1
334,rakhi,RK1050,1
334,rakhi,RK1050_2,1
334,rakhi,RK110,1
334,rakhi,RK1104,1
334,rakhi,RK1126,1
334,rakhi,RK1136,1
334,rakhi,RK1171,1
334,rakhi,RK1663,1
334,rakhi,RK1693,1
334,rakhi,RK1717,1
334,rakhi,RK1718,1
334,rakhi,RK1719,1
334,rakhi,RK1756,1
334,rakhi,RK1757,1
334,rakhi,RK1758,1
334,rakhi,RK1775,1
334,rakhi,RK1787,1
334,rakhi,RK1792,1
334,rakhi,RK1805,1
334,rakhi,RK1806,1
334,rakhi,RK1807,1
334,rakhi,RK1820,1
334,rakhi,RK1949,1
334,rakhi,RK1954,1
334,rakhi,RK1966,1
334,rakhi,RK1979,1
334,rakhi,RK1981,1
334,rakhi,RK1982,1
334,rakhi,RK1983,1
334,rakhi,RK1989,1
334,rakhi,RK1992,1
334,rakhi,RK1995,1
334,rakhi,RK1997,1
334,rakhi,RK1998,1
334,rakhi,RK2003,1
334,rakhi,RK2004,1
334,rakhi,RK2098,1
334,rakhi,RK484,1
334,rakhi,RK488,1
334,rakhi,RK492,1
334,rakhi,RK493,1
334,rakhi,RK513,1
334,rakhi,RK516,1
334,rakhi,RK517,1
334,rakhi,RK526,1
334,rakhi,RK550,1
334,rakhi,RK552,1
334,rakhi,RK554,1
334,rakhi,RK582,1
334,rakhi,RK613,1
334,rakhi,RK617,1
334,rakhi,RK663,1
334,rakhi,RK664,1
334,rakhi,RK665,1
334,rakhi,RK673,1
334,rakhi,RK680,1
334,rakhi,RK737,1
334,rakhi,RK766,1
334,rakhi,RK80,1
334,rakhi,RK832,1
343,rakhi,RK1000,1
343,rakhi,RK1001,1
343,rakhi,RK1003,1
343,rakhi,RK1004,1
343,rakhi,RK1005,1
343,rakhi,RK1141,1
343,rakhi,RK1168,1
343,rakhi,RK1170,1
343,rakhi,RK1172,1
343,rakhi,RK1174,1
343,rakhi,RK1190,1
343,rakhi,RK1191,1
343,rakhi,RK1692,1
343,rakhi,RK1909,1
343,rakhi,RK1912,1
343,rakhi,RK1914,1
343,rakhi,RK1916,1
343,rakhi,RK1917,1
343,rakhi,RK1919,1
343,rakhi,RK1923,1
343,rakhi,RK849,1
343,rakhi,RK864,1
343,rakhi,RK865,1
343,rakhi,RK866,1
343,rakhi,RK917,1
343,rakhi,RK918,1
343,rakhi,RK919,1
343,rakhi,RK920,1
343,rakhi,RK921,1
343,rakhi,RK922,1
343,rakhi,RK923,1
343,rakhi,RK924,1
343,rakhi,RK925,1
343,rakhi,RK926,1
343,rakhi,RK927,1
343,rakhi,RK931,1
343,rakhi,RK948,1
343,rakhi,RK954,1
343,rakhi,RK955,1
343,rakhi,RK956,1
343,rakhi,RK957,1
343,rakhi,RK958,1
343,rakhi,RK960,1
343,rakhi,RK961,1
343,rakhi,RK965,1
343,rakhi,RK966,1
343,rakhi,RK968,1
343,rakhi,RK970,1
343,rakhi,RK973,1
343,rakhi,RK978,1
343,rakhi,RK979,1
343,rakhi,RK980,1
343,rakhi,RK981,1
343,rakhi,RK982,1
343,rakhi,RK983,1
343,rakhi,RK985,1
343,rakhi,RK987,1
343,rakhi,RK989,1
343,rakhi,RK991,1
343,rakhi,RK993,1
343,rakhi,RK994,1
343,rakhi,RK995,1
343,rakhi,RK999,1
410,rakhi,RK111,1
410,rakhi,RK1127,1
410,rakhi,RK1230,1
410,rakhi,RK1983,1
410,rakhi,RK2042,1
347,rakhi,RK1,1
347,rakhi,RK1000,1
347,rakhi,RK1001,1
347,rakhi,RK1003,1
347,rakhi,RK1004,1
347,rakhi,RK1005,1
347,rakhi,RK1012,1
347,rakhi,RK1013,1
347,rakhi,RK1015,1
347,rakhi,RK1017,1
347,rakhi,RK1019,1
347,rakhi,RK1022,1
347,rakhi,RK1023,1
347,rakhi,RK1025,1
347,rakhi,RK1026,1
347,rakhi,RK1027,1
347,rakhi,RK1040,1
347,rakhi,RK1050,1
347,rakhi,RK1050_2,1
347,rakhi,RK1061,1
347,rakhi,RK1061_2,1
347,rakhi,RK1066,1
347,rakhi,RK1078,1
347,rakhi,RK1079,1
347,rakhi,RK1083,1
347,rakhi,RK1084,1
347,rakhi,RK1085,1
347,rakhi,RK110,1
347,rakhi,RK1104,1
347,rakhi,RK111,1
347,rakhi,RK1119,1
347,rakhi,RK1126,1
347,rakhi,RK1127,1
347,rakhi,RK1128,1
347,rakhi,RK1135,1
347,rakhi,RK1136,1
347,rakhi,RK1137,1
347,rakhi,RK1139,1
347,rakhi,RK1141,1
347,rakhi,RK1142,1
347,rakhi,RK1143,1
347,rakhi,RK1148,1
347,rakhi,RK1150,1
347,rakhi,RK1161,1
347,rakhi,RK1162,1
347,rakhi,RK1163,1
347,rakhi,RK1164,1
347,rakhi,RK1167,1
347,rakhi,RK1168,1
347,rakhi,RK1170,1
347,rakhi,RK1171,1
347,rakhi,RK1172,1
347,rakhi,RK1173,1
347,rakhi,RK1174,1
347,rakhi,RK1184,1
347,rakhi,RK1190,1
347,rakhi,RK1191,1
347,rakhi,RK1202,1
347,rakhi,RK1203,1
347,rakhi,RK1204,1
347,rakhi,RK1207,1
347,rakhi,RK1208,1
347,rakhi,RK1210,1
347,rakhi,RK1211,1
347,rakhi,RK1212,1
347,rakhi,RK1213,1
347,rakhi,RK1214,1
347,rakhi,RK1215,1
347,rakhi,RK1216,1
347,rakhi,RK1217,1
347,rakhi,RK1218,1
347,rakhi,RK1219,1
347,rakhi,RK1220,1
347,rakhi,RK1221,1
347,rakhi,RK1223,1
347,rakhi,RK1224,1
347,rakhi,RK1225,1
347,rakhi,RK1226,1
347,rakhi,RK1227,1
347,rakhi,RK1228,1
347,rakhi,RK1230,1
347,rakhi,RK1231,1
347,rakhi,RK1236,1
347,rakhi,RK1237,1
347,rakhi,RK1238,1
347,rakhi,RK1239,1
347,rakhi,RK1240,1
347,rakhi,RK1241,1
347,rakhi,RK1244,1
347,rakhi,RK1247,1
347,rakhi,RK1249,1
347,rakhi,RK1251,1
347,rakhi,RK1252,1
347,rakhi,RK1255,1
347,rakhi,RK1256,1
347,rakhi,RK1257,1
347,rakhi,RK1258,1
347,rakhi,RK1259,1
347,rakhi,RK1261,1
347,rakhi,RK1263,1
347,rakhi,RK1264,1
347,rakhi,RK1265,1
347,rakhi,RK1266,1
347,rakhi,RK1267,1
347,rakhi,RK1268,1
347,rakhi,RK1271,1
347,rakhi,RK1274,1
347,rakhi,RK1275,1
347,rakhi,RK1278,1
347,rakhi,RK1279,1
347,rakhi,RK1280,1
347,rakhi,RK1281,1
347,rakhi,RK1286,1
347,rakhi,RK1287,1
347,rakhi,RK1290,1
347,rakhi,RK130,1
347,rakhi,RK1309,1
347,rakhi,RK131,1
347,rakhi,RK1319,1
347,rakhi,RK1340,1
347,rakhi,RK1341,1
347,rakhi,RK1345,1
347,rakhi,RK1347,1
347,rakhi,RK1348,1
347,rakhi,RK1349,1
347,rakhi,RK1351,1
347,rakhi,RK1354,1
347,rakhi,RK1355,1
347,rakhi,RK1356,1
347,rakhi,RK1360,1
347,rakhi,RK1366,1
347,rakhi,RK1382,1
347,rakhi,RK1389,1
347,rakhi,RK14,1
347,rakhi,RK1402,1
347,rakhi,RK1405,1
347,rakhi,RK146,1
347,rakhi,RK1597,1
347,rakhi,RK1600,1
347,rakhi,RK1601,1
347,rakhi,RK1608,1
347,rakhi,RK1609,1
347,rakhi,RK1616,1
347,rakhi,RK1618,1
347,rakhi,RK1619,1
347,rakhi,RK1621,1
347,rakhi,RK1622,1
347,rakhi,RK1625,1
347,rakhi,RK1634,1
347,rakhi,RK1636,1
347,rakhi,RK1639,1
347,rakhi,RK1639_2,1
347,rakhi,RK1639_3,1
347,rakhi,RK1642,1
347,rakhi,RK1643,1
347,rakhi,RK1644,1
347,rakhi,RK1646,1
347,rakhi,RK1649,1
347,rakhi,RK1653,1
347,rakhi,RK1655,1
347,rakhi,RK1657,1
347,rakhi,RK1663,1
347,rakhi,RK1663_2,1
347,rakhi,RK1664,1
347,rakhi,RK1669,1
347,rakhi,RK1670,1
347,rakhi,RK1672,1
347,rakhi,RK1673,1
347,rakhi,RK1676,1
347,rakhi,RK1682,1
347,rakhi,RK169,1
347,rakhi,RK1692,1
347,rakhi,RK1693,1
347,rakhi,RK1694,1
347,rakhi,RK1695,1
347,rakhi,RK1699,1
347,rakhi,RK1703,1
347,rakhi,RK1704,1
347,rakhi,RK1705,1
347,rakhi,RK1706,1
347,rakhi,RK1711,1
347,rakhi,RK1712,1
347,rakhi,RK1713,1
347,rakhi,RK1714,1
347,rakhi,RK1716,1
347,rakhi,RK1717,1
347,rakhi,RK1718,1
347,rakhi,RK1719,1
347,rakhi,RK1720,1
347,rakhi,RK1723,1
347,rakhi,RK1724,1
347,rakhi,RK1725,1
347,rakhi,RK1740,1
347,rakhi,RK1741,1
347,rakhi,RK1742,1
347,rakhi,RK1747,1
347,rakhi,RK1750,1
347,rakhi,RK1752,1
347,rakhi,RK1756,1
347,rakhi,RK1757,1
347,rakhi,RK1758,1
347,rakhi,RK1759,1
347,rakhi,RK176,1
347,rakhi,RK1761,1
347,rakhi,RK1762,1
347,rakhi,RK1764,1
347,rakhi,RK1766,1
347,rakhi,RK1770,1
347,rakhi,RK1774,1
347,rakhi,RK1775,1
347,rakhi,RK1778,1
347,rakhi,RK1780,1
347,rakhi,RK1781,1
347,rakhi,RK1782,1
347,rakhi,RK1783,1
347,rakhi,RK1784,1
347,rakhi,RK1785,1
347,rakhi,RK1786,1
347,rakhi,RK1787,1
347,rakhi,RK1788,1
347,rakhi,RK1789,1
347,rakhi,RK1792,1
347,rakhi,RK1793,1
347,rakhi,RK1793_2,1
347,rakhi,RK1795,1
347,rakhi,RK1796,1
347,rakhi,RK1797,1
347,rakhi,RK1799,1
347,rakhi,RK1800,1
347,rakhi,RK1802,1
347,rakhi,RK1803,1
347,rakhi,RK1804,1
347,rakhi,RK1805,1
347,rakhi,RK1806,1
347,rakhi,RK1807,1
347,rakhi,RK181,1
347,rakhi,RK1814,1
347,rakhi,RK1815,1
347,rakhi,RK1816,1
347,rakhi,RK1819,1
347,rakhi,RK1820,1
347,rakhi,RK1821,1
347,rakhi,RK1823,1
347,rakhi,RK1825,1
347,rakhi,RK1826,1
347,rakhi,RK1841,1
347,rakhi,RK1843,1
347,rakhi,RK1845,1
347,rakhi,RK1849,1
347,rakhi,RK185,1
347,rakhi,RK1850,1
347,rakhi,RK1852,1
347,rakhi,RK1858,1
347,rakhi,RK1859,1
347,rakhi,RK1861,1
347,rakhi,RK1864,1
347,rakhi,RK1865,1
347,rakhi,RK1870,1
347,rakhi,RK1874,1
347,rakhi,RK1875,1
347,rakhi,RK1882,1
347,rakhi,RK1884,1
347,rakhi,RK1887,1
347,rakhi,RK189,1
347,rakhi,RK1890,1
347,rakhi,RK1891,1
347,rakhi,RK1892,1
347,rakhi,RK1893,1
347,rakhi,RK1894,1
347,rakhi,RK1895,1
347,rakhi,RK1899,1
347,rakhi,RK1900,1
347,rakhi,RK1905,1
347,rakhi,RK1907,1
347,rakhi,RK1909,1
347,rakhi,RK1910,1
347,rakhi,RK1912,1
347,rakhi,RK1914,1
347,rakhi,RK1915,1
347,rakhi,RK1916,1
347,rakhi,RK1917,1
347,rakhi,RK1919,1
347,rakhi,RK1920,1
347,rakhi,RK1921,1
347,rakhi,RK1922,1
347,rakhi,RK1923,1
347,rakhi,RK1925,1
347,rakhi,RK1926,1
347,rakhi,RK1927,1
347,rakhi,RK1928,1
347,rakhi,RK1933,1
347,rakhi,RK1940,1
347,rakhi,RK1945,1
347,rakhi,RK1947,1
347,rakhi,RK1949,1
347,rakhi,RK1950,1
347,rakhi,RK1954,1
347,rakhi,RK1957,1
347,rakhi,RK1958,1
347,rakhi,RK196,1
347,rakhi,RK1966,1
347,rakhi,RK1976,1
347,rakhi,RK1978,1
347,rakhi,RK1979,1
347,rakhi,RK1981,1
347,rakhi,RK1982,1
347,rakhi,RK1983,1
347,rakhi,RK1989,1
347,rakhi,RK1992,1
347,rakhi,RK1995,1
347,rakhi,RK1997,1
347,rakhi,RK1998,1
347,rakhi,RK2003,1
347,rakhi,RK2004,1
347,rakhi,RK2006,1
347,rakhi,RK201,1
347,rakhi,RK2011,1
347,rakhi,RK2020,1
347,rakhi,RK2021,1
347,rakhi,RK2022,1
347,rakhi,RK2023,1
347,rakhi,RK2031,1
347,rakhi,RK2031_2,1
347,rakhi,RK2033,1
347,rakhi,RK2035,1
347,rakhi,RK2041,1
347,rakhi,RK2041_2,1
347,rakhi,RK2042,1
347,rakhi,RK2043,1
347,rakhi,RK2045,1
347,rakhi,RK2046,1
347,rakhi,RK2047,1
347,rakhi,RK2052,1
347,rakhi,RK2053,1
347,rakhi,RK2059,1
347,rakhi,RK2074,1
347,rakhi,RK2098,1
347,rakhi,RK2107,1
347,rakhi,RK227,1
347,rakhi,RK229,1
347,rakhi,RK234,1
347,rakhi,RK236,1
347,rakhi,RK237,1
347,rakhi,RK238,1
347,rakhi,RK240,1
347,rakhi,RK241,1
347,rakhi,RK248,1
347,rakhi,RK250,1
347,rakhi,RK264,1
347,rakhi,RK271,1
347,rakhi,RK272,1
347,rakhi,RK273,1
347,rakhi,RK276,1
347,rakhi,RK279,1
347,rakhi,RK283,1
347,rakhi,RK290,1
347,rakhi,RK298,1
347,rakhi,RK303,1
347,rakhi,RK304,1
347,rakhi,RK345,1
347,rakhi,RK350,1
347,rakhi,RK351,1
347,rakhi,RK353,1
347,rakhi,RK354,1
347,rakhi,RK355,1
347,rakhi,RK357,1
347,rakhi,RK361,1
347,rakhi,RK367,1
347,rakhi,RK368,1
347,rakhi,RK369,1
347,rakhi,RK371,1
347,rakhi,RK372,1
347,rakhi,RK374,1
347,rakhi,RK380,1
347,rakhi,RK381,1
347,rakhi,RK396,1
347,rakhi,RK398,1
347,rakhi,RK409,1
347,rakhi,RK410,1
347,rakhi,RK412,1
347,rakhi,RK433,1
347,rakhi,RK434,1
347,rakhi,RK437,1
347,rakhi,RK438,1
347,rakhi,RK441,1
347,rakhi,RK455,1
347,rakhi,RK457,1
347,rakhi,RK464,1
347,rakhi,RK466,1
347,rakhi,RK468,1
347,rakhi,RK474,1
347,rakhi,RK48,1
347,rakhi,RK484,1
347,rakhi,RK488,1
347,rakhi,RK492,1
347,rakhi,RK493,1
347,rakhi,RK499,1
347,rakhi,RK513,1
347,rakhi,RK516,1
347,rakhi,RK517,1
347,rakhi,RK526,1
347,rakhi,RK53,1
347,rakhi,RK539,1
347,rakhi,RK55,1
347,rakhi,RK550,1
347,rakhi,RK552,1
347,rakhi,RK554,1
347,rakhi,RK57,1
347,rakhi,RK582,1
347,rakhi,RK585,1
347,rakhi,RK589,1
347,rakhi,RK60,1
347,rakhi,RK61,1
347,rakhi,RK613,1
347,rakhi,RK617,1
347,rakhi,RK620,1
347,rakhi,RK63,1
347,rakhi,RK639,1
347,rakhi,RK643,1
347,rakhi,RK645,1
347,rakhi,RK648,1
347,rakhi,RK653,1
347,rakhi,RK663,1
347,rakhi,RK664,1
347,rakhi,RK665,1
347,rakhi,RK67,1
347,rakhi,RK671,1
347,rakhi,RK673,1
347,rakhi,RK680,1
347,rakhi,RK69,1
347,rakhi,RK70,1
347,rakhi,RK715,1
347,rakhi,RK719,1
347,rakhi,RK72,1
347,rakhi,RK722,1
347,rakhi,RK73,1
347,rakhi,RK733,1
347,rakhi,RK737,1
347,rakhi,RK75,1
347,rakhi,RK757,1
347,rakhi,RK766,1
347,rakhi,RK767,1
347,rakhi,RK77,1
347,rakhi,RK771,1
347,rakhi,RK773,1
347,rakhi,RK79,1
347,rakhi,RK796,1
347,rakhi,RK80,1
347,rakhi,RK808,1
347,rakhi,RK81,1
347,rakhi,RK819,1
347,rakhi,RK828,1
347,rakhi,RK83,1
347,rakhi,RK832,1
347,rakhi,RK833,1
347,rakhi,RK834,1
347,rakhi,RK835,1
347,rakhi,RK838,1
347,rakhi,RK840,1
347,rakhi,RK846,1
347,rakhi,RK848,1
347,rakhi,RK849,1
347,rakhi,RK853,1
347,rakhi,RK854,1
347,rakhi,RK859,1
347,rakhi,RK860,1
347,rakhi,RK864,1
347,rakhi,RK865,1
347,rakhi,RK866,1
347,rakhi,RK869,1
347,rakhi,RK874,1
347,rakhi,RK887,1
347,rakhi,RK887_2,1
347,rakhi,RK889,1
347,rakhi,RK891,1
347,rakhi,RK894,1
347,rakhi,RK900,1
347,rakhi,RK905,1
347,rakhi,RK906,1
347,rakhi,RK911,1
347,rakhi,RK913,1
347,rakhi,RK915,1
347,rakhi,RK917,1
347,rakhi,RK918,1
347,rakhi,RK919,1
347,rakhi,RK920,1
347,rakhi,RK921,1
347,rakhi,RK922,1
347,rakhi,RK923,1
347,rakhi,RK924,1
347,rakhi,RK925,1
347,rakhi,RK926,1
347,rakhi,RK927,1
347,rakhi,RK928,1
347,rakhi,RK929,1
347,rakhi,RK930,1
347,rakhi,RK931,1
347,rakhi,RK932,1
347,rakhi,RK933,1
347,rakhi,RK934,1
347,rakhi,RK935,1
347,rakhi,RK936,1
347,rakhi,RK937,1
347,rakhi,RK938,1
347,rakhi,RK939,1
347,rakhi,RK940,1
347,rakhi,RK941,1
347,rakhi,RK948,1
347,rakhi,RK951,1
347,rakhi,RK954,1
347,rakhi,RK955,1
347,rakhi,RK956,1
347,rakhi,RK957,1
347,rakhi,RK958,1
347,rakhi,RK960,1
347,rakhi,RK961,1
347,rakhi,RK965,1
347,rakhi,RK966,1
347,rakhi,RK968,1
347,rakhi,RK970,1
347,rakhi,RK973,1
347,rakhi,RK978,1
347,rakhi,RK979,1
347,rakhi,RK980,1
347,rakhi,RK981,1
347,rakhi,RK982,1
347,rakhi,RK983,1
347,rakhi,RK985,1
347,rakhi,RK987,1
347,rakhi,RK989,1
347,rakhi,RK991,1
347,rakhi,RK993,1
347,rakhi,RK994,1
347,rakhi,RK995,1
347,rakhi,RK999,1
348,rakhi,RK1,1
348,rakhi,RK1000,1
348,rakhi,RK1001,1
348,rakhi,RK1003,1
348,rakhi,RK1004,1
348,rakhi,RK1005,1
348,rakhi,RK1012,1
348,rakhi,RK1013,1
348,rakhi,RK1015,1
348,rakhi,RK1017,1
348,rakhi,RK1019,1
348,rakhi,RK1022,1
348,rakhi,RK1023,1
348,rakhi,RK1025,1
348,rakhi,RK1026,1
348,rakhi,RK1027,1
348,rakhi,RK1040,1
348,rakhi,RK1050,1
348,rakhi,RK1050_2,1
348,rakhi,RK1061,1
348,rakhi,RK1061_2,1
348,rakhi,RK1066,1
348,rakhi,RK1078,1
348,rakhi,RK1079,1
348,rakhi,RK1083,1
348,rakhi,RK1084,1
348,rakhi,RK1085,1
348,rakhi,RK110,1
348,rakhi,RK1104,1
348,rakhi,RK111,1
348,rakhi,RK1119,1
348,rakhi,RK1126,1
348,rakhi,RK1127,1
348,rakhi,RK1128,1
348,rakhi,RK1135,1
348,rakhi,RK1136,1
348,rakhi,RK1137,1
348,rakhi,RK1139,1
348,rakhi,RK1141,1
348,rakhi,RK1142,1
348,rakhi,RK1143,1
348,rakhi,RK1148,1
348,rakhi,RK1150,1
348,rakhi,RK1161,1
348,rakhi,RK1162,1
348,rakhi,RK1163,1
348,rakhi,RK1164,1
348,rakhi,RK1167,1
348,rakhi,RK1168,1
348,rakhi,RK1170,1
348,rakhi,RK1171,1
348,rakhi,RK1172,1
348,rakhi,RK1173,1
348,rakhi,RK1174,1
348,rakhi,RK1184,1
348,rakhi,RK1190,1
348,rakhi,RK1191,1
348,rakhi,RK1202,1
348,rakhi,RK1203,1
348,rakhi,RK1204,1
348,rakhi,RK1207,1
348,rakhi,RK1208,1
348,rakhi,RK1210,1
348,rakhi,RK1211,1
348,rakhi,RK1212,1
348,rakhi,RK1213,1
348,rakhi,RK1214,1
348,rakhi,RK1215,1
348,rakhi,RK1216,1
348,rakhi,RK1217,1
348,rakhi,RK1218,1
348,rakhi,RK1219,1
348,rakhi,RK1220,1
348,rakhi,RK1221,1
348,rakhi,RK1223,1
348,rakhi,RK1224,1
348,rakhi,RK1225,1
348,rakhi,RK1226,1
348,rakhi,RK1227,1
348,rakhi,RK1228,1
348,rakhi,RK1230,1
348,rakhi,RK1231,1
348,rakhi,RK1236,1
348,rakhi,RK1237,1
348,rakhi,RK1238,1
348,rakhi,RK1239,1
348,rakhi,RK1240,1
348,rakhi,RK1241,1
348,rakhi,RK1244,1
348,rakhi,RK1247,1
348,rakhi,RK1249,1
348,rakhi,RK1251,1
348,rakhi,RK1252,1
348,rakhi,RK1255,1
348,rakhi,RK1256,1
348,rakhi,RK1257,1
348,rakhi,RK1258,1
348,rakhi,RK1259,1
348,rakhi,RK1261,1
348,rakhi,RK1263,1
348,rakhi,RK1264,1
348,rakhi,RK1265,1
348,rakhi,RK1266,1
348,rakhi,RK1267,1
348,rakhi,RK1268,1
348,rakhi,RK1271,1
348,rakhi,RK1274,1
348,rakhi,RK1275,1
348,rakhi,RK1278,1
348,rakhi,RK1279,1
348,rakhi,RK1280,1
348,rakhi,RK1281,1
348,rakhi,RK1286,1
348,rakhi,RK1287,1
348,rakhi,RK1290,1
348,rakhi,RK130,1
348,rakhi,RK1309,1
348,rakhi,RK131,1
348,rakhi,RK1319,1
348,rakhi,RK1340,1
348,rakhi,RK1341,1
348,rakhi,RK1345,1
348,rakhi,RK1347,1
348,rakhi,RK1348,1
348,rakhi,RK1349,1
348,rakhi,RK1351,1
348,rakhi,RK1354,1
348,rakhi,RK1355,1
348,rakhi,RK1356,1
348,rakhi,RK1360,1
348,rakhi,RK1366,1
348,rakhi,RK1382,1
348,rakhi,RK1389,1
348,rakhi,RK14,1
348,rakhi,RK1402,1
348,rakhi,RK1405,1
348,rakhi,RK146,1
348,rakhi,RK1597,1
348,rakhi,RK1600,1
348,rakhi,RK1601,1
348,rakhi,RK1608,1
348,rakhi,RK1609,1
348,rakhi,RK1616,1
348,rakhi,RK1618,1
348,rakhi,RK1619,1
348,rakhi,RK1621,1
348,rakhi,RK1622,1
348,rakhi,RK1625,1
348,rakhi,RK1634,1
348,rakhi,RK1636,1
348,rakhi,RK1639,1
348,rakhi,RK1639_2,1
348,rakhi,RK1639_3,1
348,rakhi,RK1642,1
348,rakhi,RK1643,1
348,rakhi,RK1644,1
348,rakhi,RK1646,1
348,rakhi,RK1649,1
348,rakhi,RK1653,1
348,rakhi,RK1655,1
348,rakhi,RK1657,1
348,rakhi,RK1663,1
348,rakhi,RK1663_2,1
348,rakhi,RK1664,1
348,rakhi,RK1669,1
348,rakhi,RK1670,1
348,rakhi,RK1672,1
348,rakhi,RK1673,1
348,rakhi,RK1676,1
348,rakhi,RK1682,1
348,rakhi,RK169,1
348,rakhi,RK1692,1
348,rakhi,RK1693,1
348,rakhi,RK1694,1
348,rakhi,RK1695,1
348,rakhi,RK1699,1
348,rakhi,RK1703,1
348,rakhi,RK1704,1
348,rakhi,RK1705,1
348,rakhi,RK1706,1
348,rakhi,RK1711,1
348,rakhi,RK1712,1
348,rakhi,RK1713,1
348,rakhi,RK1714,1
348,rakhi,RK1716,1
348,rakhi,RK1717,1
348,rakhi,RK1718,1
348,rakhi,RK1719,1
348,rakhi,RK1720,1
348,rakhi,RK1723,1
348,rakhi,RK1724,1
348,rakhi,RK1725,1
348,rakhi,RK1740,1
348,rakhi,RK1741,1
348,rakhi,RK1742,1
348,rakhi,RK1747,1
348,rakhi,RK1750,1
348,rakhi,RK1752,1
348,rakhi,RK1756,1
348,rakhi,RK1757,1
348,rakhi,RK1758,1
348,rakhi,RK1759,1
348,rakhi,RK176,1
348,rakhi,RK1761,1
348,rakhi,RK1762,1
348,rakhi,RK1764,1
348,rakhi,RK1766,1
348,rakhi,RK1770,1
348,rakhi,RK1774,1
348,rakhi,RK1775,1
348,rakhi,RK1778,1
348,rakhi,RK1780,1
348,rakhi,RK1781,1
348,rakhi,RK1782,1
348,rakhi,RK1783,1
348,rakhi,RK1784,1
348,rakhi,RK1785,1
348,rakhi,RK1786,1
348,rakhi,RK1787,1
348,rakhi,RK1788,1
348,rakhi,RK1789,1
348,rakhi,RK1792,1
348,rakhi,RK1793,1
348,rakhi,RK1793_2,1
348,rakhi,RK1795,1
348,rakhi,RK1796,1
348,rakhi,RK1797,1
348,rakhi,RK1799,1
348,rakhi,RK1800,1
348,rakhi,RK1802,1
348,rakhi,RK1803,1
348,rakhi,RK1804,1
348,rakhi,RK1805,1
348,rakhi,RK1806,1
348,rakhi,RK1807,1
348,rakhi,RK181,1
348,rakhi,RK1814,1
348,rakhi,RK1815,1
348,rakhi,RK1816,1
348,rakhi,RK1819,1
348,rakhi,RK1820,1
348,rakhi,RK1821,1
348,rakhi,RK1823,1
348,rakhi,RK1825,1
348,rakhi,RK1826,1
348,rakhi,RK1841,1
348,rakhi,RK1843,1
348,rakhi,RK1845,1
348,rakhi,RK1849,1
348,rakhi,RK185,1
348,rakhi,RK1850,1
348,rakhi,RK1852,1
348,rakhi,RK1858,1
348,rakhi,RK1859,1
348,rakhi,RK1861,1
348,rakhi,RK1864,1
348,rakhi,RK1865,1
348,rakhi,RK1870,1
348,rakhi,RK1874,1
348,rakhi,RK1875,1
348,rakhi,RK1882,1
348,rakhi,RK1884,1
348,rakhi,RK1887,1
348,rakhi,RK189,1
348,rakhi,RK1890,1
348,rakhi,RK1891,1
348,rakhi,RK1892,1
348,rakhi,RK1893,1
348,rakhi,RK1894,1
348,rakhi,RK1895,1
348,rakhi,RK1899,1
348,rakhi,RK1900,1
348,rakhi,RK1905,1
348,rakhi,RK1907,1
348,rakhi,RK1909,1
348,rakhi,RK1910,1
348,rakhi,RK1912,1
348,rakhi,RK1914,1
348,rakhi,RK1915,1
348,rakhi,RK1916,1
348,rakhi,RK1917,1
348,rakhi,RK1919,1
348,rakhi,RK1920,1
348,rakhi,RK1921,1
348,rakhi,RK1922,1
348,rakhi,RK1923,1
348,rakhi,RK1925,1
348,rakhi,RK1926,1
348,rakhi,RK1927,1
348,rakhi,RK1928,1
348,rakhi,RK1933,1
348,rakhi,RK1940,1
348,rakhi,RK1945,1
348,rakhi,RK1947,1
348,rakhi,RK1949,1
348,rakhi,RK1950,1
348,rakhi,RK1954,1
348,rakhi,RK1957,1
348,rakhi,RK1958,1
348,rakhi,RK196,1
348,rakhi,RK1966,1
348,rakhi,RK1976,1
348,rakhi,RK1978,1
348,rakhi,RK1979,1
348,rakhi,RK1981,1
348,rakhi,RK1982,1
348,rakhi,RK1983,1
348,rakhi,RK1989,1
348,rakhi,RK1992,1
348,rakhi,RK1995,1
348,rakhi,RK1997,1
348,rakhi,RK1998,1
348,rakhi,RK2003,1
348,rakhi,RK2004,1
348,rakhi,RK2006,1
348,rakhi,RK201,1
348,rakhi,RK2011,1
348,rakhi,RK2020,1
348,rakhi,RK2021,1
348,rakhi,RK2022,1
348,rakhi,RK2023,1
348,rakhi,RK2031,1
348,rakhi,RK2031_2,1
348,rakhi,RK2033,1
348,rakhi,RK2035,1
348,rakhi,RK2041,1
348,rakhi,RK2041_2,1
348,rakhi,RK2042,1
348,rakhi,RK2043,1
348,rakhi,RK2045,1
348,rakhi,RK2046,1
348,rakhi,RK2047,1
348,rakhi,RK2052,1
348,rakhi,RK2053,1
348,rakhi,RK2059,1
348,rakhi,RK2074,1
348,rakhi,RK2098,1
348,rakhi,RK2107,1
348,rakhi,RK227,1
348,rakhi,RK229,1
348,rakhi,RK234,1
348,rakhi,RK236,1
348,rakhi,RK237,1
348,rakhi,RK238,1
348,rakhi,RK240,1
348,rakhi,RK241,1
348,rakhi,RK248,1
348,rakhi,RK250,1
348,rakhi,RK264,1
348,rakhi,RK271,1
348,rakhi,RK272,1
348,rakhi,RK273,1
348,rakhi,RK276,1
348,rakhi,RK279,1
348,rakhi,RK283,1
348,rakhi,RK290,1
348,rakhi,RK298,1
348,rakhi,RK303,1
348,rakhi,RK304,1
348,rakhi,RK345,1
348,rakhi,RK350,1
348,rakhi,RK351,1
348,rakhi,RK353,1
348,rakhi,RK354,1
348,rakhi,RK355,1
348,rakhi,RK357,1
348,rakhi,RK361,1
348,rakhi,RK367,1
348,rakhi,RK368,1
348,rakhi,RK369,1
348,rakhi,RK371,1
348,rakhi,RK372,1
348,rakhi,RK374,1
348,rakhi,RK380,1
348,rakhi,RK381,1
348,rakhi,RK396,1
348,rakhi,RK398,1
348,rakhi,RK409,1
348,rakhi,RK410,1
348,rakhi,RK412,1
348,rakhi,RK433,1
348,rakhi,RK434,1
348,rakhi,RK437,1
348,rakhi,RK438,1
348,rakhi,RK441,1
348,rakhi,RK455,1
348,rakhi,RK457,1
348,rakhi,RK464,1
348,rakhi,RK466,1
348,rakhi,RK468,1
348,rakhi,RK474,1
348,rakhi,RK48,1
348,rakhi,RK484,1
348,rakhi,RK488,1
348,rakhi,RK492,1
348,rakhi,RK493,1
348,rakhi,RK499,1
348,rakhi,RK513,1
348,rakhi,RK516,1
348,rakhi,RK517,1
348,rakhi,RK526,1
348,rakhi,RK53,1
348,rakhi,RK539,1
348,rakhi,RK55,1
348,rakhi,RK550,1
348,rakhi,RK552,1
348,rakhi,RK554,1
348,rakhi,RK57,1
348,rakhi,RK582,1
348,rakhi,RK585,1
348,rakhi,RK589,1
348,rakhi,RK60,1
348,rakhi,RK61,1
348,rakhi,RK613,1
348,rakhi,RK617,1
348,rakhi,RK620,1
348,rakhi,RK63,1
348,rakhi,RK639,1
348,rakhi,RK643,1
348,rakhi,RK645,1
348,rakhi,RK648,1
348,rakhi,RK653,1
348,rakhi,RK663,1
348,rakhi,RK664,1
348,rakhi,RK665,1
348,rakhi,RK67,1
348,rakhi,RK671,1
348,rakhi,RK673,1
348,rakhi,RK680,1
348,rakhi,RK69,1
348,rakhi,RK70,1
348,rakhi,RK715,1
348,rakhi,RK719,1
348,rakhi,RK72,1
348,rakhi,RK722,1
348,rakhi,RK73,1
348,rakhi,RK733,1
348,rakhi,RK737,1
348,rakhi,RK75,1
348,rakhi,RK757,1
348,rakhi,RK766,1
348,rakhi,RK767,1
348,rakhi,RK77,1
348,rakhi,RK771,1
348,rakhi,RK773,1
348,rakhi,RK79,1
348,rakhi,RK796,1
348,rakhi,RK80,1
348,rakhi,RK808,1
348,rakhi,RK81,1
348,rakhi,RK819,1
348,rakhi,RK828,1
348,rakhi,RK83,1
348,rakhi,RK832,1
348,rakhi,RK833,1
348,rakhi,RK834,1
348,rakhi,RK835,1
348,rakhi,RK838,1
348,rakhi,RK840,1
348,rakhi,RK846,1
348,rakhi,RK848,1
348,rakhi,RK849,1
348,rakhi,RK853,1
348,rakhi,RK854,1
348,rakhi,RK859,1
348,rakhi,RK860,1
348,rakhi,RK864,1
348,rakhi,RK865,1
348,rakhi,RK866,1
348,rakhi,RK869,1
348,rakhi,RK874,1
348,rakhi,RK887,1
348,rakhi,RK887_2,1
348,rakhi,RK889,1
348,rakhi,RK891,1
348,rakhi,RK894,1
348,rakhi,RK900,1
348,rakhi,RK905,1
348,rakhi,RK906,1
348,rakhi,RK911,1
348,rakhi,RK913,1
348,rakhi,RK915,1
348,rakhi,RK917,1
348,rakhi,RK918,1
348,rakhi,RK919,1
348,rakhi,RK920,1
348,rakhi,RK921,1
348,rakhi,RK922,1
348,rakhi,RK923,1
348,rakhi,RK924,1
348,rakhi,RK925,1
348,rakhi,RK926,1
348,rakhi,RK927,1
348,rakhi,RK928,1
348,rakhi,RK929,1
348,rakhi,RK930,1
348,rakhi,RK931,1
348,rakhi,RK932,1
348,rakhi,RK933,1
348,rakhi,RK934,1
348,rakhi,RK935,1
348,rakhi,RK936,1
348,rakhi,RK937,1
348,rakhi,RK938,1
348,rakhi,RK939,1
348,rakhi,RK940,1
348,rakhi,RK941,1
348,rakhi,RK948,1
348,rakhi,RK951,1
348,rakhi,RK954,1
348,rakhi,RK955,1
348,rakhi,RK956,1
348,rakhi,RK957,1
348,rakhi,RK958,1
348,rakhi,RK960,1
348,rakhi,RK961,1
348,rakhi,RK965,1
348,rakhi,RK966,1
348,rakhi,RK968,1
348,rakhi,RK970,1
348,rakhi,RK973,1
348,rakhi,RK978,1
348,rakhi,RK979,1
348,rakhi,RK980,1
348,rakhi,RK981,1
348,rakhi,RK982,1
348,rakhi,RK983,1
348,rakhi,RK985,1
348,rakhi,RK987,1
348,rakhi,RK989,1
348,rakhi,RK991,1
348,rakhi,RK993,1
348,rakhi,RK994,1
348,rakhi,RK995,1
348,rakhi,RK999,1
349,rakhi,RK1,1
349,rakhi,RK1000,1
349,rakhi,RK1001,1
349,rakhi,RK1003,1
349,rakhi,RK1004,1
349,rakhi,RK1005,1
349,rakhi,RK1012,1
349,rakhi,RK1013,1
349,rakhi,RK1015,1
349,rakhi,RK1017,1
349,rakhi,RK1019,1
349,rakhi,RK1022,1
349,rakhi,RK1023,1
349,rakhi,RK1025,1
349,rakhi,RK1026,1
349,rakhi,RK1027,1
349,rakhi,RK1040,1
349,rakhi,RK1050,1
349,rakhi,RK1050_2,1
349,rakhi,RK1061,1
349,rakhi,RK1061_2,1
349,rakhi,RK1066,1
349,rakhi,RK1078,1
349,rakhi,RK1079,1
349,rakhi,RK1083,1
349,rakhi,RK1084,1
349,rakhi,RK1085,1
349,rakhi,RK110,1
349,rakhi,RK1104,1
349,rakhi,RK111,1
349,rakhi,RK1119,1
349,rakhi,RK1126,1
349,rakhi,RK1127,1
349,rakhi,RK1128,1
349,rakhi,RK1135,1
349,rakhi,RK1136,1
349,rakhi,RK1137,1
349,rakhi,RK1139,1
349,rakhi,RK1141,1
349,rakhi,RK1142,1
349,rakhi,RK1143,1
349,rakhi,RK1148,1
349,rakhi,RK1150,1
349,rakhi,RK1161,1
349,rakhi,RK1162,1
349,rakhi,RK1163,1
349,rakhi,RK1164,1
349,rakhi,RK1167,1
349,rakhi,RK1168,1
349,rakhi,RK1170,1
349,rakhi,RK1171,1
349,rakhi,RK1172,1
349,rakhi,RK1173,1
349,rakhi,RK1174,1
349,rakhi,RK1184,1
349,rakhi,RK1190,1
349,rakhi,RK1191,1
349,rakhi,RK1202,1
349,rakhi,RK1203,1
349,rakhi,RK1204,1
349,rakhi,RK1207,1
349,rakhi,RK1208,1
349,rakhi,RK1210,1
349,rakhi,RK1211,1
349,rakhi,RK1212,1
349,rakhi,RK1213,1
349,rakhi,RK1214,1
349,rakhi,RK1215,1
349,rakhi,RK1216,1
349,rakhi,RK1217,1
349,rakhi,RK1218,1
349,rakhi,RK1219,1
349,rakhi,RK1220,1
349,rakhi,RK1221,1
349,rakhi,RK1223,1
349,rakhi,RK1224,1
349,rakhi,RK1225,1
349,rakhi,RK1226,1
349,rakhi,RK1227,1
349,rakhi,RK1228,1
349,rakhi,RK1230,1
349,rakhi,RK1231,1
349,rakhi,RK1236,1
349,rakhi,RK1237,1
349,rakhi,RK1238,1
349,rakhi,RK1239,1
349,rakhi,RK1240,1
349,rakhi,RK1241,1
349,rakhi,RK1244,1
349,rakhi,RK1247,1
349,rakhi,RK1249,1
349,rakhi,RK1251,1
349,rakhi,RK1252,1
349,rakhi,RK1255,1
349,rakhi,RK1256,1
349,rakhi,RK1257,1
349,rakhi,RK1258,1
349,rakhi,RK1259,1
349,rakhi,RK1261,1
349,rakhi,RK1263,1
349,rakhi,RK1264,1
349,rakhi,RK1265,1
349,rakhi,RK1266,1
349,rakhi,RK1267,1
349,rakhi,RK1268,1
349,rakhi,RK1271,1
349,rakhi,RK1274,1
349,rakhi,RK1275,1
349,rakhi,RK1278,1
349,rakhi,RK1279,1
349,rakhi,RK1280,1
349,rakhi,RK1281,1
349,rakhi,RK1286,1
349,rakhi,RK1287,1
349,rakhi,RK1290,1
349,rakhi,RK130,1
349,rakhi,RK1309,1
349,rakhi,RK131,1
349,rakhi,RK1319,1
349,rakhi,RK1340,1
349,rakhi,RK1341,1
349,rakhi,RK1345,1
349,rakhi,RK1347,1
349,rakhi,RK1348,1
349,rakhi,RK1349,1
349,rakhi,RK1351,1
349,rakhi,RK1354,1
349,rakhi,RK1355,1
349,rakhi,RK1356,1
349,rakhi,RK1360,1
349,rakhi,RK1366,1
349,rakhi,RK1382,1
349,rakhi,RK1389,1
349,rakhi,RK14,1
349,rakhi,RK1402,1
349,rakhi,RK1405,1
349,rakhi,RK146,1
349,rakhi,RK1597,1
349,rakhi,RK1600,1
349,rakhi,RK1601,1
349,rakhi,RK1608,1
349,rakhi,RK1609,1
349,rakhi,RK1616,1
349,rakhi,RK1618,1
349,rakhi,RK1619,1
349,rakhi,RK1621,1
349,rakhi,RK1622,1
349,rakhi,RK1625,1
349,rakhi,RK1634,1
349,rakhi,RK1636,1
349,rakhi,RK1639,1
349,rakhi,RK1639_2,1
349,rakhi,RK1639_3,1
349,rakhi,RK1642,1
349,rakhi,RK1643,1
349,rakhi,RK1644,1
349,rakhi,RK1646,1
349,rakhi,RK1649,1
349,rakhi,RK1653,1
349,rakhi,RK1655,1
349,rakhi,RK1657,1
349,rakhi,RK1663,1
349,rakhi,RK1663_2,1
349,rakhi,RK1664,1
349,rakhi,RK1669,1
349,rakhi,RK1670,1
349,rakhi,RK1672,1
349,rakhi,RK1673,1
349,rakhi,RK1676,1
349,rakhi,RK1682,1
349,rakhi,RK169,1
349,rakhi,RK1692,1
349,rakhi,RK1693,1
349,rakhi,RK1694,1
349,rakhi,RK1695,1
349,rakhi,RK1699,1
349,rakhi,RK1703,1
349,rakhi,RK1704,1
349,rakhi,RK1705,1
349,rakhi,RK1706,1
349,rakhi,RK1711,1
349,rakhi,RK1712,1
349,rakhi,RK1713,1
349,rakhi,RK1714,1
349,rakhi,RK1716,1
349,rakhi,RK1717,1
349,rakhi,RK1718,1
349,rakhi,RK1719,1
349,rakhi,RK1720,1
349,rakhi,RK1723,1
349,rakhi,RK1724,1
349,rakhi,RK1725,1
349,rakhi,RK1740,1
349,rakhi,RK1741,1
349,rakhi,RK1742,1
349,rakhi,RK1747,1
349,rakhi,RK1750,1
349,rakhi,RK1752,1
349,rakhi,RK1756,1
349,rakhi,RK1757,1
349,rakhi,RK1758,1
349,rakhi,RK1759,1
349,rakhi,RK176,1
349,rakhi,RK1761,1
349,rakhi,RK1762,1
349,rakhi,RK1764,1
349,rakhi,RK1766,1
349,rakhi,RK1770,1
349,rakhi,RK1774,1
349,rakhi,RK1775,1
349,rakhi,RK1778,1
349,rakhi,RK1780,1
349,rakhi,RK1781,1
349,rakhi,RK1782,1
349,rakhi,RK1783,1
349,rakhi,RK1784,1
349,rakhi,RK1785,1
349,rakhi,RK1786,1
349,rakhi,RK1787,1
349,rakhi,RK1788,1
349,rakhi,RK1789,1
349,rakhi,RK1792,1
349,rakhi,RK1793,1
349,rakhi,RK1793_2,1
349,rakhi,RK1795,1
349,rakhi,RK1796,1
349,rakhi,RK1797,1
349,rakhi,RK1799,1
349,rakhi,RK1800,1
349,rakhi,RK1802,1
349,rakhi,RK1803,1
349,rakhi,RK1804,1
349,rakhi,RK1805,1
349,rakhi,RK1806,1
349,rakhi,RK1807,1
349,rakhi,RK181,1
349,rakhi,RK1814,1
349,rakhi,RK1815,1
349,rakhi,RK1816,1
349,rakhi,RK1819,1
349,rakhi,RK1820,1
349,rakhi,RK1821,1
349,rakhi,RK1823,1
349,rakhi,RK1825,1
349,rakhi,RK1826,1
349,rakhi,RK1841,1
349,rakhi,RK1843,1
349,rakhi,RK1845,1
349,rakhi,RK1849,1
349,rakhi,RK185,1
349,rakhi,RK1850,1
349,rakhi,RK1852,1
349,rakhi,RK1858,1
349,rakhi,RK1859,1
349,rakhi,RK1861,1
349,rakhi,RK1864,1
349,rakhi,RK1865,1
349,rakhi,RK1870,1
349,rakhi,RK1874,1
349,rakhi,RK1875,1
349,rakhi,RK1882,1
349,rakhi,RK1884,1
349,rakhi,RK1887,1
349,rakhi,RK189,1
349,rakhi,RK1890,1
349,rakhi,RK1891,1
349,rakhi,RK1892,1
349,rakhi,RK1893,1
349,rakhi,RK1894,1
349,rakhi,RK1895,1
349,rakhi,RK1899,1
349,rakhi,RK1900,1
349,rakhi,RK1905,1
349,rakhi,RK1907,1
349,rakhi,RK1909,1
349,rakhi,RK1910,1
349,rakhi,RK1912,1
349,rakhi,RK1914,1
349,rakhi,RK1915,1
349,rakhi,RK1916,1
349,rakhi,RK1917,1
349,rakhi,RK1919,1
349,rakhi,RK1920,1
349,rakhi,RK1921,1
349,rakhi,RK1922,1
349,rakhi,RK1923,1
349,rakhi,RK1925,1
349,rakhi,RK1926,1
349,rakhi,RK1927,1
349,rakhi,RK1928,1
349,rakhi,RK1933,1
349,rakhi,RK1940,1
349,rakhi,RK1945,1
349,rakhi,RK1947,1
349,rakhi,RK1949,1
349,rakhi,RK1950,1
349,rakhi,RK1954,1
349,rakhi,RK1957,1
349,rakhi,RK1958,1
349,rakhi,RK196,1
349,rakhi,RK1966,1
349,rakhi,RK1976,1
349,rakhi,RK1978,1
349,rakhi,RK1979,1
349,rakhi,RK1981,1
349,rakhi,RK1982,1
349,rakhi,RK1983,1
349,rakhi,RK1989,1
349,rakhi,RK1992,1
349,rakhi,RK1995,1
349,rakhi,RK1997,1
349,rakhi,RK1998,1
349,rakhi,RK2003,1
349,rakhi,RK2004,1
349,rakhi,RK2006,1
349,rakhi,RK201,1
349,rakhi,RK2011,1
349,rakhi,RK2020,1
349,rakhi,RK2021,1
349,rakhi,RK2022,1
349,rakhi,RK2023,1
349,rakhi,RK2031,1
349,rakhi,RK2031_2,1
349,rakhi,RK2033,1
349,rakhi,RK2035,1
349,rakhi,RK2041,1
349,rakhi,RK2041_2,1
349,rakhi,RK2042,1
349,rakhi,RK2043,1
349,rakhi,RK2045,1
349,rakhi,RK2046,1
349,rakhi,RK2047,1
349,rakhi,RK2052,1
349,rakhi,RK2053,1
349,rakhi,RK2059,1
349,rakhi,RK2074,1
349,rakhi,RK2098,1
349,rakhi,RK2107,1
349,rakhi,RK227,1
349,rakhi,RK229,1
349,rakhi,RK234,1
349,rakhi,RK236,1
349,rakhi,RK237,1
349,rakhi,RK238,1
349,rakhi,RK240,1
349,rakhi,RK241,1
349,rakhi,RK248,1
349,rakhi,RK250,1
349,rakhi,RK264,1
349,rakhi,RK271,1
349,rakhi,RK272,1
349,rakhi,RK273,1
349,rakhi,RK276,1
349,rakhi,RK279,1
349,rakhi,RK283,1
349,rakhi,RK290,1
349,rakhi,RK298,1
349,rakhi,RK303,1
349,rakhi,RK304,1
349,rakhi,RK345,1
349,rakhi,RK350,1
349,rakhi,RK351,1
349,rakhi,RK353,1
349,rakhi,RK354,1
349,rakhi,RK355,1
349,rakhi,RK357,1
349,rakhi,RK361,1
349,rakhi,RK367,1
349,rakhi,RK368,1
349,rakhi,RK369,1
349,rakhi,RK371,1
349,rakhi,RK372,1
349,rakhi,RK374,1
349,rakhi,RK380,1
349,rakhi,RK381,1
349,rakhi,RK396,1
349,rakhi,RK398,1
349,rakhi,RK409,1
349,rakhi,RK410,1
349,rakhi,RK412,1
349,rakhi,RK433,1
349,rakhi,RK434,1
349,rakhi,RK437,1
349,rakhi,RK438,1
349,rakhi,RK441,1
349,rakhi,RK455,1
349,rakhi,RK457,1
349,rakhi,RK464,1
349,rakhi,RK466,1
349,rakhi,RK468,1
349,rakhi,RK474,1
349,rakhi,RK48,1
349,rakhi,RK484,1
349,rakhi,RK488,1
349,rakhi,RK492,1
349,rakhi,RK493,1
349,rakhi,RK499,1
349,rakhi,RK513,1
349,rakhi,RK516,1
349,rakhi,RK517,1
349,rakhi,RK526,1
349,rakhi,RK53,1
349,rakhi,RK539,1
349,rakhi,RK55,1
349,rakhi,RK550,1
349,rakhi,RK552,1
349,rakhi,RK554,1
349,rakhi,RK57,1
349,rakhi,RK582,1
349,rakhi,RK585,1
349,rakhi,RK589,1
349,rakhi,RK60,1
349,rakhi,RK61,1
349,rakhi,RK613,1
349,rakhi,RK617,1
349,rakhi,RK620,1
349,rakhi,RK63,1
349,rakhi,RK639,1
349,rakhi,RK643,1
349,rakhi,RK645,1
349,rakhi,RK648,1
349,rakhi,RK653,1
349,rakhi,RK663,1
349,rakhi,RK664,1
349,rakhi,RK665,1
349,rakhi,RK67,1
349,rakhi,RK671,1
349,rakhi,RK673,1
349,rakhi,RK680,1
349,rakhi,RK69,1
349,rakhi,RK70,1
349,rakhi,RK715,1
349,rakhi,RK719,1
349,rakhi,RK72,1
349,rakhi,RK722,1
349,rakhi,RK73,1
349,rakhi,RK733,1
349,rakhi,RK737,1
349,rakhi,RK75,1
349,rakhi,RK757,1
349,rakhi,RK766,1
349,rakhi,RK767,1
349,rakhi,RK77,1
349,rakhi,RK771,1
349,rakhi,RK773,1
349,rakhi,RK79,1
349,rakhi,RK796,1
349,rakhi,RK80,1
349,rakhi,RK808,1
349,rakhi,RK81,1
349,rakhi,RK819,1
349,rakhi,RK828,1
349,rakhi,RK83,1
349,rakhi,RK832,1
349,rakhi,RK833,1
349,rakhi,RK834,1
349,rakhi,RK835,1
349,rakhi,RK838,1
349,rakhi,RK840,1
349,rakhi,RK846,1
349,rakhi,RK848,1
349,rakhi,RK849,1
349,rakhi,RK853,1
349,rakhi,RK854,1
349,rakhi,RK859,1
349,rakhi,RK860,1
349,rakhi,RK864,1
349,rakhi,RK865,1
349,rakhi,RK866,1
349,rakhi,RK869,1
349,rakhi,RK874,1
349,rakhi,RK887,1
349,rakhi,RK887_2,1
349,rakhi,RK889,1
349,rakhi,RK891,1
349,rakhi,RK894,1
349,rakhi,RK900,1
349,rakhi,RK905,1
349,rakhi,RK906,1
349,rakhi,RK911,1
349,rakhi,RK913,1
349,rakhi,RK915,1
349,rakhi,RK917,1
349,rakhi,RK918,1
349,rakhi,RK919,1
349,rakhi,RK920,1
349,rakhi,RK921,1
349,rakhi,RK922,1
349,rakhi,RK923,1
349,rakhi,RK924,1
349,rakhi,RK925,1
349,rakhi,RK926,1
349,rakhi,RK927,1
349,rakhi,RK928,1
349,rakhi,RK929,1
349,rakhi,RK930,1
349,rakhi,RK931,1
349,rakhi,RK932,1
349,rakhi,RK933,1
349,rakhi,RK934,1
349,rakhi,RK935,1
349,rakhi,RK936,1
349,rakhi,RK937,1
349,rakhi,RK938,1
349,rakhi,RK939,1
349,rakhi,RK940,1
349,rakhi,RK941,1
349,rakhi,RK948,1
349,rakhi,RK951,1
349,rakhi,RK954,1
349,rakhi,RK955,1
349,rakhi,RK956,1
349,rakhi,RK957,1
349,rakhi,RK958,1
349,rakhi,RK960,1
349,rakhi,RK961,1
349,rakhi,RK965,1
349,rakhi,RK966,1
349,rakhi,RK968,1
349,rakhi,RK970,1
349,rakhi,RK973,1
349,rakhi,RK978,1
349,rakhi,RK979,1
349,rakhi,RK980,1
349,rakhi,RK981,1
349,rakhi,RK982,1
349,rakhi,RK983,1
349,rakhi,RK985,1
349,rakhi,RK987,1
349,rakhi,RK989,1
349,rakhi,RK991,1
349,rakhi,RK993,1
349,rakhi,RK994,1
349,rakhi,RK995,1
349,rakhi,RK999,1
350,rakhi,RK1,1
350,rakhi,RK1000,1
350,rakhi,RK1001,1
350,rakhi,RK1003,1
350,rakhi,RK1004,1
350,rakhi,RK1005,1
350,rakhi,RK1012,1
350,rakhi,RK1013,1
350,rakhi,RK1015,1
350,rakhi,RK1017,1
350,rakhi,RK1019,1
350,rakhi,RK1022,1
350,rakhi,RK1023,1
350,rakhi,RK1025,1
350,rakhi,RK1026,1
350,rakhi,RK1027,1
350,rakhi,RK1040,1
350,rakhi,RK1050,1
350,rakhi,RK1050_2,1
350,rakhi,RK1061,1
350,rakhi,RK1061_2,1
350,rakhi,RK1066,1
350,rakhi,RK1078,1
350,rakhi,RK1079,1
350,rakhi,RK1083,1
350,rakhi,RK1084,1
350,rakhi,RK1085,1
350,rakhi,RK110,1
350,rakhi,RK1104,1
350,rakhi,RK111,1
350,rakhi,RK1119,1
350,rakhi,RK1126,1
350,rakhi,RK1127,1
350,rakhi,RK1128,1
350,rakhi,RK1135,1
350,rakhi,RK1136,1
350,rakhi,RK1137,1
350,rakhi,RK1139,1
350,rakhi,RK1141,1
350,rakhi,RK1142,1
350,rakhi,RK1143,1
350,rakhi,RK1148,1
350,rakhi,RK1150,1
350,rakhi,RK1161,1
350,rakhi,RK1162,1
350,rakhi,RK1163,1
350,rakhi,RK1164,1
350,rakhi,RK1167,1
350,rakhi,RK1168,1
350,rakhi,RK1170,1
350,rakhi,RK1171,1
350,rakhi,RK1172,1
350,rakhi,RK1173,1
350,rakhi,RK1174,1
350,rakhi,RK1184,1
350,rakhi,RK1190,1
350,rakhi,RK1191,1
350,rakhi,RK1202,1
350,rakhi,RK1203,1
350,rakhi,RK1204,1
350,rakhi,RK1207,1
350,rakhi,RK1208,1
350,rakhi,RK1210,1
350,rakhi,RK1211,1
350,rakhi,RK1212,1
350,rakhi,RK1213,1
350,rakhi,RK1214,1
350,rakhi,RK1215,1
350,rakhi,RK1216,1
350,rakhi,RK1217,1
350,rakhi,RK1218,1
350,rakhi,RK1219,1
350,rakhi,RK1220,1
350,rakhi,RK1221,1
350,rakhi,RK1223,1
350,rakhi,RK1224,1
350,rakhi,RK1225,1
350,rakhi,RK1226,1
350,rakhi,RK1227,1
350,rakhi,RK1228,1
350,rakhi,RK1230,1
350,rakhi,RK1231,1
350,rakhi,RK1236,1
350,rakhi,RK1237,1
350,rakhi,RK1238,1
350,rakhi,RK1239,1
350,rakhi,RK1240,1
350,rakhi,RK1241,1
350,rakhi,RK1244,1
350,rakhi,RK1247,1
350,rakhi,RK1249,1
350,rakhi,RK1251,1
350,rakhi,RK1252,1
350,rakhi,RK1255,1
350,rakhi,RK1256,1
350,rakhi,RK1257,1
350,rakhi,RK1258,1
350,rakhi,RK1259,1
350,rakhi,RK1261,1
350,rakhi,RK1263,1
350,rakhi,RK1264,1
350,rakhi,RK1265,1
350,rakhi,RK1266,1
350,rakhi,RK1267,1
350,rakhi,RK1268,1
350,rakhi,RK1271,1
350,rakhi,RK1274,1
350,rakhi,RK1275,1
350,rakhi,RK1278,1
350,rakhi,RK1279,1
350,rakhi,RK1280,1
350,rakhi,RK1281,1
350,rakhi,RK1286,1
350,rakhi,RK1287,1
350,rakhi,RK1290,1
350,rakhi,RK130,1
350,rakhi,RK1309,1
350,rakhi,RK131,1
350,rakhi,RK1319,1
350,rakhi,RK1340,1
350,rakhi,RK1341,1
350,rakhi,RK1345,1
350,rakhi,RK1347,1
350,rakhi,RK1348,1
350,rakhi,RK1349,1
350,rakhi,RK1351,1
350,rakhi,RK1354,1
350,rakhi,RK1355,1
350,rakhi,RK1356,1
350,rakhi,RK1360,1
350,rakhi,RK1366,1
350,rakhi,RK1382,1
350,rakhi,RK1389,1
350,rakhi,RK14,1
350,rakhi,RK1402,1
350,rakhi,RK1405,1
350,rakhi,RK146,1
350,rakhi,RK1597,1
350,rakhi,RK1600,1
350,rakhi,RK1601,1
350,rakhi,RK1608,1
350,rakhi,RK1609,1
350,rakhi,RK1616,1
350,rakhi,RK1618,1
350,rakhi,RK1619,1
350,rakhi,RK1621,1
350,rakhi,RK1622,1
350,rakhi,RK1625,1
350,rakhi,RK1634,1
350,rakhi,RK1636,1
350,rakhi,RK1639,1
350,rakhi,RK1639_2,1
350,rakhi,RK1639_3,1
350,rakhi,RK1642,1
350,rakhi,RK1643,1
350,rakhi,RK1644,1
350,rakhi,RK1646,1
350,rakhi,RK1649,1
350,rakhi,RK1653,1
350,rakhi,RK1655,1
350,rakhi,RK1657,1
350,rakhi,RK1663,1
350,rakhi,RK1663_2,1
350,rakhi,RK1664,1
350,rakhi,RK1669,1
350,rakhi,RK1670,1
350,rakhi,RK1672,1
350,rakhi,RK1673,1
350,rakhi,RK1676,1
350,rakhi,RK1682,1
350,rakhi,RK169,1
350,rakhi,RK1692,1
350,rakhi,RK1693,1
350,rakhi,RK1694,1
350,rakhi,RK1695,1
350,rakhi,RK1699,1
350,rakhi,RK1703,1
350,rakhi,RK1704,1
350,rakhi,RK1705,1
350,rakhi,RK1706,1
350,rakhi,RK1711,1
350,rakhi,RK1712,1
350,rakhi,RK1713,1
350,rakhi,RK1714,1
350,rakhi,RK1716,1
350,rakhi,RK1717,1
350,rakhi,RK1718,1
350,rakhi,RK1719,1
350,rakhi,RK1720,1
350,rakhi,RK1723,1
350,rakhi,RK1724,1
350,rakhi,RK1725,1
350,rakhi,RK1740,1
350,rakhi,RK1741,1
350,rakhi,RK1742,1
350,rakhi,RK1747,1
350,rakhi,RK1750,1
350,rakhi,RK1752,1
350,rakhi,RK1756,1
350,rakhi,RK1757,1
350,rakhi,RK1758,1
350,rakhi,RK1759,1
350,rakhi,RK176,1
350,rakhi,RK1761,1
350,rakhi,RK1762,1
350,rakhi,RK1764,1
350,rakhi,RK1766,1
350,rakhi,RK1770,1
350,rakhi,RK1774,1
350,rakhi,RK1775,1
350,rakhi,RK1778,1
350,rakhi,RK1780,1
350,rakhi,RK1781,1
350,rakhi,RK1782,1
350,rakhi,RK1783,1
350,rakhi,RK1784,1
350,rakhi,RK1785,1
350,rakhi,RK1786,1
350,rakhi,RK1787,1
350,rakhi,RK1788,1
350,rakhi,RK1789,1
350,rakhi,RK1792,1
350,rakhi,RK1793,1
350,rakhi,RK1793_2,1
350,rakhi,RK1795,1
350,rakhi,RK1796,1
350,rakhi,RK1797,1
350,rakhi,RK1799,1
350,rakhi,RK1800,1
350,rakhi,RK1802,1
350,rakhi,RK1803,1
350,rakhi,RK1804,1
350,rakhi,RK1805,1
350,rakhi,RK1806,1
350,rakhi,RK1807,1
350,rakhi,RK181,1
350,rakhi,RK1814,1
350,rakhi,RK1815,1
350,rakhi,RK1816,1
350,rakhi,RK1819,1
350,rakhi,RK1820,1
350,rakhi,RK1821,1
350,rakhi,RK1823,1
350,rakhi,RK1825,1
350,rakhi,RK1826,1
350,rakhi,RK1841,1
350,rakhi,RK1843,1
350,rakhi,RK1845,1
350,rakhi,RK1849,1
350,rakhi,RK185,1
350,rakhi,RK1850,1
350,rakhi,RK1852,1
350,rakhi,RK1858,1
350,rakhi,RK1859,1
350,rakhi,RK1861,1
350,rakhi,RK1864,1
350,rakhi,RK1865,1
350,rakhi,RK1870,1
350,rakhi,RK1874,1
350,rakhi,RK1875,1
350,rakhi,RK1882,1
350,rakhi,RK1884,1
350,rakhi,RK1887,1
350,rakhi,RK189,1
350,rakhi,RK1890,1
350,rakhi,RK1891,1
350,rakhi,RK1892,1
350,rakhi,RK1893,1
350,rakhi,RK1894,1
350,rakhi,RK1895,1
350,rakhi,RK1899,1
350,rakhi,RK1900,1
350,rakhi,RK1905,1
350,rakhi,RK1907,1
350,rakhi,RK1909,1
350,rakhi,RK1910,1
350,rakhi,RK1912,1
350,rakhi,RK1914,1
350,rakhi,RK1915,1
350,rakhi,RK1916,1
350,rakhi,RK1917,1
350,rakhi,RK1919,1
350,rakhi,RK1920,1
350,rakhi,RK1921,1
350,rakhi,RK1922,1
350,rakhi,RK1923,1
350,rakhi,RK1925,1
350,rakhi,RK1926,1
350,rakhi,RK1927,1
350,rakhi,RK1928,1
350,rakhi,RK1933,1
350,rakhi,RK1940,1
350,rakhi,RK1945,1
350,rakhi,RK1947,1
350,rakhi,RK1949,1
350,rakhi,RK1950,1
350,rakhi,RK1954,1
350,rakhi,RK1957,1
350,rakhi,RK1958,1
350,rakhi,RK196,1
350,rakhi,RK1966,1
350,rakhi,RK1976,1
350,rakhi,RK1978,1
350,rakhi,RK1979,1
350,rakhi,RK1981,1
350,rakhi,RK1982,1
350,rakhi,RK1983,1
350,rakhi,RK1989,1
350,rakhi,RK1992,1
350,rakhi,RK1995,1
350,rakhi,RK1997,1
350,rakhi,RK1998,1
350,rakhi,RK2003,1
350,rakhi,RK2004,1
350,rakhi,RK2006,1
350,rakhi,RK201,1
350,rakhi,RK2011,1
350,rakhi,RK2020,1
350,rakhi,RK2021,1
350,rakhi,RK2022,1
350,rakhi,RK2023,1
350,rakhi,RK2031,1
350,rakhi,RK2031_2,1
350,rakhi,RK2033,1
350,rakhi,RK2035,1
350,rakhi,RK2041,1
350,rakhi,RK2041_2,1
350,rakhi,RK2042,1
350,rakhi,RK2043,1
350,rakhi,RK2045,1
350,rakhi,RK2046,1
350,rakhi,RK2047,1
350,rakhi,RK2052,1
350,rakhi,RK2053,1
350,rakhi,RK2059,1
350,rakhi,RK2074,1
350,rakhi,RK2098,1
350,rakhi,RK2107,1
350,rakhi,RK227,1
350,rakhi,RK229,1
350,rakhi,RK234,1
350,rakhi,RK236,1
350,rakhi,RK237,1
350,rakhi,RK238,1
350,rakhi,RK240,1
350,rakhi,RK241,1
350,rakhi,RK248,1
350,rakhi,RK250,1
350,rakhi,RK264,1
350,rakhi,RK271,1
350,rakhi,RK272,1
350,rakhi,RK273,1
350,rakhi,RK276,1
350,rakhi,RK279,1
350,rakhi,RK283,1
350,rakhi,RK290,1
350,rakhi,RK298,1
350,rakhi,RK303,1
350,rakhi,RK304,1
350,rakhi,RK345,1
350,rakhi,RK350,1
350,rakhi,RK351,1
350,rakhi,RK353,1
350,rakhi,RK354,1
350,rakhi,RK355,1
350,rakhi,RK357,1
350,rakhi,RK361,1
350,rakhi,RK367,1
350,rakhi,RK368,1
350,rakhi,RK369,1
350,rakhi,RK371,1
350,rakhi,RK372,1
350,rakhi,RK374,1
350,rakhi,RK380,1
350,rakhi,RK381,1
350,rakhi,RK396,1
350,rakhi,RK398,1
350,rakhi,RK409,1
350,rakhi,RK410,1
350,rakhi,RK412,1
350,rakhi,RK433,1
350,rakhi,RK434,1
350,rakhi,RK437,1
350,rakhi,RK438,1
350,rakhi,RK441,1
350,rakhi,RK455,1
350,rakhi,RK457,1
350,rakhi,RK464,1
350,rakhi,RK466,1
350,rakhi,RK468,1
350,rakhi,RK474,1
350,rakhi,RK48,1
350,rakhi,RK484,1
350,rakhi,RK488,1
350,rakhi,RK492,1
350,rakhi,RK493,1
350,rakhi,RK499,1
350,rakhi,RK513,1
350,rakhi,RK516,1
350,rakhi,RK517,1
350,rakhi,RK526,1
350,rakhi,RK53,1
350,rakhi,RK539,1
350,rakhi,RK55,1
350,rakhi,RK550,1
350,rakhi,RK552,1
350,rakhi,RK554,1
350,rakhi,RK57,1
350,rakhi,RK582,1
350,rakhi,RK585,1
350,rakhi,RK589,1
350,rakhi,RK60,1
350,rakhi,RK61,1
350,rakhi,RK613,1
350,rakhi,RK617,1
350,rakhi,RK620,1
350,rakhi,RK63,1
350,rakhi,RK639,1
350,rakhi,RK643,1
350,rakhi,RK645,1
350,rakhi,RK648,1
350,rakhi,RK653,1
350,rakhi,RK663,1
350,rakhi,RK664,1
350,rakhi,RK665,1
350,rakhi,RK67,1
350,rakhi,RK671,1
350,rakhi,RK673,1
350,rakhi,RK680,1
350,rakhi,RK69,1
350,rakhi,RK70,1
350,rakhi,RK715,1
350,rakhi,RK719,1
350,rakhi,RK72,1
350,rakhi,RK722,1
350,rakhi,RK73,1
350,rakhi,RK733,1
350,rakhi,RK737,1
350,rakhi,RK75,1
350,rakhi,RK757,1
350,rakhi,RK766,1
350,rakhi,RK767,1
350,rakhi,RK77,1
350,rakhi,RK771,1
350,rakhi,RK773,1
350,rakhi,RK79,1
350,rakhi,RK796,1
350,rakhi,RK80,1
350,rakhi,RK808,1
350,rakhi,RK81,1
350,rakhi,RK819,1
350,rakhi,RK828,1
350,rakhi,RK83,1
350,rakhi,RK832,1
350,rakhi,RK833,1
350,rakhi,RK834,1
350,rakhi,RK835,1
350,rakhi,RK838,1
350,rakhi,RK840,1
350,rakhi,RK846,1
350,rakhi,RK848,1
350,rakhi,RK849,1
350,rakhi,RK853,1
350,rakhi,RK854,1
350,rakhi,RK859,1
350,rakhi,RK860,1
350,rakhi,RK864,1
350,rakhi,RK865,1
350,rakhi,RK866,1
350,rakhi,RK869,1
350,rakhi,RK874,1
350,rakhi,RK887,1
350,rakhi,RK887_2,1
350,rakhi,RK889,1
350,rakhi,RK891,1
350,rakhi,RK894,1
350,rakhi,RK900,1
350,rakhi,RK905,1
350,rakhi,RK906,1
350,rakhi,RK911,1
350,rakhi,RK913,1
350,rakhi,RK915,1
350,rakhi,RK917,1
350,rakhi,RK918,1
350,rakhi,RK919,1
350,rakhi,RK920,1
350,rakhi,RK921,1
350,rakhi,RK922,1
350,rakhi,RK923,1
350,rakhi,RK924,1
350,rakhi,RK925,1
350,rakhi,RK926,1
350,rakhi,RK927,1
350,rakhi,RK928,1
350,rakhi,RK929,1
350,rakhi,RK930,1
350,rakhi,RK931,1
350,rakhi,RK932,1
350,rakhi,RK933,1
350,rakhi,RK934,1
350,rakhi,RK935,1
350,rakhi,RK936,1
350,rakhi,RK937,1
350,rakhi,RK938,1
350,rakhi,RK939,1
350,rakhi,RK940,1
350,rakhi,RK941,1
350,rakhi,RK948,1
350,rakhi,RK951,1
350,rakhi,RK954,1
350,rakhi,RK955,1
350,rakhi,RK956,1
350,rakhi,RK957,1
350,rakhi,RK958,1
350,rakhi,RK960,1
350,rakhi,RK961,1
350,rakhi,RK965,1
350,rakhi,RK966,1
350,rakhi,RK968,1
350,rakhi,RK970,1
350,rakhi,RK973,1
350,rakhi,RK978,1
350,rakhi,RK979,1
350,rakhi,RK980,1
350,rakhi,RK981,1
350,rakhi,RK982,1
350,rakhi,RK983,1
350,rakhi,RK985,1
350,rakhi,RK987,1
350,rakhi,RK989,1
350,rakhi,RK991,1
350,rakhi,RK993,1
350,rakhi,RK994,1
350,rakhi,RK995,1
350,rakhi,RK999,1
351,rakhi,RK1,1
351,rakhi,RK1000,1
351,rakhi,RK1001,1
351,rakhi,RK1003,1
351,rakhi,RK1004,1
351,rakhi,RK1005,1
351,rakhi,RK1012,1
351,rakhi,RK1013,1
351,rakhi,RK1015,1
351,rakhi,RK1017,1
351,rakhi,RK1019,1
351,rakhi,RK1022,1
351,rakhi,RK1023,1
351,rakhi,RK1025,1
351,rakhi,RK1026,1
351,rakhi,RK1027,1
351,rakhi,RK1040,1
351,rakhi,RK1050,1
351,rakhi,RK1050_2,1
351,rakhi,RK1061,1
351,rakhi,RK1061_2,1
351,rakhi,RK1066,1
351,rakhi,RK1078,1
351,rakhi,RK1079,1
351,rakhi,RK1083,1
351,rakhi,RK1084,1
351,rakhi,RK1085,1
351,rakhi,RK110,1
351,rakhi,RK1104,1
351,rakhi,RK111,1
351,rakhi,RK1119,1
351,rakhi,RK1126,1
351,rakhi,RK1127,1
351,rakhi,RK1128,1
351,rakhi,RK1135,1
351,rakhi,RK1136,1
351,rakhi,RK1137,1
351,rakhi,RK1139,1
351,rakhi,RK1141,1
351,rakhi,RK1142,1
351,rakhi,RK1143,1
351,rakhi,RK1148,1
351,rakhi,RK1150,1
351,rakhi,RK1161,1
351,rakhi,RK1162,1
351,rakhi,RK1163,1
351,rakhi,RK1164,1
351,rakhi,RK1167,1
351,rakhi,RK1168,1
351,rakhi,RK1170,1
351,rakhi,RK1171,1
351,rakhi,RK1172,1
351,rakhi,RK1173,1
351,rakhi,RK1174,1
351,rakhi,RK1184,1
351,rakhi,RK1190,1
351,rakhi,RK1191,1
351,rakhi,RK1202,1
351,rakhi,RK1203,1
351,rakhi,RK1204,1
351,rakhi,RK1207,1
351,rakhi,RK1208,1
351,rakhi,RK1210,1
351,rakhi,RK1211,1
351,rakhi,RK1212,1
351,rakhi,RK1213,1
351,rakhi,RK1214,1
351,rakhi,RK1215,1
351,rakhi,RK1216,1
351,rakhi,RK1217,1
351,rakhi,RK1218,1
351,rakhi,RK1219,1
351,rakhi,RK1220,1
351,rakhi,RK1221,1
351,rakhi,RK1223,1
351,rakhi,RK1224,1
351,rakhi,RK1225,1
351,rakhi,RK1226,1
351,rakhi,RK1227,1
351,rakhi,RK1228,1
351,rakhi,RK1230,1
351,rakhi,RK1231,1
351,rakhi,RK1236,1
351,rakhi,RK1237,1
351,rakhi,RK1238,1
351,rakhi,RK1239,1
351,rakhi,RK1240,1
351,rakhi,RK1241,1
351,rakhi,RK1244,1
351,rakhi,RK1247,1
351,rakhi,RK1249,1
351,rakhi,RK1251,1
351,rakhi,RK1252,1
351,rakhi,RK1255,1
351,rakhi,RK1256,1
351,rakhi,RK1257,1
351,rakhi,RK1258,1
351,rakhi,RK1259,1
351,rakhi,RK1261,1
351,rakhi,RK1263,1
351,rakhi,RK1264,1
351,rakhi,RK1265,1
351,rakhi,RK1266,1
351,rakhi,RK1267,1
351,rakhi,RK1268,1
351,rakhi,RK1271,1
351,rakhi,RK1274,1
351,rakhi,RK1275,1
351,rakhi,RK1278,1
351,rakhi,RK1279,1
351,rakhi,RK1280,1
351,rakhi,RK1281,1
351,rakhi,RK1286,1
351,rakhi,RK1287,1
351,rakhi,RK1290,1
351,rakhi,RK130,1
351,rakhi,RK1309,1
351,rakhi,RK131,1
351,rakhi,RK1319,1
351,rakhi,RK1340,1
351,rakhi,RK1341,1
351,rakhi,RK1345,1
351,rakhi,RK1347,1
351,rakhi,RK1348,1
351,rakhi,RK1349,1
351,rakhi,RK1351,1
351,rakhi,RK1354,1
351,rakhi,RK1355,1
351,rakhi,RK1356,1
351,rakhi,RK1360,1
351,rakhi,RK1366,1
351,rakhi,RK1382,1
351,rakhi,RK1389,1
351,rakhi,RK14,1
351,rakhi,RK1402,1
351,rakhi,RK1405,1
351,rakhi,RK146,1
351,rakhi,RK1597,1
351,rakhi,RK1600,1
351,rakhi,RK1601,1
351,rakhi,RK1608,1
351,rakhi,RK1609,1
351,rakhi,RK1616,1
351,rakhi,RK1618,1
351,rakhi,RK1619,1
351,rakhi,RK1621,1
351,rakhi,RK1622,1
351,rakhi,RK1625,1
351,rakhi,RK1634,1
351,rakhi,RK1636,1
351,rakhi,RK1639,1
351,rakhi,RK1639_2,1
351,rakhi,RK1639_3,1
351,rakhi,RK1642,1
351,rakhi,RK1643,1
351,rakhi,RK1644,1
351,rakhi,RK1646,1
351,rakhi,RK1649,1
351,rakhi,RK1653,1
351,rakhi,RK1655,1
351,rakhi,RK1657,1
351,rakhi,RK1663,1
351,rakhi,RK1663_2,1
351,rakhi,RK1664,1
351,rakhi,RK1669,1
351,rakhi,RK1670,1
351,rakhi,RK1672,1
351,rakhi,RK1673,1
351,rakhi,RK1676,1
351,rakhi,RK1682,1
351,rakhi,RK169,1
351,rakhi,RK1692,1
351,rakhi,RK1693,1
351,rakhi,RK1694,1
351,rakhi,RK1695,1
351,rakhi,RK1699,1
351,rakhi,RK1703,1
351,rakhi,RK1704,1
351,rakhi,RK1705,1
351,rakhi,RK1706,1
351,rakhi,RK1711,1
351,rakhi,RK1712,1
351,rakhi,RK1713,1
351,rakhi,RK1714,1
351,rakhi,RK1716,1
351,rakhi,RK1717,1
351,rakhi,RK1718,1
351,rakhi,RK1719,1
351,rakhi,RK1720,1
351,rakhi,RK1723,1
351,rakhi,RK1724,1
351,rakhi,RK1725,1
351,rakhi,RK1740,1
351,rakhi,RK1741,1
351,rakhi,RK1742,1
351,rakhi,RK1747,1
351,rakhi,RK1750,1
351,rakhi,RK1752,1
351,rakhi,RK1756,1
351,rakhi,RK1757,1
351,rakhi,RK1758,1
351,rakhi,RK1759,1
351,rakhi,RK176,1
351,rakhi,RK1761,1
351,rakhi,RK1762,1
351,rakhi,RK1764,1
351,rakhi,RK1766,1
351,rakhi,RK1770,1
351,rakhi,RK1774,1
351,rakhi,RK1775,1
351,rakhi,RK1778,1
351,rakhi,RK1780,1
351,rakhi,RK1781,1
351,rakhi,RK1782,1
351,rakhi,RK1783,1
351,rakhi,RK1784,1
351,rakhi,RK1785,1
351,rakhi,RK1786,1
351,rakhi,RK1787,1
351,rakhi,RK1788,1
351,rakhi,RK1789,1
351,rakhi,RK1792,1
351,rakhi,RK1793,1
351,rakhi,RK1793_2,1
351,rakhi,RK1795,1
351,rakhi,RK1796,1
351,rakhi,RK1797,1
351,rakhi,RK1799,1
351,rakhi,RK1800,1
351,rakhi,RK1802,1
351,rakhi,RK1803,1
351,rakhi,RK1804,1
351,rakhi,RK1805,1
351,rakhi,RK1806,1
351,rakhi,RK1807,1
351,rakhi,RK181,1
351,rakhi,RK1814,1
351,rakhi,RK1815,1
351,rakhi,RK1816,1
351,rakhi,RK1819,1
351,rakhi,RK1820,1
351,rakhi,RK1821,1
351,rakhi,RK1823,1
351,rakhi,RK1825,1
351,rakhi,RK1826,1
351,rakhi,RK1841,1
351,rakhi,RK1843,1
351,rakhi,RK1845,1
351,rakhi,RK1849,1
351,rakhi,RK185,1
351,rakhi,RK1850,1
351,rakhi,RK1852,1
351,rakhi,RK1858,1
351,rakhi,RK1859,1
351,rakhi,RK1861,1
351,rakhi,RK1864,1
351,rakhi,RK1865,1
351,rakhi,RK1870,1
351,rakhi,RK1874,1
351,rakhi,RK1875,1
351,rakhi,RK1882,1
351,rakhi,RK1884,1
351,rakhi,RK1887,1
351,rakhi,RK189,1
351,rakhi,RK1890,1
351,rakhi,RK1891,1
351,rakhi,RK1892,1
351,rakhi,RK1893,1
351,rakhi,RK1894,1
351,rakhi,RK1895,1
351,rakhi,RK1899,1
351,rakhi,RK1900,1
351,rakhi,RK1905,1
351,rakhi,RK1907,1
351,rakhi,RK1909,1
351,rakhi,RK1910,1
351,rakhi,RK1912,1
351,rakhi,RK1914,1
351,rakhi,RK1915,1
351,rakhi,RK1916,1
351,rakhi,RK1917,1
351,rakhi,RK1919,1
351,rakhi,RK1920,1
351,rakhi,RK1921,1
351,rakhi,RK1922,1
351,rakhi,RK1923,1
351,rakhi,RK1925,1
351,rakhi,RK1926,1
351,rakhi,RK1927,1
351,rakhi,RK1928,1
351,rakhi,RK1933,1
351,rakhi,RK1940,1
351,rakhi,RK1945,1
351,rakhi,RK1947,1
351,rakhi,RK1949,1
351,rakhi,RK1950,1
351,rakhi,RK1954,1
351,rakhi,RK1957,1
351,rakhi,RK1958,1
351,rakhi,RK196,1
351,rakhi,RK1966,1
351,rakhi,RK1976,1
351,rakhi,RK1978,1
351,rakhi,RK1979,1
351,rakhi,RK1981,1
351,rakhi,RK1982,1
351,rakhi,RK1983,1
351,rakhi,RK1989,1
351,rakhi,RK1992,1
351,rakhi,RK1995,1
351,rakhi,RK1997,1
351,rakhi,RK1998,1
351,rakhi,RK2003,1
351,rakhi,RK2004,1
351,rakhi,RK2006,1
351,rakhi,RK201,1
351,rakhi,RK2011,1
351,rakhi,RK2020,1
351,rakhi,RK2021,1
351,rakhi,RK2022,1
351,rakhi,RK2023,1
351,rakhi,RK2031,1
351,rakhi,RK2031_2,1
351,rakhi,RK2033,1
351,rakhi,RK2035,1
351,rakhi,RK2041,1
351,rakhi,RK2041_2,1
351,rakhi,RK2042,1
351,rakhi,RK2043,1
351,rakhi,RK2045,1
351,rakhi,RK2046,1
351,rakhi,RK2047,1
351,rakhi,RK2052,1
351,rakhi,RK2053,1
351,rakhi,RK2059,1
351,rakhi,RK2074,1
351,rakhi,RK2098,1
351,rakhi,RK2107,1
351,rakhi,RK227,1
351,rakhi,RK229,1
351,rakhi,RK234,1
351,rakhi,RK236,1
351,rakhi,RK237,1
351,rakhi,RK238,1
351,rakhi,RK240,1
351,rakhi,RK241,1
351,rakhi,RK248,1
351,rakhi,RK250,1
351,rakhi,RK264,1
351,rakhi,RK271,1
351,rakhi,RK272,1
351,rakhi,RK273,1
351,rakhi,RK276,1
351,rakhi,RK279,1
351,rakhi,RK283,1
351,rakhi,RK290,1
351,rakhi,RK298,1
351,rakhi,RK303,1
351,rakhi,RK304,1
351,rakhi,RK345,1
351,rakhi,RK350,1
351,rakhi,RK351,1
351,rakhi,RK353,1
351,rakhi,RK354,1
351,rakhi,RK355,1
351,rakhi,RK357,1
351,rakhi,RK361,1
351,rakhi,RK367,1
351,rakhi,RK368,1
351,rakhi,RK369,1
351,rakhi,RK371,1
351,rakhi,RK372,1
351,rakhi,RK374,1
351,rakhi,RK380,1
351,rakhi,RK381,1
351,rakhi,RK396,1
351,rakhi,RK398,1
351,rakhi,RK409,1
351,rakhi,RK410,1
351,rakhi,RK412,1
351,rakhi,RK433,1
351,rakhi,RK434,1
351,rakhi,RK437,1
351,rakhi,RK438,1
351,rakhi,RK441,1
351,rakhi,RK455,1
351,rakhi,RK457,1
351,rakhi,RK464,1
351,rakhi,RK466,1
351,rakhi,RK468,1
351,rakhi,RK474,1
351,rakhi,RK48,1
351,rakhi,RK484,1
351,rakhi,RK488,1
351,rakhi,RK492,1
351,rakhi,RK493,1
351,rakhi,RK499,1
351,rakhi,RK513,1
351,rakhi,RK516,1
351,rakhi,RK517,1
351,rakhi,RK526,1
351,rakhi,RK53,1
351,rakhi,RK539,1
351,rakhi,RK55,1
351,rakhi,RK550,1
351,rakhi,RK552,1
351,rakhi,RK554,1
351,rakhi,RK57,1
351,rakhi,RK582,1
351,rakhi,RK585,1
351,rakhi,RK589,1
351,rakhi,RK60,1
351,rakhi,RK61,1
351,rakhi,RK613,1
351,rakhi,RK617,1
351,rakhi,RK620,1
351,rakhi,RK63,1
351,rakhi,RK639,1
351,rakhi,RK643,1
351,rakhi,RK645,1
351,rakhi,RK648,1
351,rakhi,RK653,1
351,rakhi,RK663,1
351,rakhi,RK664,1
351,rakhi,RK665,1
351,rakhi,RK67,1
351,rakhi,RK671,1
351,rakhi,RK673,1
351,rakhi,RK680,1
351,rakhi,RK69,1
351,rakhi,RK70,1
351,rakhi,RK715,1
351,rakhi,RK719,1
351,rakhi,RK72,1
351,rakhi,RK722,1
351,rakhi,RK73,1
351,rakhi,RK733,1
351,rakhi,RK737,1
351,rakhi,RK75,1
351,rakhi,RK757,1
351,rakhi,RK766,1
351,rakhi,RK767,1
351,rakhi,RK77,1
351,rakhi,RK771,1
351,rakhi,RK773,1
351,rakhi,RK79,1
351,rakhi,RK796,1
351,rakhi,RK80,1
351,rakhi,RK808,1
351,rakhi,RK81,1
351,rakhi,RK819,1
351,rakhi,RK828,1
351,rakhi,RK83,1
351,rakhi,RK832,1
351,rakhi,RK833,1
351,rakhi,RK834,1
351,rakhi,RK835,1
351,rakhi,RK838,1
351,rakhi,RK840,1
351,rakhi,RK846,1
351,rakhi,RK848,1
351,rakhi,RK849,1
351,rakhi,RK853,1
351,rakhi,RK854,1
351,rakhi,RK859,1
351,rakhi,RK860,1
351,rakhi,RK864,1
351,rakhi,RK865,1
351,rakhi,RK866,1
351,rakhi,RK869,1
351,rakhi,RK874,1
351,rakhi,RK887,1
351,rakhi,RK887_2,1
351,rakhi,RK889,1
351,rakhi,RK891,1
351,rakhi,RK894,1
351,rakhi,RK900,1
351,rakhi,RK905,1
351,rakhi,RK906,1
351,rakhi,RK911,1
351,rakhi,RK913,1
351,rakhi,RK915,1
351,rakhi,RK917,1
351,rakhi,RK918,1
351,rakhi,RK919,1
351,rakhi,RK920,1
351,rakhi,RK921,1
351,rakhi,RK922,1
351,rakhi,RK923,1
351,rakhi,RK924,1
351,rakhi,RK925,1
351,rakhi,RK926,1
351,rakhi,RK927,1
351,rakhi,RK928,1
351,rakhi,RK929,1
351,rakhi,RK930,1
351,rakhi,RK931,1
351,rakhi,RK932,1
351,rakhi,RK933,1
351,rakhi,RK934,1
351,rakhi,RK935,1
351,rakhi,RK936,1
351,rakhi,RK937,1
351,rakhi,RK938,1
351,rakhi,RK939,1
351,rakhi,RK940,1
351,rakhi,RK941,1
351,rakhi,RK948,1
351,rakhi,RK951,1
351,rakhi,RK954,1
351,rakhi,RK955,1
351,rakhi,RK956,1
351,rakhi,RK957,1
351,rakhi,RK958,1
351,rakhi,RK960,1
351,rakhi,RK961,1
351,rakhi,RK965,1
351,rakhi,RK966,1
351,rakhi,RK968,1
351,rakhi,RK970,1
351,rakhi,RK973,1
351,rakhi,RK978,1
351,rakhi,RK979,1
351,rakhi,RK980,1
351,rakhi,RK981,1
351,rakhi,RK982,1
351,rakhi,RK983,1
351,rakhi,RK985,1
351,rakhi,RK987,1
351,rakhi,RK989,1
351,rakhi,RK991,1
351,rakhi,RK993,1
351,rakhi,RK994,1
351,rakhi,RK995,1
351,rakhi,RK999,1
352,rakhi,RK1,1
352,rakhi,RK1000,1
352,rakhi,RK1001,1
352,rakhi,RK1003,1
352,rakhi,RK1004,1
352,rakhi,RK1005,1
352,rakhi,RK1012,1
352,rakhi,RK1013,1
352,rakhi,RK1015,1
352,rakhi,RK1017,1
352,rakhi,RK1019,1
352,rakhi,RK1022,1
352,rakhi,RK1023,1
352,rakhi,RK1025,1
352,rakhi,RK1026,1
352,rakhi,RK1027,1
352,rakhi,RK1040,1
352,rakhi,RK1050,1
352,rakhi,RK1050_2,1
352,rakhi,RK1061,1
352,rakhi,RK1061_2,1
352,rakhi,RK1066,1
352,rakhi,RK1078,1
352,rakhi,RK1079,1
352,rakhi,RK1083,1
352,rakhi,RK1084,1
352,rakhi,RK1085,1
352,rakhi,RK110,1
352,rakhi,RK1104,1
352,rakhi,RK111,1
352,rakhi,RK1119,1
352,rakhi,RK1126,1
352,rakhi,RK1127,1
352,rakhi,RK1128,1
352,rakhi,RK1135,1
352,rakhi,RK1136,1
352,rakhi,RK1137,1
352,rakhi,RK1139,1
352,rakhi,RK1141,1
352,rakhi,RK1142,1
352,rakhi,RK1143,1
352,rakhi,RK1148,1
352,rakhi,RK1150,1
352,rakhi,RK1161,1
352,rakhi,RK1162,1
352,rakhi,RK1163,1
352,rakhi,RK1164,1
352,rakhi,RK1167,1
352,rakhi,RK1168,1
352,rakhi,RK1170,1
352,rakhi,RK1171,1
352,rakhi,RK1172,1
352,rakhi,RK1173,1
352,rakhi,RK1174,1
352,rakhi,RK1184,1
352,rakhi,RK1190,1
352,rakhi,RK1191,1
352,rakhi,RK1202,1
352,rakhi,RK1203,1
352,rakhi,RK1204,1
352,rakhi,RK1207,1
352,rakhi,RK1208,1
352,rakhi,RK1210,1
352,rakhi,RK1211,1
352,rakhi,RK1212,1
352,rakhi,RK1213,1
352,rakhi,RK1214,1
352,rakhi,RK1215,1
352,rakhi,RK1216,1
352,rakhi,RK1217,1
352,rakhi,RK1218,1
352,rakhi,RK1219,1
352,rakhi,RK1220,1
352,rakhi,RK1221,1
352,rakhi,RK1223,1
352,rakhi,RK1224,1
352,rakhi,RK1225,1
352,rakhi,RK1226,1
352,rakhi,RK1227,1
352,rakhi,RK1228,1
352,rakhi,RK1230,1
352,rakhi,RK1231,1
352,rakhi,RK1236,1
352,rakhi,RK1237,1
352,rakhi,RK1238,1
352,rakhi,RK1239,1
352,rakhi,RK1240,1
352,rakhi,RK1241,1
352,rakhi,RK1244,1
352,rakhi,RK1247,1
352,rakhi,RK1249,1
352,rakhi,RK1251,1
352,rakhi,RK1252,1
352,rakhi,RK1255,1
352,rakhi,RK1256,1
352,rakhi,RK1257,1
352,rakhi,RK1258,1
352,rakhi,RK1259,1
352,rakhi,RK1261,1
352,rakhi,RK1263,1
352,rakhi,RK1264,1
352,rakhi,RK1265,1
352,rakhi,RK1266,1
352,rakhi,RK1267,1
352,rakhi,RK1268,1
352,rakhi,RK1271,1
352,rakhi,RK1274,1
352,rakhi,RK1275,1
352,rakhi,RK1278,1
352,rakhi,RK1279,1
352,rakhi,RK1280,1
352,rakhi,RK1281,1
352,rakhi,RK1286,1
352,rakhi,RK1287,1
352,rakhi,RK1290,1
352,rakhi,RK130,1
352,rakhi,RK1309,1
352,rakhi,RK131,1
352,rakhi,RK1319,1
352,rakhi,RK1340,1
352,rakhi,RK1341,1
352,rakhi,RK1345,1
352,rakhi,RK1347,1
352,rakhi,RK1348,1
352,rakhi,RK1349,1
352,rakhi,RK1351,1
352,rakhi,RK1354,1
352,rakhi,RK1355,1
352,rakhi,RK1356,1
352,rakhi,RK1360,1
352,rakhi,RK1366,1
352,rakhi,RK1382,1
352,rakhi,RK1389,1
352,rakhi,RK14,1
352,rakhi,RK1402,1
352,rakhi,RK1405,1
352,rakhi,RK146,1
352,rakhi,RK1597,1
352,rakhi,RK1600,1
352,rakhi,RK1601,1
352,rakhi,RK1608,1
352,rakhi,RK1609,1
352,rakhi,RK1616,1
352,rakhi,RK1618,1
352,rakhi,RK1619,1
352,rakhi,RK1621,1
352,rakhi,RK1622,1
352,rakhi,RK1625,1
352,rakhi,RK1634,1
352,rakhi,RK1636,1
352,rakhi,RK1639,1
352,rakhi,RK1639_2,1
352,rakhi,RK1639_3,1
352,rakhi,RK1642,1
352,rakhi,RK1643,1
352,rakhi,RK1644,1
352,rakhi,RK1646,1
352,rakhi,RK1649,1
352,rakhi,RK1653,1
352,rakhi,RK1655,1
352,rakhi,RK1657,1
352,rakhi,RK1663,1
352,rakhi,RK1663_2,1
352,rakhi,RK1664,1
352,rakhi,RK1669,1
352,rakhi,RK1670,1
352,rakhi,RK1672,1
352,rakhi,RK1673,1
352,rakhi,RK1676,1
352,rakhi,RK1682,1
352,rakhi,RK169,1
352,rakhi,RK1692,1
352,rakhi,RK1693,1
352,rakhi,RK1694,1
352,rakhi,RK1695,1
352,rakhi,RK1699,1
352,rakhi,RK1703,1
352,rakhi,RK1704,1
352,rakhi,RK1705,1
352,rakhi,RK1706,1
352,rakhi,RK1711,1
352,rakhi,RK1712,1
352,rakhi,RK1713,1
352,rakhi,RK1714,1
352,rakhi,RK1716,1
352,rakhi,RK1717,1
352,rakhi,RK1718,1
352,rakhi,RK1719,1
352,rakhi,RK1720,1
352,rakhi,RK1723,1
352,rakhi,RK1724,1
352,rakhi,RK1725,1
352,rakhi,RK1740,1
352,rakhi,RK1741,1
352,rakhi,RK1742,1
352,rakhi,RK1747,1
352,rakhi,RK1750,1
352,rakhi,RK1752,1
352,rakhi,RK1756,1
352,rakhi,RK1757,1
352,rakhi,RK1758,1
352,rakhi,RK1759,1
352,rakhi,RK176,1
352,rakhi,RK1761,1
352,rakhi,RK1762,1
352,rakhi,RK1764,1
352,rakhi,RK1766,1
352,rakhi,RK1770,1
352,rakhi,RK1774,1
352,rakhi,RK1775,1
352,rakhi,RK1778,1
352,rakhi,RK1780,1
352,rakhi,RK1781,1
352,rakhi,RK1782,1
352,rakhi,RK1783,1
352,rakhi,RK1784,1
352,rakhi,RK1785,1
352,rakhi,RK1786,1
352,rakhi,RK1787,1
352,rakhi,RK1788,1
352,rakhi,RK1789,1
352,rakhi,RK1792,1
352,rakhi,RK1793,1
352,rakhi,RK1793_2,1
352,rakhi,RK1795,1
352,rakhi,RK1796,1
352,rakhi,RK1797,1
352,rakhi,RK1799,1
352,rakhi,RK1800,1
352,rakhi,RK1802,1
352,rakhi,RK1803,1
352,rakhi,RK1804,1
352,rakhi,RK1805,1
352,rakhi,RK1806,1
352,rakhi,RK1807,1
352,rakhi,RK181,1
352,rakhi,RK1814,1
352,rakhi,RK1815,1
352,rakhi,RK1816,1
352,rakhi,RK1819,1
352,rakhi,RK1820,1
352,rakhi,RK1821,1
352,rakhi,RK1823,1
352,rakhi,RK1825,1
352,rakhi,RK1826,1
352,rakhi,RK1841,1
352,rakhi,RK1843,1
352,rakhi,RK1845,1
352,rakhi,RK1849,1
352,rakhi,RK185,1
352,rakhi,RK1850,1
352,rakhi,RK1852,1
352,rakhi,RK1858,1
352,rakhi,RK1859,1
352,rakhi,RK1861,1
352,rakhi,RK1864,1
352,rakhi,RK1865,1
352,rakhi,RK1870,1
352,rakhi,RK1874,1
352,rakhi,RK1875,1
352,rakhi,RK1882,1
352,rakhi,RK1884,1
352,rakhi,RK1887,1
352,rakhi,RK189,1
352,rakhi,RK1890,1
352,rakhi,RK1891,1
352,rakhi,RK1892,1
352,rakhi,RK1893,1
352,rakhi,RK1894,1
352,rakhi,RK1895,1
352,rakhi,RK1899,1
352,rakhi,RK1900,1
352,rakhi,RK1905,1
352,rakhi,RK1907,1
352,rakhi,RK1909,1
352,rakhi,RK1910,1
352,rakhi,RK1912,1
352,rakhi,RK1914,1
352,rakhi,RK1915,1
352,rakhi,RK1916,1
352,rakhi,RK1917,1
352,rakhi,RK1919,1
352,rakhi,RK1920,1
352,rakhi,RK1921,1
352,rakhi,RK1922,1
352,rakhi,RK1923,1
352,rakhi,RK1925,1
352,rakhi,RK1926,1
352,rakhi,RK1927,1
352,rakhi,RK1928,1
352,rakhi,RK1933,1
352,rakhi,RK1940,1
352,rakhi,RK1945,1
352,rakhi,RK1947,1
352,rakhi,RK1949,1
352,rakhi,RK1950,1
352,rakhi,RK1954,1
352,rakhi,RK1957,1
352,rakhi,RK1958,1
352,rakhi,RK196,1
352,rakhi,RK1966,1
352,rakhi,RK1976,1
352,rakhi,RK1978,1
352,rakhi,RK1979,1
352,rakhi,RK1981,1
352,rakhi,RK1982,1
352,rakhi,RK1983,1
352,rakhi,RK1989,1
352,rakhi,RK1992,1
352,rakhi,RK1995,1
352,rakhi,RK1997,1
352,rakhi,RK1998,1
352,rakhi,RK2003,1
352,rakhi,RK2004,1
352,rakhi,RK2006,1
352,rakhi,RK201,1
352,rakhi,RK2011,1
352,rakhi,RK2020,1
352,rakhi,RK2021,1
352,rakhi,RK2022,1
352,rakhi,RK2023,1
352,rakhi,RK2031,1
352,rakhi,RK2031_2,1
352,rakhi,RK2033,1
352,rakhi,RK2035,1
352,rakhi,RK2041,1
352,rakhi,RK2041_2,1
352,rakhi,RK2042,1
352,rakhi,RK2043,1
352,rakhi,RK2045,1
352,rakhi,RK2046,1
352,rakhi,RK2047,1
352,rakhi,RK2052,1
352,rakhi,RK2053,1
352,rakhi,RK2059,1
352,rakhi,RK2074,1
352,rakhi,RK2098,1
352,rakhi,RK2107,1
352,rakhi,RK227,1
352,rakhi,RK229,1
352,rakhi,RK234,1
352,rakhi,RK236,1
352,rakhi,RK237,1
352,rakhi,RK238,1
352,rakhi,RK240,1
352,rakhi,RK241,1
352,rakhi,RK248,1
352,rakhi,RK250,1
352,rakhi,RK264,1
352,rakhi,RK271,1
352,rakhi,RK272,1
352,rakhi,RK273,1
352,rakhi,RK276,1
352,rakhi,RK279,1
352,rakhi,RK283,1
352,rakhi,RK290,1
352,rakhi,RK298,1
352,rakhi,RK303,1
352,rakhi,RK304,1
352,rakhi,RK345,1
352,rakhi,RK350,1
352,rakhi,RK351,1
352,rakhi,RK353,1
352,rakhi,RK354,1
352,rakhi,RK355,1
352,rakhi,RK357,1
352,rakhi,RK361,1
352,rakhi,RK367,1
352,rakhi,RK368,1
352,rakhi,RK369,1
352,rakhi,RK371,1
352,rakhi,RK372,1
352,rakhi,RK374,1
352,rakhi,RK380,1
352,rakhi,RK381,1
352,rakhi,RK396,1
352,rakhi,RK398,1
352,rakhi,RK409,1
352,rakhi,RK410,1
352,rakhi,RK412,1
352,rakhi,RK433,1
352,rakhi,RK434,1
352,rakhi,RK437,1
352,rakhi,RK438,1
352,rakhi,RK441,1
352,rakhi,RK455,1
352,rakhi,RK457,1
352,rakhi,RK464,1
352,rakhi,RK466,1
352,rakhi,RK468,1
352,rakhi,RK474,1
352,rakhi,RK48,1
352,rakhi,RK484,1
352,rakhi,RK488,1
352,rakhi,RK492,1
352,rakhi,RK493,1
352,rakhi,RK499,1
352,rakhi,RK513,1
352,rakhi,RK516,1
352,rakhi,RK517,1
352,rakhi,RK526,1
352,rakhi,RK53,1
352,rakhi,RK539,1
352,rakhi,RK55,1
352,rakhi,RK550,1
352,rakhi,RK552,1
352,rakhi,RK554,1
352,rakhi,RK57,1
352,rakhi,RK582,1
352,rakhi,RK585,1
352,rakhi,RK589,1
352,rakhi,RK60,1
352,rakhi,RK61,1
352,rakhi,RK613,1
352,rakhi,RK617,1
352,rakhi,RK620,1
352,rakhi,RK63,1
352,rakhi,RK639,1
352,rakhi,RK643,1
352,rakhi,RK645,1
352,rakhi,RK648,1
352,rakhi,RK653,1
352,rakhi,RK663,1
352,rakhi,RK664,1
352,rakhi,RK665,1
352,rakhi,RK67,1
352,rakhi,RK671,1
352,rakhi,RK673,1
352,rakhi,RK680,1
352,rakhi,RK69,1
352,rakhi,RK70,1
352,rakhi,RK715,1
352,rakhi,RK719,1
352,rakhi,RK72,1
352,rakhi,RK722,1
352,rakhi,RK73,1
352,rakhi,RK733,1
352,rakhi,RK737,1
352,rakhi,RK75,1
352,rakhi,RK757,1
352,rakhi,RK766,1
352,rakhi,RK767,1
352,rakhi,RK77,1
352,rakhi,RK771,1
352,rakhi,RK773,1
352,rakhi,RK79,1
352,rakhi,RK796,1
352,rakhi,RK80,1
352,rakhi,RK808,1
352,rakhi,RK81,1
352,rakhi,RK819,1
352,rakhi,RK828,1
352,rakhi,RK83,1
352,rakhi,RK832,1
352,rakhi,RK833,1
352,rakhi,RK834,1
352,rakhi,RK835,1
352,rakhi,RK838,1
352,rakhi,RK840,1
352,rakhi,RK846,1
352,rakhi,RK848,1
352,rakhi,RK849,1
352,rakhi,RK853,1
352,rakhi,RK854,1
352,rakhi,RK859,1
352,rakhi,RK860,1
352,rakhi,RK864,1
352,rakhi,RK865,1
352,rakhi,RK866,1
352,rakhi,RK869,1
352,rakhi,RK874,1
352,rakhi,RK887,1
352,rakhi,RK887_2,1
352,rakhi,RK889,1
352,rakhi,RK891,1
352,rakhi,RK894,1
352,rakhi,RK900,1
352,rakhi,RK905,1
352,rakhi,RK906,1
352,rakhi,RK911,1
352,rakhi,RK913,1
352,rakhi,RK915,1
352,rakhi,RK917,1
352,rakhi,RK918,1
352,rakhi,RK919,1
352,rakhi,RK920,1
352,rakhi,RK921,1
352,rakhi,RK922,1
352,rakhi,RK923,1
352,rakhi,RK924,1
352,rakhi,RK925,1
352,rakhi,RK926,1
352,rakhi,RK927,1
352,rakhi,RK928,1
352,rakhi,RK929,1
352,rakhi,RK930,1
352,rakhi,RK931,1
352,rakhi,RK932,1
352,rakhi,RK933,1
352,rakhi,RK934,1
352,rakhi,RK935,1
352,rakhi,RK936,1
352,rakhi,RK937,1
352,rakhi,RK938,1
352,rakhi,RK939,1
352,rakhi,RK940,1
352,rakhi,RK941,1
352,rakhi,RK948,1
352,rakhi,RK951,1
352,rakhi,RK954,1
352,rakhi,RK955,1
352,rakhi,RK956,1
352,rakhi,RK957,1
352,rakhi,RK958,1
352,rakhi,RK960,1
352,rakhi,RK961,1
352,rakhi,RK965,1
352,rakhi,RK966,1
352,rakhi,RK968,1
352,rakhi,RK970,1
352,rakhi,RK973,1
352,rakhi,RK978,1
352,rakhi,RK979,1
352,rakhi,RK980,1
352,rakhi,RK981,1
352,rakhi,RK982,1
352,rakhi,RK983,1
352,rakhi,RK985,1
352,rakhi,RK987,1
352,rakhi,RK989,1
352,rakhi,RK991,1
352,rakhi,RK993,1
352,rakhi,RK994,1
352,rakhi,RK995,1
352,rakhi,RK999,1
353,rakhi,RK1,1
353,rakhi,RK1000,1
353,rakhi,RK1001,1
353,rakhi,RK1003,1
353,rakhi,RK1004,1
353,rakhi,RK1005,1
353,rakhi,RK1012,1
353,rakhi,RK1013,1
353,rakhi,RK1015,1
353,rakhi,RK1017,1
353,rakhi,RK1019,1
353,rakhi,RK1022,1
353,rakhi,RK1023,1
353,rakhi,RK1025,1
353,rakhi,RK1026,1
353,rakhi,RK1027,1
353,rakhi,RK1040,1
353,rakhi,RK1050,1
353,rakhi,RK1050_2,1
353,rakhi,RK1061,1
353,rakhi,RK1061_2,1
353,rakhi,RK1066,1
353,rakhi,RK1078,1
353,rakhi,RK1079,1
353,rakhi,RK1083,1
353,rakhi,RK1084,1
353,rakhi,RK1085,1
353,rakhi,RK110,1
353,rakhi,RK1104,1
353,rakhi,RK111,1
353,rakhi,RK1119,1
353,rakhi,RK1126,1
353,rakhi,RK1127,1
353,rakhi,RK1128,1
353,rakhi,RK1135,1
353,rakhi,RK1136,1
353,rakhi,RK1137,1
353,rakhi,RK1139,1
353,rakhi,RK1141,1
353,rakhi,RK1142,1
353,rakhi,RK1143,1
353,rakhi,RK1148,1
353,rakhi,RK1150,1
353,rakhi,RK1161,1
353,rakhi,RK1162,1
353,rakhi,RK1163,1
353,rakhi,RK1164,1
353,rakhi,RK1167,1
353,rakhi,RK1168,1
353,rakhi,RK1170,1
353,rakhi,RK1171,1
353,rakhi,RK1172,1
353,rakhi,RK1173,1
353,rakhi,RK1174,1
353,rakhi,RK1184,1
353,rakhi,RK1190,1
353,rakhi,RK1191,1
353,rakhi,RK1202,1
353,rakhi,RK1203,1
353,rakhi,RK1204,1
353,rakhi,RK1207,1
353,rakhi,RK1208,1
353,rakhi,RK1210,1
353,rakhi,RK1211,1
353,rakhi,RK1212,1
353,rakhi,RK1213,1
353,rakhi,RK1214,1
353,rakhi,RK1215,1
353,rakhi,RK1216,1
353,rakhi,RK1217,1
353,rakhi,RK1218,1
353,rakhi,RK1219,1
353,rakhi,RK1220,1
353,rakhi,RK1221,1
353,rakhi,RK1223,1
353,rakhi,RK1224,1
353,rakhi,RK1225,1
353,rakhi,RK1226,1
353,rakhi,RK1227,1
353,rakhi,RK1228,1
353,rakhi,RK1230,1
353,rakhi,RK1231,1
353,rakhi,RK1236,1
353,rakhi,RK1237,1
353,rakhi,RK1238,1
353,rakhi,RK1239,1
353,rakhi,RK1240,1
353,rakhi,RK1241,1
353,rakhi,RK1244,1
353,rakhi,RK1247,1
353,rakhi,RK1249,1
353,rakhi,RK1251,1
353,rakhi,RK1252,1
353,rakhi,RK1255,1
353,rakhi,RK1256,1
353,rakhi,RK1257,1
353,rakhi,RK1258,1
353,rakhi,RK1259,1
353,rakhi,RK1261,1
353,rakhi,RK1263,1
353,rakhi,RK1264,1
353,rakhi,RK1265,1
353,rakhi,RK1266,1
353,rakhi,RK1267,1
353,rakhi,RK1268,1
353,rakhi,RK1271,1
353,rakhi,RK1274,1
353,rakhi,RK1275,1
353,rakhi,RK1278,1
353,rakhi,RK1279,1
353,rakhi,RK1280,1
353,rakhi,RK1281,1
353,rakhi,RK1286,1
353,rakhi,RK1287,1
353,rakhi,RK1290,1
353,rakhi,RK130,1
353,rakhi,RK1309,1
353,rakhi,RK131,1
353,rakhi,RK1319,1
353,rakhi,RK1340,1
353,rakhi,RK1341,1
353,rakhi,RK1345,1
353,rakhi,RK1347,1
353,rakhi,RK1348,1
353,rakhi,RK1349,1
353,rakhi,RK1351,1
353,rakhi,RK1354,1
353,rakhi,RK1355,1
353,rakhi,RK1356,1
353,rakhi,RK1360,1
353,rakhi,RK1366,1
353,rakhi,RK1382,1
353,rakhi,RK1389,1
353,rakhi,RK14,1
353,rakhi,RK1402,1
353,rakhi,RK1405,1
353,rakhi,RK146,1
353,rakhi,RK1597,1
353,rakhi,RK1600,1
353,rakhi,RK1601,1
353,rakhi,RK1608,1
353,rakhi,RK1609,1
353,rakhi,RK1616,1
353,rakhi,RK1618,1
353,rakhi,RK1619,1
353,rakhi,RK1621,1
353,rakhi,RK1622,1
353,rakhi,RK1625,1
353,rakhi,RK1634,1
353,rakhi,RK1636,1
353,rakhi,RK1639,1
353,rakhi,RK1639_2,1
353,rakhi,RK1639_3,1
353,rakhi,RK1642,1
353,rakhi,RK1643,1
353,rakhi,RK1644,1
353,rakhi,RK1646,1
353,rakhi,RK1649,1
353,rakhi,RK1653,1
353,rakhi,RK1655,1
353,rakhi,RK1657,1
353,rakhi,RK1663,1
353,rakhi,RK1663_2,1
353,rakhi,RK1664,1
353,rakhi,RK1669,1
353,rakhi,RK1670,1
353,rakhi,RK1672,1
353,rakhi,RK1673,1
353,rakhi,RK1676,1
353,rakhi,RK1682,1
353,rakhi,RK169,1
353,rakhi,RK1692,1
353,rakhi,RK1693,1
353,rakhi,RK1694,1
353,rakhi,RK1695,1
353,rakhi,RK1699,1
353,rakhi,RK1703,1
353,rakhi,RK1704,1
353,rakhi,RK1705,1
353,rakhi,RK1706,1
353,rakhi,RK1711,1
353,rakhi,RK1712,1
353,rakhi,RK1713,1
353,rakhi,RK1714,1
353,rakhi,RK1716,1
353,rakhi,RK1717,1
353,rakhi,RK1718,1
353,rakhi,RK1719,1
353,rakhi,RK1720,1
353,rakhi,RK1723,1
353,rakhi,RK1724,1
353,rakhi,RK1725,1
353,rakhi,RK1740,1
353,rakhi,RK1741,1
353,rakhi,RK1742,1
353,rakhi,RK1747,1
353,rakhi,RK1750,1
353,rakhi,RK1752,1
353,rakhi,RK1756,1
353,rakhi,RK1757,1
353,rakhi,RK1758,1
353,rakhi,RK1759,1
353,rakhi,RK176,1
353,rakhi,RK1761,1
353,rakhi,RK1762,1
353,rakhi,RK1764,1
353,rakhi,RK1766,1
353,rakhi,RK1770,1
353,rakhi,RK1774,1
353,rakhi,RK1775,1
353,rakhi,RK1778,1
353,rakhi,RK1780,1
353,rakhi,RK1781,1
353,rakhi,RK1782,1
353,rakhi,RK1783,1
353,rakhi,RK1784,1
353,rakhi,RK1785,1
353,rakhi,RK1786,1
353,rakhi,RK1787,1
353,rakhi,RK1788,1
353,rakhi,RK1789,1
353,rakhi,RK1792,1
353,rakhi,RK1793,1
353,rakhi,RK1793_2,1
353,rakhi,RK1795,1
353,rakhi,RK1796,1
353,rakhi,RK1797,1
353,rakhi,RK1799,1
353,rakhi,RK1800,1
353,rakhi,RK1802,1
353,rakhi,RK1803,1
353,rakhi,RK1804,1
353,rakhi,RK1805,1
353,rakhi,RK1806,1
353,rakhi,RK1807,1
353,rakhi,RK181,1
353,rakhi,RK1814,1
353,rakhi,RK1815,1
353,rakhi,RK1816,1
353,rakhi,RK1819,1
353,rakhi,RK1820,1
353,rakhi,RK1821,1
353,rakhi,RK1823,1
353,rakhi,RK1825,1
353,rakhi,RK1826,1
353,rakhi,RK1841,1
353,rakhi,RK1843,1
353,rakhi,RK1845,1
353,rakhi,RK1849,1
353,rakhi,RK185,1
353,rakhi,RK1850,1
353,rakhi,RK1852,1
353,rakhi,RK1858,1
353,rakhi,RK1859,1
353,rakhi,RK1861,1
353,rakhi,RK1864,1
353,rakhi,RK1865,1
353,rakhi,RK1870,1
353,rakhi,RK1874,1
353,rakhi,RK1875,1
353,rakhi,RK1882,1
353,rakhi,RK1884,1
353,rakhi,RK1887,1
353,rakhi,RK189,1
353,rakhi,RK1890,1
353,rakhi,RK1891,1
353,rakhi,RK1892,1
353,rakhi,RK1893,1
353,rakhi,RK1894,1
353,rakhi,RK1895,1
353,rakhi,RK1899,1
353,rakhi,RK1900,1
353,rakhi,RK1905,1
353,rakhi,RK1907,1
353,rakhi,RK1909,1
353,rakhi,RK1910,1
353,rakhi,RK1912,1
353,rakhi,RK1914,1
353,rakhi,RK1915,1
353,rakhi,RK1916,1
353,rakhi,RK1917,1
353,rakhi,RK1919,1
353,rakhi,RK1920,1
353,rakhi,RK1921,1
353,rakhi,RK1922,1
353,rakhi,RK1923,1
353,rakhi,RK1925,1
353,rakhi,RK1926,1
353,rakhi,RK1927,1
353,rakhi,RK1928,1
353,rakhi,RK1933,1
353,rakhi,RK1940,1
353,rakhi,RK1945,1
353,rakhi,RK1947,1
353,rakhi,RK1949,1
353,rakhi,RK1950,1
353,rakhi,RK1954,1
353,rakhi,RK1957,1
353,rakhi,RK1958,1
353,rakhi,RK196,1
353,rakhi,RK1966,1
353,rakhi,RK1976,1
353,rakhi,RK1978,1
353,rakhi,RK1979,1
353,rakhi,RK1981,1
353,rakhi,RK1982,1
353,rakhi,RK1983,1
353,rakhi,RK1989,1
353,rakhi,RK1992,1
353,rakhi,RK1995,1
353,rakhi,RK1997,1
353,rakhi,RK1998,1
353,rakhi,RK2003,1
353,rakhi,RK2004,1
353,rakhi,RK2006,1
353,rakhi,RK201,1
353,rakhi,RK2011,1
353,rakhi,RK2020,1
353,rakhi,RK2021,1
353,rakhi,RK2022,1
353,rakhi,RK2023,1
353,rakhi,RK2031,1
353,rakhi,RK2031_2,1
353,rakhi,RK2033,1
353,rakhi,RK2035,1
353,rakhi,RK2041,1
353,rakhi,RK2041_2,1
353,rakhi,RK2042,1
353,rakhi,RK2043,1
353,rakhi,RK2045,1
353,rakhi,RK2046,1
353,rakhi,RK2047,1
353,rakhi,RK2052,1
353,rakhi,RK2053,1
353,rakhi,RK2059,1
353,rakhi,RK2074,1
353,rakhi,RK2098,1
353,rakhi,RK2107,1
353,rakhi,RK227,1
353,rakhi,RK229,1
353,rakhi,RK234,1
353,rakhi,RK236,1
353,rakhi,RK237,1
353,rakhi,RK238,1
353,rakhi,RK240,1
353,rakhi,RK241,1
353,rakhi,RK248,1
353,rakhi,RK250,1
353,rakhi,RK264,1
353,rakhi,RK271,1
353,rakhi,RK272,1
353,rakhi,RK273,1
353,rakhi,RK276,1
353,rakhi,RK279,1
353,rakhi,RK283,1
353,rakhi,RK290,1
353,rakhi,RK298,1
353,rakhi,RK303,1
353,rakhi,RK304,1
353,rakhi,RK345,1
353,rakhi,RK350,1
353,rakhi,RK351,1
353,rakhi,RK353,1
353,rakhi,RK354,1
353,rakhi,RK355,1
353,rakhi,RK357,1
353,rakhi,RK361,1
353,rakhi,RK367,1
353,rakhi,RK368,1
353,rakhi,RK369,1
353,rakhi,RK371,1
353,rakhi,RK372,1
353,rakhi,RK374,1
353,rakhi,RK380,1
353,rakhi,RK381,1
353,rakhi,RK396,1
353,rakhi,RK398,1
353,rakhi,RK409,1
353,rakhi,RK410,1
353,rakhi,RK412,1
353,rakhi,RK433,1
353,rakhi,RK434,1
353,rakhi,RK437,1
353,rakhi,RK438,1
353,rakhi,RK441,1
353,rakhi,RK455,1
353,rakhi,RK457,1
353,rakhi,RK464,1
353,rakhi,RK466,1
353,rakhi,RK468,1
353,rakhi,RK474,1
353,rakhi,RK48,1
353,rakhi,RK484,1
353,rakhi,RK488,1
353,rakhi,RK492,1
353,rakhi,RK493,1
353,rakhi,RK499,1
353,rakhi,RK513,1
353,rakhi,RK516,1
353,rakhi,RK517,1
353,rakhi,RK526,1
353,rakhi,RK53,1
353,rakhi,RK539,1
353,rakhi,RK55,1
353,rakhi,RK550,1
353,rakhi,RK552,1
353,rakhi,RK554,1
353,rakhi,RK57,1
353,rakhi,RK582,1
353,rakhi,RK585,1
353,rakhi,RK589,1
353,rakhi,RK60,1
353,rakhi,RK61,1
353,rakhi,RK613,1
353,rakhi,RK617,1
353,rakhi,RK620,1
353,rakhi,RK63,1
353,rakhi,RK639,1
353,rakhi,RK643,1
353,rakhi,RK645,1
353,rakhi,RK648,1
353,rakhi,RK653,1
353,rakhi,RK663,1
353,rakhi,RK664,1
353,rakhi,RK665,1
353,rakhi,RK67,1
353,rakhi,RK671,1
353,rakhi,RK673,1
353,rakhi,RK680,1
353,rakhi,RK69,1
353,rakhi,RK70,1
353,rakhi,RK715,1
353,rakhi,RK719,1
353,rakhi,RK72,1
353,rakhi,RK722,1
353,rakhi,RK73,1
353,rakhi,RK733,1
353,rakhi,RK737,1
353,rakhi,RK75,1
353,rakhi,RK757,1
353,rakhi,RK766,1
353,rakhi,RK767,1
353,rakhi,RK77,1
353,rakhi,RK771,1
353,rakhi,RK773,1
353,rakhi,RK79,1
353,rakhi,RK796,1
353,rakhi,RK80,1
353,rakhi,RK808,1
353,rakhi,RK81,1
353,rakhi,RK819,1
353,rakhi,RK828,1
353,rakhi,RK83,1
353,rakhi,RK832,1
353,rakhi,RK833,1
353,rakhi,RK834,1
353,rakhi,RK835,1
353,rakhi,RK838,1
353,rakhi,RK840,1
353,rakhi,RK846,1
353,rakhi,RK848,1
353,rakhi,RK849,1
353,rakhi,RK853,1
353,rakhi,RK854,1
353,rakhi,RK859,1
353,rakhi,RK860,1
353,rakhi,RK864,1
353,rakhi,RK865,1
353,rakhi,RK866,1
353,rakhi,RK869,1
353,rakhi,RK874,1
353,rakhi,RK887,1
353,rakhi,RK887_2,1
353,rakhi,RK889,1
353,rakhi,RK891,1
353,rakhi,RK894,1
353,rakhi,RK900,1
353,rakhi,RK905,1
353,rakhi,RK906,1
353,rakhi,RK911,1
353,rakhi,RK913,1
353,rakhi,RK915,1
353,rakhi,RK917,1
353,rakhi,RK918,1
353,rakhi,RK919,1
353,rakhi,RK920,1
353,rakhi,RK921,1
353,rakhi,RK922,1
353,rakhi,RK923,1
353,rakhi,RK924,1
353,rakhi,RK925,1
353,rakhi,RK926,1
353,rakhi,RK927,1
353,rakhi,RK928,1
353,rakhi,RK929,1
353,rakhi,RK930,1
353,rakhi,RK931,1
353,rakhi,RK932,1
353,rakhi,RK933,1
353,rakhi,RK934,1
353,rakhi,RK935,1
353,rakhi,RK936,1
353,rakhi,RK937,1
353,rakhi,RK938,1
353,rakhi,RK939,1
353,rakhi,RK940,1
353,rakhi,RK941,1
353,rakhi,RK948,1
353,rakhi,RK951,1
353,rakhi,RK954,1
353,rakhi,RK955,1
353,rakhi,RK956,1
353,rakhi,RK957,1
353,rakhi,RK958,1
353,rakhi,RK960,1
353,rakhi,RK961,1
353,rakhi,RK965,1
353,rakhi,RK966,1
353,rakhi,RK968,1
353,rakhi,RK970,1
353,rakhi,RK973,1
353,rakhi,RK978,1
353,rakhi,RK979,1
353,rakhi,RK980,1
353,rakhi,RK981,1
353,rakhi,RK982,1
353,rakhi,RK983,1
353,rakhi,RK985,1
353,rakhi,RK987,1
353,rakhi,RK989,1
353,rakhi,RK991,1
353,rakhi,RK993,1
353,rakhi,RK994,1
353,rakhi,RK995,1
353,rakhi,RK999,1
354,rakhi,RK1,1
354,rakhi,RK1000,1
354,rakhi,RK1001,1
354,rakhi,RK1003,1
354,rakhi,RK1004,1
354,rakhi,RK1005,1
354,rakhi,RK1012,1
354,rakhi,RK1013,1
354,rakhi,RK1015,1
354,rakhi,RK1017,1
354,rakhi,RK1019,1
354,rakhi,RK1022,1
354,rakhi,RK1023,1
354,rakhi,RK1025,1
354,rakhi,RK1026,1
354,rakhi,RK1027,1
354,rakhi,RK1040,1
354,rakhi,RK1050,1
354,rakhi,RK1050_2,1
354,rakhi,RK1061,1
354,rakhi,RK1061_2,1
354,rakhi,RK1066,1
354,rakhi,RK1078,1
354,rakhi,RK1079,1
354,rakhi,RK1083,1
354,rakhi,RK1084,1
354,rakhi,RK1085,1
354,rakhi,RK110,1
354,rakhi,RK1104,1
354,rakhi,RK111,1
354,rakhi,RK1119,1
354,rakhi,RK1126,1
354,rakhi,RK1127,1
354,rakhi,RK1128,1
354,rakhi,RK1135,1
354,rakhi,RK1136,1
354,rakhi,RK1137,1
354,rakhi,RK1139,1
354,rakhi,RK1141,1
354,rakhi,RK1142,1
354,rakhi,RK1143,1
354,rakhi,RK1148,1
354,rakhi,RK1150,1
354,rakhi,RK1161,1
354,rakhi,RK1162,1
354,rakhi,RK1163,1
354,rakhi,RK1164,1
354,rakhi,RK1167,1
354,rakhi,RK1168,1
354,rakhi,RK1170,1
354,rakhi,RK1171,1
354,rakhi,RK1172,1
354,rakhi,RK1173,1
354,rakhi,RK1174,1
354,rakhi,RK1184,1
354,rakhi,RK1190,1
354,rakhi,RK1191,1
354,rakhi,RK1202,1
354,rakhi,RK1203,1
354,rakhi,RK1204,1
354,rakhi,RK1207,1
354,rakhi,RK1208,1
354,rakhi,RK1210,1
354,rakhi,RK1211,1
354,rakhi,RK1212,1
354,rakhi,RK1213,1
354,rakhi,RK1214,1
354,rakhi,RK1215,1
354,rakhi,RK1216,1
354,rakhi,RK1217,1
354,rakhi,RK1218,1
354,rakhi,RK1219,1
354,rakhi,RK1220,1
354,rakhi,RK1221,1
354,rakhi,RK1223,1
354,rakhi,RK1224,1
354,rakhi,RK1225,1
354,rakhi,RK1226,1
354,rakhi,RK1227,1
354,rakhi,RK1228,1
354,rakhi,RK1230,1
354,rakhi,RK1231,1
354,rakhi,RK1236,1
354,rakhi,RK1237,1
354,rakhi,RK1238,1
354,rakhi,RK1239,1
354,rakhi,RK1240,1
354,rakhi,RK1241,1
354,rakhi,RK1244,1
354,rakhi,RK1247,1
354,rakhi,RK1249,1
354,rakhi,RK1251,1
354,rakhi,RK1252,1
354,rakhi,RK1255,1
354,rakhi,RK1256,1
354,rakhi,RK1257,1
354,rakhi,RK1258,1
354,rakhi,RK1259,1
354,rakhi,RK1261,1
354,rakhi,RK1263,1
354,rakhi,RK1264,1
354,rakhi,RK1265,1
354,rakhi,RK1266,1
354,rakhi,RK1267,1
354,rakhi,RK1268,1
354,rakhi,RK1271,1
354,rakhi,RK1274,1
354,rakhi,RK1275,1
354,rakhi,RK1278,1
354,rakhi,RK1279,1
354,rakhi,RK1280,1
354,rakhi,RK1281,1
354,rakhi,RK1286,1
354,rakhi,RK1287,1
354,rakhi,RK1290,1
354,rakhi,RK130,1
354,rakhi,RK1309,1
354,rakhi,RK131,1
354,rakhi,RK1319,1
354,rakhi,RK1340,1
354,rakhi,RK1341,1
354,rakhi,RK1345,1
354,rakhi,RK1347,1
354,rakhi,RK1348,1
354,rakhi,RK1349,1
354,rakhi,RK1351,1
354,rakhi,RK1354,1
354,rakhi,RK1355,1
354,rakhi,RK1356,1
354,rakhi,RK1360,1
354,rakhi,RK1366,1
354,rakhi,RK1382,1
354,rakhi,RK1389,1
354,rakhi,RK14,1
354,rakhi,RK1402,1
354,rakhi,RK1405,1
354,rakhi,RK146,1
354,rakhi,RK1597,1
354,rakhi,RK1600,1
354,rakhi,RK1601,1
354,rakhi,RK1608,1
354,rakhi,RK1609,1
354,rakhi,RK1616,1
354,rakhi,RK1618,1
354,rakhi,RK1619,1
354,rakhi,RK1621,1
354,rakhi,RK1622,1
354,rakhi,RK1625,1
354,rakhi,RK1634,1
354,rakhi,RK1636,1
354,rakhi,RK1639,1
354,rakhi,RK1639_2,1
354,rakhi,RK1639_3,1
354,rakhi,RK1642,1
354,rakhi,RK1643,1
354,rakhi,RK1644,1
354,rakhi,RK1646,1
354,rakhi,RK1649,1
354,rakhi,RK1653,1
354,rakhi,RK1655,1
354,rakhi,RK1657,1
354,rakhi,RK1663,1
354,rakhi,RK1663_2,1
354,rakhi,RK1664,1
354,rakhi,RK1669,1
354,rakhi,RK1670,1
354,rakhi,RK1672,1
354,rakhi,RK1673,1
354,rakhi,RK1676,1
354,rakhi,RK1682,1
354,rakhi,RK169,1
354,rakhi,RK1692,1
354,rakhi,RK1693,1
354,rakhi,RK1694,1
354,rakhi,RK1695,1
354,rakhi,RK1699,1
354,rakhi,RK1703,1
354,rakhi,RK1704,1
354,rakhi,RK1705,1
354,rakhi,RK1706,1
354,rakhi,RK1711,1
354,rakhi,RK1712,1
354,rakhi,RK1713,1
354,rakhi,RK1714,1
354,rakhi,RK1716,1
354,rakhi,RK1717,1
354,rakhi,RK1718,1
354,rakhi,RK1719,1
354,rakhi,RK1720,1
354,rakhi,RK1723,1
354,rakhi,RK1724,1
354,rakhi,RK1725,1
354,rakhi,RK1740,1
354,rakhi,RK1741,1
354,rakhi,RK1742,1
354,rakhi,RK1747,1
354,rakhi,RK1750,1
354,rakhi,RK1752,1
354,rakhi,RK1756,1
354,rakhi,RK1757,1
354,rakhi,RK1758,1
354,rakhi,RK1759,1
354,rakhi,RK176,1
354,rakhi,RK1761,1
354,rakhi,RK1762,1
354,rakhi,RK1764,1
354,rakhi,RK1766,1
354,rakhi,RK1770,1
354,rakhi,RK1774,1
354,rakhi,RK1775,1
354,rakhi,RK1778,1
354,rakhi,RK1780,1
354,rakhi,RK1781,1
354,rakhi,RK1782,1
354,rakhi,RK1783,1
354,rakhi,RK1784,1
354,rakhi,RK1785,1
354,rakhi,RK1786,1
354,rakhi,RK1787,1
354,rakhi,RK1788,1
354,rakhi,RK1789,1
354,rakhi,RK1792,1
354,rakhi,RK1793,1
354,rakhi,RK1793_2,1
354,rakhi,RK1795,1
354,rakhi,RK1796,1
354,rakhi,RK1797,1
354,rakhi,RK1799,1
354,rakhi,RK1800,1
354,rakhi,RK1802,1
354,rakhi,RK1803,1
354,rakhi,RK1804,1
354,rakhi,RK1805,1
354,rakhi,RK1806,1
354,rakhi,RK1807,1
354,rakhi,RK181,1
354,rakhi,RK1814,1
354,rakhi,RK1815,1
354,rakhi,RK1816,1
354,rakhi,RK1819,1
354,rakhi,RK1820,1
354,rakhi,RK1821,1
354,rakhi,RK1823,1
354,rakhi,RK1825,1
354,rakhi,RK1826,1
354,rakhi,RK1841,1
354,rakhi,RK1843,1
354,rakhi,RK1845,1
354,rakhi,RK1849,1
354,rakhi,RK185,1
354,rakhi,RK1850,1
354,rakhi,RK1852,1
354,rakhi,RK1858,1
354,rakhi,RK1859,1
354,rakhi,RK1861,1
354,rakhi,RK1864,1
354,rakhi,RK1865,1
354,rakhi,RK1870,1
354,rakhi,RK1874,1
354,rakhi,RK1875,1
354,rakhi,RK1882,1
354,rakhi,RK1884,1
354,rakhi,RK1887,1
354,rakhi,RK189,1
354,rakhi,RK1890,1
354,rakhi,RK1891,1
354,rakhi,RK1892,1
354,rakhi,RK1893,1
354,rakhi,RK1894,1
354,rakhi,RK1895,1
354,rakhi,RK1899,1
354,rakhi,RK1900,1
354,rakhi,RK1905,1
354,rakhi,RK1907,1
354,rakhi,RK1909,1
354,rakhi,RK1910,1
354,rakhi,RK1912,1
354,rakhi,RK1914,1
354,rakhi,RK1915,1
354,rakhi,RK1916,1
354,rakhi,RK1917,1
354,rakhi,RK1919,1
354,rakhi,RK1920,1
354,rakhi,RK1921,1
354,rakhi,RK1922,1
354,rakhi,RK1923,1
354,rakhi,RK1925,1
354,rakhi,RK1926,1
354,rakhi,RK1927,1
354,rakhi,RK1928,1
354,rakhi,RK1933,1
354,rakhi,RK1940,1
354,rakhi,RK1945,1
354,rakhi,RK1947,1
354,rakhi,RK1949,1
354,rakhi,RK1950,1
354,rakhi,RK1954,1
354,rakhi,RK1957,1
354,rakhi,RK1958,1
354,rakhi,RK196,1
354,rakhi,RK1966,1
354,rakhi,RK1976,1
354,rakhi,RK1978,1
354,rakhi,RK1979,1
354,rakhi,RK1981,1
354,rakhi,RK1982,1
354,rakhi,RK1983,1
354,rakhi,RK1989,1
354,rakhi,RK1992,1
354,rakhi,RK1995,1
354,rakhi,RK1997,1
354,rakhi,RK1998,1
354,rakhi,RK2003,1
354,rakhi,RK2004,1
354,rakhi,RK2006,1
354,rakhi,RK201,1
354,rakhi,RK2011,1
354,rakhi,RK2020,1
354,rakhi,RK2021,1
354,rakhi,RK2022,1
354,rakhi,RK2023,1
354,rakhi,RK2031,1
354,rakhi,RK2031_2,1
354,rakhi,RK2033,1
354,rakhi,RK2035,1
354,rakhi,RK2041,1
354,rakhi,RK2041_2,1
354,rakhi,RK2042,1
354,rakhi,RK2043,1
354,rakhi,RK2045,1
354,rakhi,RK2046,1
354,rakhi,RK2047,1
354,rakhi,RK2052,1
354,rakhi,RK2053,1
354,rakhi,RK2059,1
354,rakhi,RK2074,1
354,rakhi,RK2098,1
354,rakhi,RK2107,1
354,rakhi,RK227,1
354,rakhi,RK229,1
354,rakhi,RK234,1
354,rakhi,RK236,1
354,rakhi,RK237,1
354,rakhi,RK238,1
354,rakhi,RK240,1
354,rakhi,RK241,1
354,rakhi,RK248,1
354,rakhi,RK250,1
354,rakhi,RK264,1
354,rakhi,RK271,1
354,rakhi,RK272,1
354,rakhi,RK273,1
354,rakhi,RK276,1
354,rakhi,RK279,1
354,rakhi,RK283,1
354,rakhi,RK290,1
354,rakhi,RK298,1
354,rakhi,RK303,1
354,rakhi,RK304,1
354,rakhi,RK345,1
354,rakhi,RK350,1
354,rakhi,RK351,1
354,rakhi,RK353,1
354,rakhi,RK354,1
354,rakhi,RK355,1
354,rakhi,RK357,1
354,rakhi,RK361,1
354,rakhi,RK367,1
354,rakhi,RK368,1
354,rakhi,RK369,1
354,rakhi,RK371,1
354,rakhi,RK372,1
354,rakhi,RK374,1
354,rakhi,RK380,1
354,rakhi,RK381,1
354,rakhi,RK396,1
354,rakhi,RK398,1
354,rakhi,RK409,1
354,rakhi,RK410,1
354,rakhi,RK412,1
354,rakhi,RK433,1
354,rakhi,RK434,1
354,rakhi,RK437,1
354,rakhi,RK438,1
354,rakhi,RK441,1
354,rakhi,RK455,1
354,rakhi,RK457,1
354,rakhi,RK464,1
354,rakhi,RK466,1
354,rakhi,RK468,1
354,rakhi,RK474,1
354,rakhi,RK48,1
354,rakhi,RK484,1
354,rakhi,RK488,1
354,rakhi,RK492,1
354,rakhi,RK493,1
354,rakhi,RK499,1
354,rakhi,RK513,1
354,rakhi,RK516,1
354,rakhi,RK517,1
354,rakhi,RK526,1
354,rakhi,RK53,1
354,rakhi,RK539,1
354,rakhi,RK55,1
354,rakhi,RK550,1
354,rakhi,RK552,1
354,rakhi,RK554,1
354,rakhi,RK57,1
354,rakhi,RK582,1
354,rakhi,RK585,1
354,rakhi,RK589,1
354,rakhi,RK60,1
354,rakhi,RK61,1
354,rakhi,RK613,1
354,rakhi,RK617,1
354,rakhi,RK620,1
354,rakhi,RK63,1
354,rakhi,RK639,1
354,rakhi,RK643,1
354,rakhi,RK645,1
354,rakhi,RK648,1
354,rakhi,RK653,1
354,rakhi,RK663,1
354,rakhi,RK664,1
354,rakhi,RK665,1
354,rakhi,RK67,1
354,rakhi,RK671,1
354,rakhi,RK673,1
354,rakhi,RK680,1
354,rakhi,RK69,1
354,rakhi,RK70,1
354,rakhi,RK715,1
354,rakhi,RK719,1
354,rakhi,RK72,1
354,rakhi,RK722,1
354,rakhi,RK73,1
354,rakhi,RK733,1
354,rakhi,RK737,1
354,rakhi,RK75,1
354,rakhi,RK757,1
354,rakhi,RK766,1
354,rakhi,RK767,1
354,rakhi,RK77,1
354,rakhi,RK771,1
354,rakhi,RK773,1
354,rakhi,RK79,1
354,rakhi,RK796,1
354,rakhi,RK80,1
354,rakhi,RK808,1
354,rakhi,RK81,1
354,rakhi,RK819,1
354,rakhi,RK828,1
354,rakhi,RK83,1
354,rakhi,RK832,1
354,rakhi,RK833,1
354,rakhi,RK834,1
354,rakhi,RK835,1
354,rakhi,RK838,1
354,rakhi,RK840,1
354,rakhi,RK846,1
354,rakhi,RK848,1
354,rakhi,RK849,1
354,rakhi,RK853,1
354,rakhi,RK854,1
354,rakhi,RK859,1
354,rakhi,RK860,1
354,rakhi,RK864,1
354,rakhi,RK865,1
354,rakhi,RK866,1
354,rakhi,RK869,1
354,rakhi,RK874,1
354,rakhi,RK887,1
354,rakhi,RK887_2,1
354,rakhi,RK889,1
354,rakhi,RK891,1
354,rakhi,RK894,1
354,rakhi,RK900,1
354,rakhi,RK905,1
354,rakhi,RK906,1
354,rakhi,RK911,1
354,rakhi,RK913,1
354,rakhi,RK915,1
354,rakhi,RK917,1
354,rakhi,RK918,1
354,rakhi,RK919,1
354,rakhi,RK920,1
354,rakhi,RK921,1
354,rakhi,RK922,1
354,rakhi,RK923,1
354,rakhi,RK924,1
354,rakhi,RK925,1
354,rakhi,RK926,1
354,rakhi,RK927,1
354,rakhi,RK928,1
354,rakhi,RK929,1
354,rakhi,RK930,1
354,rakhi,RK931,1
354,rakhi,RK932,1
354,rakhi,RK933,1
354,rakhi,RK934,1
354,rakhi,RK935,1
354,rakhi,RK936,1
354,rakhi,RK937,1
354,rakhi,RK938,1
354,rakhi,RK939,1
354,rakhi,RK940,1
354,rakhi,RK941,1
354,rakhi,RK948,1
354,rakhi,RK951,1
354,rakhi,RK954,1
354,rakhi,RK955,1
354,rakhi,RK956,1
354,rakhi,RK957,1
354,rakhi,RK958,1
354,rakhi,RK960,1
354,rakhi,RK961,1
354,rakhi,RK965,1
354,rakhi,RK966,1
354,rakhi,RK968,1
354,rakhi,RK970,1
354,rakhi,RK973,1
354,rakhi,RK978,1
354,rakhi,RK979,1
354,rakhi,RK980,1
354,rakhi,RK981,1
354,rakhi,RK982,1
354,rakhi,RK983,1
354,rakhi,RK985,1
354,rakhi,RK987,1
354,rakhi,RK989,1
354,rakhi,RK991,1
354,rakhi,RK993,1
354,rakhi,RK994,1
354,rakhi,RK995,1
354,rakhi,RK999,1
355,rakhi,RK1,1
355,rakhi,RK1000,1
355,rakhi,RK1001,1
355,rakhi,RK1003,1
355,rakhi,RK1004,1
355,rakhi,RK1005,1
355,rakhi,RK1012,1
355,rakhi,RK1013,1
355,rakhi,RK1015,1
355,rakhi,RK1017,1
355,rakhi,RK1019,1
355,rakhi,RK1022,1
355,rakhi,RK1023,1
355,rakhi,RK1025,1
355,rakhi,RK1026,1
355,rakhi,RK1027,1
355,rakhi,RK1040,1
355,rakhi,RK1050,1
355,rakhi,RK1050_2,1
355,rakhi,RK1061,1
355,rakhi,RK1061_2,1
355,rakhi,RK1066,1
355,rakhi,RK1078,1
355,rakhi,RK1079,1
355,rakhi,RK1083,1
355,rakhi,RK1084,1
355,rakhi,RK1085,1
355,rakhi,RK110,1
355,rakhi,RK1104,1
355,rakhi,RK111,1
355,rakhi,RK1119,1
355,rakhi,RK1126,1
355,rakhi,RK1127,1
355,rakhi,RK1128,1
355,rakhi,RK1135,1
355,rakhi,RK1136,1
355,rakhi,RK1137,1
355,rakhi,RK1139,1
355,rakhi,RK1141,1
355,rakhi,RK1142,1
355,rakhi,RK1143,1
355,rakhi,RK1148,1
355,rakhi,RK1150,1
355,rakhi,RK1161,1
355,rakhi,RK1162,1
355,rakhi,RK1163,1
355,rakhi,RK1164,1
355,rakhi,RK1167,1
355,rakhi,RK1168,1
355,rakhi,RK1170,1
355,rakhi,RK1171,1
355,rakhi,RK1172,1
355,rakhi,RK1173,1
355,rakhi,RK1174,1
355,rakhi,RK1184,1
355,rakhi,RK1190,1
355,rakhi,RK1191,1
355,rakhi,RK1202,1
355,rakhi,RK1203,1
355,rakhi,RK1204,1
355,rakhi,RK1207,1
355,rakhi,RK1208,1
355,rakhi,RK1210,1
355,rakhi,RK1211,1
355,rakhi,RK1212,1
355,rakhi,RK1213,1
355,rakhi,RK1214,1
355,rakhi,RK1215,1
355,rakhi,RK1216,1
355,rakhi,RK1217,1
355,rakhi,RK1218,1
355,rakhi,RK1219,1
355,rakhi,RK1220,1
355,rakhi,RK1221,1
355,rakhi,RK1223,1
355,rakhi,RK1224,1
355,rakhi,RK1225,1
355,rakhi,RK1226,1
355,rakhi,RK1227,1
355,rakhi,RK1228,1
355,rakhi,RK1230,1
355,rakhi,RK1231,1
355,rakhi,RK1236,1
355,rakhi,RK1237,1
355,rakhi,RK1238,1
355,rakhi,RK1239,1
355,rakhi,RK1240,1
355,rakhi,RK1241,1
355,rakhi,RK1244,1
355,rakhi,RK1247,1
355,rakhi,RK1249,1
355,rakhi,RK1251,1
355,rakhi,RK1252,1
355,rakhi,RK1255,1
355,rakhi,RK1256,1
355,rakhi,RK1257,1
355,rakhi,RK1258,1
355,rakhi,RK1259,1
355,rakhi,RK1261,1
355,rakhi,RK1263,1
355,rakhi,RK1264,1
355,rakhi,RK1265,1
355,rakhi,RK1266,1
355,rakhi,RK1267,1
355,rakhi,RK1268,1
355,rakhi,RK1271,1
355,rakhi,RK1274,1
355,rakhi,RK1275,1
355,rakhi,RK1278,1
355,rakhi,RK1279,1
355,rakhi,RK1280,1
355,rakhi,RK1281,1
355,rakhi,RK1286,1
355,rakhi,RK1287,1
355,rakhi,RK1290,1
355,rakhi,RK130,1
355,rakhi,RK1309,1
355,rakhi,RK131,1
355,rakhi,RK1319,1
355,rakhi,RK1340,1
355,rakhi,RK1341,1
355,rakhi,RK1345,1
355,rakhi,RK1347,1
355,rakhi,RK1348,1
355,rakhi,RK1349,1
355,rakhi,RK1351,1
355,rakhi,RK1354,1
355,rakhi,RK1355,1
355,rakhi,RK1356,1
355,rakhi,RK1360,1
355,rakhi,RK1366,1
355,rakhi,RK1382,1
355,rakhi,RK1389,1
355,rakhi,RK14,1
355,rakhi,RK1402,1
355,rakhi,RK1405,1
355,rakhi,RK146,1
355,rakhi,RK1597,1
355,rakhi,RK1600,1
355,rakhi,RK1601,1
355,rakhi,RK1608,1
355,rakhi,RK1609,1
355,rakhi,RK1616,1
355,rakhi,RK1618,1
355,rakhi,RK1619,1
355,rakhi,RK1621,1
355,rakhi,RK1622,1
355,rakhi,RK1625,1
355,rakhi,RK1634,1
355,rakhi,RK1636,1
355,rakhi,RK1639,1
355,rakhi,RK1639_2,1
355,rakhi,RK1639_3,1
355,rakhi,RK1642,1
355,rakhi,RK1643,1
355,rakhi,RK1644,1
355,rakhi,RK1646,1
355,rakhi,RK1649,1
355,rakhi,RK1653,1
355,rakhi,RK1655,1
355,rakhi,RK1657,1
355,rakhi,RK1663,1
355,rakhi,RK1663_2,1
355,rakhi,RK1664,1
355,rakhi,RK1669,1
355,rakhi,RK1670,1
355,rakhi,RK1672,1
355,rakhi,RK1673,1
355,rakhi,RK1676,1
355,rakhi,RK1682,1
355,rakhi,RK169,1
355,rakhi,RK1692,1
355,rakhi,RK1693,1
355,rakhi,RK1694,1
355,rakhi,RK1695,1
355,rakhi,RK1699,1
355,rakhi,RK1703,1
355,rakhi,RK1704,1
355,rakhi,RK1705,1
355,rakhi,RK1706,1
355,rakhi,RK1711,1
355,rakhi,RK1712,1
355,rakhi,RK1713,1
355,rakhi,RK1714,1
355,rakhi,RK1716,1
355,rakhi,RK1717,1
355,rakhi,RK1718,1
355,rakhi,RK1719,1
355,rakhi,RK1720,1
355,rakhi,RK1723,1
355,rakhi,RK1724,1
355,rakhi,RK1725,1
355,rakhi,RK1740,1
355,rakhi,RK1741,1
355,rakhi,RK1742,1
355,rakhi,RK1747,1
355,rakhi,RK1750,1
355,rakhi,RK1752,1
355,rakhi,RK1756,1
355,rakhi,RK1757,1
355,rakhi,RK1758,1
355,rakhi,RK1759,1
355,rakhi,RK176,1
355,rakhi,RK1761,1
355,rakhi,RK1762,1
355,rakhi,RK1764,1
355,rakhi,RK1766,1
355,rakhi,RK1770,1
355,rakhi,RK1774,1
355,rakhi,RK1775,1
355,rakhi,RK1778,1
355,rakhi,RK1780,1
355,rakhi,RK1781,1
355,rakhi,RK1782,1
355,rakhi,RK1783,1
355,rakhi,RK1784,1
355,rakhi,RK1785,1
355,rakhi,RK1786,1
355,rakhi,RK1787,1
355,rakhi,RK1788,1
355,rakhi,RK1789,1
355,rakhi,RK1792,1
355,rakhi,RK1793,1
355,rakhi,RK1793_2,1
355,rakhi,RK1795,1
355,rakhi,RK1796,1
355,rakhi,RK1797,1
355,rakhi,RK1799,1
355,rakhi,RK1800,1
355,rakhi,RK1802,1
355,rakhi,RK1803,1
355,rakhi,RK1804,1
355,rakhi,RK1805,1
355,rakhi,RK1806,1
355,rakhi,RK1807,1
355,rakhi,RK181,1
355,rakhi,RK1814,1
355,rakhi,RK1815,1
355,rakhi,RK1816,1
355,rakhi,RK1819,1
355,rakhi,RK1820,1
355,rakhi,RK1821,1
355,rakhi,RK1823,1
355,rakhi,RK1825,1
355,rakhi,RK1826,1
355,rakhi,RK1841,1
355,rakhi,RK1843,1
355,rakhi,RK1845,1
355,rakhi,RK1849,1
355,rakhi,RK185,1
355,rakhi,RK1850,1
355,rakhi,RK1852,1
355,rakhi,RK1858,1
355,rakhi,RK1859,1
355,rakhi,RK1861,1
355,rakhi,RK1864,1
355,rakhi,RK1865,1
355,rakhi,RK1870,1
355,rakhi,RK1874,1
355,rakhi,RK1875,1
355,rakhi,RK1882,1
355,rakhi,RK1884,1
355,rakhi,RK1887,1
355,rakhi,RK189,1
355,rakhi,RK1890,1
355,rakhi,RK1891,1
355,rakhi,RK1892,1
355,rakhi,RK1893,1
355,rakhi,RK1894,1
355,rakhi,RK1895,1
355,rakhi,RK1899,1
355,rakhi,RK1900,1
355,rakhi,RK1905,1
355,rakhi,RK1907,1
355,rakhi,RK1909,1
355,rakhi,RK1910,1
355,rakhi,RK1912,1
355,rakhi,RK1914,1
355,rakhi,RK1915,1
355,rakhi,RK1916,1
355,rakhi,RK1917,1
355,rakhi,RK1919,1
355,rakhi,RK1920,1
355,rakhi,RK1921,1
355,rakhi,RK1922,1
355,rakhi,RK1923,1
355,rakhi,RK1925,1
355,rakhi,RK1926,1
355,rakhi,RK1927,1
355,rakhi,RK1928,1
355,rakhi,RK1933,1
355,rakhi,RK1940,1
355,rakhi,RK1945,1
355,rakhi,RK1947,1
355,rakhi,RK1949,1
355,rakhi,RK1950,1
355,rakhi,RK1954,1
355,rakhi,RK1957,1
355,rakhi,RK1958,1
355,rakhi,RK196,1
355,rakhi,RK1966,1
355,rakhi,RK1976,1
355,rakhi,RK1978,1
355,rakhi,RK1979,1
355,rakhi,RK1981,1
355,rakhi,RK1982,1
355,rakhi,RK1983,1
355,rakhi,RK1989,1
355,rakhi,RK1992,1
355,rakhi,RK1995,1
355,rakhi,RK1997,1
355,rakhi,RK1998,1
355,rakhi,RK2003,1
355,rakhi,RK2004,1
355,rakhi,RK2006,1
355,rakhi,RK201,1
355,rakhi,RK2011,1
355,rakhi,RK2020,1
355,rakhi,RK2021,1
355,rakhi,RK2022,1
355,rakhi,RK2023,1
355,rakhi,RK2031,1
355,rakhi,RK2031_2,1
355,rakhi,RK2033,1
355,rakhi,RK2035,1
355,rakhi,RK2041,1
355,rakhi,RK2041_2,1
355,rakhi,RK2042,1
355,rakhi,RK2043,1
355,rakhi,RK2045,1
355,rakhi,RK2046,1
355,rakhi,RK2047,1
355,rakhi,RK2052,1
355,rakhi,RK2053,1
355,rakhi,RK2059,1
355,rakhi,RK2074,1
355,rakhi,RK2098,1
355,rakhi,RK2107,1
355,rakhi,RK227,1
355,rakhi,RK229,1
355,rakhi,RK234,1
355,rakhi,RK236,1
355,rakhi,RK237,1
355,rakhi,RK238,1
355,rakhi,RK240,1
355,rakhi,RK241,1
355,rakhi,RK248,1
355,rakhi,RK250,1
355,rakhi,RK264,1
355,rakhi,RK271,1
355,rakhi,RK272,1
355,rakhi,RK273,1
355,rakhi,RK276,1
355,rakhi,RK279,1
355,rakhi,RK283,1
355,rakhi,RK290,1
355,rakhi,RK298,1
355,rakhi,RK303,1
355,rakhi,RK304,1
355,rakhi,RK345,1
355,rakhi,RK350,1
355,rakhi,RK351,1
355,rakhi,RK353,1
355,rakhi,RK354,1
355,rakhi,RK355,1
355,rakhi,RK357,1
355,rakhi,RK361,1
355,rakhi,RK367,1
355,rakhi,RK368,1
355,rakhi,RK369,1
355,rakhi,RK371,1
355,rakhi,RK372,1
355,rakhi,RK374,1
355,rakhi,RK380,1
355,rakhi,RK381,1
355,rakhi,RK396,1
355,rakhi,RK398,1
355,rakhi,RK409,1
355,rakhi,RK410,1
355,rakhi,RK412,1
355,rakhi,RK433,1
355,rakhi,RK434,1
355,rakhi,RK437,1
355,rakhi,RK438,1
355,rakhi,RK441,1
355,rakhi,RK455,1
355,rakhi,RK457,1
355,rakhi,RK464,1
355,rakhi,RK466,1
355,rakhi,RK468,1
355,rakhi,RK474,1
355,rakhi,RK48,1
355,rakhi,RK484,1
355,rakhi,RK488,1
355,rakhi,RK492,1
355,rakhi,RK493,1
355,rakhi,RK499,1
355,rakhi,RK513,1
355,rakhi,RK516,1
355,rakhi,RK517,1
355,rakhi,RK526,1
355,rakhi,RK53,1
355,rakhi,RK539,1
355,rakhi,RK55,1
355,rakhi,RK550,1
355,rakhi,RK552,1
355,rakhi,RK554,1
355,rakhi,RK57,1
355,rakhi,RK582,1
355,rakhi,RK585,1
355,rakhi,RK589,1
355,rakhi,RK60,1
355,rakhi,RK61,1
355,rakhi,RK613,1
355,rakhi,RK617,1
355,rakhi,RK620,1
355,rakhi,RK63,1
355,rakhi,RK639,1
355,rakhi,RK643,1
355,rakhi,RK645,1
355,rakhi,RK648,1
355,rakhi,RK653,1
355,rakhi,RK663,1
355,rakhi,RK664,1
355,rakhi,RK665,1
355,rakhi,RK67,1
355,rakhi,RK671,1
355,rakhi,RK673,1
355,rakhi,RK680,1
355,rakhi,RK69,1
355,rakhi,RK70,1
355,rakhi,RK715,1
355,rakhi,RK719,1
355,rakhi,RK72,1
355,rakhi,RK722,1
355,rakhi,RK73,1
355,rakhi,RK733,1
355,rakhi,RK737,1
355,rakhi,RK75,1
355,rakhi,RK757,1
355,rakhi,RK766,1
355,rakhi,RK767,1
355,rakhi,RK77,1
355,rakhi,RK771,1
355,rakhi,RK773,1
355,rakhi,RK79,1
355,rakhi,RK796,1
355,rakhi,RK80,1
355,rakhi,RK808,1
355,rakhi,RK81,1
355,rakhi,RK819,1
355,rakhi,RK828,1
355,rakhi,RK83,1
355,rakhi,RK832,1
355,rakhi,RK833,1
355,rakhi,RK834,1
355,rakhi,RK835,1
355,rakhi,RK838,1
355,rakhi,RK840,1
355,rakhi,RK846,1
355,rakhi,RK848,1
355,rakhi,RK849,1
355,rakhi,RK853,1
355,rakhi,RK854,1
355,rakhi,RK859,1
355,rakhi,RK860,1
355,rakhi,RK864,1
355,rakhi,RK865,1
355,rakhi,RK866,1
355,rakhi,RK869,1
355,rakhi,RK874,1
355,rakhi,RK887,1
355,rakhi,RK887_2,1
355,rakhi,RK889,1
355,rakhi,RK891,1
355,rakhi,RK894,1
355,rakhi,RK900,1
355,rakhi,RK905,1
355,rakhi,RK906,1
355,rakhi,RK911,1
355,rakhi,RK913,1
355,rakhi,RK915,1
355,rakhi,RK917,1
355,rakhi,RK918,1
355,rakhi,RK919,1
355,rakhi,RK920,1
355,rakhi,RK921,1
355,rakhi,RK922,1
355,rakhi,RK923,1
355,rakhi,RK924,1
355,rakhi,RK925,1
355,rakhi,RK926,1
355,rakhi,RK927,1
355,rakhi,RK928,1
355,rakhi,RK929,1
355,rakhi,RK930,1
355,rakhi,RK931,1
355,rakhi,RK932,1
355,rakhi,RK933,1
355,rakhi,RK934,1
355,rakhi,RK935,1
355,rakhi,RK936,1
355,rakhi,RK937,1
355,rakhi,RK938,1
355,rakhi,RK939,1
355,rakhi,RK940,1
355,rakhi,RK941,1
355,rakhi,RK948,1
355,rakhi,RK951,1
355,rakhi,RK954,1
355,rakhi,RK955,1
355,rakhi,RK956,1
355,rakhi,RK957,1
355,rakhi,RK958,1
355,rakhi,RK960,1
355,rakhi,RK961,1
355,rakhi,RK965,1
355,rakhi,RK966,1
355,rakhi,RK968,1
355,rakhi,RK970,1
355,rakhi,RK973,1
355,rakhi,RK978,1
355,rakhi,RK979,1
355,rakhi,RK980,1
355,rakhi,RK981,1
355,rakhi,RK982,1
355,rakhi,RK983,1
355,rakhi,RK985,1
355,rakhi,RK987,1
355,rakhi,RK989,1
355,rakhi,RK991,1
355,rakhi,RK993,1
355,rakhi,RK994,1
355,rakhi,RK995,1
355,rakhi,RK999,1
356,rakhi,RK1,1
356,rakhi,RK1000,1
356,rakhi,RK1001,1
356,rakhi,RK1003,1
356,rakhi,RK1004,1
356,rakhi,RK1005,1
356,rakhi,RK1012,1
356,rakhi,RK1013,1
356,rakhi,RK1015,1
356,rakhi,RK1017,1
356,rakhi,RK1019,1
356,rakhi,RK1022,1
356,rakhi,RK1023,1
356,rakhi,RK1025,1
356,rakhi,RK1026,1
356,rakhi,RK1027,1
356,rakhi,RK1040,1
356,rakhi,RK1050,1
356,rakhi,RK1050_2,1
356,rakhi,RK1061,1
356,rakhi,RK1061_2,1
356,rakhi,RK1066,1
356,rakhi,RK1078,1
356,rakhi,RK1079,1
356,rakhi,RK1083,1
356,rakhi,RK1084,1
356,rakhi,RK1085,1
356,rakhi,RK110,1
356,rakhi,RK1104,1
356,rakhi,RK111,1
356,rakhi,RK1119,1
356,rakhi,RK1126,1
356,rakhi,RK1127,1
356,rakhi,RK1128,1
356,rakhi,RK1135,1
356,rakhi,RK1136,1
356,rakhi,RK1137,1
356,rakhi,RK1139,1
356,rakhi,RK1141,1
356,rakhi,RK1142,1
356,rakhi,RK1143,1
356,rakhi,RK1148,1
356,rakhi,RK1150,1
356,rakhi,RK1161,1
356,rakhi,RK1162,1
356,rakhi,RK1163,1
356,rakhi,RK1164,1
356,rakhi,RK1167,1
356,rakhi,RK1168,1
356,rakhi,RK1170,1
356,rakhi,RK1171,1
356,rakhi,RK1172,1
356,rakhi,RK1173,1
356,rakhi,RK1174,1
356,rakhi,RK1184,1
356,rakhi,RK1190,1
356,rakhi,RK1191,1
356,rakhi,RK1202,1
356,rakhi,RK1203,1
356,rakhi,RK1204,1
356,rakhi,RK1207,1
356,rakhi,RK1208,1
356,rakhi,RK1210,1
356,rakhi,RK1211,1
356,rakhi,RK1212,1
356,rakhi,RK1213,1
356,rakhi,RK1214,1
356,rakhi,RK1215,1
356,rakhi,RK1216,1
356,rakhi,RK1217,1
356,rakhi,RK1218,1
356,rakhi,RK1219,1
356,rakhi,RK1220,1
356,rakhi,RK1221,1
356,rakhi,RK1223,1
356,rakhi,RK1224,1
356,rakhi,RK1225,1
356,rakhi,RK1226,1
356,rakhi,RK1227,1
356,rakhi,RK1228,1
356,rakhi,RK1230,1
356,rakhi,RK1231,1
356,rakhi,RK1236,1
356,rakhi,RK1237,1
356,rakhi,RK1238,1
356,rakhi,RK1239,1
356,rakhi,RK1240,1
356,rakhi,RK1241,1
356,rakhi,RK1244,1
356,rakhi,RK1247,1
356,rakhi,RK1249,1
356,rakhi,RK1251,1
356,rakhi,RK1252,1
356,rakhi,RK1255,1
356,rakhi,RK1256,1
356,rakhi,RK1257,1
356,rakhi,RK1258,1
356,rakhi,RK1259,1
356,rakhi,RK1261,1
356,rakhi,RK1263,1
356,rakhi,RK1264,1
356,rakhi,RK1265,1
356,rakhi,RK1266,1
356,rakhi,RK1267,1
356,rakhi,RK1268,1
356,rakhi,RK1271,1
356,rakhi,RK1274,1
356,rakhi,RK1275,1
356,rakhi,RK1278,1
356,rakhi,RK1279,1
356,rakhi,RK1280,1
356,rakhi,RK1281,1
356,rakhi,RK1286,1
356,rakhi,RK1287,1
356,rakhi,RK1290,1
356,rakhi,RK130,1
356,rakhi,RK1309,1
356,rakhi,RK131,1
356,rakhi,RK1319,1
356,rakhi,RK1340,1
356,rakhi,RK1341,1
356,rakhi,RK1345,1
356,rakhi,RK1347,1
356,rakhi,RK1348,1
356,rakhi,RK1349,1
356,rakhi,RK1351,1
356,rakhi,RK1354,1
356,rakhi,RK1355,1
356,rakhi,RK1356,1
356,rakhi,RK1360,1
356,rakhi,RK1366,1
356,rakhi,RK1382,1
356,rakhi,RK1389,1
356,rakhi,RK14,1
356,rakhi,RK1402,1
356,rakhi,RK1405,1
356,rakhi,RK146,1
356,rakhi,RK1597,1
356,rakhi,RK1600,1
356,rakhi,RK1601,1
356,rakhi,RK1608,1
356,rakhi,RK1609,1
356,rakhi,RK1616,1
356,rakhi,RK1618,1
356,rakhi,RK1619,1
356,rakhi,RK1621,1
356,rakhi,RK1622,1
356,rakhi,RK1625,1
356,rakhi,RK1634,1
356,rakhi,RK1636,1
356,rakhi,RK1639,1
356,rakhi,RK1639_2,1
356,rakhi,RK1639_3,1
356,rakhi,RK1642,1
356,rakhi,RK1643,1
356,rakhi,RK1644,1
356,rakhi,RK1646,1
356,rakhi,RK1649,1
356,rakhi,RK1653,1
356,rakhi,RK1655,1
356,rakhi,RK1657,1
356,rakhi,RK1663,1
356,rakhi,RK1663_2,1
356,rakhi,RK1664,1
356,rakhi,RK1669,1
356,rakhi,RK1670,1
356,rakhi,RK1672,1
356,rakhi,RK1673,1
356,rakhi,RK1676,1
356,rakhi,RK1682,1
356,rakhi,RK169,1
356,rakhi,RK1692,1
356,rakhi,RK1693,1
356,rakhi,RK1694,1
356,rakhi,RK1695,1
356,rakhi,RK1699,1
356,rakhi,RK1703,1
356,rakhi,RK1704,1
356,rakhi,RK1705,1
356,rakhi,RK1706,1
356,rakhi,RK1711,1
356,rakhi,RK1712,1
356,rakhi,RK1713,1
356,rakhi,RK1714,1
356,rakhi,RK1716,1
356,rakhi,RK1717,1
356,rakhi,RK1718,1
356,rakhi,RK1719,1
356,rakhi,RK1720,1
356,rakhi,RK1723,1
356,rakhi,RK1724,1
356,rakhi,RK1725,1
356,rakhi,RK1740,1
356,rakhi,RK1741,1
356,rakhi,RK1742,1
356,rakhi,RK1747,1
356,rakhi,RK1750,1
356,rakhi,RK1752,1
356,rakhi,RK1756,1
356,rakhi,RK1757,1
356,rakhi,RK1758,1
356,rakhi,RK1759,1
356,rakhi,RK176,1
356,rakhi,RK1761,1
356,rakhi,RK1762,1
356,rakhi,RK1764,1
356,rakhi,RK1766,1
356,rakhi,RK1770,1
356,rakhi,RK1774,1
356,rakhi,RK1775,1
356,rakhi,RK1778,1
356,rakhi,RK1780,1
356,rakhi,RK1781,1
356,rakhi,RK1782,1
356,rakhi,RK1783,1
356,rakhi,RK1784,1
356,rakhi,RK1785,1
356,rakhi,RK1786,1
356,rakhi,RK1787,1
356,rakhi,RK1788,1
356,rakhi,RK1789,1
356,rakhi,RK1792,1
356,rakhi,RK1793,1
356,rakhi,RK1793_2,1
356,rakhi,RK1795,1
356,rakhi,RK1796,1
356,rakhi,RK1797,1
356,rakhi,RK1799,1
356,rakhi,RK1800,1
356,rakhi,RK1802,1
356,rakhi,RK1803,1
356,rakhi,RK1804,1
356,rakhi,RK1805,1
356,rakhi,RK1806,1
356,rakhi,RK1807,1
356,rakhi,RK181,1
356,rakhi,RK1814,1
356,rakhi,RK1815,1
356,rakhi,RK1816,1
356,rakhi,RK1819,1
356,rakhi,RK1820,1
356,rakhi,RK1821,1
356,rakhi,RK1823,1
356,rakhi,RK1825,1
356,rakhi,RK1826,1
356,rakhi,RK1841,1
356,rakhi,RK1843,1
356,rakhi,RK1845,1
356,rakhi,RK1849,1
356,rakhi,RK185,1
356,rakhi,RK1850,1
356,rakhi,RK1852,1
356,rakhi,RK1858,1
356,rakhi,RK1859,1
356,rakhi,RK1861,1
356,rakhi,RK1864,1
356,rakhi,RK1865,1
356,rakhi,RK1870,1
356,rakhi,RK1874,1
356,rakhi,RK1875,1
356,rakhi,RK1882,1
356,rakhi,RK1884,1
356,rakhi,RK1887,1
356,rakhi,RK189,1
356,rakhi,RK1890,1
356,rakhi,RK1891,1
356,rakhi,RK1892,1
356,rakhi,RK1893,1
356,rakhi,RK1894,1
356,rakhi,RK1895,1
356,rakhi,RK1899,1
356,rakhi,RK1900,1
356,rakhi,RK1905,1
356,rakhi,RK1907,1
356,rakhi,RK1909,1
356,rakhi,RK1910,1
356,rakhi,RK1912,1
356,rakhi,RK1914,1
356,rakhi,RK1915,1
356,rakhi,RK1916,1
356,rakhi,RK1917,1
356,rakhi,RK1919,1
356,rakhi,RK1920,1
356,rakhi,RK1921,1
356,rakhi,RK1922,1
356,rakhi,RK1923,1
356,rakhi,RK1925,1
356,rakhi,RK1926,1
356,rakhi,RK1927,1
356,rakhi,RK1928,1
356,rakhi,RK1933,1
356,rakhi,RK1940,1
356,rakhi,RK1945,1
356,rakhi,RK1947,1
356,rakhi,RK1949,1
356,rakhi,RK1950,1
356,rakhi,RK1954,1
356,rakhi,RK1957,1
356,rakhi,RK1958,1
356,rakhi,RK196,1
356,rakhi,RK1966,1
356,rakhi,RK1976,1
356,rakhi,RK1978,1
356,rakhi,RK1979,1
356,rakhi,RK1981,1
356,rakhi,RK1982,1
356,rakhi,RK1983,1
356,rakhi,RK1989,1
356,rakhi,RK1992,1
356,rakhi,RK1995,1
356,rakhi,RK1997,1
356,rakhi,RK1998,1
356,rakhi,RK2003,1
356,rakhi,RK2004,1
356,rakhi,RK2006,1
356,rakhi,RK201,1
356,rakhi,RK2011,1
356,rakhi,RK2020,1
356,rakhi,RK2021,1
356,rakhi,RK2022,1
356,rakhi,RK2023,1
356,rakhi,RK2031,1
356,rakhi,RK2031_2,1
356,rakhi,RK2033,1
356,rakhi,RK2035,1
356,rakhi,RK2041,1
356,rakhi,RK2041_2,1
356,rakhi,RK2042,1
356,rakhi,RK2043,1
356,rakhi,RK2045,1
356,rakhi,RK2046,1
356,rakhi,RK2047,1
356,rakhi,RK2052,1
356,rakhi,RK2053,1
356,rakhi,RK2059,1
356,rakhi,RK2074,1
356,rakhi,RK2098,1
356,rakhi,RK2107,1
356,rakhi,RK227,1
356,rakhi,RK229,1
356,rakhi,RK234,1
356,rakhi,RK236,1
356,rakhi,RK237,1
356,rakhi,RK238,1
356,rakhi,RK240,1
356,rakhi,RK241,1
356,rakhi,RK248,1
356,rakhi,RK250,1
356,rakhi,RK264,1
356,rakhi,RK271,1
356,rakhi,RK272,1
356,rakhi,RK273,1
356,rakhi,RK276,1
356,rakhi,RK279,1
356,rakhi,RK283,1
356,rakhi,RK290,1
356,rakhi,RK298,1
356,rakhi,RK303,1
356,rakhi,RK304,1
356,rakhi,RK345,1
356,rakhi,RK350,1
356,rakhi,RK351,1
356,rakhi,RK353,1
356,rakhi,RK354,1
356,rakhi,RK355,1
356,rakhi,RK357,1
356,rakhi,RK361,1
356,rakhi,RK367,1
356,rakhi,RK368,1
356,rakhi,RK369,1
356,rakhi,RK371,1
356,rakhi,RK372,1
356,rakhi,RK374,1
356,rakhi,RK380,1
356,rakhi,RK381,1
356,rakhi,RK396,1
356,rakhi,RK398,1
356,rakhi,RK409,1
356,rakhi,RK410,1
356,rakhi,RK412,1
356,rakhi,RK433,1
356,rakhi,RK434,1
356,rakhi,RK437,1
356,rakhi,RK438,1
356,rakhi,RK441,1
356,rakhi,RK455,1
356,rakhi,RK457,1
356,rakhi,RK464,1
356,rakhi,RK466,1
356,rakhi,RK468,1
356,rakhi,RK474,1
356,rakhi,RK48,1
356,rakhi,RK484,1
356,rakhi,RK488,1
356,rakhi,RK492,1
356,rakhi,RK493,1
356,rakhi,RK499,1
356,rakhi,RK513,1
356,rakhi,RK516,1
356,rakhi,RK517,1
356,rakhi,RK526,1
356,rakhi,RK53,1
356,rakhi,RK539,1
356,rakhi,RK55,1
356,rakhi,RK550,1
356,rakhi,RK552,1
356,rakhi,RK554,1
356,rakhi,RK57,1
356,rakhi,RK582,1
356,rakhi,RK585,1
356,rakhi,RK589,1
356,rakhi,RK60,1
356,rakhi,RK61,1
356,rakhi,RK613,1
356,rakhi,RK617,1
356,rakhi,RK620,1
356,rakhi,RK63,1
356,rakhi,RK639,1
356,rakhi,RK643,1
356,rakhi,RK645,1
356,rakhi,RK648,1
356,rakhi,RK653,1
356,rakhi,RK663,1
356,rakhi,RK664,1
356,rakhi,RK665,1
356,rakhi,RK67,1
356,rakhi,RK671,1
356,rakhi,RK673,1
356,rakhi,RK680,1
356,rakhi,RK69,1
356,rakhi,RK70,1
356,rakhi,RK715,1
356,rakhi,RK719,1
356,rakhi,RK72,1
356,rakhi,RK722,1
356,rakhi,RK73,1
356,rakhi,RK733,1
356,rakhi,RK737,1
356,rakhi,RK75,1
356,rakhi,RK757,1
356,rakhi,RK766,1
356,rakhi,RK767,1
356,rakhi,RK77,1
356,rakhi,RK771,1
356,rakhi,RK773,1
356,rakhi,RK79,1
356,rakhi,RK796,1
356,rakhi,RK80,1
356,rakhi,RK808,1
356,rakhi,RK81,1
356,rakhi,RK819,1
356,rakhi,RK828,1
356,rakhi,RK83,1
356,rakhi,RK832,1
356,rakhi,RK833,1
356,rakhi,RK834,1
356,rakhi,RK835,1
356,rakhi,RK838,1
356,rakhi,RK840,1
356,rakhi,RK846,1
356,rakhi,RK848,1
356,rakhi,RK849,1
356,rakhi,RK853,1
356,rakhi,RK854,1
356,rakhi,RK859,1
356,rakhi,RK860,1
356,rakhi,RK864,1
356,rakhi,RK865,1
356,rakhi,RK866,1
356,rakhi,RK869,1
356,rakhi,RK874,1
356,rakhi,RK887,1
356,rakhi,RK887_2,1
356,rakhi,RK889,1
356,rakhi,RK891,1
356,rakhi,RK894,1
356,rakhi,RK900,1
356,rakhi,RK905,1
356,rakhi,RK906,1
356,rakhi,RK911,1
356,rakhi,RK913,1
356,rakhi,RK915,1
356,rakhi,RK917,1
356,rakhi,RK918,1
356,rakhi,RK919,1
356,rakhi,RK920,1
356,rakhi,RK921,1
356,rakhi,RK922,1
356,rakhi,RK923,1
356,rakhi,RK924,1
356,rakhi,RK925,1
356,rakhi,RK926,1
356,rakhi,RK927,1
356,rakhi,RK928,1
356,rakhi,RK929,1
356,rakhi,RK930,1
356,rakhi,RK931,1
356,rakhi,RK932,1
356,rakhi,RK933,1
356,rakhi,RK934,1
356,rakhi,RK935,1
356,rakhi,RK936,1
356,rakhi,RK937,1
356,rakhi,RK938,1
356,rakhi,RK939,1
356,rakhi,RK940,1
356,rakhi,RK941,1
356,rakhi,RK948,1
356,rakhi,RK951,1
356,rakhi,RK954,1
356,rakhi,RK955,1
356,rakhi,RK956,1
356,rakhi,RK957,1
356,rakhi,RK958,1
356,rakhi,RK960,1
356,rakhi,RK961,1
356,rakhi,RK965,1
356,rakhi,RK966,1
356,rakhi,RK968,1
356,rakhi,RK970,1
356,rakhi,RK973,1
356,rakhi,RK978,1
356,rakhi,RK979,1
356,rakhi,RK980,1
356,rakhi,RK981,1
356,rakhi,RK982,1
356,rakhi,RK983,1
356,rakhi,RK985,1
356,rakhi,RK987,1
356,rakhi,RK989,1
356,rakhi,RK991,1
356,rakhi,RK993,1
356,rakhi,RK994,1
356,rakhi,RK995,1
356,rakhi,RK999,1
357,rakhi,RK1,1
357,rakhi,RK1000,1
357,rakhi,RK1001,1
357,rakhi,RK1003,1
357,rakhi,RK1004,1
357,rakhi,RK1005,1
357,rakhi,RK1012,1
357,rakhi,RK1013,1
357,rakhi,RK1015,1
357,rakhi,RK1017,1
357,rakhi,RK1019,1
357,rakhi,RK1022,1
357,rakhi,RK1023,1
357,rakhi,RK1025,1
357,rakhi,RK1026,1
357,rakhi,RK1027,1
357,rakhi,RK1040,1
357,rakhi,RK1050,1
357,rakhi,RK1050_2,1
357,rakhi,RK1061,1
357,rakhi,RK1061_2,1
357,rakhi,RK1066,1
357,rakhi,RK1078,1
357,rakhi,RK1079,1
357,rakhi,RK1083,1
357,rakhi,RK1084,1
357,rakhi,RK1085,1
357,rakhi,RK110,1
357,rakhi,RK1104,1
357,rakhi,RK111,1
357,rakhi,RK1119,1
357,rakhi,RK1126,1
357,rakhi,RK1127,1
357,rakhi,RK1128,1
357,rakhi,RK1135,1
357,rakhi,RK1136,1
357,rakhi,RK1137,1
357,rakhi,RK1139,1
357,rakhi,RK1141,1
357,rakhi,RK1142,1
357,rakhi,RK1143,1
357,rakhi,RK1148,1
357,rakhi,RK1150,1
357,rakhi,RK1161,1
357,rakhi,RK1162,1
357,rakhi,RK1163,1
357,rakhi,RK1164,1
357,rakhi,RK1167,1
357,rakhi,RK1168,1
357,rakhi,RK1170,1
357,rakhi,RK1171,1
357,rakhi,RK1172,1
357,rakhi,RK1173,1
357,rakhi,RK1174,1
357,rakhi,RK1184,1
357,rakhi,RK1190,1
357,rakhi,RK1191,1
357,rakhi,RK1202,1
357,rakhi,RK1203,1
357,rakhi,RK1204,1
357,rakhi,RK1207,1
357,rakhi,RK1208,1
357,rakhi,RK1210,1
357,rakhi,RK1211,1
357,rakhi,RK1212,1
357,rakhi,RK1213,1
357,rakhi,RK1214,1
357,rakhi,RK1215,1
357,rakhi,RK1216,1
357,rakhi,RK1217,1
357,rakhi,RK1218,1
357,rakhi,RK1219,1
357,rakhi,RK1220,1
357,rakhi,RK1221,1
357,rakhi,RK1223,1
357,rakhi,RK1224,1
357,rakhi,RK1225,1
357,rakhi,RK1226,1
357,rakhi,RK1227,1
357,rakhi,RK1228,1
357,rakhi,RK1230,1
357,rakhi,RK1231,1
357,rakhi,RK1236,1
357,rakhi,RK1237,1
357,rakhi,RK1238,1
357,rakhi,RK1239,1
357,rakhi,RK1240,1
357,rakhi,RK1241,1
357,rakhi,RK1244,1
357,rakhi,RK1247,1
357,rakhi,RK1249,1
357,rakhi,RK1251,1
357,rakhi,RK1252,1
357,rakhi,RK1255,1
357,rakhi,RK1256,1
357,rakhi,RK1257,1
357,rakhi,RK1258,1
357,rakhi,RK1259,1
357,rakhi,RK1261,1
357,rakhi,RK1263,1
357,rakhi,RK1264,1
357,rakhi,RK1265,1
357,rakhi,RK1266,1
357,rakhi,RK1267,1
357,rakhi,RK1268,1
357,rakhi,RK1271,1
357,rakhi,RK1274,1
357,rakhi,RK1275,1
357,rakhi,RK1278,1
357,rakhi,RK1279,1
357,rakhi,RK1280,1
357,rakhi,RK1281,1
357,rakhi,RK1286,1
357,rakhi,RK1287,1
357,rakhi,RK1290,1
357,rakhi,RK130,1
357,rakhi,RK1309,1
357,rakhi,RK131,1
357,rakhi,RK1319,1
357,rakhi,RK1340,1
357,rakhi,RK1341,1
357,rakhi,RK1345,1
357,rakhi,RK1347,1
357,rakhi,RK1348,1
357,rakhi,RK1349,1
357,rakhi,RK1351,1
357,rakhi,RK1354,1
357,rakhi,RK1355,1
357,rakhi,RK1356,1
357,rakhi,RK1360,1
357,rakhi,RK1366,1
357,rakhi,RK1382,1
357,rakhi,RK1389,1
357,rakhi,RK14,1
357,rakhi,RK1402,1
357,rakhi,RK1405,1
357,rakhi,RK146,1
357,rakhi,RK1597,1
357,rakhi,RK1600,1
357,rakhi,RK1601,1
357,rakhi,RK1608,1
357,rakhi,RK1609,1
357,rakhi,RK1616,1
357,rakhi,RK1618,1
357,rakhi,RK1619,1
357,rakhi,RK1621,1
357,rakhi,RK1622,1
357,rakhi,RK1625,1
357,rakhi,RK1634,1
357,rakhi,RK1636,1
357,rakhi,RK1639,1
357,rakhi,RK1639_2,1
357,rakhi,RK1639_3,1
357,rakhi,RK1642,1
357,rakhi,RK1643,1
357,rakhi,RK1644,1
357,rakhi,RK1646,1
357,rakhi,RK1649,1
357,rakhi,RK1653,1
357,rakhi,RK1655,1
357,rakhi,RK1657,1
357,rakhi,RK1663,1
357,rakhi,RK1663_2,1
357,rakhi,RK1664,1
357,rakhi,RK1669,1
357,rakhi,RK1670,1
357,rakhi,RK1672,1
357,rakhi,RK1673,1
357,rakhi,RK1676,1
357,rakhi,RK1682,1
357,rakhi,RK169,1
357,rakhi,RK1692,1
357,rakhi,RK1693,1
357,rakhi,RK1694,1
357,rakhi,RK1695,1
357,rakhi,RK1699,1
357,rakhi,RK1703,1
357,rakhi,RK1704,1
357,rakhi,RK1705,1
357,rakhi,RK1706,1
357,rakhi,RK1711,1
357,rakhi,RK1712,1
357,rakhi,RK1713,1
357,rakhi,RK1714,1
357,rakhi,RK1716,1
357,rakhi,RK1717,1
357,rakhi,RK1718,1
357,rakhi,RK1719,1
357,rakhi,RK1720,1
357,rakhi,RK1723,1
357,rakhi,RK1724,1
357,rakhi,RK1725,1
357,rakhi,RK1740,1
357,rakhi,RK1741,1
357,rakhi,RK1742,1
357,rakhi,RK1747,1
357,rakhi,RK1750,1
357,rakhi,RK1752,1
357,rakhi,RK1756,1
357,rakhi,RK1757,1
357,rakhi,RK1758,1
357,rakhi,RK1759,1
357,rakhi,RK176,1
357,rakhi,RK1761,1
357,rakhi,RK1762,1
357,rakhi,RK1764,1
357,rakhi,RK1766,1
357,rakhi,RK1770,1
357,rakhi,RK1774,1
357,rakhi,RK1775,1
357,rakhi,RK1778,1
357,rakhi,RK1780,1
357,rakhi,RK1781,1
357,rakhi,RK1782,1
357,rakhi,RK1783,1
357,rakhi,RK1784,1
357,rakhi,RK1785,1
357,rakhi,RK1786,1
357,rakhi,RK1787,1
357,rakhi,RK1788,1
357,rakhi,RK1789,1
357,rakhi,RK1792,1
357,rakhi,RK1793,1
357,rakhi,RK1793_2,1
357,rakhi,RK1795,1
357,rakhi,RK1796,1
357,rakhi,RK1797,1
357,rakhi,RK1799,1
357,rakhi,RK1800,1
357,rakhi,RK1802,1
357,rakhi,RK1803,1
357,rakhi,RK1804,1
357,rakhi,RK1805,1
357,rakhi,RK1806,1
357,rakhi,RK1807,1
357,rakhi,RK181,1
357,rakhi,RK1814,1
357,rakhi,RK1815,1
357,rakhi,RK1816,1
357,rakhi,RK1819,1
357,rakhi,RK1820,1
357,rakhi,RK1821,1
357,rakhi,RK1823,1
357,rakhi,RK1825,1
357,rakhi,RK1826,1
357,rakhi,RK1841,1
357,rakhi,RK1843,1
357,rakhi,RK1845,1
357,rakhi,RK1849,1
357,rakhi,RK185,1
357,rakhi,RK1850,1
357,rakhi,RK1852,1
357,rakhi,RK1858,1
357,rakhi,RK1859,1
357,rakhi,RK1861,1
357,rakhi,RK1864,1
357,rakhi,RK1865,1
357,rakhi,RK1870,1
357,rakhi,RK1874,1
357,rakhi,RK1875,1
357,rakhi,RK1882,1
357,rakhi,RK1884,1
357,rakhi,RK1887,1
357,rakhi,RK189,1
357,rakhi,RK1890,1
357,rakhi,RK1891,1
357,rakhi,RK1892,1
357,rakhi,RK1893,1
357,rakhi,RK1894,1
357,rakhi,RK1895,1
357,rakhi,RK1899,1
357,rakhi,RK1900,1
357,rakhi,RK1905,1
357,rakhi,RK1907,1
357,rakhi,RK1909,1
357,rakhi,RK1910,1
357,rakhi,RK1912,1
357,rakhi,RK1914,1
357,rakhi,RK1915,1
357,rakhi,RK1916,1
357,rakhi,RK1917,1
357,rakhi,RK1919,1
357,rakhi,RK1920,1
357,rakhi,RK1921,1
357,rakhi,RK1922,1
357,rakhi,RK1923,1
357,rakhi,RK1925,1
357,rakhi,RK1926,1
357,rakhi,RK1927,1
357,rakhi,RK1928,1
357,rakhi,RK1933,1
357,rakhi,RK1940,1
357,rakhi,RK1945,1
357,rakhi,RK1947,1
357,rakhi,RK1949,1
357,rakhi,RK1950,1
357,rakhi,RK1954,1
357,rakhi,RK1957,1
357,rakhi,RK1958,1
357,rakhi,RK196,1
357,rakhi,RK1966,1
357,rakhi,RK1976,1
357,rakhi,RK1978,1
357,rakhi,RK1979,1
357,rakhi,RK1981,1
357,rakhi,RK1982,1
357,rakhi,RK1983,1
357,rakhi,RK1989,1
357,rakhi,RK1992,1
357,rakhi,RK1995,1
357,rakhi,RK1997,1
357,rakhi,RK1998,1
357,rakhi,RK2003,1
357,rakhi,RK2004,1
357,rakhi,RK2006,1
357,rakhi,RK201,1
357,rakhi,RK2011,1
357,rakhi,RK2020,1
357,rakhi,RK2021,1
357,rakhi,RK2022,1
357,rakhi,RK2023,1
357,rakhi,RK2031,1
357,rakhi,RK2031_2,1
357,rakhi,RK2033,1
357,rakhi,RK2035,1
357,rakhi,RK2041,1
357,rakhi,RK2041_2,1
357,rakhi,RK2042,1
357,rakhi,RK2043,1
357,rakhi,RK2045,1
357,rakhi,RK2046,1
357,rakhi,RK2047,1
357,rakhi,RK2052,1
357,rakhi,RK2053,1
357,rakhi,RK2059,1
357,rakhi,RK2074,1
357,rakhi,RK2098,1
357,rakhi,RK2107,1
357,rakhi,RK227,1
357,rakhi,RK229,1
357,rakhi,RK234,1
357,rakhi,RK236,1
357,rakhi,RK237,1
357,rakhi,RK238,1
357,rakhi,RK240,1
357,rakhi,RK241,1
357,rakhi,RK248,1
357,rakhi,RK250,1
357,rakhi,RK264,1
357,rakhi,RK271,1
357,rakhi,RK272,1
357,rakhi,RK273,1
357,rakhi,RK276,1
357,rakhi,RK279,1
357,rakhi,RK283,1
357,rakhi,RK290,1
357,rakhi,RK298,1
357,rakhi,RK303,1
357,rakhi,RK304,1
357,rakhi,RK345,1
357,rakhi,RK350,1
357,rakhi,RK351,1
357,rakhi,RK353,1
357,rakhi,RK354,1
357,rakhi,RK355,1
357,rakhi,RK357,1
357,rakhi,RK361,1
357,rakhi,RK367,1
357,rakhi,RK368,1
357,rakhi,RK369,1
357,rakhi,RK371,1
357,rakhi,RK372,1
357,rakhi,RK374,1
357,rakhi,RK380,1
357,rakhi,RK381,1
357,rakhi,RK396,1
357,rakhi,RK398,1
357,rakhi,RK409,1
357,rakhi,RK410,1
357,rakhi,RK412,1
357,rakhi,RK433,1
357,rakhi,RK434,1
357,rakhi,RK437,1
357,rakhi,RK438,1
357,rakhi,RK441,1
357,rakhi,RK455,1
357,rakhi,RK457,1
357,rakhi,RK464,1
357,rakhi,RK466,1
357,rakhi,RK468,1
357,rakhi,RK474,1
357,rakhi,RK48,1
357,rakhi,RK484,1
357,rakhi,RK488,1
357,rakhi,RK492,1
357,rakhi,RK493,1
357,rakhi,RK499,1
357,rakhi,RK513,1
357,rakhi,RK516,1
357,rakhi,RK517,1
357,rakhi,RK526,1
357,rakhi,RK53,1
357,rakhi,RK539,1
357,rakhi,RK55,1
357,rakhi,RK550,1
357,rakhi,RK552,1
357,rakhi,RK554,1
357,rakhi,RK57,1
357,rakhi,RK582,1
357,rakhi,RK585,1
357,rakhi,RK589,1
357,rakhi,RK60,1
357,rakhi,RK61,1
357,rakhi,RK613,1
357,rakhi,RK617,1
357,rakhi,RK620,1
357,rakhi,RK63,1
357,rakhi,RK639,1
357,rakhi,RK643,1
357,rakhi,RK645,1
357,rakhi,RK648,1
357,rakhi,RK653,1
357,rakhi,RK663,1
357,rakhi,RK664,1
357,rakhi,RK665,1
357,rakhi,RK67,1
357,rakhi,RK671,1
357,rakhi,RK673,1
357,rakhi,RK680,1
357,rakhi,RK69,1
357,rakhi,RK70,1
357,rakhi,RK715,1
357,rakhi,RK719,1
357,rakhi,RK72,1
357,rakhi,RK722,1
357,rakhi,RK73,1
357,rakhi,RK733,1
357,rakhi,RK737,1
357,rakhi,RK75,1
357,rakhi,RK757,1
357,rakhi,RK766,1
357,rakhi,RK767,1
357,rakhi,RK77,1
357,rakhi,RK771,1
357,rakhi,RK773,1
357,rakhi,RK79,1
357,rakhi,RK796,1
357,rakhi,RK80,1
357,rakhi,RK808,1
357,rakhi,RK81,1
357,rakhi,RK819,1
357,rakhi,RK828,1
357,rakhi,RK83,1
357,rakhi,RK832,1
357,rakhi,RK833,1
357,rakhi,RK834,1
357,rakhi,RK835,1
357,rakhi,RK838,1
357,rakhi,RK840,1
357,rakhi,RK846,1
357,rakhi,RK848,1
357,rakhi,RK849,1
357,rakhi,RK853,1
357,rakhi,RK854,1
357,rakhi,RK859,1
357,rakhi,RK860,1
357,rakhi,RK864,1
357,rakhi,RK865,1
357,rakhi,RK866,1
357,rakhi,RK869,1
357,rakhi,RK874,1
357,rakhi,RK887,1
357,rakhi,RK887_2,1
357,rakhi,RK889,1
357,rakhi,RK891,1
357,rakhi,RK894,1
357,rakhi,RK900,1
357,rakhi,RK905,1
357,rakhi,RK906,1
357,rakhi,RK911,1
357,rakhi,RK913,1
357,rakhi,RK915,1
357,rakhi,RK917,1
357,rakhi,RK918,1
357,rakhi,RK919,1
357,rakhi,RK920,1
357,rakhi,RK921,1
357,rakhi,RK922,1
357,rakhi,RK923,1
357,rakhi,RK924,1
357,rakhi,RK925,1
357,rakhi,RK926,1
357,rakhi,RK927,1
357,rakhi,RK928,1
357,rakhi,RK929,1
357,rakhi,RK930,1
357,rakhi,RK931,1
357,rakhi,RK932,1
357,rakhi,RK933,1
357,rakhi,RK934,1
357,rakhi,RK935,1
357,rakhi,RK936,1
357,rakhi,RK937,1
357,rakhi,RK938,1
357,rakhi,RK939,1
357,rakhi,RK940,1
357,rakhi,RK941,1
357,rakhi,RK948,1
357,rakhi,RK951,1
357,rakhi,RK954,1
357,rakhi,RK955,1
357,rakhi,RK956,1
357,rakhi,RK957,1
357,rakhi,RK958,1
357,rakhi,RK960,1
357,rakhi,RK961,1
357,rakhi,RK965,1
357,rakhi,RK966,1
357,rakhi,RK968,1
357,rakhi,RK970,1
357,rakhi,RK973,1
357,rakhi,RK978,1
357,rakhi,RK979,1
357,rakhi,RK980,1
357,rakhi,RK981,1
357,rakhi,RK982,1
357,rakhi,RK983,1
357,rakhi,RK985,1
357,rakhi,RK987,1
357,rakhi,RK989,1
357,rakhi,RK991,1
357,rakhi,RK993,1
357,rakhi,RK994,1
357,rakhi,RK995,1
357,rakhi,RK999,1
358,rakhi,RK1,1
358,rakhi,RK1000,1
358,rakhi,RK1001,1
358,rakhi,RK1003,1
358,rakhi,RK1004,1
358,rakhi,RK1005,1
358,rakhi,RK1012,1
358,rakhi,RK1013,1
358,rakhi,RK1015,1
358,rakhi,RK1017,1
358,rakhi,RK1019,1
358,rakhi,RK1022,1
358,rakhi,RK1023,1
358,rakhi,RK1025,1
358,rakhi,RK1026,1
358,rakhi,RK1027,1
358,rakhi,RK1040,1
358,rakhi,RK1050,1
358,rakhi,RK1050_2,1
358,rakhi,RK1061,1
358,rakhi,RK1061_2,1
358,rakhi,RK1066,1
358,rakhi,RK1078,1
358,rakhi,RK1079,1
358,rakhi,RK1083,1
358,rakhi,RK1084,1
358,rakhi,RK1085,1
358,rakhi,RK110,1
358,rakhi,RK1104,1
358,rakhi,RK111,1
358,rakhi,RK1119,1
358,rakhi,RK1126,1
358,rakhi,RK1127,1
358,rakhi,RK1128,1
358,rakhi,RK1135,1
358,rakhi,RK1136,1
358,rakhi,RK1137,1
358,rakhi,RK1139,1
358,rakhi,RK1141,1
358,rakhi,RK1142,1
358,rakhi,RK1143,1
358,rakhi,RK1148,1
358,rakhi,RK1150,1
358,rakhi,RK1161,1
358,rakhi,RK1162,1
358,rakhi,RK1163,1
358,rakhi,RK1164,1
358,rakhi,RK1167,1
358,rakhi,RK1168,1
358,rakhi,RK1170,1
358,rakhi,RK1171,1
358,rakhi,RK1172,1
358,rakhi,RK1173,1
358,rakhi,RK1174,1
358,rakhi,RK1184,1
358,rakhi,RK1190,1
358,rakhi,RK1191,1
358,rakhi,RK1202,1
358,rakhi,RK1203,1
358,rakhi,RK1204,1
358,rakhi,RK1207,1
358,rakhi,RK1208,1
358,rakhi,RK1210,1
358,rakhi,RK1211,1
358,rakhi,RK1212,1
358,rakhi,RK1213,1
358,rakhi,RK1214,1
358,rakhi,RK1215,1
358,rakhi,RK1216,1
358,rakhi,RK1217,1
358,rakhi,RK1218,1
358,rakhi,RK1219,1
358,rakhi,RK1220,1
358,rakhi,RK1221,1
358,rakhi,RK1223,1
358,rakhi,RK1224,1
358,rakhi,RK1225,1
358,rakhi,RK1226,1
358,rakhi,RK1227,1
358,rakhi,RK1228,1
358,rakhi,RK1230,1
358,rakhi,RK1231,1
358,rakhi,RK1236,1
358,rakhi,RK1237,1
358,rakhi,RK1238,1
358,rakhi,RK1239,1
358,rakhi,RK1240,1
358,rakhi,RK1241,1
358,rakhi,RK1244,1
358,rakhi,RK1247,1
358,rakhi,RK1249,1
358,rakhi,RK1251,1
358,rakhi,RK1252,1
358,rakhi,RK1255,1
358,rakhi,RK1256,1
358,rakhi,RK1257,1
358,rakhi,RK1258,1
358,rakhi,RK1259,1
358,rakhi,RK1261,1
358,rakhi,RK1263,1
358,rakhi,RK1264,1
358,rakhi,RK1265,1
358,rakhi,RK1266,1
358,rakhi,RK1267,1
358,rakhi,RK1268,1
358,rakhi,RK1271,1
358,rakhi,RK1274,1
358,rakhi,RK1275,1
358,rakhi,RK1278,1
358,rakhi,RK1279,1
358,rakhi,RK1280,1
358,rakhi,RK1281,1
358,rakhi,RK1286,1
358,rakhi,RK1287,1
358,rakhi,RK1290,1
358,rakhi,RK130,1
358,rakhi,RK1309,1
358,rakhi,RK131,1
358,rakhi,RK1319,1
358,rakhi,RK1340,1
358,rakhi,RK1341,1
358,rakhi,RK1345,1
358,rakhi,RK1347,1
358,rakhi,RK1348,1
358,rakhi,RK1349,1
358,rakhi,RK1351,1
358,rakhi,RK1354,1
358,rakhi,RK1355,1
358,rakhi,RK1356,1
358,rakhi,RK1360,1
358,rakhi,RK1366,1
358,rakhi,RK1382,1
358,rakhi,RK1389,1
358,rakhi,RK14,1
358,rakhi,RK1402,1
358,rakhi,RK1405,1
358,rakhi,RK146,1
358,rakhi,RK1597,1
358,rakhi,RK1600,1
358,rakhi,RK1601,1
358,rakhi,RK1608,1
358,rakhi,RK1609,1
358,rakhi,RK1616,1
358,rakhi,RK1618,1
358,rakhi,RK1619,1
358,rakhi,RK1621,1
358,rakhi,RK1622,1
358,rakhi,RK1625,1
358,rakhi,RK1634,1
358,rakhi,RK1636,1
358,rakhi,RK1639,1
358,rakhi,RK1639_2,1
358,rakhi,RK1639_3,1
358,rakhi,RK1642,1
358,rakhi,RK1643,1
358,rakhi,RK1644,1
358,rakhi,RK1646,1
358,rakhi,RK1649,1
358,rakhi,RK1653,1
358,rakhi,RK1655,1
358,rakhi,RK1657,1
358,rakhi,RK1663,1
358,rakhi,RK1663_2,1
358,rakhi,RK1664,1
358,rakhi,RK1669,1
358,rakhi,RK1670,1
358,rakhi,RK1672,1
358,rakhi,RK1673,1
358,rakhi,RK1676,1
358,rakhi,RK1682,1
358,rakhi,RK169,1
358,rakhi,RK1692,1
358,rakhi,RK1693,1
358,rakhi,RK1694,1
358,rakhi,RK1695,1
358,rakhi,RK1699,1
358,rakhi,RK1703,1
358,rakhi,RK1704,1
358,rakhi,RK1705,1
358,rakhi,RK1706,1
358,rakhi,RK1711,1
358,rakhi,RK1712,1
358,rakhi,RK1713,1
358,rakhi,RK1714,1
358,rakhi,RK1716,1
358,rakhi,RK1717,1
358,rakhi,RK1718,1
358,rakhi,RK1719,1
358,rakhi,RK1720,1
358,rakhi,RK1723,1
358,rakhi,RK1724,1
358,rakhi,RK1725,1
358,rakhi,RK1740,1
358,rakhi,RK1741,1
358,rakhi,RK1742,1
358,rakhi,RK1747,1
358,rakhi,RK1750,1
358,rakhi,RK1752,1
358,rakhi,RK1756,1
358,rakhi,RK1757,1
358,rakhi,RK1758,1
358,rakhi,RK1759,1
358,rakhi,RK176,1
358,rakhi,RK1761,1
358,rakhi,RK1762,1
358,rakhi,RK1764,1
358,rakhi,RK1766,1
358,rakhi,RK1770,1
358,rakhi,RK1774,1
358,rakhi,RK1775,1
358,rakhi,RK1778,1
358,rakhi,RK1780,1
358,rakhi,RK1781,1
358,rakhi,RK1782,1
358,rakhi,RK1783,1
358,rakhi,RK1784,1
358,rakhi,RK1785,1
358,rakhi,RK1786,1
358,rakhi,RK1787,1
358,rakhi,RK1788,1
358,rakhi,RK1789,1
358,rakhi,RK1792,1
358,rakhi,RK1793,1
358,rakhi,RK1793_2,1
358,rakhi,RK1795,1
358,rakhi,RK1796,1
358,rakhi,RK1797,1
358,rakhi,RK1799,1
358,rakhi,RK1800,1
358,rakhi,RK1802,1
358,rakhi,RK1803,1
358,rakhi,RK1804,1
358,rakhi,RK1805,1
358,rakhi,RK1806,1
358,rakhi,RK1807,1
358,rakhi,RK181,1
358,rakhi,RK1814,1
358,rakhi,RK1815,1
358,rakhi,RK1816,1
358,rakhi,RK1819,1
358,rakhi,RK1820,1
358,rakhi,RK1821,1
358,rakhi,RK1823,1
358,rakhi,RK1825,1
358,rakhi,RK1826,1
358,rakhi,RK1841,1
358,rakhi,RK1843,1
358,rakhi,RK1845,1
358,rakhi,RK1849,1
358,rakhi,RK185,1
358,rakhi,RK1850,1
358,rakhi,RK1852,1
358,rakhi,RK1858,1
358,rakhi,RK1859,1
358,rakhi,RK1861,1
358,rakhi,RK1864,1
358,rakhi,RK1865,1
358,rakhi,RK1870,1
358,rakhi,RK1874,1
358,rakhi,RK1875,1
358,rakhi,RK1882,1
358,rakhi,RK1884,1
358,rakhi,RK1887,1
358,rakhi,RK189,1
358,rakhi,RK1890,1
358,rakhi,RK1891,1
358,rakhi,RK1892,1
358,rakhi,RK1893,1
358,rakhi,RK1894,1
358,rakhi,RK1895,1
358,rakhi,RK1899,1
358,rakhi,RK1900,1
358,rakhi,RK1905,1
358,rakhi,RK1907,1
358,rakhi,RK1909,1
358,rakhi,RK1910,1
358,rakhi,RK1912,1
358,rakhi,RK1914,1
358,rakhi,RK1915,1
358,rakhi,RK1916,1
358,rakhi,RK1917,1
358,rakhi,RK1919,1
358,rakhi,RK1920,1
358,rakhi,RK1921,1
358,rakhi,RK1922,1
358,rakhi,RK1923,1
358,rakhi,RK1925,1
358,rakhi,RK1926,1
358,rakhi,RK1927,1
358,rakhi,RK1928,1
358,rakhi,RK1933,1
358,rakhi,RK1940,1
358,rakhi,RK1945,1
358,rakhi,RK1947,1
358,rakhi,RK1949,1
358,rakhi,RK1950,1
358,rakhi,RK1954,1
358,rakhi,RK1957,1
358,rakhi,RK1958,1
358,rakhi,RK196,1
358,rakhi,RK1966,1
358,rakhi,RK1976,1
358,rakhi,RK1978,1
358,rakhi,RK1979,1
358,rakhi,RK1981,1
358,rakhi,RK1982,1
358,rakhi,RK1983,1
358,rakhi,RK1989,1
358,rakhi,RK1992,1
358,rakhi,RK1995,1
358,rakhi,RK1997,1
358,rakhi,RK1998,1
358,rakhi,RK2003,1
358,rakhi,RK2004,1
358,rakhi,RK2006,1
358,rakhi,RK201,1
358,rakhi,RK2011,1
358,rakhi,RK2020,1
358,rakhi,RK2021,1
358,rakhi,RK2022,1
358,rakhi,RK2023,1
358,rakhi,RK2031,1
358,rakhi,RK2031_2,1
358,rakhi,RK2033,1
358,rakhi,RK2035,1
358,rakhi,RK2041,1
358,rakhi,RK2041_2,1
358,rakhi,RK2042,1
358,rakhi,RK2043,1
358,rakhi,RK2045,1
358,rakhi,RK2046,1
358,rakhi,RK2047,1
358,rakhi,RK2052,1
358,rakhi,RK2053,1
358,rakhi,RK2059,1
358,rakhi,RK2074,1
358,rakhi,RK2098,1
358,rakhi,RK2107,1
358,rakhi,RK227,1
358,rakhi,RK229,1
358,rakhi,RK234,1
358,rakhi,RK236,1
358,rakhi,RK237,1
358,rakhi,RK238,1
358,rakhi,RK240,1
358,rakhi,RK241,1
358,rakhi,RK248,1
358,rakhi,RK250,1
358,rakhi,RK264,1
358,rakhi,RK271,1
358,rakhi,RK272,1
358,rakhi,RK273,1
358,rakhi,RK276,1
358,rakhi,RK279,1
358,rakhi,RK283,1
358,rakhi,RK290,1
358,rakhi,RK298,1
358,rakhi,RK303,1
358,rakhi,RK304,1
358,rakhi,RK345,1
358,rakhi,RK350,1
358,rakhi,RK351,1
358,rakhi,RK353,1
358,rakhi,RK354,1
358,rakhi,RK355,1
358,rakhi,RK357,1
358,rakhi,RK361,1
358,rakhi,RK367,1
358,rakhi,RK368,1
358,rakhi,RK369,1
358,rakhi,RK371,1
358,rakhi,RK372,1
358,rakhi,RK374,1
358,rakhi,RK380,1
358,rakhi,RK381,1
358,rakhi,RK396,1
358,rakhi,RK398,1
358,rakhi,RK409,1
358,rakhi,RK410,1
358,rakhi,RK412,1
358,rakhi,RK433,1
358,rakhi,RK434,1
358,rakhi,RK437,1
358,rakhi,RK438,1
358,rakhi,RK441,1
358,rakhi,RK455,1
358,rakhi,RK457,1
358,rakhi,RK464,1
358,rakhi,RK466,1
358,rakhi,RK468,1
358,rakhi,RK474,1
358,rakhi,RK48,1
358,rakhi,RK484,1
358,rakhi,RK488,1
358,rakhi,RK492,1
358,rakhi,RK493,1
358,rakhi,RK499,1
358,rakhi,RK513,1
358,rakhi,RK516,1
358,rakhi,RK517,1
358,rakhi,RK526,1
358,rakhi,RK53,1
358,rakhi,RK539,1
358,rakhi,RK55,1
358,rakhi,RK550,1
358,rakhi,RK552,1
358,rakhi,RK554,1
358,rakhi,RK57,1
358,rakhi,RK582,1
358,rakhi,RK585,1
358,rakhi,RK589,1
358,rakhi,RK60,1
358,rakhi,RK61,1
358,rakhi,RK613,1
358,rakhi,RK617,1
358,rakhi,RK620,1
358,rakhi,RK63,1
358,rakhi,RK639,1
358,rakhi,RK643,1
358,rakhi,RK645,1
358,rakhi,RK648,1
358,rakhi,RK653,1
358,rakhi,RK663,1
358,rakhi,RK664,1
358,rakhi,RK665,1
358,rakhi,RK67,1
358,rakhi,RK671,1
358,rakhi,RK673,1
358,rakhi,RK680,1
358,rakhi,RK69,1
358,rakhi,RK70,1
358,rakhi,RK715,1
358,rakhi,RK719,1
358,rakhi,RK72,1
358,rakhi,RK722,1
358,rakhi,RK73,1
358,rakhi,RK733,1
358,rakhi,RK737,1
358,rakhi,RK75,1
358,rakhi,RK757,1
358,rakhi,RK766,1
358,rakhi,RK767,1
358,rakhi,RK77,1
358,rakhi,RK771,1
358,rakhi,RK773,1
358,rakhi,RK79,1
358,rakhi,RK796,1
358,rakhi,RK80,1
358,rakhi,RK808,1
358,rakhi,RK81,1
358,rakhi,RK819,1
358,rakhi,RK828,1
358,rakhi,RK83,1
358,rakhi,RK832,1
358,rakhi,RK833,1
358,rakhi,RK834,1
358,rakhi,RK835,1
358,rakhi,RK838,1
358,rakhi,RK840,1
358,rakhi,RK846,1
358,rakhi,RK848,1
358,rakhi,RK849,1
358,rakhi,RK853,1
358,rakhi,RK854,1
358,rakhi,RK859,1
358,rakhi,RK860,1
358,rakhi,RK864,1
358,rakhi,RK865,1
358,rakhi,RK866,1
358,rakhi,RK869,1
358,rakhi,RK874,1
358,rakhi,RK887,1
358,rakhi,RK887_2,1
358,rakhi,RK889,1
358,rakhi,RK891,1
358,rakhi,RK894,1
358,rakhi,RK900,1
358,rakhi,RK905,1
358,rakhi,RK906,1
358,rakhi,RK911,1
358,rakhi,RK913,1
358,rakhi,RK915,1
358,rakhi,RK917,1
358,rakhi,RK918,1
358,rakhi,RK919,1
358,rakhi,RK920,1
358,rakhi,RK921,1
358,rakhi,RK922,1
358,rakhi,RK923,1
358,rakhi,RK924,1
358,rakhi,RK925,1
358,rakhi,RK926,1
358,rakhi,RK927,1
358,rakhi,RK928,1
358,rakhi,RK929,1
358,rakhi,RK930,1
358,rakhi,RK931,1
358,rakhi,RK932,1
358,rakhi,RK933,1
358,rakhi,RK934,1
358,rakhi,RK935,1
358,rakhi,RK936,1
358,rakhi,RK937,1
358,rakhi,RK938,1
358,rakhi,RK939,1
358,rakhi,RK940,1
358,rakhi,RK941,1
358,rakhi,RK948,1
358,rakhi,RK951,1
358,rakhi,RK954,1
358,rakhi,RK955,1
358,rakhi,RK956,1
358,rakhi,RK957,1
358,rakhi,RK958,1
358,rakhi,RK960,1
358,rakhi,RK961,1
358,rakhi,RK965,1
358,rakhi,RK966,1
358,rakhi,RK968,1
358,rakhi,RK970,1
358,rakhi,RK973,1
358,rakhi,RK978,1
358,rakhi,RK979,1
358,rakhi,RK980,1
358,rakhi,RK981,1
358,rakhi,RK982,1
358,rakhi,RK983,1
358,rakhi,RK985,1
358,rakhi,RK987,1
358,rakhi,RK989,1
358,rakhi,RK991,1
358,rakhi,RK993,1
358,rakhi,RK994,1
358,rakhi,RK995,1
358,rakhi,RK999,1
364,rakhi,RK1,1
364,rakhi,RK1000,1
364,rakhi,RK1001,1
364,rakhi,RK1003,1
364,rakhi,RK1004,1
364,rakhi,RK1005,1
364,rakhi,RK1012,1
364,rakhi,RK1013,1
364,rakhi,RK1015,1
364,rakhi,RK1017,1
364,rakhi,RK1019,1
364,rakhi,RK1022,1
364,rakhi,RK1023,1
364,rakhi,RK1025,1
364,rakhi,RK1026,1
364,rakhi,RK1027,1
364,rakhi,RK1040,1
364,rakhi,RK1050,1
364,rakhi,RK1050_2,1
364,rakhi,RK1061,1
364,rakhi,RK1061_2,1
364,rakhi,RK1066,1
364,rakhi,RK1078,1
364,rakhi,RK1079,1
364,rakhi,RK1083,1
364,rakhi,RK1084,1
364,rakhi,RK1085,1
364,rakhi,RK110,1
364,rakhi,RK1104,1
364,rakhi,RK111,1
364,rakhi,RK1119,1
364,rakhi,RK1126,1
364,rakhi,RK1127,1
364,rakhi,RK1128,1
364,rakhi,RK1135,1
364,rakhi,RK1136,1
364,rakhi,RK1137,1
364,rakhi,RK1139,1
364,rakhi,RK1141,1
364,rakhi,RK1142,1
364,rakhi,RK1143,1
364,rakhi,RK1148,1
364,rakhi,RK1150,1
364,rakhi,RK1161,1
364,rakhi,RK1162,1
364,rakhi,RK1163,1
364,rakhi,RK1164,1
364,rakhi,RK1167,1
364,rakhi,RK1168,1
364,rakhi,RK1170,1
364,rakhi,RK1171,1
364,rakhi,RK1172,1
364,rakhi,RK1173,1
364,rakhi,RK1174,1
364,rakhi,RK1184,1
364,rakhi,RK1190,1
364,rakhi,RK1191,1
364,rakhi,RK1202,1
364,rakhi,RK1203,1
364,rakhi,RK1204,1
364,rakhi,RK1207,1
364,rakhi,RK1208,1
364,rakhi,RK1210,1
364,rakhi,RK1211,1
364,rakhi,RK1212,1
364,rakhi,RK1213,1
364,rakhi,RK1214,1
364,rakhi,RK1215,1
364,rakhi,RK1216,1
364,rakhi,RK1217,1
364,rakhi,RK1218,1
364,rakhi,RK1219,1
364,rakhi,RK1220,1
364,rakhi,RK1221,1
364,rakhi,RK1223,1
364,rakhi,RK1224,1
364,rakhi,RK1225,1
364,rakhi,RK1226,1
364,rakhi,RK1227,1
364,rakhi,RK1228,1
364,rakhi,RK1230,1
364,rakhi,RK1231,1
364,rakhi,RK1236,1
364,rakhi,RK1237,1
364,rakhi,RK1238,1
364,rakhi,RK1239,1
364,rakhi,RK1240,1
364,rakhi,RK1241,1
364,rakhi,RK1244,1
364,rakhi,RK1247,1
364,rakhi,RK1249,1
364,rakhi,RK1251,1
364,rakhi,RK1252,1
364,rakhi,RK1255,1
364,rakhi,RK1256,1
364,rakhi,RK1257,1
364,rakhi,RK1258,1
364,rakhi,RK1259,1
364,rakhi,RK1261,1
364,rakhi,RK1263,1
364,rakhi,RK1264,1
364,rakhi,RK1265,1
364,rakhi,RK1266,1
364,rakhi,RK1267,1
364,rakhi,RK1268,1
364,rakhi,RK1271,1
364,rakhi,RK1274,1
364,rakhi,RK1275,1
364,rakhi,RK1278,1
364,rakhi,RK1279,1
364,rakhi,RK1280,1
364,rakhi,RK1281,1
364,rakhi,RK1286,1
364,rakhi,RK1287,1
364,rakhi,RK1290,1
364,rakhi,RK130,1
364,rakhi,RK1309,1
364,rakhi,RK131,1
364,rakhi,RK1319,1
364,rakhi,RK1340,1
364,rakhi,RK1341,1
364,rakhi,RK1345,1
364,rakhi,RK1347,1
364,rakhi,RK1348,1
364,rakhi,RK1349,1
364,rakhi,RK1351,1
364,rakhi,RK1354,1
364,rakhi,RK1355,1
364,rakhi,RK1356,1
364,rakhi,RK1360,1
364,rakhi,RK1366,1
364,rakhi,RK1382,1
364,rakhi,RK1389,1
364,rakhi,RK14,1
364,rakhi,RK1402,1
364,rakhi,RK1405,1
364,rakhi,RK146,1
364,rakhi,RK1597,1
364,rakhi,RK1600,1
364,rakhi,RK1601,1
364,rakhi,RK1608,1
364,rakhi,RK1609,1
364,rakhi,RK1616,1
364,rakhi,RK1618,1
364,rakhi,RK1619,1
364,rakhi,RK1621,1
364,rakhi,RK1622,1
364,rakhi,RK1625,1
364,rakhi,RK1634,1
364,rakhi,RK1636,1
364,rakhi,RK1639,1
364,rakhi,RK1639_2,1
364,rakhi,RK1639_3,1
364,rakhi,RK1642,1
364,rakhi,RK1643,1
364,rakhi,RK1644,1
364,rakhi,RK1646,1
364,rakhi,RK1649,1
364,rakhi,RK1653,1
364,rakhi,RK1655,1
364,rakhi,RK1657,1
364,rakhi,RK1663,1
364,rakhi,RK1663_2,1
364,rakhi,RK1664,1
364,rakhi,RK1669,1
364,rakhi,RK1670,1
364,rakhi,RK1672,1
364,rakhi,RK1673,1
364,rakhi,RK1676,1
364,rakhi,RK1682,1
364,rakhi,RK169,1
364,rakhi,RK1692,1
364,rakhi,RK1693,1
364,rakhi,RK1694,1
364,rakhi,RK1695,1
364,rakhi,RK1699,1
364,rakhi,RK1703,1
364,rakhi,RK1704,1
364,rakhi,RK1705,1
364,rakhi,RK1706,1
364,rakhi,RK1711,1
364,rakhi,RK1712,1
364,rakhi,RK1713,1
364,rakhi,RK1714,1
364,rakhi,RK1716,1
364,rakhi,RK1717,1
364,rakhi,RK1718,1
364,rakhi,RK1719,1
364,rakhi,RK1720,1
364,rakhi,RK1723,1
364,rakhi,RK1724,1
364,rakhi,RK1725,1
364,rakhi,RK1740,1
364,rakhi,RK1741,1
364,rakhi,RK1742,1
364,rakhi,RK1747,1
364,rakhi,RK1750,1
364,rakhi,RK1752,1
364,rakhi,RK1756,1
364,rakhi,RK1757,1
364,rakhi,RK1758,1
364,rakhi,RK1759,1
364,rakhi,RK176,1
364,rakhi,RK1761,1
364,rakhi,RK1762,1
364,rakhi,RK1764,1
364,rakhi,RK1766,1
364,rakhi,RK1770,1
364,rakhi,RK1774,1
364,rakhi,RK1775,1
364,rakhi,RK1778,1
364,rakhi,RK1780,1
364,rakhi,RK1781,1
364,rakhi,RK1782,1
364,rakhi,RK1783,1
364,rakhi,RK1784,1
364,rakhi,RK1785,1
364,rakhi,RK1786,1
364,rakhi,RK1787,1
364,rakhi,RK1788,1
364,rakhi,RK1789,1
364,rakhi,RK1792,1
364,rakhi,RK1793,1
364,rakhi,RK1793_2,1
364,rakhi,RK1795,1
364,rakhi,RK1796,1
364,rakhi,RK1797,1
364,rakhi,RK1799,1
364,rakhi,RK1800,1
364,rakhi,RK1802,1
364,rakhi,RK1803,1
364,rakhi,RK1804,1
364,rakhi,RK1805,1
364,rakhi,RK1806,1
364,rakhi,RK1807,1
364,rakhi,RK181,1
364,rakhi,RK1814,1
364,rakhi,RK1815,1
364,rakhi,RK1816,1
364,rakhi,RK1819,1
364,rakhi,RK1820,1
364,rakhi,RK1821,1
364,rakhi,RK1823,1
364,rakhi,RK1825,1
364,rakhi,RK1826,1
364,rakhi,RK1841,1
364,rakhi,RK1843,1
364,rakhi,RK1845,1
364,rakhi,RK1849,1
364,rakhi,RK185,1
364,rakhi,RK1850,1
364,rakhi,RK1852,1
364,rakhi,RK1858,1
364,rakhi,RK1859,1
364,rakhi,RK1861,1
364,rakhi,RK1864,1
364,rakhi,RK1865,1
364,rakhi,RK1870,1
364,rakhi,RK1874,1
364,rakhi,RK1875,1
364,rakhi,RK1882,1
364,rakhi,RK1884,1
364,rakhi,RK1887,1
364,rakhi,RK189,1
364,rakhi,RK1890,1
364,rakhi,RK1891,1
364,rakhi,RK1892,1
364,rakhi,RK1893,1
364,rakhi,RK1894,1
364,rakhi,RK1895,1
364,rakhi,RK1899,1
364,rakhi,RK1900,1
364,rakhi,RK1905,1
364,rakhi,RK1907,1
364,rakhi,RK1909,1
364,rakhi,RK1910,1
364,rakhi,RK1912,1
364,rakhi,RK1914,1
364,rakhi,RK1915,1
364,rakhi,RK1916,1
364,rakhi,RK1917,1
364,rakhi,RK1919,1
364,rakhi,RK1920,1
364,rakhi,RK1921,1
364,rakhi,RK1922,1
364,rakhi,RK1923,1
364,rakhi,RK1925,1
364,rakhi,RK1926,1
364,rakhi,RK1927,1
364,rakhi,RK1928,1
364,rakhi,RK1933,1
364,rakhi,RK1940,1
364,rakhi,RK1945,1
364,rakhi,RK1947,1
364,rakhi,RK1949,1
364,rakhi,RK1950,1
364,rakhi,RK1954,1
364,rakhi,RK1957,1
364,rakhi,RK1958,1
364,rakhi,RK196,1
364,rakhi,RK1966,1
364,rakhi,RK1976,1
364,rakhi,RK1978,1
364,rakhi,RK1979,1
364,rakhi,RK1981,1
364,rakhi,RK1982,1
364,rakhi,RK1983,1
364,rakhi,RK1989,1
364,rakhi,RK1992,1
364,rakhi,RK1995,1
364,rakhi,RK1997,1
364,rakhi,RK1998,1
364,rakhi,RK2003,1
364,rakhi,RK2004,1
364,rakhi,RK2006,1
364,rakhi,RK201,1
364,rakhi,RK2011,1
364,rakhi,RK2020,1
364,rakhi,RK2021,1
364,rakhi,RK2022,1
364,rakhi,RK2023,1
364,rakhi,RK2031,1
364,rakhi,RK2031_2,1
364,rakhi,RK2033,1
364,rakhi,RK2035,1
364,rakhi,RK2041,1
364,rakhi,RK2041_2,1
364,rakhi,RK2042,1
364,rakhi,RK2043,1
364,rakhi,RK2045,1
364,rakhi,RK2046,1
364,rakhi,RK2047,1
364,rakhi,RK2052,1
364,rakhi,RK2053,1
364,rakhi,RK2059,1
364,rakhi,RK2074,1
364,rakhi,RK2098,1
364,rakhi,RK2107,1
364,rakhi,RK227,1
364,rakhi,RK229,1
364,rakhi,RK234,1
364,rakhi,RK236,1
364,rakhi,RK237,1
364,rakhi,RK238,1
364,rakhi,RK240,1
364,rakhi,RK241,1
364,rakhi,RK248,1
364,rakhi,RK250,1
364,rakhi,RK264,1
364,rakhi,RK271,1
364,rakhi,RK272,1
364,rakhi,RK273,1
364,rakhi,RK276,1
364,rakhi,RK279,1
364,rakhi,RK283,1
364,rakhi,RK290,1
364,rakhi,RK298,1
364,rakhi,RK303,1
364,rakhi,RK304,1
364,rakhi,RK345,1
364,rakhi,RK350,1
364,rakhi,RK351,1
364,rakhi,RK353,1
364,rakhi,RK354,1
364,rakhi,RK355,1
364,rakhi,RK357,1
364,rakhi,RK361,1
364,rakhi,RK367,1
364,rakhi,RK368,1
364,rakhi,RK369,1
364,rakhi,RK371,1
364,rakhi,RK372,1
364,rakhi,RK374,1
364,rakhi,RK380,1
364,rakhi,RK381,1
364,rakhi,RK396,1
364,rakhi,RK398,1
364,rakhi,RK409,1
364,rakhi,RK410,1
364,rakhi,RK412,1
364,rakhi,RK433,1
364,rakhi,RK434,1
364,rakhi,RK437,1
364,rakhi,RK438,1
364,rakhi,RK441,1
364,rakhi,RK455,1
364,rakhi,RK457,1
364,rakhi,RK464,1
364,rakhi,RK466,1
364,rakhi,RK468,1
364,rakhi,RK474,1
364,rakhi,RK48,1
364,rakhi,RK484,1
364,rakhi,RK488,1
364,rakhi,RK492,1
364,rakhi,RK493,1
364,rakhi,RK499,1
364,rakhi,RK513,1
364,rakhi,RK516,1
364,rakhi,RK517,1
364,rakhi,RK526,1
364,rakhi,RK53,1
364,rakhi,RK539,1
364,rakhi,RK55,1
364,rakhi,RK550,1
364,rakhi,RK552,1
364,rakhi,RK554,1
364,rakhi,RK57,1
364,rakhi,RK582,1
364,rakhi,RK585,1
364,rakhi,RK589,1
364,rakhi,RK60,1
364,rakhi,RK61,1
364,rakhi,RK613,1
364,rakhi,RK617,1
364,rakhi,RK620,1
364,rakhi,RK63,1
364,rakhi,RK639,1
364,rakhi,RK643,1
364,rakhi,RK645,1
364,rakhi,RK648,1
364,rakhi,RK653,1
364,rakhi,RK663,1
364,rakhi,RK664,1
364,rakhi,RK665,1
364,rakhi,RK67,1
364,rakhi,RK671,1
364,rakhi,RK673,1
364,rakhi,RK680,1
364,rakhi,RK69,1
364,rakhi,RK70,1
364,rakhi,RK715,1
364,rakhi,RK719,1
364,rakhi,RK72,1
364,rakhi,RK722,1
364,rakhi,RK73,1
364,rakhi,RK733,1
364,rakhi,RK737,1
364,rakhi,RK75,1
364,rakhi,RK757,1
364,rakhi,RK766,1
364,rakhi,RK767,1
364,rakhi,RK77,1
364,rakhi,RK771,1
364,rakhi,RK773,1
364,rakhi,RK79,1
364,rakhi,RK796,1
364,rakhi,RK80,1
364,rakhi,RK808,1
364,rakhi,RK81,1
364,rakhi,RK819,1
364,rakhi,RK828,1
364,rakhi,RK83,1
364,rakhi,RK832,1
364,rakhi,RK833,1
364,rakhi,RK834,1
364,rakhi,RK835,1
364,rakhi,RK838,1
364,rakhi,RK840,1
364,rakhi,RK846,1
364,rakhi,RK848,1
364,rakhi,RK849,1
364,rakhi,RK853,1
364,rakhi,RK854,1
364,rakhi,RK859,1
364,rakhi,RK860,1
364,rakhi,RK864,1
364,rakhi,RK865,1
364,rakhi,RK866,1
364,rakhi,RK869,1
364,rakhi,RK874,1
364,rakhi,RK887,1
364,rakhi,RK887_2,1
364,rakhi,RK889,1
364,rakhi,RK891,1
364,rakhi,RK894,1
364,rakhi,RK900,1
364,rakhi,RK905,1
364,rakhi,RK906,1
364,rakhi,RK911,1
364,rakhi,RK913,1
364,rakhi,RK915,1
364,rakhi,RK917,1
364,rakhi,RK918,1
364,rakhi,RK919,1
364,rakhi,RK920,1
364,rakhi,RK921,1
364,rakhi,RK922,1
364,rakhi,RK923,1
364,rakhi,RK924,1
364,rakhi,RK925,1
364,rakhi,RK926,1
364,rakhi,RK927,1
364,rakhi,RK928,1
364,rakhi,RK929,1
364,rakhi,RK930,1
364,rakhi,RK931,1
364,rakhi,RK932,1
364,rakhi,RK933,1
364,rakhi,RK934,1
364,rakhi,RK935,1
364,rakhi,RK936,1
364,rakhi,RK937,1
364,rakhi,RK938,1
364,rakhi,RK939,1
364,rakhi,RK940,1
364,rakhi,RK941,1
364,rakhi,RK948,1
364,rakhi,RK951,1
364,rakhi,RK954,1
364,rakhi,RK955,1
364,rakhi,RK956,1
364,rakhi,RK957,1
364,rakhi,RK958,1
364,rakhi,RK960,1
364,rakhi,RK961,1
364,rakhi,RK965,1
364,rakhi,RK966,1
364,rakhi,RK968,1
364,rakhi,RK970,1
364,rakhi,RK973,1
364,rakhi,RK978,1
364,rakhi,RK979,1
364,rakhi,RK980,1
364,rakhi,RK981,1
364,rakhi,RK982,1
364,rakhi,RK983,1
364,rakhi,RK985,1
364,rakhi,RK987,1
364,rakhi,RK989,1
364,rakhi,RK991,1
364,rakhi,RK993,1
364,rakhi,RK994,1
364,rakhi,RK995,1
364,rakhi,RK999,1
365,rakhi,RK1,1
365,rakhi,RK1000,1
365,rakhi,RK1001,1
365,rakhi,RK1003,1
365,rakhi,RK1004,1
365,rakhi,RK1005,1
365,rakhi,RK1012,1
365,rakhi,RK1013,1
365,rakhi,RK1015,1
365,rakhi,RK1017,1
365,rakhi,RK1019,1
365,rakhi,RK1022,1
365,rakhi,RK1023,1
365,rakhi,RK1025,1
365,rakhi,RK1026,1
365,rakhi,RK1027,1
365,rakhi,RK1040,1
365,rakhi,RK1050,1
365,rakhi,RK1050_2,1
365,rakhi,RK1061,1
365,rakhi,RK1061_2,1
365,rakhi,RK1066,1
365,rakhi,RK1078,1
365,rakhi,RK1079,1
365,rakhi,RK1083,1
365,rakhi,RK1084,1
365,rakhi,RK1085,1
365,rakhi,RK110,1
365,rakhi,RK1104,1
365,rakhi,RK111,1
365,rakhi,RK1119,1
365,rakhi,RK1126,1
365,rakhi,RK1127,1
365,rakhi,RK1128,1
365,rakhi,RK1135,1
365,rakhi,RK1136,1
365,rakhi,RK1137,1
365,rakhi,RK1139,1
365,rakhi,RK1141,1
365,rakhi,RK1142,1
365,rakhi,RK1143,1
365,rakhi,RK1148,1
365,rakhi,RK1150,1
365,rakhi,RK1161,1
365,rakhi,RK1162,1
365,rakhi,RK1163,1
365,rakhi,RK1164,1
365,rakhi,RK1167,1
365,rakhi,RK1168,1
365,rakhi,RK1170,1
365,rakhi,RK1171,1
365,rakhi,RK1172,1
365,rakhi,RK1173,1
365,rakhi,RK1174,1
365,rakhi,RK1184,1
365,rakhi,RK1190,1
365,rakhi,RK1191,1
365,rakhi,RK1202,1
365,rakhi,RK1203,1
365,rakhi,RK1204,1
365,rakhi,RK1207,1
365,rakhi,RK1208,1
365,rakhi,RK1210,1
365,rakhi,RK1211,1
365,rakhi,RK1212,1
365,rakhi,RK1213,1
365,rakhi,RK1214,1
365,rakhi,RK1215,1
365,rakhi,RK1216,1
365,rakhi,RK1217,1
365,rakhi,RK1218,1
365,rakhi,RK1219,1
365,rakhi,RK1220,1
365,rakhi,RK1221,1
365,rakhi,RK1223,1
365,rakhi,RK1224,1
365,rakhi,RK1225,1
365,rakhi,RK1226,1
365,rakhi,RK1227,1
365,rakhi,RK1228,1
365,rakhi,RK1230,1
365,rakhi,RK1231,1
365,rakhi,RK1236,1
365,rakhi,RK1237,1
365,rakhi,RK1238,1
365,rakhi,RK1239,1
365,rakhi,RK1240,1
365,rakhi,RK1241,1
365,rakhi,RK1244,1
365,rakhi,RK1247,1
365,rakhi,RK1249,1
365,rakhi,RK1251,1
365,rakhi,RK1252,1
365,rakhi,RK1255,1
365,rakhi,RK1256,1
365,rakhi,RK1257,1
365,rakhi,RK1258,1
365,rakhi,RK1259,1
365,rakhi,RK1261,1
365,rakhi,RK1263,1
365,rakhi,RK1264,1
365,rakhi,RK1265,1
365,rakhi,RK1266,1
365,rakhi,RK1267,1
365,rakhi,RK1268,1
365,rakhi,RK1271,1
365,rakhi,RK1274,1
365,rakhi,RK1275,1
365,rakhi,RK1278,1
365,rakhi,RK1279,1
365,rakhi,RK1280,1
365,rakhi,RK1281,1
365,rakhi,RK1286,1
365,rakhi,RK1287,1
365,rakhi,RK1290,1
365,rakhi,RK130,1
365,rakhi,RK1309,1
365,rakhi,RK131,1
365,rakhi,RK1319,1
365,rakhi,RK1340,1
365,rakhi,RK1341,1
365,rakhi,RK1345,1
365,rakhi,RK1347,1
365,rakhi,RK1348,1
365,rakhi,RK1349,1
365,rakhi,RK1351,1
365,rakhi,RK1354,1
365,rakhi,RK1355,1
365,rakhi,RK1356,1
365,rakhi,RK1360,1
365,rakhi,RK1366,1
365,rakhi,RK1382,1
365,rakhi,RK1389,1
365,rakhi,RK14,1
365,rakhi,RK1402,1
365,rakhi,RK1405,1
365,rakhi,RK146,1
365,rakhi,RK1597,1
365,rakhi,RK1600,1
365,rakhi,RK1601,1
365,rakhi,RK1608,1
365,rakhi,RK1609,1
365,rakhi,RK1616,1
365,rakhi,RK1618,1
365,rakhi,RK1619,1
365,rakhi,RK1621,1
365,rakhi,RK1622,1
365,rakhi,RK1625,1
365,rakhi,RK1634,1
365,rakhi,RK1636,1
365,rakhi,RK1639,1
365,rakhi,RK1639_2,1
365,rakhi,RK1639_3,1
365,rakhi,RK1642,1
365,rakhi,RK1643,1
365,rakhi,RK1644,1
365,rakhi,RK1646,1
365,rakhi,RK1649,1
365,rakhi,RK1653,1
365,rakhi,RK1655,1
365,rakhi,RK1657,1
365,rakhi,RK1663,1
365,rakhi,RK1663_2,1
365,rakhi,RK1664,1
365,rakhi,RK1669,1
365,rakhi,RK1670,1
365,rakhi,RK1672,1
365,rakhi,RK1673,1
365,rakhi,RK1676,1
365,rakhi,RK1682,1
365,rakhi,RK169,1
365,rakhi,RK1692,1
365,rakhi,RK1693,1
365,rakhi,RK1694,1
365,rakhi,RK1695,1
365,rakhi,RK1699,1
365,rakhi,RK1703,1
365,rakhi,RK1704,1
365,rakhi,RK1705,1
365,rakhi,RK1706,1
365,rakhi,RK1711,1
365,rakhi,RK1712,1
365,rakhi,RK1713,1
365,rakhi,RK1714,1
365,rakhi,RK1716,1
365,rakhi,RK1717,1
365,rakhi,RK1718,1
365,rakhi,RK1719,1
365,rakhi,RK1720,1
365,rakhi,RK1723,1
365,rakhi,RK1724,1
365,rakhi,RK1725,1
365,rakhi,RK1740,1
365,rakhi,RK1741,1
365,rakhi,RK1742,1
365,rakhi,RK1747,1
365,rakhi,RK1750,1
365,rakhi,RK1752,1
365,rakhi,RK1756,1
365,rakhi,RK1757,1
365,rakhi,RK1758,1
365,rakhi,RK1759,1
365,rakhi,RK176,1
365,rakhi,RK1761,1
365,rakhi,RK1762,1
365,rakhi,RK1764,1
365,rakhi,RK1766,1
365,rakhi,RK1770,1
365,rakhi,RK1774,1
365,rakhi,RK1775,1
365,rakhi,RK1778,1
365,rakhi,RK1780,1
365,rakhi,RK1781,1
365,rakhi,RK1782,1
365,rakhi,RK1783,1
365,rakhi,RK1784,1
365,rakhi,RK1785,1
365,rakhi,RK1786,1
365,rakhi,RK1787,1
365,rakhi,RK1788,1
365,rakhi,RK1789,1
365,rakhi,RK1792,1
365,rakhi,RK1793,1
365,rakhi,RK1793_2,1
365,rakhi,RK1795,1
365,rakhi,RK1796,1
365,rakhi,RK1797,1
365,rakhi,RK1799,1
365,rakhi,RK1800,1
365,rakhi,RK1802,1
365,rakhi,RK1803,1
365,rakhi,RK1804,1
365,rakhi,RK1805,1
365,rakhi,RK1806,1
365,rakhi,RK1807,1
365,rakhi,RK181,1
365,rakhi,RK1814,1
365,rakhi,RK1815,1
365,rakhi,RK1816,1
365,rakhi,RK1819,1
365,rakhi,RK1820,1
365,rakhi,RK1821,1
365,rakhi,RK1823,1
365,rakhi,RK1825,1
365,rakhi,RK1826,1
365,rakhi,RK1841,1
365,rakhi,RK1843,1
365,rakhi,RK1845,1
365,rakhi,RK1849,1
365,rakhi,RK185,1
365,rakhi,RK1850,1
365,rakhi,RK1852,1
365,rakhi,RK1858,1
365,rakhi,RK1859,1
365,rakhi,RK1861,1
365,rakhi,RK1864,1
365,rakhi,RK1865,1
365,rakhi,RK1870,1
365,rakhi,RK1874,1
365,rakhi,RK1875,1
365,rakhi,RK1882,1
365,rakhi,RK1884,1
365,rakhi,RK1887,1
365,rakhi,RK189,1
365,rakhi,RK1890,1
365,rakhi,RK1891,1
365,rakhi,RK1892,1
365,rakhi,RK1893,1
365,rakhi,RK1894,1
365,rakhi,RK1895,1
365,rakhi,RK1899,1
365,rakhi,RK1900,1
365,rakhi,RK1905,1
365,rakhi,RK1907,1
365,rakhi,RK1909,1
365,rakhi,RK1910,1
365,rakhi,RK1912,1
365,rakhi,RK1914,1
365,rakhi,RK1915,1
365,rakhi,RK1916,1
365,rakhi,RK1917,1
365,rakhi,RK1919,1
365,rakhi,RK1920,1
365,rakhi,RK1921,1
365,rakhi,RK1922,1
365,rakhi,RK1923,1
365,rakhi,RK1925,1
365,rakhi,RK1926,1
365,rakhi,RK1927,1
365,rakhi,RK1928,1
365,rakhi,RK1933,1
365,rakhi,RK1940,1
365,rakhi,RK1945,1
365,rakhi,RK1947,1
365,rakhi,RK1949,1
365,rakhi,RK1950,1
365,rakhi,RK1954,1
365,rakhi,RK1957,1
365,rakhi,RK1958,1
365,rakhi,RK196,1
365,rakhi,RK1966,1
365,rakhi,RK1976,1
365,rakhi,RK1978,1
365,rakhi,RK1979,1
365,rakhi,RK1981,1
365,rakhi,RK1982,1
365,rakhi,RK1983,1
365,rakhi,RK1989,1
365,rakhi,RK1992,1
365,rakhi,RK1995,1
365,rakhi,RK1997,1
365,rakhi,RK1998,1
365,rakhi,RK2003,1
365,rakhi,RK2004,1
365,rakhi,RK2006,1
365,rakhi,RK201,1
365,rakhi,RK2011,1
365,rakhi,RK2020,1
365,rakhi,RK2021,1
365,rakhi,RK2022,1
365,rakhi,RK2023,1
365,rakhi,RK2031,1
365,rakhi,RK2031_2,1
365,rakhi,RK2033,1
365,rakhi,RK2035,1
365,rakhi,RK2041,1
365,rakhi,RK2041_2,1
365,rakhi,RK2042,1
365,rakhi,RK2043,1
365,rakhi,RK2045,1
365,rakhi,RK2046,1
365,rakhi,RK2047,1
365,rakhi,RK2052,1
365,rakhi,RK2053,1
365,rakhi,RK2059,1
365,rakhi,RK2074,1
365,rakhi,RK2098,1
365,rakhi,RK2107,1
365,rakhi,RK227,1
365,rakhi,RK229,1
365,rakhi,RK234,1
365,rakhi,RK236,1
365,rakhi,RK237,1
365,rakhi,RK238,1
365,rakhi,RK240,1
365,rakhi,RK241,1
365,rakhi,RK248,1
365,rakhi,RK250,1
365,rakhi,RK264,1
365,rakhi,RK271,1
365,rakhi,RK272,1
365,rakhi,RK273,1
365,rakhi,RK276,1
365,rakhi,RK279,1
365,rakhi,RK283,1
365,rakhi,RK290,1
365,rakhi,RK298,1
365,rakhi,RK303,1
365,rakhi,RK304,1
365,rakhi,RK345,1
365,rakhi,RK350,1
365,rakhi,RK351,1
365,rakhi,RK353,1
365,rakhi,RK354,1
365,rakhi,RK355,1
365,rakhi,RK357,1
365,rakhi,RK361,1
365,rakhi,RK367,1
365,rakhi,RK368,1
365,rakhi,RK369,1
365,rakhi,RK371,1
365,rakhi,RK372,1
365,rakhi,RK374,1
365,rakhi,RK380,1
365,rakhi,RK381,1
365,rakhi,RK396,1
365,rakhi,RK398,1
365,rakhi,RK409,1
365,rakhi,RK410,1
365,rakhi,RK412,1
365,rakhi,RK433,1
365,rakhi,RK434,1
365,rakhi,RK437,1
365,rakhi,RK438,1
365,rakhi,RK441,1
365,rakhi,RK455,1
365,rakhi,RK457,1
365,rakhi,RK464,1
365,rakhi,RK466,1
365,rakhi,RK468,1
365,rakhi,RK474,1
365,rakhi,RK48,1
365,rakhi,RK484,1
365,rakhi,RK488,1
365,rakhi,RK492,1
365,rakhi,RK493,1
365,rakhi,RK499,1
365,rakhi,RK513,1
365,rakhi,RK516,1
365,rakhi,RK517,1
365,rakhi,RK526,1
365,rakhi,RK53,1
365,rakhi,RK539,1
365,rakhi,RK55,1
365,rakhi,RK550,1
365,rakhi,RK552,1
365,rakhi,RK554,1
365,rakhi,RK57,1
365,rakhi,RK582,1
365,rakhi,RK585,1
365,rakhi,RK589,1
365,rakhi,RK60,1
365,rakhi,RK61,1
365,rakhi,RK613,1
365,rakhi,RK617,1
365,rakhi,RK620,1
365,rakhi,RK63,1
365,rakhi,RK639,1
365,rakhi,RK643,1
365,rakhi,RK645,1
365,rakhi,RK648,1
365,rakhi,RK653,1
365,rakhi,RK663,1
365,rakhi,RK664,1
365,rakhi,RK665,1
365,rakhi,RK67,1
365,rakhi,RK671,1
365,rakhi,RK673,1
365,rakhi,RK680,1
365,rakhi,RK69,1
365,rakhi,RK70,1
365,rakhi,RK715,1
365,rakhi,RK719,1
365,rakhi,RK72,1
365,rakhi,RK722,1
365,rakhi,RK73,1
365,rakhi,RK733,1
365,rakhi,RK737,1
365,rakhi,RK75,1
365,rakhi,RK757,1
365,rakhi,RK766,1
365,rakhi,RK767,1
365,rakhi,RK77,1
365,rakhi,RK771,1
365,rakhi,RK773,1
365,rakhi,RK79,1
365,rakhi,RK796,1
365,rakhi,RK80,1
365,rakhi,RK808,1
365,rakhi,RK81,1
365,rakhi,RK819,1
365,rakhi,RK828,1
365,rakhi,RK83,1
365,rakhi,RK832,1
365,rakhi,RK833,1
365,rakhi,RK834,1
365,rakhi,RK835,1
365,rakhi,RK838,1
365,rakhi,RK840,1
365,rakhi,RK846,1
365,rakhi,RK848,1
365,rakhi,RK849,1
365,rakhi,RK853,1
365,rakhi,RK854,1
365,rakhi,RK859,1
365,rakhi,RK860,1
365,rakhi,RK864,1
365,rakhi,RK865,1
365,rakhi,RK866,1
365,rakhi,RK869,1
365,rakhi,RK874,1
365,rakhi,RK887,1
365,rakhi,RK887_2,1
365,rakhi,RK889,1
365,rakhi,RK891,1
365,rakhi,RK894,1
365,rakhi,RK900,1
365,rakhi,RK905,1
365,rakhi,RK906,1
365,rakhi,RK911,1
365,rakhi,RK913,1
365,rakhi,RK915,1
365,rakhi,RK917,1
365,rakhi,RK918,1
365,rakhi,RK919,1
365,rakhi,RK920,1
365,rakhi,RK921,1
365,rakhi,RK922,1
365,rakhi,RK923,1
365,rakhi,RK924,1
365,rakhi,RK925,1
365,rakhi,RK926,1
365,rakhi,RK927,1
365,rakhi,RK928,1
365,rakhi,RK929,1
365,rakhi,RK930,1
365,rakhi,RK931,1
365,rakhi,RK932,1
365,rakhi,RK933,1
365,rakhi,RK934,1
365,rakhi,RK935,1
365,rakhi,RK936,1
365,rakhi,RK937,1
365,rakhi,RK938,1
365,rakhi,RK939,1
365,rakhi,RK940,1
365,rakhi,RK941,1
365,rakhi,RK948,1
365,rakhi,RK951,1
365,rakhi,RK954,1
365,rakhi,RK955,1
365,rakhi,RK956,1
365,rakhi,RK957,1
365,rakhi,RK958,1
365,rakhi,RK960,1
365,rakhi,RK961,1
365,rakhi,RK965,1
365,rakhi,RK966,1
365,rakhi,RK968,1
365,rakhi,RK970,1
365,rakhi,RK973,1
365,rakhi,RK978,1
365,rakhi,RK979,1
365,rakhi,RK980,1
365,rakhi,RK981,1
365,rakhi,RK982,1
365,rakhi,RK983,1
365,rakhi,RK985,1
365,rakhi,RK987,1
365,rakhi,RK989,1
365,rakhi,RK991,1
365,rakhi,RK993,1
365,rakhi,RK994,1
365,rakhi,RK995,1
365,rakhi,RK999,1
366,rakhi,RK1,1
366,rakhi,RK1000,1
366,rakhi,RK1001,1
366,rakhi,RK1003,1
366,rakhi,RK1004,1
366,rakhi,RK1005,1
366,rakhi,RK1012,1
366,rakhi,RK1013,1
366,rakhi,RK1015,1
366,rakhi,RK1017,1
366,rakhi,RK1019,1
366,rakhi,RK1022,1
366,rakhi,RK1023,1
366,rakhi,RK1025,1
366,rakhi,RK1026,1
366,rakhi,RK1027,1
366,rakhi,RK1040,1
366,rakhi,RK1050,1
366,rakhi,RK1050_2,1
366,rakhi,RK1061,1
366,rakhi,RK1061_2,1
366,rakhi,RK1066,1
366,rakhi,RK1078,1
366,rakhi,RK1079,1
366,rakhi,RK1083,1
366,rakhi,RK1084,1
366,rakhi,RK1085,1
366,rakhi,RK110,1
366,rakhi,RK1104,1
366,rakhi,RK111,1
366,rakhi,RK1119,1
366,rakhi,RK1126,1
366,rakhi,RK1127,1
366,rakhi,RK1128,1
366,rakhi,RK1135,1
366,rakhi,RK1136,1
366,rakhi,RK1137,1
366,rakhi,RK1139,1
366,rakhi,RK1141,1
366,rakhi,RK1142,1
366,rakhi,RK1143,1
366,rakhi,RK1148,1
366,rakhi,RK1150,1
366,rakhi,RK1161,1
366,rakhi,RK1162,1
366,rakhi,RK1163,1
366,rakhi,RK1164,1
366,rakhi,RK1167,1
366,rakhi,RK1168,1
366,rakhi,RK1170,1
366,rakhi,RK1171,1
366,rakhi,RK1172,1
366,rakhi,RK1173,1
366,rakhi,RK1174,1
366,rakhi,RK1184,1
366,rakhi,RK1190,1
366,rakhi,RK1191,1
366,rakhi,RK1202,1
366,rakhi,RK1203,1
366,rakhi,RK1204,1
366,rakhi,RK1207,1
366,rakhi,RK1208,1
366,rakhi,RK1210,1
366,rakhi,RK1211,1
366,rakhi,RK1212,1
366,rakhi,RK1213,1
366,rakhi,RK1214,1
366,rakhi,RK1215,1
366,rakhi,RK1216,1
366,rakhi,RK1217,1
366,rakhi,RK1218,1
366,rakhi,RK1219,1
366,rakhi,RK1220,1
366,rakhi,RK1221,1
366,rakhi,RK1223,1
366,rakhi,RK1224,1
366,rakhi,RK1225,1
366,rakhi,RK1226,1
366,rakhi,RK1227,1
366,rakhi,RK1228,1
366,rakhi,RK1230,1
366,rakhi,RK1231,1
366,rakhi,RK1236,1
366,rakhi,RK1237,1
366,rakhi,RK1238,1
366,rakhi,RK1239,1
366,rakhi,RK1240,1
366,rakhi,RK1241,1
366,rakhi,RK1244,1
366,rakhi,RK1247,1
366,rakhi,RK1249,1
366,rakhi,RK1251,1
366,rakhi,RK1252,1
366,rakhi,RK1255,1
366,rakhi,RK1256,1
366,rakhi,RK1257,1
366,rakhi,RK1258,1
366,rakhi,RK1259,1
366,rakhi,RK1261,1
366,rakhi,RK1263,1
366,rakhi,RK1264,1
366,rakhi,RK1265,1
366,rakhi,RK1266,1
366,rakhi,RK1267,1
366,rakhi,RK1268,1
366,rakhi,RK1271,1
366,rakhi,RK1274,1
366,rakhi,RK1275,1
366,rakhi,RK1278,1
366,rakhi,RK1279,1
366,rakhi,RK1280,1
366,rakhi,RK1281,1
366,rakhi,RK1286,1
366,rakhi,RK1287,1
366,rakhi,RK1290,1
366,rakhi,RK130,1
366,rakhi,RK1309,1
366,rakhi,RK131,1
366,rakhi,RK1319,1
366,rakhi,RK1340,1
366,rakhi,RK1341,1
366,rakhi,RK1345,1
366,rakhi,RK1347,1
366,rakhi,RK1348,1
366,rakhi,RK1349,1
366,rakhi,RK1351,1
366,rakhi,RK1354,1
366,rakhi,RK1355,1
366,rakhi,RK1356,1
366,rakhi,RK1360,1
366,rakhi,RK1366,1
366,rakhi,RK1382,1
366,rakhi,RK1389,1
366,rakhi,RK14,1
366,rakhi,RK1402,1
366,rakhi,RK1405,1
366,rakhi,RK146,1
366,rakhi,RK1597,1
366,rakhi,RK1600,1
366,rakhi,RK1601,1
366,rakhi,RK1608,1
366,rakhi,RK1609,1
366,rakhi,RK1616,1
366,rakhi,RK1618,1
366,rakhi,RK1619,1
366,rakhi,RK1621,1
366,rakhi,RK1622,1
366,rakhi,RK1625,1
366,rakhi,RK1634,1
366,rakhi,RK1636,1
366,rakhi,RK1639,1
366,rakhi,RK1639_2,1
366,rakhi,RK1639_3,1
366,rakhi,RK1642,1
366,rakhi,RK1643,1
366,rakhi,RK1644,1
366,rakhi,RK1646,1
366,rakhi,RK1649,1
366,rakhi,RK1653,1
366,rakhi,RK1655,1
366,rakhi,RK1657,1
366,rakhi,RK1663,1
366,rakhi,RK1663_2,1
366,rakhi,RK1664,1
366,rakhi,RK1669,1
366,rakhi,RK1670,1
366,rakhi,RK1672,1
366,rakhi,RK1673,1
366,rakhi,RK1676,1
366,rakhi,RK1682,1
366,rakhi,RK169,1
366,rakhi,RK1692,1
366,rakhi,RK1693,1
366,rakhi,RK1694,1
366,rakhi,RK1695,1
366,rakhi,RK1699,1
366,rakhi,RK1703,1
366,rakhi,RK1704,1
366,rakhi,RK1705,1
366,rakhi,RK1706,1
366,rakhi,RK1711,1
366,rakhi,RK1712,1
366,rakhi,RK1713,1
366,rakhi,RK1714,1
366,rakhi,RK1716,1
366,rakhi,RK1717,1
366,rakhi,RK1718,1
366,rakhi,RK1719,1
366,rakhi,RK1720,1
366,rakhi,RK1723,1
366,rakhi,RK1724,1
366,rakhi,RK1725,1
366,rakhi,RK1740,1
366,rakhi,RK1741,1
366,rakhi,RK1742,1
366,rakhi,RK1747,1
366,rakhi,RK1750,1
366,rakhi,RK1752,1
366,rakhi,RK1756,1
366,rakhi,RK1757,1
366,rakhi,RK1758,1
366,rakhi,RK1759,1
366,rakhi,RK176,1
366,rakhi,RK1761,1
366,rakhi,RK1762,1
366,rakhi,RK1764,1
366,rakhi,RK1766,1
366,rakhi,RK1770,1
366,rakhi,RK1774,1
366,rakhi,RK1775,1
366,rakhi,RK1778,1
366,rakhi,RK1780,1
366,rakhi,RK1781,1
366,rakhi,RK1782,1
366,rakhi,RK1783,1
366,rakhi,RK1784,1
366,rakhi,RK1785,1
366,rakhi,RK1786,1
366,rakhi,RK1787,1
366,rakhi,RK1788,1
366,rakhi,RK1789,1
366,rakhi,RK1792,1
366,rakhi,RK1793,1
366,rakhi,RK1793_2,1
366,rakhi,RK1795,1
366,rakhi,RK1796,1
366,rakhi,RK1797,1
366,rakhi,RK1799,1
366,rakhi,RK1800,1
366,rakhi,RK1802,1
366,rakhi,RK1803,1
366,rakhi,RK1804,1
366,rakhi,RK1805,1
366,rakhi,RK1806,1
366,rakhi,RK1807,1
366,rakhi,RK181,1
366,rakhi,RK1814,1
366,rakhi,RK1815,1
366,rakhi,RK1816,1
366,rakhi,RK1819,1
366,rakhi,RK1820,1
366,rakhi,RK1821,1
366,rakhi,RK1823,1
366,rakhi,RK1825,1
366,rakhi,RK1826,1
366,rakhi,RK1841,1
366,rakhi,RK1843,1
366,rakhi,RK1845,1
366,rakhi,RK1849,1
366,rakhi,RK185,1
366,rakhi,RK1850,1
366,rakhi,RK1852,1
366,rakhi,RK1858,1
366,rakhi,RK1859,1
366,rakhi,RK1861,1
366,rakhi,RK1864,1
366,rakhi,RK1865,1
366,rakhi,RK1870,1
366,rakhi,RK1874,1
366,rakhi,RK1875,1
366,rakhi,RK1882,1
366,rakhi,RK1884,1
366,rakhi,RK1887,1
366,rakhi,RK189,1
366,rakhi,RK1890,1
366,rakhi,RK1891,1
366,rakhi,RK1892,1
366,rakhi,RK1893,1
366,rakhi,RK1894,1
366,rakhi,RK1895,1
366,rakhi,RK1899,1
366,rakhi,RK1900,1
366,rakhi,RK1905,1
366,rakhi,RK1907,1
366,rakhi,RK1909,1
366,rakhi,RK1910,1
366,rakhi,RK1912,1
366,rakhi,RK1914,1
366,rakhi,RK1915,1
366,rakhi,RK1916,1
366,rakhi,RK1917,1
366,rakhi,RK1919,1
366,rakhi,RK1920,1
366,rakhi,RK1921,1
366,rakhi,RK1922,1
366,rakhi,RK1923,1
366,rakhi,RK1925,1
366,rakhi,RK1926,1
366,rakhi,RK1927,1
366,rakhi,RK1928,1
366,rakhi,RK1933,1
366,rakhi,RK1940,1
366,rakhi,RK1945,1
366,rakhi,RK1947,1
366,rakhi,RK1949,1
366,rakhi,RK1950,1
366,rakhi,RK1954,1
366,rakhi,RK1957,1
366,rakhi,RK1958,1
366,rakhi,RK196,1
366,rakhi,RK1966,1
366,rakhi,RK1976,1
366,rakhi,RK1978,1
366,rakhi,RK1979,1
366,rakhi,RK1981,1
366,rakhi,RK1982,1
366,rakhi,RK1983,1
366,rakhi,RK1989,1
366,rakhi,RK1992,1
366,rakhi,RK1995,1
366,rakhi,RK1997,1
366,rakhi,RK1998,1
366,rakhi,RK2003,1
366,rakhi,RK2004,1
366,rakhi,RK2006,1
366,rakhi,RK201,1
366,rakhi,RK2011,1
366,rakhi,RK2020,1
366,rakhi,RK2021,1
366,rakhi,RK2022,1
366,rakhi,RK2023,1
366,rakhi,RK2031,1
366,rakhi,RK2031_2,1
366,rakhi,RK2033,1
366,rakhi,RK2035,1
366,rakhi,RK2041,1
366,rakhi,RK2041_2,1
366,rakhi,RK2042,1
366,rakhi,RK2043,1
366,rakhi,RK2045,1
366,rakhi,RK2046,1
366,rakhi,RK2047,1
366,rakhi,RK2052,1
366,rakhi,RK2053,1
366,rakhi,RK2059,1
366,rakhi,RK2074,1
366,rakhi,RK2098,1
366,rakhi,RK2107,1
366,rakhi,RK227,1
366,rakhi,RK229,1
366,rakhi,RK234,1
366,rakhi,RK236,1
366,rakhi,RK237,1
366,rakhi,RK238,1
366,rakhi,RK240,1
366,rakhi,RK241,1
366,rakhi,RK248,1
366,rakhi,RK250,1
366,rakhi,RK264,1
366,rakhi,RK271,1
366,rakhi,RK272,1
366,rakhi,RK273,1
366,rakhi,RK276,1
366,rakhi,RK279,1
366,rakhi,RK283,1
366,rakhi,RK290,1
366,rakhi,RK298,1
366,rakhi,RK303,1
366,rakhi,RK304,1
366,rakhi,RK345,1
366,rakhi,RK350,1
366,rakhi,RK351,1
366,rakhi,RK353,1
366,rakhi,RK354,1
366,rakhi,RK355,1
366,rakhi,RK357,1
366,rakhi,RK361,1
366,rakhi,RK367,1
366,rakhi,RK368,1
366,rakhi,RK369,1
366,rakhi,RK371,1
366,rakhi,RK372,1
366,rakhi,RK374,1
366,rakhi,RK380,1
366,rakhi,RK381,1
366,rakhi,RK396,1
366,rakhi,RK398,1
366,rakhi,RK409,1
366,rakhi,RK410,1
366,rakhi,RK412,1
366,rakhi,RK433,1
366,rakhi,RK434,1
366,rakhi,RK437,1
366,rakhi,RK438,1
366,rakhi,RK441,1
366,rakhi,RK455,1
366,rakhi,RK457,1
366,rakhi,RK464,1
366,rakhi,RK466,1
366,rakhi,RK468,1
366,rakhi,RK474,1
366,rakhi,RK48,1
366,rakhi,RK484,1
366,rakhi,RK488,1
366,rakhi,RK492,1
366,rakhi,RK493,1
366,rakhi,RK499,1
366,rakhi,RK513,1
366,rakhi,RK516,1
366,rakhi,RK517,1
366,rakhi,RK526,1
366,rakhi,RK53,1
366,rakhi,RK539,1
366,rakhi,RK55,1
366,rakhi,RK550,1
366,rakhi,RK552,1
366,rakhi,RK554,1
366,rakhi,RK57,1
366,rakhi,RK582,1
366,rakhi,RK585,1
366,rakhi,RK589,1
366,rakhi,RK60,1
366,rakhi,RK61,1
366,rakhi,RK613,1
366,rakhi,RK617,1
366,rakhi,RK620,1
366,rakhi,RK63,1
366,rakhi,RK639,1
366,rakhi,RK643,1
366,rakhi,RK645,1
366,rakhi,RK648,1
366,rakhi,RK653,1
366,rakhi,RK663,1
366,rakhi,RK664,1
366,rakhi,RK665,1
366,rakhi,RK67,1
366,rakhi,RK671,1
366,rakhi,RK673,1
366,rakhi,RK680,1
366,rakhi,RK69,1
366,rakhi,RK70,1
366,rakhi,RK715,1
366,rakhi,RK719,1
366,rakhi,RK72,1
366,rakhi,RK722,1
366,rakhi,RK73,1
366,rakhi,RK733,1
366,rakhi,RK737,1
366,rakhi,RK75,1
366,rakhi,RK757,1
366,rakhi,RK766,1
366,rakhi,RK767,1
366,rakhi,RK77,1
366,rakhi,RK771,1
366,rakhi,RK773,1
366,rakhi,RK79,1
366,rakhi,RK796,1
366,rakhi,RK80,1
366,rakhi,RK808,1
366,rakhi,RK81,1
366,rakhi,RK819,1
366,rakhi,RK828,1
366,rakhi,RK83,1
366,rakhi,RK832,1
366,rakhi,RK833,1
366,rakhi,RK834,1
366,rakhi,RK835,1
366,rakhi,RK838,1
366,rakhi,RK840,1
366,rakhi,RK846,1
366,rakhi,RK848,1
366,rakhi,RK849,1
366,rakhi,RK853,1
366,rakhi,RK854,1
366,rakhi,RK859,1
366,rakhi,RK860,1
366,rakhi,RK864,1
366,rakhi,RK865,1
366,rakhi,RK866,1
366,rakhi,RK869,1
366,rakhi,RK874,1
366,rakhi,RK887,1
366,rakhi,RK887_2,1
366,rakhi,RK889,1
366,rakhi,RK891,1
366,rakhi,RK894,1
366,rakhi,RK900,1
366,rakhi,RK905,1
366,rakhi,RK906,1
366,rakhi,RK911,1
366,rakhi,RK913,1
366,rakhi,RK915,1
366,rakhi,RK917,1
366,rakhi,RK918,1
366,rakhi,RK919,1
366,rakhi,RK920,1
366,rakhi,RK921,1
366,rakhi,RK922,1
366,rakhi,RK923,1
366,rakhi,RK924,1
366,rakhi,RK925,1
366,rakhi,RK926,1
366,rakhi,RK927,1
366,rakhi,RK928,1
366,rakhi,RK929,1
366,rakhi,RK930,1
366,rakhi,RK931,1
366,rakhi,RK932,1
366,rakhi,RK933,1
366,rakhi,RK934,1
366,rakhi,RK935,1
366,rakhi,RK936,1
366,rakhi,RK937,1
366,rakhi,RK938,1
366,rakhi,RK939,1
366,rakhi,RK940,1
366,rakhi,RK941,1
366,rakhi,RK948,1
366,rakhi,RK951,1
366,rakhi,RK954,1
366,rakhi,RK955,1
366,rakhi,RK956,1
366,rakhi,RK957,1
366,rakhi,RK958,1
366,rakhi,RK960,1
366,rakhi,RK961,1
366,rakhi,RK965,1
366,rakhi,RK966,1
366,rakhi,RK968,1
366,rakhi,RK970,1
366,rakhi,RK973,1
366,rakhi,RK978,1
366,rakhi,RK979,1
366,rakhi,RK980,1
366,rakhi,RK981,1
366,rakhi,RK982,1
366,rakhi,RK983,1
366,rakhi,RK985,1
366,rakhi,RK987,1
366,rakhi,RK989,1
366,rakhi,RK991,1
366,rakhi,RK993,1
366,rakhi,RK994,1
366,rakhi,RK995,1
366,rakhi,RK999,1
455,rakhi,RK1,1
455,rakhi,RK1000,1
455,rakhi,RK1001,1
455,rakhi,RK1003,1
455,rakhi,RK1004,1
455,rakhi,RK1005,1
455,rakhi,RK1012,1
455,rakhi,RK1013,1
455,rakhi,RK1015,1
455,rakhi,RK1017,1
455,rakhi,RK1019,1
455,rakhi,RK1022,1
455,rakhi,RK1023,1
455,rakhi,RK1025,1
455,rakhi,RK1026,1
455,rakhi,RK1027,1
455,rakhi,RK1040,1
455,rakhi,RK1050,1
455,rakhi,RK1050_2,1
455,rakhi,RK1061,1
455,rakhi,RK1061_2,1
455,rakhi,RK1066,1
455,rakhi,RK1078,1
455,rakhi,RK1079,1
455,rakhi,RK1083,1
455,rakhi,RK1084,1
455,rakhi,RK1085,1
455,rakhi,RK110,1
455,rakhi,RK1104,1
455,rakhi,RK111,1
455,rakhi,RK1119,1
455,rakhi,RK1126,1
455,rakhi,RK1127,1
455,rakhi,RK1128,1
455,rakhi,RK1135,1
455,rakhi,RK1136,1
455,rakhi,RK1137,1
455,rakhi,RK1139,1
455,rakhi,RK1141,1
455,rakhi,RK1142,1
455,rakhi,RK1143,1
455,rakhi,RK1148,1
455,rakhi,RK1150,1
455,rakhi,RK1161,1
455,rakhi,RK1162,1
455,rakhi,RK1163,1
455,rakhi,RK1164,1
455,rakhi,RK1167,1
455,rakhi,RK1168,1
455,rakhi,RK1170,1
455,rakhi,RK1171,1
455,rakhi,RK1172,1
455,rakhi,RK1173,1
455,rakhi,RK1174,1
455,rakhi,RK1184,1
455,rakhi,RK1190,1
455,rakhi,RK1191,1
455,rakhi,RK1202,1
455,rakhi,RK1203,1
455,rakhi,RK1204,1
455,rakhi,RK1207,1
455,rakhi,RK1208,1
455,rakhi,RK1210,1
455,rakhi,RK1211,1
455,rakhi,RK1212,1
455,rakhi,RK1213,1
455,rakhi,RK1214,1
455,rakhi,RK1215,1
455,rakhi,RK1216,1
455,rakhi,RK1217,1
455,rakhi,RK1218,1
455,rakhi,RK1219,1
455,rakhi,RK1220,1
455,rakhi,RK1221,1
455,rakhi,RK1223,1
455,rakhi,RK1224,1
455,rakhi,RK1225,1
455,rakhi,RK1226,1
455,rakhi,RK1227,1
455,rakhi,RK1228,1
455,rakhi,RK1230,1
455,rakhi,RK1231,1
455,rakhi,RK1236,1
455,rakhi,RK1237,1
455,rakhi,RK1238,1
455,rakhi,RK1239,1
455,rakhi,RK1240,1
455,rakhi,RK1241,1
455,rakhi,RK1244,1
455,rakhi,RK1247,1
455,rakhi,RK1249,1
455,rakhi,RK1251,1
455,rakhi,RK1252,1
455,rakhi,RK1255,1
455,rakhi,RK1256,1
455,rakhi,RK1257,1
455,rakhi,RK1258,1
455,rakhi,RK1259,1
455,rakhi,RK1261,1
455,rakhi,RK1263,1
455,rakhi,RK1264,1
455,rakhi,RK1265,1
455,rakhi,RK1266,1
455,rakhi,RK1267,1
455,rakhi,RK1268,1
455,rakhi,RK1271,1
455,rakhi,RK1274,1
455,rakhi,RK1275,1
455,rakhi,RK1278,1
455,rakhi,RK1279,1
455,rakhi,RK1280,1
455,rakhi,RK1281,1
455,rakhi,RK1286,1
455,rakhi,RK1287,1
455,rakhi,RK1290,1
455,rakhi,RK130,1
455,rakhi,RK1309,1
455,rakhi,RK131,1
455,rakhi,RK1319,1
455,rakhi,RK1340,1
455,rakhi,RK1341,1
455,rakhi,RK1345,1
455,rakhi,RK1347,1
455,rakhi,RK1348,1
455,rakhi,RK1349,1
455,rakhi,RK1351,1
455,rakhi,RK1354,1
455,rakhi,RK1355,1
455,rakhi,RK1356,1
455,rakhi,RK1360,1
455,rakhi,RK1366,1
455,rakhi,RK1382,1
455,rakhi,RK1389,1
455,rakhi,RK14,1
455,rakhi,RK1402,1
455,rakhi,RK1405,1
455,rakhi,RK146,1
455,rakhi,RK1597,1
455,rakhi,RK1600,1
455,rakhi,RK1601,1
455,rakhi,RK1608,1
455,rakhi,RK1609,1
455,rakhi,RK1616,1
455,rakhi,RK1618,1
455,rakhi,RK1619,1
455,rakhi,RK1621,1
455,rakhi,RK1622,1
455,rakhi,RK1625,1
455,rakhi,RK1634,1
455,rakhi,RK1636,1
455,rakhi,RK1639,1
455,rakhi,RK1639_2,1
455,rakhi,RK1639_3,1
455,rakhi,RK1642,1
455,rakhi,RK1643,1
455,rakhi,RK1644,1
455,rakhi,RK1646,1
455,rakhi,RK1649,1
455,rakhi,RK1653,1
455,rakhi,RK1655,1
455,rakhi,RK1657,1
455,rakhi,RK1663,1
455,rakhi,RK1663_2,1
455,rakhi,RK1664,1
455,rakhi,RK1669,1
455,rakhi,RK1670,1
455,rakhi,RK1672,1
455,rakhi,RK1673,1
455,rakhi,RK1676,1
455,rakhi,RK1682,1
455,rakhi,RK169,1
455,rakhi,RK1692,1
455,rakhi,RK1693,1
455,rakhi,RK1694,1
455,rakhi,RK1695,1
455,rakhi,RK1699,1
455,rakhi,RK1703,1
455,rakhi,RK1704,1
455,rakhi,RK1705,1
455,rakhi,RK1706,1
455,rakhi,RK1711,1
455,rakhi,RK1712,1
455,rakhi,RK1713,1
455,rakhi,RK1714,1
455,rakhi,RK1716,1
455,rakhi,RK1717,1
455,rakhi,RK1718,1
455,rakhi,RK1719,1
455,rakhi,RK1720,1
455,rakhi,RK1723,1
455,rakhi,RK1724,1
455,rakhi,RK1725,1
455,rakhi,RK1740,1
455,rakhi,RK1741,1
455,rakhi,RK1742,1
455,rakhi,RK1747,1
455,rakhi,RK1750,1
455,rakhi,RK1752,1
455,rakhi,RK1756,1
455,rakhi,RK1757,1
455,rakhi,RK1758,1
455,rakhi,RK1759,1
455,rakhi,RK176,1
455,rakhi,RK1761,1
455,rakhi,RK1762,1
455,rakhi,RK1764,1
455,rakhi,RK1766,1
455,rakhi,RK1770,1
455,rakhi,RK1774,1
455,rakhi,RK1775,1
455,rakhi,RK1778,1
455,rakhi,RK1780,1
455,rakhi,RK1781,1
455,rakhi,RK1782,1
455,rakhi,RK1783,1
455,rakhi,RK1784,1
455,rakhi,RK1785,1
455,rakhi,RK1786,1
455,rakhi,RK1787,1
455,rakhi,RK1788,1
455,rakhi,RK1789,1
455,rakhi,RK1792,1
455,rakhi,RK1793,1
455,rakhi,RK1793_2,1
455,rakhi,RK1795,1
455,rakhi,RK1796,1
455,rakhi,RK1797,1
455,rakhi,RK1799,1
455,rakhi,RK1800,1
455,rakhi,RK1802,1
455,rakhi,RK1803,1
455,rakhi,RK1804,1
455,rakhi,RK1805,1
455,rakhi,RK1806,1
455,rakhi,RK1807,1
455,rakhi,RK181,1
455,rakhi,RK1814,1
455,rakhi,RK1815,1
455,rakhi,RK1816,1
455,rakhi,RK1819,1
455,rakhi,RK1820,1
455,rakhi,RK1821,1
455,rakhi,RK1823,1
455,rakhi,RK1825,1
455,rakhi,RK1826,1
455,rakhi,RK1841,1
455,rakhi,RK1843,1
455,rakhi,RK1845,1
455,rakhi,RK1849,1
455,rakhi,RK185,1
455,rakhi,RK1850,1
455,rakhi,RK1852,1
455,rakhi,RK1858,1
455,rakhi,RK1859,1
455,rakhi,RK1861,1
455,rakhi,RK1864,1
455,rakhi,RK1865,1
455,rakhi,RK1870,1
455,rakhi,RK1874,1
455,rakhi,RK1875,1
455,rakhi,RK1882,1
455,rakhi,RK1884,1
455,rakhi,RK1887,1
455,rakhi,RK189,1
455,rakhi,RK1890,1
455,rakhi,RK1891,1
455,rakhi,RK1892,1
455,rakhi,RK1893,1
455,rakhi,RK1894,1
455,rakhi,RK1895,1
455,rakhi,RK1899,1
455,rakhi,RK1900,1
455,rakhi,RK1905,1
455,rakhi,RK1907,1
455,rakhi,RK1909,1
455,rakhi,RK1910,1
455,rakhi,RK1912,1
455,rakhi,RK1914,1
455,rakhi,RK1915,1
455,rakhi,RK1916,1
455,rakhi,RK1917,1
455,rakhi,RK1919,1
455,rakhi,RK1920,1
455,rakhi,RK1921,1
455,rakhi,RK1922,1
455,rakhi,RK1923,1
455,rakhi,RK1925,1
455,rakhi,RK1926,1
455,rakhi,RK1927,1
455,rakhi,RK1928,1
455,rakhi,RK1933,1
455,rakhi,RK1940,1
455,rakhi,RK1945,1
455,rakhi,RK1947,1
455,rakhi,RK1949,1
455,rakhi,RK1950,1
455,rakhi,RK1954,1
455,rakhi,RK1957,1
455,rakhi,RK1958,1
455,rakhi,RK196,1
455,rakhi,RK1966,1
455,rakhi,RK1976,1
455,rakhi,RK1978,1
455,rakhi,RK1979,1
455,rakhi,RK1981,1
455,rakhi,RK1982,1
455,rakhi,RK1983,1
455,rakhi,RK1989,1
455,rakhi,RK1992,1
455,rakhi,RK1995,1
455,rakhi,RK1997,1
455,rakhi,RK1998,1
455,rakhi,RK2003,1
455,rakhi,RK2004,1
455,rakhi,RK2006,1
455,rakhi,RK201,1
455,rakhi,RK2011,1
455,rakhi,RK2020,1
455,rakhi,RK2021,1
455,rakhi,RK2022,1
455,rakhi,RK2023,1
455,rakhi,RK2031,1
455,rakhi,RK2031_2,1
455,rakhi,RK2033,1
455,rakhi,RK2035,1
455,rakhi,RK2041,1
455,rakhi,RK2041_2,1
455,rakhi,RK2042,1
455,rakhi,RK2043,1
455,rakhi,RK2045,1
455,rakhi,RK2046,1
455,rakhi,RK2047,1
455,rakhi,RK2052,1
455,rakhi,RK2053,1
455,rakhi,RK2059,1
455,rakhi,RK2074,1
455,rakhi,RK2098,1
455,rakhi,RK2107,1
455,rakhi,RK227,1
455,rakhi,RK229,1
455,rakhi,RK234,1
455,rakhi,RK236,1
455,rakhi,RK237,1
455,rakhi,RK238,1
455,rakhi,RK240,1
455,rakhi,RK241,1
455,rakhi,RK248,1
455,rakhi,RK250,1
455,rakhi,RK264,1
455,rakhi,RK271,1
455,rakhi,RK272,1
455,rakhi,RK273,1
455,rakhi,RK276,1
455,rakhi,RK279,1
455,rakhi,RK283,1
455,rakhi,RK290,1
455,rakhi,RK298,1
455,rakhi,RK303,1
455,rakhi,RK304,1
455,rakhi,RK345,1
455,rakhi,RK350,1
455,rakhi,RK351,1
455,rakhi,RK353,1
455,rakhi,RK354,1
455,rakhi,RK355,1
455,rakhi,RK357,1
455,rakhi,RK361,1
455,rakhi,RK367,1
455,rakhi,RK368,1
455,rakhi,RK369,1
455,rakhi,RK371,1
455,rakhi,RK372,1
455,rakhi,RK374,1
455,rakhi,RK380,1
455,rakhi,RK381,1
455,rakhi,RK396,1
455,rakhi,RK398,1
455,rakhi,RK409,1
455,rakhi,RK410,1
455,rakhi,RK412,1
455,rakhi,RK433,1
455,rakhi,RK434,1
455,rakhi,RK437,1
455,rakhi,RK438,1
455,rakhi,RK441,1
455,rakhi,RK455,1
455,rakhi,RK457,1
455,rakhi,RK464,1
455,rakhi,RK466,1
455,rakhi,RK468,1
455,rakhi,RK474,1
455,rakhi,RK48,1
455,rakhi,RK484,1
455,rakhi,RK488,1
455,rakhi,RK492,1
455,rakhi,RK493,1
455,rakhi,RK499,1
455,rakhi,RK513,1
455,rakhi,RK516,1
455,rakhi,RK517,1
455,rakhi,RK526,1
455,rakhi,RK53,1
455,rakhi,RK539,1
455,rakhi,RK55,1
455,rakhi,RK550,1
455,rakhi,RK552,1
455,rakhi,RK554,1
455,rakhi,RK57,1
455,rakhi,RK582,1
455,rakhi,RK585,1
455,rakhi,RK589,1
455,rakhi,RK60,1
455,rakhi,RK61,1
455,rakhi,RK613,1
455,rakhi,RK617,1
455,rakhi,RK620,1
455,rakhi,RK63,1
455,rakhi,RK639,1
455,rakhi,RK643,1
455,rakhi,RK645,1
455,rakhi,RK648,1
455,rakhi,RK653,1
455,rakhi,RK663,1
455,rakhi,RK664,1
455,rakhi,RK665,1
455,rakhi,RK67,1
455,rakhi,RK671,1
455,rakhi,RK673,1
455,rakhi,RK680,1
455,rakhi,RK69,1
455,rakhi,RK70,1
455,rakhi,RK715,1
455,rakhi,RK719,1
455,rakhi,RK72,1
455,rakhi,RK722,1
455,rakhi,RK73,1
455,rakhi,RK733,1
455,rakhi,RK737,1
455,rakhi,RK75,1
455,rakhi,RK757,1
455,rakhi,RK766,1
455,rakhi,RK767,1
455,rakhi,RK77,1
455,rakhi,RK771,1
455,rakhi,RK773,1
455,rakhi,RK79,1
455,rakhi,RK796,1
455,rakhi,RK80,1
455,rakhi,RK808,1
455,rakhi,RK81,1
455,rakhi,RK819,1
455,rakhi,RK828,1
455,rakhi,RK83,1
455,rakhi,RK832,1
455,rakhi,RK833,1
455,rakhi,RK834,1
455,rakhi,RK835,1
455,rakhi,RK838,1
455,rakhi,RK840,1
455,rakhi,RK846,1
455,rakhi,RK848,1
455,rakhi,RK849,1
455,rakhi,RK853,1
455,rakhi,RK854,1
455,rakhi,RK859,1
455,rakhi,RK860,1
455,rakhi,RK864,1
455,rakhi,RK865,1
455,rakhi,RK866,1
455,rakhi,RK869,1
455,rakhi,RK874,1
455,rakhi,RK887,1
455,rakhi,RK887_2,1
455,rakhi,RK889,1
455,rakhi,RK891,1
455,rakhi,RK894,1
455,rakhi,RK900,1
455,rakhi,RK905,1
455,rakhi,RK906,1
455,rakhi,RK911,1
455,rakhi,RK913,1
455,rakhi,RK915,1
455,rakhi,RK917,1
455,rakhi,RK918,1
455,rakhi,RK919,1
455,rakhi,RK920,1
455,rakhi,RK921,1
455,rakhi,RK922,1
455,rakhi,RK923,1
455,rakhi,RK924,1
455,rakhi,RK925,1
455,rakhi,RK926,1
455,rakhi,RK927,1
455,rakhi,RK928,1
455,rakhi,RK929,1
455,rakhi,RK930,1
455,rakhi,RK931,1
455,rakhi,RK932,1
455,rakhi,RK933,1
455,rakhi,RK934,1
455,rakhi,RK935,1
455,rakhi,RK936,1
455,rakhi,RK937,1
455,rakhi,RK938,1
455,rakhi,RK939,1
455,rakhi,RK940,1
455,rakhi,RK941,1
455,rakhi,RK948,1
455,rakhi,RK951,1
455,rakhi,RK954,1
455,rakhi,RK955,1
455,rakhi,RK956,1
455,rakhi,RK957,1
455,rakhi,RK958,1
455,rakhi,RK960,1
455,rakhi,RK961,1
455,rakhi,RK965,1
455,rakhi,RK966,1
455,rakhi,RK968,1
455,rakhi,RK970,1
455,rakhi,RK973,1
455,rakhi,RK978,1
455,rakhi,RK979,1
455,rakhi,RK980,1
455,rakhi,RK981,1
455,rakhi,RK982,1
455,rakhi,RK983,1
455,rakhi,RK985,1
455,rakhi,RK987,1
455,rakhi,RK989,1
455,rakhi,RK991,1
455,rakhi,RK993,1
455,rakhi,RK994,1
455,rakhi,RK995,1
455,rakhi,RK999,1
456,rakhi,RK1,1
456,rakhi,RK1000,1
456,rakhi,RK1001,1
456,rakhi,RK1003,1
456,rakhi,RK1004,1
456,rakhi,RK1005,1
456,rakhi,RK1012,1
456,rakhi,RK1013,1
456,rakhi,RK1015,1
456,rakhi,RK1017,1
456,rakhi,RK1019,1
456,rakhi,RK1022,1
456,rakhi,RK1023,1
456,rakhi,RK1025,1
456,rakhi,RK1026,1
456,rakhi,RK1027,1
456,rakhi,RK1040,1
456,rakhi,RK1050,1
456,rakhi,RK1050_2,1
456,rakhi,RK1061,1
456,rakhi,RK1061_2,1
456,rakhi,RK1066,1
456,rakhi,RK1078,1
456,rakhi,RK1079,1
456,rakhi,RK1083,1
456,rakhi,RK1084,1
456,rakhi,RK1085,1
456,rakhi,RK110,1
456,rakhi,RK1104,1
456,rakhi,RK111,1
456,rakhi,RK1119,1
456,rakhi,RK1126,1
456,rakhi,RK1127,1
456,rakhi,RK1128,1
456,rakhi,RK1135,1
456,rakhi,RK1136,1
456,rakhi,RK1137,1
456,rakhi,RK1139,1
456,rakhi,RK1141,1
456,rakhi,RK1142,1
456,rakhi,RK1143,1
456,rakhi,RK1148,1
456,rakhi,RK1150,1
456,rakhi,RK1161,1
456,rakhi,RK1162,1
456,rakhi,RK1163,1
456,rakhi,RK1164,1
456,rakhi,RK1167,1
456,rakhi,RK1168,1
456,rakhi,RK1170,1
456,rakhi,RK1171,1
456,rakhi,RK1172,1
456,rakhi,RK1173,1
456,rakhi,RK1174,1
456,rakhi,RK1184,1
456,rakhi,RK1190,1
456,rakhi,RK1191,1
456,rakhi,RK1202,1
456,rakhi,RK1203,1
456,rakhi,RK1204,1
456,rakhi,RK1207,1
456,rakhi,RK1208,1
456,rakhi,RK1210,1
456,rakhi,RK1211,1
456,rakhi,RK1212,1
456,rakhi,RK1213,1
456,rakhi,RK1214,1
456,rakhi,RK1215,1
456,rakhi,RK1216,1
456,rakhi,RK1217,1
456,rakhi,RK1218,1
456,rakhi,RK1219,1
456,rakhi,RK1220,1
456,rakhi,RK1221,1
456,rakhi,RK1223,1
456,rakhi,RK1224,1
456,rakhi,RK1225,1
456,rakhi,RK1226,1
456,rakhi,RK1227,1
456,rakhi,RK1228,1
456,rakhi,RK1230,1
456,rakhi,RK1231,1
456,rakhi,RK1236,1
456,rakhi,RK1237,1
456,rakhi,RK1238,1
456,rakhi,RK1239,1
456,rakhi,RK1240,1
456,rakhi,RK1241,1
456,rakhi,RK1244,1
456,rakhi,RK1247,1
456,rakhi,RK1249,1
456,rakhi,RK1251,1
456,rakhi,RK1252,1
456,rakhi,RK1255,1
456,rakhi,RK1256,1
456,rakhi,RK1257,1
456,rakhi,RK1258,1
456,rakhi,RK1259,1
456,rakhi,RK1261,1
456,rakhi,RK1263,1
456,rakhi,RK1264,1
456,rakhi,RK1265,1
456,rakhi,RK1266,1
456,rakhi,RK1267,1
456,rakhi,RK1268,1
456,rakhi,RK1271,1
456,rakhi,RK1274,1
456,rakhi,RK1275,1
456,rakhi,RK1278,1
456,rakhi,RK1279,1
456,rakhi,RK1280,1
456,rakhi,RK1281,1
456,rakhi,RK1286,1
456,rakhi,RK1287,1
456,rakhi,RK1290,1
456,rakhi,RK130,1
456,rakhi,RK1309,1
456,rakhi,RK131,1
456,rakhi,RK1319,1
456,rakhi,RK1340,1
456,rakhi,RK1341,1
456,rakhi,RK1345,1
456,rakhi,RK1347,1
456,rakhi,RK1348,1
456,rakhi,RK1349,1
456,rakhi,RK1351,1
456,rakhi,RK1354,1
456,rakhi,RK1355,1
456,rakhi,RK1356,1
456,rakhi,RK1360,1
456,rakhi,RK1366,1
456,rakhi,RK1382,1
456,rakhi,RK1389,1
456,rakhi,RK14,1
456,rakhi,RK1402,1
456,rakhi,RK1405,1
456,rakhi,RK146,1
456,rakhi,RK1597,1
456,rakhi,RK1600,1
456,rakhi,RK1601,1
456,rakhi,RK1608,1
456,rakhi,RK1609,1
456,rakhi,RK1616,1
456,rakhi,RK1618,1
456,rakhi,RK1619,1
456,rakhi,RK1621,1
456,rakhi,RK1622,1
456,rakhi,RK1625,1
456,rakhi,RK1634,1
456,rakhi,RK1636,1
456,rakhi,RK1639,1
456,rakhi,RK1639_2,1
456,rakhi,RK1639_3,1
456,rakhi,RK1642,1
456,rakhi,RK1643,1
456,rakhi,RK1644,1
456,rakhi,RK1646,1
456,rakhi,RK1649,1
456,rakhi,RK1653,1
456,rakhi,RK1655,1
456,rakhi,RK1657,1
456,rakhi,RK1663,1
456,rakhi,RK1663_2,1
456,rakhi,RK1664,1
456,rakhi,RK1669,1
456,rakhi,RK1670,1
456,rakhi,RK1672,1
456,rakhi,RK1673,1
456,rakhi,RK1676,1
456,rakhi,RK1682,1
456,rakhi,RK169,1
456,rakhi,RK1692,1
456,rakhi,RK1693,1
456,rakhi,RK1694,1
456,rakhi,RK1695,1
456,rakhi,RK1699,1
456,rakhi,RK1703,1
456,rakhi,RK1704,1
456,rakhi,RK1705,1
456,rakhi,RK1706,1
456,rakhi,RK1711,1
456,rakhi,RK1712,1
456,rakhi,RK1713,1
456,rakhi,RK1714,1
456,rakhi,RK1716,1
456,rakhi,RK1717,1
456,rakhi,RK1718,1
456,rakhi,RK1719,1
456,rakhi,RK1720,1
456,rakhi,RK1723,1
456,rakhi,RK1724,1
456,rakhi,RK1725,1
456,rakhi,RK1740,1
456,rakhi,RK1741,1
456,rakhi,RK1742,1
456,rakhi,RK1747,1
456,rakhi,RK1750,1
456,rakhi,RK1752,1
456,rakhi,RK1756,1
456,rakhi,RK1757,1
456,rakhi,RK1758,1
456,rakhi,RK1759,1
456,rakhi,RK176,1
456,rakhi,RK1761,1
456,rakhi,RK1762,1
456,rakhi,RK1764,1
456,rakhi,RK1766,1
456,rakhi,RK1770,1
456,rakhi,RK1774,1
456,rakhi,RK1775,1
456,rakhi,RK1778,1
456,rakhi,RK1780,1
456,rakhi,RK1781,1
456,rakhi,RK1782,1
456,rakhi,RK1783,1
456,rakhi,RK1784,1
456,rakhi,RK1785,1
456,rakhi,RK1786,1
456,rakhi,RK1787,1
456,rakhi,RK1788,1
456,rakhi,RK1789,1
456,rakhi,RK1792,1
456,rakhi,RK1793,1
456,rakhi,RK1793_2,1
456,rakhi,RK1795,1
456,rakhi,RK1796,1
456,rakhi,RK1797,1
456,rakhi,RK1799,1
456,rakhi,RK1800,1
456,rakhi,RK1802,1
456,rakhi,RK1803,1
456,rakhi,RK1804,1
456,rakhi,RK1805,1
456,rakhi,RK1806,1
456,rakhi,RK1807,1
456,rakhi,RK181,1
456,rakhi,RK1814,1
456,rakhi,RK1815,1
456,rakhi,RK1816,1
456,rakhi,RK1819,1
456,rakhi,RK1820,1
456,rakhi,RK1821,1
456,rakhi,RK1823,1
456,rakhi,RK1825,1
456,rakhi,RK1826,1
456,rakhi,RK1841,1
456,rakhi,RK1843,1
456,rakhi,RK1845,1
456,rakhi,RK1849,1
456,rakhi,RK185,1
456,rakhi,RK1850,1
456,rakhi,RK1852,1
456,rakhi,RK1858,1
456,rakhi,RK1859,1
456,rakhi,RK1861,1
456,rakhi,RK1864,1
456,rakhi,RK1865,1
456,rakhi,RK1870,1
456,rakhi,RK1874,1
456,rakhi,RK1875,1
456,rakhi,RK1882,1
456,rakhi,RK1884,1
456,rakhi,RK1887,1
456,rakhi,RK189,1
456,rakhi,RK1890,1
456,rakhi,RK1891,1
456,rakhi,RK1892,1
456,rakhi,RK1893,1
456,rakhi,RK1894,1
456,rakhi,RK1895,1
456,rakhi,RK1899,1
456,rakhi,RK1900,1
456,rakhi,RK1905,1
456,rakhi,RK1907,1
456,rakhi,RK1909,1
456,rakhi,RK1910,1
456,rakhi,RK1912,1
456,rakhi,RK1914,1
456,rakhi,RK1915,1
456,rakhi,RK1916,1
456,rakhi,RK1917,1
456,rakhi,RK1919,1
456,rakhi,RK1920,1
456,rakhi,RK1921,1
456,rakhi,RK1922,1
456,rakhi,RK1923,1
456,rakhi,RK1925,1
456,rakhi,RK1926,1
456,rakhi,RK1927,1
456,rakhi,RK1928,1
456,rakhi,RK1933,1
456,rakhi,RK1940,1
456,rakhi,RK1945,1
456,rakhi,RK1947,1
456,rakhi,RK1949,1
456,rakhi,RK1950,1
456,rakhi,RK1954,1
456,rakhi,RK1957,1
456,rakhi,RK1958,1
456,rakhi,RK196,1
456,rakhi,RK1966,1
456,rakhi,RK1976,1
456,rakhi,RK1978,1
456,rakhi,RK1979,1
456,rakhi,RK1981,1
456,rakhi,RK1982,1
456,rakhi,RK1983,1
456,rakhi,RK1989,1
456,rakhi,RK1992,1
456,rakhi,RK1995,1
456,rakhi,RK1997,1
456,rakhi,RK1998,1
456,rakhi,RK2003,1
456,rakhi,RK2004,1
456,rakhi,RK2006,1
456,rakhi,RK201,1
456,rakhi,RK2011,1
456,rakhi,RK2020,1
456,rakhi,RK2021,1
456,rakhi,RK2022,1
456,rakhi,RK2023,1
456,rakhi,RK2031,1
456,rakhi,RK2031_2,1
456,rakhi,RK2033,1
456,rakhi,RK2035,1
456,rakhi,RK2041,1
456,rakhi,RK2041_2,1
456,rakhi,RK2042,1
456,rakhi,RK2043,1
456,rakhi,RK2045,1
456,rakhi,RK2046,1
456,rakhi,RK2047,1
456,rakhi,RK2052,1
456,rakhi,RK2053,1
456,rakhi,RK2059,1
456,rakhi,RK2074,1
456,rakhi,RK2098,1
456,rakhi,RK2107,1
456,rakhi,RK227,1
456,rakhi,RK229,1
456,rakhi,RK234,1
456,rakhi,RK236,1
456,rakhi,RK237,1
456,rakhi,RK238,1
456,rakhi,RK240,1
456,rakhi,RK241,1
456,rakhi,RK248,1
456,rakhi,RK250,1
456,rakhi,RK264,1
456,rakhi,RK271,1
456,rakhi,RK272,1
456,rakhi,RK273,1
456,rakhi,RK276,1
456,rakhi,RK279,1
456,rakhi,RK283,1
456,rakhi,RK290,1
456,rakhi,RK298,1
456,rakhi,RK303,1
456,rakhi,RK304,1
456,rakhi,RK345,1
456,rakhi,RK350,1
456,rakhi,RK351,1
456,rakhi,RK353,1
456,rakhi,RK354,1
456,rakhi,RK355,1
456,rakhi,RK357,1
456,rakhi,RK361,1
456,rakhi,RK367,1
456,rakhi,RK368,1
456,rakhi,RK369,1
456,rakhi,RK371,1
456,rakhi,RK372,1
456,rakhi,RK374,1
456,rakhi,RK380,1
456,rakhi,RK381,1
456,rakhi,RK396,1
456,rakhi,RK398,1
456,rakhi,RK409,1
456,rakhi,RK410,1
456,rakhi,RK412,1
456,rakhi,RK433,1
456,rakhi,RK434,1
456,rakhi,RK437,1
456,rakhi,RK438,1
456,rakhi,RK441,1
456,rakhi,RK455,1
456,rakhi,RK457,1
456,rakhi,RK464,1
456,rakhi,RK466,1
456,rakhi,RK468,1
456,rakhi,RK474,1
456,rakhi,RK48,1
456,rakhi,RK484,1
456,rakhi,RK488,1
456,rakhi,RK492,1
456,rakhi,RK493,1
456,rakhi,RK499,1
456,rakhi,RK513,1
456,rakhi,RK516,1
456,rakhi,RK517,1
456,rakhi,RK526,1
456,rakhi,RK53,1
456,rakhi,RK539,1
456,rakhi,RK55,1
456,rakhi,RK550,1
456,rakhi,RK552,1
456,rakhi,RK554,1
456,rakhi,RK57,1
456,rakhi,RK582,1
456,rakhi,RK585,1
456,rakhi,RK589,1
456,rakhi,RK60,1
456,rakhi,RK61,1
456,rakhi,RK613,1
456,rakhi,RK617,1
456,rakhi,RK620,1
456,rakhi,RK63,1
456,rakhi,RK639,1
456,rakhi,RK643,1
456,rakhi,RK645,1
456,rakhi,RK648,1
456,rakhi,RK653,1
456,rakhi,RK663,1
456,rakhi,RK664,1
456,rakhi,RK665,1
456,rakhi,RK67,1
456,rakhi,RK671,1
456,rakhi,RK673,1
456,rakhi,RK680,1
456,rakhi,RK69,1
456,rakhi,RK70,1
456,rakhi,RK715,1
456,rakhi,RK719,1
456,rakhi,RK72,1
456,rakhi,RK722,1
456,rakhi,RK73,1
456,rakhi,RK733,1
456,rakhi,RK737,1
456,rakhi,RK75,1
456,rakhi,RK757,1
456,rakhi,RK766,1
456,rakhi,RK767,1
456,rakhi,RK77,1
456,rakhi,RK771,1
456,rakhi,RK773,1
456,rakhi,RK79,1
456,rakhi,RK796,1
456,rakhi,RK80,1
456,rakhi,RK808,1
456,rakhi,RK81,1
456,rakhi,RK819,1
456,rakhi,RK828,1
456,rakhi,RK83,1
456,rakhi,RK832,1
456,rakhi,RK833,1
456,rakhi,RK834,1
456,rakhi,RK835,1
456,rakhi,RK838,1
456,rakhi,RK840,1
456,rakhi,RK846,1
456,rakhi,RK848,1
456,rakhi,RK849,1
456,rakhi,RK853,1
456,rakhi,RK854,1
456,rakhi,RK859,1
456,rakhi,RK860,1
456,rakhi,RK864,1
456,rakhi,RK865,1
456,rakhi,RK866,1
456,rakhi,RK869,1
456,rakhi,RK874,1
456,rakhi,RK887,1
456,rakhi,RK887_2,1
456,rakhi,RK889,1
456,rakhi,RK891,1
456,rakhi,RK894,1
456,rakhi,RK900,1
456,rakhi,RK905,1
456,rakhi,RK906,1
456,rakhi,RK911,1
456,rakhi,RK913,1
456,rakhi,RK915,1
456,rakhi,RK917,1
456,rakhi,RK918,1
456,rakhi,RK919,1
456,rakhi,RK920,1
456,rakhi,RK921,1
456,rakhi,RK922,1
456,rakhi,RK923,1
456,rakhi,RK924,1
456,rakhi,RK925,1
456,rakhi,RK926,1
456,rakhi,RK927,1
456,rakhi,RK928,1
456,rakhi,RK929,1
456,rakhi,RK930,1
456,rakhi,RK931,1
456,rakhi,RK932,1
456,rakhi,RK933,1
456,rakhi,RK934,1
456,rakhi,RK935,1
456,rakhi,RK936,1
456,rakhi,RK937,1
456,rakhi,RK938,1
456,rakhi,RK939,1
456,rakhi,RK940,1
456,rakhi,RK941,1
456,rakhi,RK948,1
456,rakhi,RK951,1
456,rakhi,RK954,1
456,rakhi,RK955,1
456,rakhi,RK956,1
456,rakhi,RK957,1
456,rakhi,RK958,1
456,rakhi,RK960,1
456,rakhi,RK961,1
456,rakhi,RK965,1
456,rakhi,RK966,1
456,rakhi,RK968,1
456,rakhi,RK970,1
456,rakhi,RK973,1
456,rakhi,RK978,1
456,rakhi,RK979,1
456,rakhi,RK980,1
456,rakhi,RK981,1
456,rakhi,RK982,1
456,rakhi,RK983,1
456,rakhi,RK985,1
456,rakhi,RK987,1
456,rakhi,RK989,1
456,rakhi,RK991,1
456,rakhi,RK993,1
456,rakhi,RK994,1
456,rakhi,RK995,1
456,rakhi,RK999,1
457,rakhi,RK1,1
457,rakhi,RK1000,1
457,rakhi,RK1001,1
457,rakhi,RK1003,1
457,rakhi,RK1004,1
457,rakhi,RK1005,1
457,rakhi,RK1012,1
457,rakhi,RK1013,1
457,rakhi,RK1015,1
457,rakhi,RK1017,1
457,rakhi,RK1019,1
457,rakhi,RK1022,1
457,rakhi,RK1023,1
457,rakhi,RK1025,1
457,rakhi,RK1026,1
457,rakhi,RK1027,1
457,rakhi,RK1040,1
457,rakhi,RK1050,1
457,rakhi,RK1050_2,1
457,rakhi,RK1061,1
457,rakhi,RK1061_2,1
457,rakhi,RK1066,1
457,rakhi,RK1078,1
457,rakhi,RK1079,1
457,rakhi,RK1083,1
457,rakhi,RK1084,1
457,rakhi,RK1085,1
457,rakhi,RK110,1
457,rakhi,RK1104,1
457,rakhi,RK111,1
457,rakhi,RK1119,1
457,rakhi,RK1126,1
457,rakhi,RK1127,1
457,rakhi,RK1128,1
457,rakhi,RK1135,1
457,rakhi,RK1136,1
457,rakhi,RK1137,1
457,rakhi,RK1139,1
457,rakhi,RK1141,1
457,rakhi,RK1142,1
457,rakhi,RK1143,1
457,rakhi,RK1148,1
457,rakhi,RK1150,1
457,rakhi,RK1161,1
457,rakhi,RK1162,1
457,rakhi,RK1163,1
457,rakhi,RK1164,1
457,rakhi,RK1167,1
457,rakhi,RK1168,1
457,rakhi,RK1170,1
457,rakhi,RK1171,1
457,rakhi,RK1172,1
457,rakhi,RK1173,1
457,rakhi,RK1174,1
457,rakhi,RK1184,1
457,rakhi,RK1190,1
457,rakhi,RK1191,1
457,rakhi,RK1202,1
457,rakhi,RK1203,1
457,rakhi,RK1204,1
457,rakhi,RK1207,1
457,rakhi,RK1208,1
457,rakhi,RK1210,1
457,rakhi,RK1211,1
457,rakhi,RK1212,1
457,rakhi,RK1213,1
457,rakhi,RK1214,1
457,rakhi,RK1215,1
457,rakhi,RK1216,1
457,rakhi,RK1217,1
457,rakhi,RK1218,1
457,rakhi,RK1219,1
457,rakhi,RK1220,1
457,rakhi,RK1221,1
457,rakhi,RK1223,1
457,rakhi,RK1224,1
457,rakhi,RK1225,1
457,rakhi,RK1226,1
457,rakhi,RK1227,1
457,rakhi,RK1228,1
457,rakhi,RK1230,1
457,rakhi,RK1231,1
457,rakhi,RK1236,1
457,rakhi,RK1237,1
457,rakhi,RK1238,1
457,rakhi,RK1239,1
457,rakhi,RK1240,1
457,rakhi,RK1241,1
457,rakhi,RK1244,1
457,rakhi,RK1247,1
457,rakhi,RK1249,1
457,rakhi,RK1251,1
457,rakhi,RK1252,1
457,rakhi,RK1255,1
457,rakhi,RK1256,1
457,rakhi,RK1257,1
457,rakhi,RK1258,1
457,rakhi,RK1259,1
457,rakhi,RK1261,1
457,rakhi,RK1263,1
457,rakhi,RK1264,1
457,rakhi,RK1265,1
457,rakhi,RK1266,1
457,rakhi,RK1267,1
457,rakhi,RK1268,1
457,rakhi,RK1271,1
457,rakhi,RK1274,1
457,rakhi,RK1275,1
457,rakhi,RK1278,1
457,rakhi,RK1279,1
457,rakhi,RK1280,1
457,rakhi,RK1281,1
457,rakhi,RK1286,1
457,rakhi,RK1287,1
457,rakhi,RK1290,1
457,rakhi,RK130,1
457,rakhi,RK1309,1
457,rakhi,RK131,1
457,rakhi,RK1319,1
457,rakhi,RK1340,1
457,rakhi,RK1341,1
457,rakhi,RK1345,1
457,rakhi,RK1347,1
457,rakhi,RK1348,1
457,rakhi,RK1349,1
457,rakhi,RK1351,1
457,rakhi,RK1354,1
457,rakhi,RK1355,1
457,rakhi,RK1356,1
457,rakhi,RK1360,1
457,rakhi,RK1366,1
457,rakhi,RK1382,1
457,rakhi,RK1389,1
457,rakhi,RK14,1
457,rakhi,RK1402,1
457,rakhi,RK1405,1
457,rakhi,RK146,1
457,rakhi,RK1597,1
457,rakhi,RK1600,1
457,rakhi,RK1601,1
457,rakhi,RK1608,1
457,rakhi,RK1609,1
457,rakhi,RK1616,1
457,rakhi,RK1618,1
457,rakhi,RK1619,1
457,rakhi,RK1621,1
457,rakhi,RK1622,1
457,rakhi,RK1625,1
457,rakhi,RK1634,1
457,rakhi,RK1636,1
457,rakhi,RK1639,1
457,rakhi,RK1639_2,1
457,rakhi,RK1639_3,1
457,rakhi,RK1642,1
457,rakhi,RK1643,1
457,rakhi,RK1644,1
457,rakhi,RK1646,1
457,rakhi,RK1649,1
457,rakhi,RK1653,1
457,rakhi,RK1655,1
457,rakhi,RK1657,1
457,rakhi,RK1663,1
457,rakhi,RK1663_2,1
457,rakhi,RK1664,1
457,rakhi,RK1669,1
457,rakhi,RK1670,1
457,rakhi,RK1672,1
457,rakhi,RK1673,1
457,rakhi,RK1676,1
457,rakhi,RK1682,1
457,rakhi,RK169,1
457,rakhi,RK1692,1
457,rakhi,RK1693,1
457,rakhi,RK1694,1
457,rakhi,RK1695,1
457,rakhi,RK1699,1
457,rakhi,RK1703,1
457,rakhi,RK1704,1
457,rakhi,RK1705,1
457,rakhi,RK1706,1
457,rakhi,RK1711,1
457,rakhi,RK1712,1
457,rakhi,RK1713,1
457,rakhi,RK1714,1
457,rakhi,RK1716,1
457,rakhi,RK1717,1
457,rakhi,RK1718,1
457,rakhi,RK1719,1
457,rakhi,RK1720,1
457,rakhi,RK1723,1
457,rakhi,RK1724,1
457,rakhi,RK1725,1
457,rakhi,RK1740,1
457,rakhi,RK1741,1
457,rakhi,RK1742,1
457,rakhi,RK1747,1
457,rakhi,RK1750,1
457,rakhi,RK1752,1
457,rakhi,RK1756,1
457,rakhi,RK1757,1
457,rakhi,RK1758,1
457,rakhi,RK1759,1
457,rakhi,RK176,1
457,rakhi,RK1761,1
457,rakhi,RK1762,1
457,rakhi,RK1764,1
457,rakhi,RK1766,1
457,rakhi,RK1770,1
457,rakhi,RK1774,1
457,rakhi,RK1775,1
457,rakhi,RK1778,1
457,rakhi,RK1780,1
457,rakhi,RK1781,1
457,rakhi,RK1782,1
457,rakhi,RK1783,1
457,rakhi,RK1784,1
457,rakhi,RK1785,1
457,rakhi,RK1786,1
457,rakhi,RK1787,1
457,rakhi,RK1788,1
457,rakhi,RK1789,1
457,rakhi,RK1792,1
457,rakhi,RK1793,1
457,rakhi,RK1793_2,1
457,rakhi,RK1795,1
457,rakhi,RK1796,1
457,rakhi,RK1797,1
457,rakhi,RK1799,1
457,rakhi,RK1800,1
457,rakhi,RK1802,1
457,rakhi,RK1803,1
457,rakhi,RK1804,1
457,rakhi,RK1805,1
457,rakhi,RK1806,1
457,rakhi,RK1807,1
457,rakhi,RK181,1
457,rakhi,RK1814,1
457,rakhi,RK1815,1
457,rakhi,RK1816,1
457,rakhi,RK1819,1
457,rakhi,RK1820,1
457,rakhi,RK1821,1
457,rakhi,RK1823,1
457,rakhi,RK1825,1
457,rakhi,RK1826,1
457,rakhi,RK1841,1
457,rakhi,RK1843,1
457,rakhi,RK1845,1
457,rakhi,RK1849,1
457,rakhi,RK185,1
457,rakhi,RK1850,1
457,rakhi,RK1852,1
457,rakhi,RK1858,1
457,rakhi,RK1859,1
457,rakhi,RK1861,1
457,rakhi,RK1864,1
457,rakhi,RK1865,1
457,rakhi,RK1870,1
457,rakhi,RK1874,1
457,rakhi,RK1875,1
457,rakhi,RK1882,1
457,rakhi,RK1884,1
457,rakhi,RK1887,1
457,rakhi,RK189,1
457,rakhi,RK1890,1
457,rakhi,RK1891,1
457,rakhi,RK1892,1
457,rakhi,RK1893,1
457,rakhi,RK1894,1
457,rakhi,RK1895,1
457,rakhi,RK1899,1
457,rakhi,RK1900,1
457,rakhi,RK1905,1
457,rakhi,RK1907,1
457,rakhi,RK1909,1
457,rakhi,RK1910,1
457,rakhi,RK1912,1
457,rakhi,RK1914,1
457,rakhi,RK1915,1
457,rakhi,RK1916,1
457,rakhi,RK1917,1
457,rakhi,RK1919,1
457,rakhi,RK1920,1
457,rakhi,RK1921,1
457,rakhi,RK1922,1
457,rakhi,RK1923,1
457,rakhi,RK1925,1
457,rakhi,RK1926,1
457,rakhi,RK1927,1
457,rakhi,RK1928,1
457,rakhi,RK1933,1
457,rakhi,RK1940,1
457,rakhi,RK1945,1
457,rakhi,RK1947,1
457,rakhi,RK1949,1
457,rakhi,RK1950,1
457,rakhi,RK1954,1
457,rakhi,RK1957,1
457,rakhi,RK1958,1
457,rakhi,RK196,1
457,rakhi,RK1966,1
457,rakhi,RK1976,1
457,rakhi,RK1978,1
457,rakhi,RK1979,1
457,rakhi,RK1981,1
457,rakhi,RK1982,1
457,rakhi,RK1983,1
457,rakhi,RK1989,1
457,rakhi,RK1992,1
457,rakhi,RK1995,1
457,rakhi,RK1997,1
457,rakhi,RK1998,1
457,rakhi,RK2003,1
457,rakhi,RK2004,1
457,rakhi,RK2006,1
457,rakhi,RK201,1
457,rakhi,RK2011,1
457,rakhi,RK2020,1
457,rakhi,RK2021,1
457,rakhi,RK2022,1
457,rakhi,RK2023,1
457,rakhi,RK2031,1
457,rakhi,RK2031_2,1
457,rakhi,RK2033,1
457,rakhi,RK2035,1
457,rakhi,RK2041,1
457,rakhi,RK2041_2,1
457,rakhi,RK2042,1
457,rakhi,RK2043,1
457,rakhi,RK2045,1
457,rakhi,RK2046,1
457,rakhi,RK2047,1
457,rakhi,RK2052,1
457,rakhi,RK2053,1
457,rakhi,RK2059,1
457,rakhi,RK2074,1
457,rakhi,RK2098,1
457,rakhi,RK2107,1
457,rakhi,RK227,1
457,rakhi,RK229,1
457,rakhi,RK234,1
457,rakhi,RK236,1
457,rakhi,RK237,1
457,rakhi,RK238,1
457,rakhi,RK240,1
457,rakhi,RK241,1
457,rakhi,RK248,1
457,rakhi,RK250,1
457,rakhi,RK264,1
457,rakhi,RK271,1
457,rakhi,RK272,1
457,rakhi,RK273,1
457,rakhi,RK276,1
457,rakhi,RK279,1
457,rakhi,RK283,1
457,rakhi,RK290,1
457,rakhi,RK298,1
457,rakhi,RK303,1
457,rakhi,RK304,1
457,rakhi,RK345,1
457,rakhi,RK350,1
457,rakhi,RK351,1
457,rakhi,RK353,1
457,rakhi,RK354,1
457,rakhi,RK355,1
457,rakhi,RK357,1
457,rakhi,RK361,1
457,rakhi,RK367,1
457,rakhi,RK368,1
457,rakhi,RK369,1
457,rakhi,RK371,1
457,rakhi,RK372,1
457,rakhi,RK374,1
457,rakhi,RK380,1
457,rakhi,RK381,1
457,rakhi,RK396,1
457,rakhi,RK398,1
457,rakhi,RK409,1
457,rakhi,RK410,1
457,rakhi,RK412,1
457,rakhi,RK433,1
457,rakhi,RK434,1
457,rakhi,RK437,1
457,rakhi,RK438,1
457,rakhi,RK441,1
457,rakhi,RK455,1
457,rakhi,RK457,1
457,rakhi,RK464,1
457,rakhi,RK466,1
457,rakhi,RK468,1
457,rakhi,RK474,1
457,rakhi,RK48,1
457,rakhi,RK484,1
457,rakhi,RK488,1
457,rakhi,RK492,1
457,rakhi,RK493,1
457,rakhi,RK499,1
457,rakhi,RK513,1
457,rakhi,RK516,1
457,rakhi,RK517,1
457,rakhi,RK526,1
457,rakhi,RK53,1
457,rakhi,RK539,1
457,rakhi,RK55,1
457,rakhi,RK550,1
457,rakhi,RK552,1
457,rakhi,RK554,1
457,rakhi,RK57,1
457,rakhi,RK582,1
457,rakhi,RK585,1
457,rakhi,RK589,1
457,rakhi,RK60,1
457,rakhi,RK61,1
457,rakhi,RK613,1
457,rakhi,RK617,1
457,rakhi,RK620,1
457,rakhi,RK63,1
457,rakhi,RK639,1
457,rakhi,RK643,1
457,rakhi,RK645,1
457,rakhi,RK648,1
457,rakhi,RK653,1
457,rakhi,RK663,1
457,rakhi,RK664,1
457,rakhi,RK665,1
457,rakhi,RK67,1
457,rakhi,RK671,1
457,rakhi,RK673,1
457,rakhi,RK680,1
457,rakhi,RK69,1
457,rakhi,RK70,1
457,rakhi,RK715,1
457,rakhi,RK719,1
457,rakhi,RK72,1
457,rakhi,RK722,1
457,rakhi,RK73,1
457,rakhi,RK733,1
457,rakhi,RK737,1
457,rakhi,RK75,1
457,rakhi,RK757,1
457,rakhi,RK766,1
457,rakhi,RK767,1
457,rakhi,RK77,1
457,rakhi,RK771,1
457,rakhi,RK773,1
457,rakhi,RK79,1
457,rakhi,RK796,1
457,rakhi,RK80,1
457,rakhi,RK808,1
457,rakhi,RK81,1
457,rakhi,RK819,1
457,rakhi,RK828,1
457,rakhi,RK83,1
457,rakhi,RK832,1
457,rakhi,RK833,1
457,rakhi,RK834,1
457,rakhi,RK835,1
457,rakhi,RK838,1
457,rakhi,RK840,1
457,rakhi,RK846,1
457,rakhi,RK848,1
457,rakhi,RK849,1
457,rakhi,RK853,1
457,rakhi,RK854,1
457,rakhi,RK859,1
457,rakhi,RK860,1
457,rakhi,RK864,1
457,rakhi,RK865,1
457,rakhi,RK866,1
457,rakhi,RK869,1
457,rakhi,RK874,1
457,rakhi,RK887,1
457,rakhi,RK887_2,1
457,rakhi,RK889,1
457,rakhi,RK891,1
457,rakhi,RK894,1
457,rakhi,RK900,1
457,rakhi,RK905,1
457,rakhi,RK906,1
457,rakhi,RK911,1
457,rakhi,RK913,1
457,rakhi,RK915,1
457,rakhi,RK917,1
457,rakhi,RK918,1
457,rakhi,RK919,1
457,rakhi,RK920,1
457,rakhi,RK921,1
457,rakhi,RK922,1
457,rakhi,RK923,1
457,rakhi,RK924,1
457,rakhi,RK925,1
457,rakhi,RK926,1
457,rakhi,RK927,1
457,rakhi,RK928,1
457,rakhi,RK929,1
457,rakhi,RK930,1
457,rakhi,RK931,1
457,rakhi,RK932,1
457,rakhi,RK933,1
457,rakhi,RK934,1
457,rakhi,RK935,1
457,rakhi,RK936,1
457,rakhi,RK937,1
457,rakhi,RK938,1
457,rakhi,RK939,1
457,rakhi,RK940,1
457,rakhi,RK941,1
457,rakhi,RK948,1
457,rakhi,RK951,1
457,rakhi,RK954,1
457,rakhi,RK955,1
457,rakhi,RK956,1
457,rakhi,RK957,1
457,rakhi,RK958,1
457,rakhi,RK960,1
457,rakhi,RK961,1
457,rakhi,RK965,1
457,rakhi,RK966,1
457,rakhi,RK968,1
457,rakhi,RK970,1
457,rakhi,RK973,1
457,rakhi,RK978,1
457,rakhi,RK979,1
457,rakhi,RK980,1
457,rakhi,RK981,1
457,rakhi,RK982,1
457,rakhi,RK983,1
457,rakhi,RK985,1
457,rakhi,RK987,1
457,rakhi,RK989,1
457,rakhi,RK991,1
457,rakhi,RK993,1
457,rakhi,RK994,1
457,rakhi,RK995,1
457,rakhi,RK999,1
458,rakhi,RK1,1
458,rakhi,RK1000,1
458,rakhi,RK1001,1
458,rakhi,RK1003,1
458,rakhi,RK1004,1
458,rakhi,RK1005,1
458,rakhi,RK1012,1
458,rakhi,RK1013,1
458,rakhi,RK1015,1
458,rakhi,RK1017,1
458,rakhi,RK1019,1
458,rakhi,RK1022,1
458,rakhi,RK1023,1
458,rakhi,RK1025,1
458,rakhi,RK1026,1
458,rakhi,RK1027,1
458,rakhi,RK1040,1
458,rakhi,RK1050,1
458,rakhi,RK1050_2,1
458,rakhi,RK1061,1
458,rakhi,RK1061_2,1
458,rakhi,RK1066,1
458,rakhi,RK1078,1
458,rakhi,RK1079,1
458,rakhi,RK1083,1
458,rakhi,RK1084,1
458,rakhi,RK1085,1
458,rakhi,RK110,1
458,rakhi,RK1104,1
458,rakhi,RK111,1
458,rakhi,RK1119,1
458,rakhi,RK1126,1
458,rakhi,RK1127,1
458,rakhi,RK1128,1
458,rakhi,RK1135,1
458,rakhi,RK1136,1
458,rakhi,RK1137,1
458,rakhi,RK1139,1
458,rakhi,RK1141,1
458,rakhi,RK1142,1
458,rakhi,RK1143,1
458,rakhi,RK1148,1
458,rakhi,RK1150,1
458,rakhi,RK1161,1
458,rakhi,RK1162,1
458,rakhi,RK1163,1
458,rakhi,RK1164,1
458,rakhi,RK1167,1
458,rakhi,RK1168,1
458,rakhi,RK1170,1
458,rakhi,RK1171,1
458,rakhi,RK1172,1
458,rakhi,RK1173,1
458,rakhi,RK1174,1
458,rakhi,RK1184,1
458,rakhi,RK1190,1
458,rakhi,RK1191,1
458,rakhi,RK1202,1
458,rakhi,RK1203,1
458,rakhi,RK1204,1
458,rakhi,RK1207,1
458,rakhi,RK1208,1
458,rakhi,RK1210,1
458,rakhi,RK1211,1
458,rakhi,RK1212,1
458,rakhi,RK1213,1
458,rakhi,RK1214,1
458,rakhi,RK1215,1
458,rakhi,RK1216,1
458,rakhi,RK1217,1
458,rakhi,RK1218,1
458,rakhi,RK1219,1
458,rakhi,RK1220,1
458,rakhi,RK1221,1
458,rakhi,RK1223,1
458,rakhi,RK1224,1
458,rakhi,RK1225,1
458,rakhi,RK1226,1
458,rakhi,RK1227,1
458,rakhi,RK1228,1
458,rakhi,RK1230,1
458,rakhi,RK1231,1
458,rakhi,RK1236,1
458,rakhi,RK1237,1
458,rakhi,RK1238,1
458,rakhi,RK1239,1
458,rakhi,RK1240,1
458,rakhi,RK1241,1
458,rakhi,RK1244,1
458,rakhi,RK1247,1
458,rakhi,RK1249,1
458,rakhi,RK1251,1
458,rakhi,RK1252,1
458,rakhi,RK1255,1
458,rakhi,RK1256,1
458,rakhi,RK1257,1
458,rakhi,RK1258,1
458,rakhi,RK1259,1
458,rakhi,RK1261,1
458,rakhi,RK1263,1
458,rakhi,RK1264,1
458,rakhi,RK1265,1
458,rakhi,RK1266,1
458,rakhi,RK1267,1
458,rakhi,RK1268,1
458,rakhi,RK1271,1
458,rakhi,RK1274,1
458,rakhi,RK1275,1
458,rakhi,RK1278,1
458,rakhi,RK1279,1
458,rakhi,RK1280,1
458,rakhi,RK1281,1
458,rakhi,RK1286,1
458,rakhi,RK1287,1
458,rakhi,RK1290,1
458,rakhi,RK130,1
458,rakhi,RK1309,1
458,rakhi,RK131,1
458,rakhi,RK1319,1
458,rakhi,RK1340,1
458,rakhi,RK1341,1
458,rakhi,RK1345,1
458,rakhi,RK1347,1
458,rakhi,RK1348,1
458,rakhi,RK1349,1
458,rakhi,RK1351,1
458,rakhi,RK1354,1
458,rakhi,RK1355,1
458,rakhi,RK1356,1
458,rakhi,RK1360,1
458,rakhi,RK1366,1
458,rakhi,RK1382,1
458,rakhi,RK1389,1
458,rakhi,RK14,1
458,rakhi,RK1402,1
458,rakhi,RK1405,1
458,rakhi,RK146,1
458,rakhi,RK1597,1
458,rakhi,RK1600,1
458,rakhi,RK1601,1
458,rakhi,RK1608,1
458,rakhi,RK1609,1
458,rakhi,RK1616,1
458,rakhi,RK1618,1
458,rakhi,RK1619,1
458,rakhi,RK1621,1
458,rakhi,RK1622,1
458,rakhi,RK1625,1
458,rakhi,RK1634,1
458,rakhi,RK1636,1
458,rakhi,RK1639,1
458,rakhi,RK1639_2,1
458,rakhi,RK1639_3,1
458,rakhi,RK1642,1
458,rakhi,RK1643,1
458,rakhi,RK1644,1
458,rakhi,RK1646,1
458,rakhi,RK1649,1
458,rakhi,RK1653,1
458,rakhi,RK1655,1
458,rakhi,RK1657,1
458,rakhi,RK1663,1
458,rakhi,RK1663_2,1
458,rakhi,RK1664,1
458,rakhi,RK1669,1
458,rakhi,RK1670,1
458,rakhi,RK1672,1
458,rakhi,RK1673,1
458,rakhi,RK1676,1
458,rakhi,RK1682,1
458,rakhi,RK169,1
458,rakhi,RK1692,1
458,rakhi,RK1693,1
458,rakhi,RK1694,1
458,rakhi,RK1695,1
458,rakhi,RK1699,1
458,rakhi,RK1703,1
458,rakhi,RK1704,1
458,rakhi,RK1705,1
458,rakhi,RK1706,1
458,rakhi,RK1711,1
458,rakhi,RK1712,1
458,rakhi,RK1713,1
458,rakhi,RK1714,1
458,rakhi,RK1716,1
458,rakhi,RK1717,1
458,rakhi,RK1718,1
458,rakhi,RK1719,1
458,rakhi,RK1720,1
458,rakhi,RK1723,1
458,rakhi,RK1724,1
458,rakhi,RK1725,1
458,rakhi,RK1740,1
458,rakhi,RK1741,1
458,rakhi,RK1742,1
458,rakhi,RK1747,1
458,rakhi,RK1750,1
458,rakhi,RK1752,1
458,rakhi,RK1756,1
458,rakhi,RK1757,1
458,rakhi,RK1758,1
458,rakhi,RK1759,1
458,rakhi,RK176,1
458,rakhi,RK1761,1
458,rakhi,RK1762,1
458,rakhi,RK1764,1
458,rakhi,RK1766,1
458,rakhi,RK1770,1
458,rakhi,RK1774,1
458,rakhi,RK1775,1
458,rakhi,RK1778,1
458,rakhi,RK1780,1
458,rakhi,RK1781,1
458,rakhi,RK1782,1
458,rakhi,RK1783,1
458,rakhi,RK1784,1
458,rakhi,RK1785,1
458,rakhi,RK1786,1
458,rakhi,RK1787,1
458,rakhi,RK1788,1
458,rakhi,RK1789,1
458,rakhi,RK1792,1
458,rakhi,RK1793,1
458,rakhi,RK1793_2,1
458,rakhi,RK1795,1
458,rakhi,RK1796,1
458,rakhi,RK1797,1
458,rakhi,RK1799,1
458,rakhi,RK1800,1
458,rakhi,RK1802,1
458,rakhi,RK1803,1
458,rakhi,RK1804,1
458,rakhi,RK1805,1
458,rakhi,RK1806,1
458,rakhi,RK1807,1
458,rakhi,RK181,1
458,rakhi,RK1814,1
458,rakhi,RK1815,1
458,rakhi,RK1816,1
458,rakhi,RK1819,1
458,rakhi,RK1820,1
458,rakhi,RK1821,1
458,rakhi,RK1823,1
458,rakhi,RK1825,1
458,rakhi,RK1826,1
458,rakhi,RK1841,1
458,rakhi,RK1843,1
458,rakhi,RK1845,1
458,rakhi,RK1849,1
458,rakhi,RK185,1
458,rakhi,RK1850,1
458,rakhi,RK1852,1
458,rakhi,RK1858,1
458,rakhi,RK1859,1
458,rakhi,RK1861,1
458,rakhi,RK1864,1
458,rakhi,RK1865,1
458,rakhi,RK1870,1
458,rakhi,RK1874,1
458,rakhi,RK1875,1
458,rakhi,RK1882,1
458,rakhi,RK1884,1
458,rakhi,RK1887,1
458,rakhi,RK189,1
458,rakhi,RK1890,1
458,rakhi,RK1891,1
458,rakhi,RK1892,1
458,rakhi,RK1893,1
458,rakhi,RK1894,1
458,rakhi,RK1895,1
458,rakhi,RK1899,1
458,rakhi,RK1900,1
458,rakhi,RK1905,1
458,rakhi,RK1907,1
458,rakhi,RK1909,1
458,rakhi,RK1910,1
458,rakhi,RK1912,1
458,rakhi,RK1914,1
458,rakhi,RK1915,1
458,rakhi,RK1916,1
458,rakhi,RK1917,1
458,rakhi,RK1919,1
458,rakhi,RK1920,1
458,rakhi,RK1921,1
458,rakhi,RK1922,1
458,rakhi,RK1923,1
458,rakhi,RK1925,1
458,rakhi,RK1926,1
458,rakhi,RK1927,1
458,rakhi,RK1928,1
458,rakhi,RK1933,1
458,rakhi,RK1940,1
458,rakhi,RK1945,1
458,rakhi,RK1947,1
458,rakhi,RK1949,1
458,rakhi,RK1950,1
458,rakhi,RK1954,1
458,rakhi,RK1957,1
458,rakhi,RK1958,1
458,rakhi,RK196,1
458,rakhi,RK1966,1
458,rakhi,RK1976,1
458,rakhi,RK1978,1
458,rakhi,RK1979,1
458,rakhi,RK1981,1
458,rakhi,RK1982,1
458,rakhi,RK1983,1
458,rakhi,RK1989,1
458,rakhi,RK1992,1
458,rakhi,RK1995,1
458,rakhi,RK1997,1
458,rakhi,RK1998,1
458,rakhi,RK2003,1
458,rakhi,RK2004,1
458,rakhi,RK2006,1
458,rakhi,RK201,1
458,rakhi,RK2011,1
458,rakhi,RK2020,1
458,rakhi,RK2021,1
458,rakhi,RK2022,1
458,rakhi,RK2023,1
458,rakhi,RK2031,1
458,rakhi,RK2031_2,1
458,rakhi,RK2033,1
458,rakhi,RK2035,1
458,rakhi,RK2041,1
458,rakhi,RK2041_2,1
458,rakhi,RK2042,1
458,rakhi,RK2043,1
458,rakhi,RK2045,1
458,rakhi,RK2046,1
458,rakhi,RK2047,1
458,rakhi,RK2052,1
458,rakhi,RK2053,1
458,rakhi,RK2059,1
458,rakhi,RK2074,1
458,rakhi,RK2098,1
458,rakhi,RK2107,1
458,rakhi,RK227,1
458,rakhi,RK229,1
458,rakhi,RK234,1
458,rakhi,RK236,1
458,rakhi,RK237,1
458,rakhi,RK238,1
458,rakhi,RK240,1
458,rakhi,RK241,1
458,rakhi,RK248,1
458,rakhi,RK250,1
458,rakhi,RK264,1
458,rakhi,RK271,1
458,rakhi,RK272,1
458,rakhi,RK273,1
458,rakhi,RK276,1
458,rakhi,RK279,1
458,rakhi,RK283,1
458,rakhi,RK290,1
458,rakhi,RK298,1
458,rakhi,RK303,1
458,rakhi,RK304,1
458,rakhi,RK345,1
458,rakhi,RK350,1
458,rakhi,RK351,1
458,rakhi,RK353,1
458,rakhi,RK354,1
458,rakhi,RK355,1
458,rakhi,RK357,1
458,rakhi,RK361,1
458,rakhi,RK367,1
458,rakhi,RK368,1
458,rakhi,RK369,1
458,rakhi,RK371,1
458,rakhi,RK372,1
458,rakhi,RK374,1
458,rakhi,RK380,1
458,rakhi,RK381,1
458,rakhi,RK396,1
458,rakhi,RK398,1
458,rakhi,RK409,1
458,rakhi,RK410,1
458,rakhi,RK412,1
458,rakhi,RK433,1
458,rakhi,RK434,1
458,rakhi,RK437,1
458,rakhi,RK438,1
458,rakhi,RK441,1
458,rakhi,RK455,1
458,rakhi,RK457,1
458,rakhi,RK464,1
458,rakhi,RK466,1
458,rakhi,RK468,1
458,rakhi,RK474,1
458,rakhi,RK48,1
458,rakhi,RK484,1
458,rakhi,RK488,1
458,rakhi,RK492,1
458,rakhi,RK493,1
458,rakhi,RK499,1
458,rakhi,RK513,1
458,rakhi,RK516,1
458,rakhi,RK517,1
458,rakhi,RK526,1
458,rakhi,RK53,1
458,rakhi,RK539,1
458,rakhi,RK55,1
458,rakhi,RK550,1
458,rakhi,RK552,1
458,rakhi,RK554,1
458,rakhi,RK57,1
458,rakhi,RK582,1
458,rakhi,RK585,1
458,rakhi,RK589,1
458,rakhi,RK60,1
458,rakhi,RK61,1
458,rakhi,RK613,1
458,rakhi,RK617,1
458,rakhi,RK620,1
458,rakhi,RK63,1
458,rakhi,RK639,1
458,rakhi,RK643,1
458,rakhi,RK645,1
458,rakhi,RK648,1
458,rakhi,RK653,1
458,rakhi,RK663,1
458,rakhi,RK664,1
458,rakhi,RK665,1
458,rakhi,RK67,1
458,rakhi,RK671,1
458,rakhi,RK673,1
458,rakhi,RK680,1
458,rakhi,RK69,1
458,rakhi,RK70,1
458,rakhi,RK715,1
458,rakhi,RK719,1
458,rakhi,RK72,1
458,rakhi,RK722,1
458,rakhi,RK73,1
458,rakhi,RK733,1
458,rakhi,RK737,1
458,rakhi,RK75,1
458,rakhi,RK757,1
458,rakhi,RK766,1
458,rakhi,RK767,1
458,rakhi,RK77,1
458,rakhi,RK771,1
458,rakhi,RK773,1
458,rakhi,RK79,1
458,rakhi,RK796,1
458,rakhi,RK80,1
458,rakhi,RK808,1
458,rakhi,RK81,1
458,rakhi,RK819,1
458,rakhi,RK828,1
458,rakhi,RK83,1
458,rakhi,RK832,1
458,rakhi,RK833,1
458,rakhi,RK834,1
458,rakhi,RK835,1
458,rakhi,RK838,1
458,rakhi,RK840,1
458,rakhi,RK846,1
458,rakhi,RK848,1
458,rakhi,RK849,1
458,rakhi,RK853,1
458,rakhi,RK854,1
458,rakhi,RK859,1
458,rakhi,RK860,1
458,rakhi,RK864,1
458,rakhi,RK865,1
458,rakhi,RK866,1
458,rakhi,RK869,1
458,rakhi,RK874,1
458,rakhi,RK887,1
458,rakhi,RK887_2,1
458,rakhi,RK889,1
458,rakhi,RK891,1
458,rakhi,RK894,1
458,rakhi,RK900,1
458,rakhi,RK905,1
458,rakhi,RK906,1
458,rakhi,RK911,1
458,rakhi,RK913,1
458,rakhi,RK915,1
458,rakhi,RK917,1
458,rakhi,RK918,1
458,rakhi,RK919,1
458,rakhi,RK920,1
458,rakhi,RK921,1
458,rakhi,RK922,1
458,rakhi,RK923,1
458,rakhi,RK924,1
458,rakhi,RK925,1
458,rakhi,RK926,1
458,rakhi,RK927,1
458,rakhi,RK928,1
458,rakhi,RK929,1
458,rakhi,RK930,1
458,rakhi,RK931,1
458,rakhi,RK932,1
458,rakhi,RK933,1
458,rakhi,RK934,1
458,rakhi,RK935,1
458,rakhi,RK936,1
458,rakhi,RK937,1
458,rakhi,RK938,1
458,rakhi,RK939,1
458,rakhi,RK940,1
458,rakhi,RK941,1
458,rakhi,RK948,1
458,rakhi,RK951,1
458,rakhi,RK954,1
458,rakhi,RK955,1
458,rakhi,RK956,1
458,rakhi,RK957,1
458,rakhi,RK958,1
458,rakhi,RK960,1
458,rakhi,RK961,1
458,rakhi,RK965,1
458,rakhi,RK966,1
458,rakhi,RK968,1
458,rakhi,RK970,1
458,rakhi,RK973,1
458,rakhi,RK978,1
458,rakhi,RK979,1
458,rakhi,RK980,1
458,rakhi,RK981,1
458,rakhi,RK982,1
458,rakhi,RK983,1
458,rakhi,RK985,1
458,rakhi,RK987,1
458,rakhi,RK989,1
458,rakhi,RK991,1
458,rakhi,RK993,1
458,rakhi,RK994,1
458,rakhi,RK995,1
458,rakhi,RK999,1
553,rakhi,RK1,1
553,rakhi,RK1000,1
553,rakhi,RK1001,1
553,rakhi,RK1003,1
553,rakhi,RK1004,1
553,rakhi,RK1005,1
553,rakhi,RK1012,1
553,rakhi,RK1013,1
553,rakhi,RK1015,1
553,rakhi,RK1017,1
553,rakhi,RK1019,1
553,rakhi,RK1022,1
553,rakhi,RK1023,1
553,rakhi,RK1025,1
553,rakhi,RK1026,1
553,rakhi,RK1027,1
553,rakhi,RK1040,1
553,rakhi,RK1050,1
553,rakhi,RK1050_2,1
553,rakhi,RK1061,1
553,rakhi,RK1061_2,1
553,rakhi,RK1066,1
553,rakhi,RK1078,1
553,rakhi,RK1079,1
553,rakhi,RK1083,1
553,rakhi,RK1084,1
553,rakhi,RK1085,1
553,rakhi,RK110,1
553,rakhi,RK1104,1
553,rakhi,RK111,1
553,rakhi,RK1119,1
553,rakhi,RK1126,1
553,rakhi,RK1127,1
553,rakhi,RK1128,1
553,rakhi,RK1135,1
553,rakhi,RK1136,1
553,rakhi,RK1137,1
553,rakhi,RK1139,1
553,rakhi,RK1141,1
553,rakhi,RK1142,1
553,rakhi,RK1143,1
553,rakhi,RK1148,1
553,rakhi,RK1150,1
553,rakhi,RK1161,1
553,rakhi,RK1162,1
553,rakhi,RK1163,1
553,rakhi,RK1164,1
553,rakhi,RK1167,1
553,rakhi,RK1168,1
553,rakhi,RK1170,1
553,rakhi,RK1171,1
553,rakhi,RK1172,1
553,rakhi,RK1173,1
553,rakhi,RK1174,1
553,rakhi,RK1184,1
553,rakhi,RK1190,1
553,rakhi,RK1191,1
553,rakhi,RK1202,1
553,rakhi,RK1203,1
553,rakhi,RK1204,1
553,rakhi,RK1207,1
553,rakhi,RK1208,1
553,rakhi,RK1210,1
553,rakhi,RK1211,1
553,rakhi,RK1212,1
553,rakhi,RK1213,1
553,rakhi,RK1214,1
553,rakhi,RK1215,1
553,rakhi,RK1216,1
553,rakhi,RK1217,1
553,rakhi,RK1218,1
553,rakhi,RK1219,1
553,rakhi,RK1220,1
553,rakhi,RK1221,1
553,rakhi,RK1223,1
553,rakhi,RK1224,1
553,rakhi,RK1225,1
553,rakhi,RK1226,1
553,rakhi,RK1227,1
553,rakhi,RK1228,1
553,rakhi,RK1230,1
553,rakhi,RK1231,1
553,rakhi,RK1236,1
553,rakhi,RK1237,1
553,rakhi,RK1238,1
553,rakhi,RK1239,1
553,rakhi,RK1240,1
553,rakhi,RK1241,1
553,rakhi,RK1244,1
553,rakhi,RK1247,1
553,rakhi,RK1249,1
553,rakhi,RK1251,1
553,rakhi,RK1252,1
553,rakhi,RK1255,1
553,rakhi,RK1256,1
553,rakhi,RK1257,1
553,rakhi,RK1258,1
553,rakhi,RK1259,1
553,rakhi,RK1261,1
553,rakhi,RK1263,1
553,rakhi,RK1264,1
553,rakhi,RK1265,1
553,rakhi,RK1266,1
553,rakhi,RK1267,1
553,rakhi,RK1268,1
553,rakhi,RK1271,1
553,rakhi,RK1274,1
553,rakhi,RK1275,1
553,rakhi,RK1278,1
553,rakhi,RK1279,1
553,rakhi,RK1280,1
553,rakhi,RK1281,1
553,rakhi,RK1286,1
553,rakhi,RK1287,1
553,rakhi,RK1290,1
553,rakhi,RK130,1
553,rakhi,RK1309,1
553,rakhi,RK131,1
553,rakhi,RK1319,1
553,rakhi,RK1340,1
553,rakhi,RK1341,1
553,rakhi,RK1345,1
553,rakhi,RK1347,1
553,rakhi,RK1348,1
553,rakhi,RK1349,1
553,rakhi,RK1351,1
553,rakhi,RK1354,1
553,rakhi,RK1355,1
553,rakhi,RK1356,1
553,rakhi,RK1360,1
553,rakhi,RK1366,1
553,rakhi,RK1382,1
553,rakhi,RK1389,1
553,rakhi,RK14,1
553,rakhi,RK1402,1
553,rakhi,RK1405,1
553,rakhi,RK146,1
553,rakhi,RK1597,1
553,rakhi,RK1600,1
553,rakhi,RK1601,1
553,rakhi,RK1608,1
553,rakhi,RK1609,1
553,rakhi,RK1616,1
553,rakhi,RK1618,1
553,rakhi,RK1619,1
553,rakhi,RK1621,1
553,rakhi,RK1622,1
553,rakhi,RK1625,1
553,rakhi,RK1634,1
553,rakhi,RK1636,1
553,rakhi,RK1639,1
553,rakhi,RK1639_2,1
553,rakhi,RK1639_3,1
553,rakhi,RK1642,1
553,rakhi,RK1643,1
553,rakhi,RK1644,1
553,rakhi,RK1646,1
553,rakhi,RK1649,1
553,rakhi,RK1653,1
553,rakhi,RK1655,1
553,rakhi,RK1657,1
553,rakhi,RK1663,1
553,rakhi,RK1663_2,1
553,rakhi,RK1664,1
553,rakhi,RK1669,1
553,rakhi,RK1670,1
553,rakhi,RK1672,1
553,rakhi,RK1673,1
553,rakhi,RK1676,1
553,rakhi,RK1682,1
553,rakhi,RK169,1
553,rakhi,RK1692,1
553,rakhi,RK1693,1
553,rakhi,RK1694,1
553,rakhi,RK1695,1
553,rakhi,RK1699,1
553,rakhi,RK1703,1
553,rakhi,RK1704,1
553,rakhi,RK1705,1
553,rakhi,RK1706,1
553,rakhi,RK1711,1
553,rakhi,RK1712,1
553,rakhi,RK1713,1
553,rakhi,RK1714,1
553,rakhi,RK1716,1
553,rakhi,RK1717,1
553,rakhi,RK1718,1
553,rakhi,RK1719,1
553,rakhi,RK1720,1
553,rakhi,RK1723,1
553,rakhi,RK1724,1
553,rakhi,RK1725,1
553,rakhi,RK1740,1
553,rakhi,RK1741,1
553,rakhi,RK1742,1
553,rakhi,RK1747,1
553,rakhi,RK1750,1
553,rakhi,RK1752,1
553,rakhi,RK1756,1
553,rakhi,RK1757,1
553,rakhi,RK1758,1
553,rakhi,RK1759,1
553,rakhi,RK176,1
553,rakhi,RK1761,1
553,rakhi,RK1762,1
553,rakhi,RK1764,1
553,rakhi,RK1766,1
553,rakhi,RK1770,1
553,rakhi,RK1774,1
553,rakhi,RK1775,1
553,rakhi,RK1778,1
553,rakhi,RK1780,1
553,rakhi,RK1781,1
553,rakhi,RK1782,1
553,rakhi,RK1783,1
553,rakhi,RK1784,1
553,rakhi,RK1785,1
553,rakhi,RK1786,1
553,rakhi,RK1787,1
553,rakhi,RK1788,1
553,rakhi,RK1789,1
553,rakhi,RK1792,1
553,rakhi,RK1793,1
553,rakhi,RK1793_2,1
553,rakhi,RK1795,1
553,rakhi,RK1796,1
553,rakhi,RK1797,1
553,rakhi,RK1799,1
553,rakhi,RK1800,1
553,rakhi,RK1802,1
553,rakhi,RK1803,1
553,rakhi,RK1804,1
553,rakhi,RK1805,1
553,rakhi,RK1806,1
553,rakhi,RK1807,1
553,rakhi,RK181,1
553,rakhi,RK1814,1
553,rakhi,RK1815,1
553,rakhi,RK1816,1
553,rakhi,RK1819,1
553,rakhi,RK1820,1
553,rakhi,RK1821,1
553,rakhi,RK1823,1
553,rakhi,RK1825,1
553,rakhi,RK1826,1
553,rakhi,RK1841,1
553,rakhi,RK1843,1
553,rakhi,RK1845,1
553,rakhi,RK1849,1
553,rakhi,RK185,1
553,rakhi,RK1850,1
553,rakhi,RK1852,1
553,rakhi,RK1858,1
553,rakhi,RK1859,1
553,rakhi,RK1861,1
553,rakhi,RK1864,1
553,rakhi,RK1865,1
553,rakhi,RK1870,1
553,rakhi,RK1874,1
553,rakhi,RK1875,1
553,rakhi,RK1882,1
553,rakhi,RK1884,1
553,rakhi,RK1887,1
553,rakhi,RK189,1
553,rakhi,RK1890,1
553,rakhi,RK1891,1
553,rakhi,RK1892,1
553,rakhi,RK1893,1
553,rakhi,RK1894,1
553,rakhi,RK1895,1
553,rakhi,RK1899,1
553,rakhi,RK1900,1
553,rakhi,RK1905,1
553,rakhi,RK1907,1
553,rakhi,RK1909,1
553,rakhi,RK1910,1
553,rakhi,RK1912,1
553,rakhi,RK1914,1
553,rakhi,RK1915,1
553,rakhi,RK1916,1
553,rakhi,RK1917,1
553,rakhi,RK1919,1
553,rakhi,RK1920,1
553,rakhi,RK1921,1
553,rakhi,RK1922,1
553,rakhi,RK1923,1
553,rakhi,RK1925,1
553,rakhi,RK1926,1
553,rakhi,RK1927,1
553,rakhi,RK1928,1
553,rakhi,RK1933,1
553,rakhi,RK1940,1
553,rakhi,RK1945,1
553,rakhi,RK1947,1
553,rakhi,RK1949,1
553,rakhi,RK1950,1
553,rakhi,RK1954,1
553,rakhi,RK1957,1
553,rakhi,RK1958,1
553,rakhi,RK196,1
553,rakhi,RK1966,1
553,rakhi,RK1976,1
553,rakhi,RK1978,1
553,rakhi,RK1979,1
553,rakhi,RK1981,1
553,rakhi,RK1982,1
553,rakhi,RK1983,1
553,rakhi,RK1989,1
553,rakhi,RK1992,1
553,rakhi,RK1995,1
553,rakhi,RK1997,1
553,rakhi,RK1998,1
553,rakhi,RK2003,1
553,rakhi,RK2004,1
553,rakhi,RK2006,1
553,rakhi,RK201,1
553,rakhi,RK2011,1
553,rakhi,RK2020,1
553,rakhi,RK2021,1
553,rakhi,RK2022,1
553,rakhi,RK2023,1
553,rakhi,RK2031,1
553,rakhi,RK2031_2,1
553,rakhi,RK2033,1
553,rakhi,RK2035,1
553,rakhi,RK2041,1
553,rakhi,RK2041_2,1
553,rakhi,RK2042,1
553,rakhi,RK2043,1
553,rakhi,RK2045,1
553,rakhi,RK2046,1
553,rakhi,RK2047,1
553,rakhi,RK2052,1
553,rakhi,RK2053,1
553,rakhi,RK2059,1
553,rakhi,RK2074,1
553,rakhi,RK2098,1
553,rakhi,RK2107,1
553,rakhi,RK227,1
553,rakhi,RK229,1
553,rakhi,RK234,1
553,rakhi,RK236,1
553,rakhi,RK237,1
553,rakhi,RK238,1
553,rakhi,RK240,1
553,rakhi,RK241,1
553,rakhi,RK248,1
553,rakhi,RK250,1
553,rakhi,RK264,1
553,rakhi,RK271,1
553,rakhi,RK272,1
553,rakhi,RK273,1
553,rakhi,RK276,1
553,rakhi,RK279,1
553,rakhi,RK283,1
553,rakhi,RK290,1
553,rakhi,RK298,1
553,rakhi,RK303,1
553,rakhi,RK304,1
553,rakhi,RK345,1
553,rakhi,RK350,1
553,rakhi,RK351,1
553,rakhi,RK353,1
553,rakhi,RK354,1
553,rakhi,RK355,1
553,rakhi,RK357,1
553,rakhi,RK361,1
553,rakhi,RK367,1
553,rakhi,RK368,1
553,rakhi,RK369,1
553,rakhi,RK371,1
553,rakhi,RK372,1
553,rakhi,RK374,1
553,rakhi,RK380,1
553,rakhi,RK381,1
553,rakhi,RK396,1
553,rakhi,RK398,1
553,rakhi,RK409,1
553,rakhi,RK410,1
553,rakhi,RK412,1
553,rakhi,RK433,1
553,rakhi,RK434,1
553,rakhi,RK437,1
553,rakhi,RK438,1
553,rakhi,RK441,1
553,rakhi,RK455,1
553,rakhi,RK457,1
553,rakhi,RK464,1
553,rakhi,RK466,1
553,rakhi,RK468,1
553,rakhi,RK474,1
553,rakhi,RK48,1
553,rakhi,RK484,1
553,rakhi,RK488,1
553,rakhi,RK492,1
553,rakhi,RK493,1
553,rakhi,RK499,1
553,rakhi,RK513,1
553,rakhi,RK516,1
553,rakhi,RK517,1
553,rakhi,RK526,1
553,rakhi,RK53,1
553,rakhi,RK539,1
553,rakhi,RK55,1
553,rakhi,RK550,1
553,rakhi,RK552,1
553,rakhi,RK554,1
553,rakhi,RK57,1
553,rakhi,RK582,1
553,rakhi,RK585,1
553,rakhi,RK589,1
553,rakhi,RK60,1
553,rakhi,RK61,1
553,rakhi,RK613,1
553,rakhi,RK617,1
553,rakhi,RK620,1
553,rakhi,RK63,1
553,rakhi,RK639,1
553,rakhi,RK643,1
553,rakhi,RK645,1
553,rakhi,RK648,1
553,rakhi,RK653,1
553,rakhi,RK663,1
553,rakhi,RK664,1
553,rakhi,RK665,1
553,rakhi,RK67,1
553,rakhi,RK671,1
553,rakhi,RK673,1
553,rakhi,RK680,1
553,rakhi,RK69,1
553,rakhi,RK70,1
553,rakhi,RK715,1
553,rakhi,RK719,1
553,rakhi,RK72,1
553,rakhi,RK722,1
553,rakhi,RK73,1
553,rakhi,RK733,1
553,rakhi,RK737,1
553,rakhi,RK75,1
553,rakhi,RK757,1
553,rakhi,RK766,1
553,rakhi,RK767,1
553,rakhi,RK77,1
553,rakhi,RK771,1
553,rakhi,RK773,1
553,rakhi,RK79,1
553,rakhi,RK796,1
553,rakhi,RK80,1
553,rakhi,RK808,1
553,rakhi,RK81,1
553,rakhi,RK819,1
553,rakhi,RK828,1
553,rakhi,RK83,1
553,rakhi,RK832,1
553,rakhi,RK833,1
553,rakhi,RK834,1
553,rakhi,RK835,1
553,rakhi,RK838,1
553,rakhi,RK840,1
553,rakhi,RK846,1
553,rakhi,RK848,1
553,rakhi,RK849,1
553,rakhi,RK853,1
553,rakhi,RK854,1
553,rakhi,RK859,1
553,rakhi,RK860,1
553,rakhi,RK864,1
553,rakhi,RK865,1
553,rakhi,RK866,1
553,rakhi,RK869,1
553,rakhi,RK874,1
553,rakhi,RK887,1
553,rakhi,RK887_2,1
553,rakhi,RK889,1
553,rakhi,RK891,1
553,rakhi,RK894,1
553,rakhi,RK900,1
553,rakhi,RK905,1
553,rakhi,RK906,1
553,rakhi,RK911,1
553,rakhi,RK913,1
553,rakhi,RK915,1
553,rakhi,RK917,1
553,rakhi,RK918,1
553,rakhi,RK919,1
553,rakhi,RK920,1
553,rakhi,RK921,1
553,rakhi,RK922,1
553,rakhi,RK923,1
553,rakhi,RK924,1
553,rakhi,RK925,1
553,rakhi,RK926,1
553,rakhi,RK927,1
553,rakhi,RK928,1
553,rakhi,RK929,1
553,rakhi,RK930,1
553,rakhi,RK931,1
553,rakhi,RK932,1
553,rakhi,RK933,1
553,rakhi,RK934,1
553,rakhi,RK935,1
553,rakhi,RK936,1
553,rakhi,RK937,1
553,rakhi,RK938,1
553,rakhi,RK939,1
553,rakhi,RK940,1
553,rakhi,RK941,1
553,rakhi,RK948,1
553,rakhi,RK951,1
553,rakhi,RK954,1
553,rakhi,RK955,1
553,rakhi,RK956,1
553,rakhi,RK957,1
553,rakhi,RK958,1
553,rakhi,RK960,1
553,rakhi,RK961,1
553,rakhi,RK965,1
553,rakhi,RK966,1
553,rakhi,RK968,1
553,rakhi,RK970,1
553,rakhi,RK973,1
553,rakhi,RK978,1
553,rakhi,RK979,1
553,rakhi,RK980,1
553,rakhi,RK981,1
553,rakhi,RK982,1
553,rakhi,RK983,1
553,rakhi,RK985,1
553,rakhi,RK987,1
553,rakhi,RK989,1
553,rakhi,RK991,1
553,rakhi,RK993,1
553,rakhi,RK994,1
553,rakhi,RK995,1
553,rakhi,RK999,1
554,rakhi,RK1,1
554,rakhi,RK1000,1
554,rakhi,RK1001,1
554,rakhi,RK1003,1
554,rakhi,RK1004,1
554,rakhi,RK1005,1
554,rakhi,RK1012,1
554,rakhi,RK1013,1
554,rakhi,RK1015,1
554,rakhi,RK1017,1
554,rakhi,RK1019,1
554,rakhi,RK1022,1
554,rakhi,RK1023,1
554,rakhi,RK1025,1
554,rakhi,RK1026,1
554,rakhi,RK1027,1
554,rakhi,RK1040,1
554,rakhi,RK1050,1
554,rakhi,RK1050_2,1
554,rakhi,RK1061,1
554,rakhi,RK1061_2,1
554,rakhi,RK1066,1
554,rakhi,RK1078,1
554,rakhi,RK1079,1
554,rakhi,RK1083,1
554,rakhi,RK1084,1
554,rakhi,RK1085,1
554,rakhi,RK110,1
554,rakhi,RK1104,1
554,rakhi,RK111,1
554,rakhi,RK1119,1
554,rakhi,RK1126,1
554,rakhi,RK1127,1
554,rakhi,RK1128,1
554,rakhi,RK1135,1
554,rakhi,RK1136,1
554,rakhi,RK1137,1
554,rakhi,RK1139,1
554,rakhi,RK1141,1
554,rakhi,RK1142,1
554,rakhi,RK1143,1
554,rakhi,RK1148,1
554,rakhi,RK1150,1
554,rakhi,RK1161,1
554,rakhi,RK1162,1
554,rakhi,RK1163,1
554,rakhi,RK1164,1
554,rakhi,RK1167,1
554,rakhi,RK1168,1
554,rakhi,RK1170,1
554,rakhi,RK1171,1
554,rakhi,RK1172,1
554,rakhi,RK1173,1
554,rakhi,RK1174,1
554,rakhi,RK1184,1
554,rakhi,RK1190,1
554,rakhi,RK1191,1
554,rakhi,RK1202,1
554,rakhi,RK1203,1
554,rakhi,RK1204,1
554,rakhi,RK1207,1
554,rakhi,RK1208,1
554,rakhi,RK1210,1
554,rakhi,RK1211,1
554,rakhi,RK1212,1
554,rakhi,RK1213,1
554,rakhi,RK1214,1
554,rakhi,RK1215,1
554,rakhi,RK1216,1
554,rakhi,RK1217,1
554,rakhi,RK1218,1
554,rakhi,RK1219,1
554,rakhi,RK1220,1
554,rakhi,RK1221,1
554,rakhi,RK1223,1
554,rakhi,RK1224,1
554,rakhi,RK1225,1
554,rakhi,RK1226,1
554,rakhi,RK1227,1
554,rakhi,RK1228,1
554,rakhi,RK1230,1
554,rakhi,RK1231,1
554,rakhi,RK1236,1
554,rakhi,RK1237,1
554,rakhi,RK1238,1
554,rakhi,RK1239,1
554,rakhi,RK1240,1
554,rakhi,RK1241,1
554,rakhi,RK1244,1
554,rakhi,RK1247,1
554,rakhi,RK1249,1
554,rakhi,RK1251,1
554,rakhi,RK1252,1
554,rakhi,RK1255,1
554,rakhi,RK1256,1
554,rakhi,RK1257,1
554,rakhi,RK1258,1
554,rakhi,RK1259,1
554,rakhi,RK1261,1
554,rakhi,RK1263,1
554,rakhi,RK1264,1
554,rakhi,RK1265,1
554,rakhi,RK1266,1
554,rakhi,RK1267,1
554,rakhi,RK1268,1
554,rakhi,RK1271,1
554,rakhi,RK1274,1
554,rakhi,RK1275,1
554,rakhi,RK1278,1
554,rakhi,RK1279,1
554,rakhi,RK1280,1
554,rakhi,RK1281,1
554,rakhi,RK1286,1
554,rakhi,RK1287,1
554,rakhi,RK1290,1
554,rakhi,RK130,1
554,rakhi,RK1309,1
554,rakhi,RK131,1
554,rakhi,RK1319,1
554,rakhi,RK1340,1
554,rakhi,RK1341,1
554,rakhi,RK1345,1
554,rakhi,RK1347,1
554,rakhi,RK1348,1
554,rakhi,RK1349,1
554,rakhi,RK1351,1
554,rakhi,RK1354,1
554,rakhi,RK1355,1
554,rakhi,RK1356,1
554,rakhi,RK1360,1
554,rakhi,RK1366,1
554,rakhi,RK1382,1
554,rakhi,RK1389,1
554,rakhi,RK14,1
554,rakhi,RK1402,1
554,rakhi,RK1405,1
554,rakhi,RK146,1
554,rakhi,RK1597,1
554,rakhi,RK1600,1
554,rakhi,RK1601,1
554,rakhi,RK1608,1
554,rakhi,RK1609,1
554,rakhi,RK1616,1
554,rakhi,RK1618,1
554,rakhi,RK1619,1
554,rakhi,RK1621,1
554,rakhi,RK1622,1
554,rakhi,RK1625,1
554,rakhi,RK1634,1
554,rakhi,RK1636,1
554,rakhi,RK1639,1
554,rakhi,RK1639_2,1
554,rakhi,RK1639_3,1
554,rakhi,RK1642,1
554,rakhi,RK1643,1
554,rakhi,RK1644,1
554,rakhi,RK1646,1
554,rakhi,RK1649,1
554,rakhi,RK1653,1
554,rakhi,RK1655,1
554,rakhi,RK1657,1
554,rakhi,RK1663,1
554,rakhi,RK1663_2,1
554,rakhi,RK1664,1
554,rakhi,RK1669,1
554,rakhi,RK1670,1
554,rakhi,RK1672,1
554,rakhi,RK1673,1
554,rakhi,RK1676,1
554,rakhi,RK1682,1
554,rakhi,RK169,1
554,rakhi,RK1692,1
554,rakhi,RK1693,1
554,rakhi,RK1694,1
554,rakhi,RK1695,1
554,rakhi,RK1699,1
554,rakhi,RK1703,1
554,rakhi,RK1704,1
554,rakhi,RK1705,1
554,rakhi,RK1706,1
554,rakhi,RK1711,1
554,rakhi,RK1712,1
554,rakhi,RK1713,1
554,rakhi,RK1714,1
554,rakhi,RK1716,1
554,rakhi,RK1717,1
554,rakhi,RK1718,1
554,rakhi,RK1719,1
554,rakhi,RK1720,1
554,rakhi,RK1723,1
554,rakhi,RK1724,1
554,rakhi,RK1725,1
554,rakhi,RK1740,1
554,rakhi,RK1741,1
554,rakhi,RK1742,1
554,rakhi,RK1747,1
554,rakhi,RK1750,1
554,rakhi,RK1752,1
554,rakhi,RK1756,1
554,rakhi,RK1757,1
554,rakhi,RK1758,1
554,rakhi,RK1759,1
554,rakhi,RK176,1
554,rakhi,RK1761,1
554,rakhi,RK1762,1
554,rakhi,RK1764,1
554,rakhi,RK1766,1
554,rakhi,RK1770,1
554,rakhi,RK1774,1
554,rakhi,RK1775,1
554,rakhi,RK1778,1
554,rakhi,RK1780,1
554,rakhi,RK1781,1
554,rakhi,RK1782,1
554,rakhi,RK1783,1
554,rakhi,RK1784,1
554,rakhi,RK1785,1
554,rakhi,RK1786,1
554,rakhi,RK1787,1
554,rakhi,RK1788,1
554,rakhi,RK1789,1
554,rakhi,RK1792,1
554,rakhi,RK1793,1
554,rakhi,RK1793_2,1
554,rakhi,RK1795,1
554,rakhi,RK1796,1
554,rakhi,RK1797,1
554,rakhi,RK1799,1
554,rakhi,RK1800,1
554,rakhi,RK1802,1
554,rakhi,RK1803,1
554,rakhi,RK1804,1
554,rakhi,RK1805,1
554,rakhi,RK1806,1
554,rakhi,RK1807,1
554,rakhi,RK181,1
554,rakhi,RK1814,1
554,rakhi,RK1815,1
554,rakhi,RK1816,1
554,rakhi,RK1819,1
554,rakhi,RK1820,1
554,rakhi,RK1821,1
554,rakhi,RK1823,1
554,rakhi,RK1825,1
554,rakhi,RK1826,1
554,rakhi,RK1841,1
554,rakhi,RK1843,1
554,rakhi,RK1845,1
554,rakhi,RK1849,1
554,rakhi,RK185,1
554,rakhi,RK1850,1
554,rakhi,RK1852,1
554,rakhi,RK1858,1
554,rakhi,RK1859,1
554,rakhi,RK1861,1
554,rakhi,RK1864,1
554,rakhi,RK1865,1
554,rakhi,RK1870,1
554,rakhi,RK1874,1
554,rakhi,RK1875,1
554,rakhi,RK1882,1
554,rakhi,RK1884,1
554,rakhi,RK1887,1
554,rakhi,RK189,1
554,rakhi,RK1890,1
554,rakhi,RK1891,1
554,rakhi,RK1892,1
554,rakhi,RK1893,1
554,rakhi,RK1894,1
554,rakhi,RK1895,1
554,rakhi,RK1899,1
554,rakhi,RK1900,1
554,rakhi,RK1905,1
554,rakhi,RK1907,1
554,rakhi,RK1909,1
554,rakhi,RK1910,1
554,rakhi,RK1912,1
554,rakhi,RK1914,1
554,rakhi,RK1915,1
554,rakhi,RK1916,1
554,rakhi,RK1917,1
554,rakhi,RK1919,1
554,rakhi,RK1920,1
554,rakhi,RK1921,1
554,rakhi,RK1922,1
554,rakhi,RK1923,1
554,rakhi,RK1925,1
554,rakhi,RK1926,1
554,rakhi,RK1927,1
554,rakhi,RK1928,1
554,rakhi,RK1933,1
554,rakhi,RK1940,1
554,rakhi,RK1945,1
554,rakhi,RK1947,1
554,rakhi,RK1949,1
554,rakhi,RK1950,1
554,rakhi,RK1954,1
554,rakhi,RK1957,1
554,rakhi,RK1958,1
554,rakhi,RK196,1
554,rakhi,RK1966,1
554,rakhi,RK1976,1
554,rakhi,RK1978,1
554,rakhi,RK1979,1
554,rakhi,RK1981,1
554,rakhi,RK1982,1
554,rakhi,RK1983,1
554,rakhi,RK1989,1
554,rakhi,RK1992,1
554,rakhi,RK1995,1
554,rakhi,RK1997,1
554,rakhi,RK1998,1
554,rakhi,RK2003,1
554,rakhi,RK2004,1
554,rakhi,RK2006,1
554,rakhi,RK201,1
554,rakhi,RK2011,1
554,rakhi,RK2020,1
554,rakhi,RK2021,1
554,rakhi,RK2022,1
554,rakhi,RK2023,1
554,rakhi,RK2031,1
554,rakhi,RK2031_2,1
554,rakhi,RK2033,1
554,rakhi,RK2035,1
554,rakhi,RK2041,1
554,rakhi,RK2041_2,1
554,rakhi,RK2042,1
554,rakhi,RK2043,1
554,rakhi,RK2045,1
554,rakhi,RK2046,1
554,rakhi,RK2047,1
554,rakhi,RK2052,1
554,rakhi,RK2053,1
554,rakhi,RK2059,1
554,rakhi,RK2074,1
554,rakhi,RK2098,1
554,rakhi,RK2107,1
554,rakhi,RK227,1
554,rakhi,RK229,1
554,rakhi,RK234,1
554,rakhi,RK236,1
554,rakhi,RK237,1
554,rakhi,RK238,1
554,rakhi,RK240,1
554,rakhi,RK241,1
554,rakhi,RK248,1
554,rakhi,RK250,1
554,rakhi,RK264,1
554,rakhi,RK271,1
554,rakhi,RK272,1
554,rakhi,RK273,1
554,rakhi,RK276,1
554,rakhi,RK279,1
554,rakhi,RK283,1
554,rakhi,RK290,1
554,rakhi,RK298,1
554,rakhi,RK303,1
554,rakhi,RK304,1
554,rakhi,RK345,1
554,rakhi,RK350,1
554,rakhi,RK351,1
554,rakhi,RK353,1
554,rakhi,RK354,1
554,rakhi,RK355,1
554,rakhi,RK357,1
554,rakhi,RK361,1
554,rakhi,RK367,1
554,rakhi,RK368,1
554,rakhi,RK369,1
554,rakhi,RK371,1
554,rakhi,RK372,1
554,rakhi,RK374,1
554,rakhi,RK380,1
554,rakhi,RK381,1
554,rakhi,RK396,1
554,rakhi,RK398,1
554,rakhi,RK409,1
554,rakhi,RK410,1
554,rakhi,RK412,1
554,rakhi,RK433,1
554,rakhi,RK434,1
554,rakhi,RK437,1
554,rakhi,RK438,1
554,rakhi,RK441,1
554,rakhi,RK455,1
554,rakhi,RK457,1
554,rakhi,RK464,1
554,rakhi,RK466,1
554,rakhi,RK468,1
554,rakhi,RK474,1
554,rakhi,RK48,1
554,rakhi,RK484,1
554,rakhi,RK488,1
554,rakhi,RK492,1
554,rakhi,RK493,1
554,rakhi,RK499,1
554,rakhi,RK513,1
554,rakhi,RK516,1
554,rakhi,RK517,1
554,rakhi,RK526,1
554,rakhi,RK53,1
554,rakhi,RK539,1
554,rakhi,RK55,1
554,rakhi,RK550,1
554,rakhi,RK552,1
554,rakhi,RK554,1
554,rakhi,RK57,1
554,rakhi,RK582,1
554,rakhi,RK585,1
554,rakhi,RK589,1
554,rakhi,RK60,1
554,rakhi,RK61,1
554,rakhi,RK613,1
554,rakhi,RK617,1
554,rakhi,RK620,1
554,rakhi,RK63,1
554,rakhi,RK639,1
554,rakhi,RK643,1
554,rakhi,RK645,1
554,rakhi,RK648,1
554,rakhi,RK653,1
554,rakhi,RK663,1
554,rakhi,RK664,1
554,rakhi,RK665,1
554,rakhi,RK67,1
554,rakhi,RK671,1
554,rakhi,RK673,1
554,rakhi,RK680,1
554,rakhi,RK69,1
554,rakhi,RK70,1
554,rakhi,RK715,1
554,rakhi,RK719,1
554,rakhi,RK72,1
554,rakhi,RK722,1
554,rakhi,RK73,1
554,rakhi,RK733,1
554,rakhi,RK737,1
554,rakhi,RK75,1
554,rakhi,RK757,1
554,rakhi,RK766,1
554,rakhi,RK767,1
554,rakhi,RK77,1
554,rakhi,RK771,1
554,rakhi,RK773,1
554,rakhi,RK79,1
554,rakhi,RK796,1
554,rakhi,RK80,1
554,rakhi,RK808,1
554,rakhi,RK81,1
554,rakhi,RK819,1
554,rakhi,RK828,1
554,rakhi,RK83,1
554,rakhi,RK832,1
554,rakhi,RK833,1
554,rakhi,RK834,1
554,rakhi,RK835,1
554,rakhi,RK838,1
554,rakhi,RK840,1
554,rakhi,RK846,1
554,rakhi,RK848,1
554,rakhi,RK849,1
554,rakhi,RK853,1
554,rakhi,RK854,1
554,rakhi,RK859,1
554,rakhi,RK860,1
554,rakhi,RK864,1
554,rakhi,RK865,1
554,rakhi,RK866,1
554,rakhi,RK869,1
554,rakhi,RK874,1
554,rakhi,RK887,1
554,rakhi,RK887_2,1
554,rakhi,RK889,1
554,rakhi,RK891,1
554,rakhi,RK894,1
554,rakhi,RK900,1
554,rakhi,RK905,1
554,rakhi,RK906,1
554,rakhi,RK911,1
554,rakhi,RK913,1
554,rakhi,RK915,1
554,rakhi,RK917,1
554,rakhi,RK918,1
554,rakhi,RK919,1
554,rakhi,RK920,1
554,rakhi,RK921,1
554,rakhi,RK922,1
554,rakhi,RK923,1
554,rakhi,RK924,1
554,rakhi,RK925,1
554,rakhi,RK926,1
554,rakhi,RK927,1
554,rakhi,RK928,1
554,rakhi,RK929,1
554,rakhi,RK930,1
554,rakhi,RK931,1
554,rakhi,RK932,1
554,rakhi,RK933,1
554,rakhi,RK934,1
554,rakhi,RK935,1
554,rakhi,RK936,1
554,rakhi,RK937,1
554,rakhi,RK938,1
554,rakhi,RK939,1
554,rakhi,RK940,1
554,rakhi,RK941,1
554,rakhi,RK948,1
554,rakhi,RK951,1
554,rakhi,RK954,1
554,rakhi,RK955,1
554,rakhi,RK956,1
554,rakhi,RK957,1
554,rakhi,RK958,1
554,rakhi,RK960,1
554,rakhi,RK961,1
554,rakhi,RK965,1
554,rakhi,RK966,1
554,rakhi,RK968,1
554,rakhi,RK970,1
554,rakhi,RK973,1
554,rakhi,RK978,1
554,rakhi,RK979,1
554,rakhi,RK980,1
554,rakhi,RK981,1
554,rakhi,RK982,1
554,rakhi,RK983,1
554,rakhi,RK985,1
554,rakhi,RK987,1
554,rakhi,RK989,1
554,rakhi,RK991,1
554,rakhi,RK993,1
554,rakhi,RK994,1
554,rakhi,RK995,1
554,rakhi,RK999,1
555,rakhi,RK1,1
555,rakhi,RK1000,1
555,rakhi,RK1001,1
555,rakhi,RK1003,1
555,rakhi,RK1004,1
555,rakhi,RK1005,1
555,rakhi,RK1012,1
555,rakhi,RK1013,1
555,rakhi,RK1015,1
555,rakhi,RK1017,1
555,rakhi,RK1019,1
555,rakhi,RK1022,1
555,rakhi,RK1023,1
555,rakhi,RK1025,1
555,rakhi,RK1026,1
555,rakhi,RK1027,1
555,rakhi,RK1040,1
555,rakhi,RK1050,1
555,rakhi,RK1050_2,1
555,rakhi,RK1061,1
555,rakhi,RK1061_2,1
555,rakhi,RK1066,1
555,rakhi,RK1078,1
555,rakhi,RK1079,1
555,rakhi,RK1083,1
555,rakhi,RK1084,1
555,rakhi,RK1085,1
555,rakhi,RK110,1
555,rakhi,RK1104,1
555,rakhi,RK111,1
555,rakhi,RK1119,1
555,rakhi,RK1126,1
555,rakhi,RK1127,1
555,rakhi,RK1128,1
555,rakhi,RK1135,1
555,rakhi,RK1136,1
555,rakhi,RK1137,1
555,rakhi,RK1139,1
555,rakhi,RK1141,1
555,rakhi,RK1142,1
555,rakhi,RK1143,1
555,rakhi,RK1148,1
555,rakhi,RK1150,1
555,rakhi,RK1161,1
555,rakhi,RK1162,1
555,rakhi,RK1163,1
555,rakhi,RK1164,1
555,rakhi,RK1167,1
555,rakhi,RK1168,1
555,rakhi,RK1170,1
555,rakhi,RK1171,1
555,rakhi,RK1172,1
555,rakhi,RK1173,1
555,rakhi,RK1174,1
555,rakhi,RK1184,1
555,rakhi,RK1190,1
555,rakhi,RK1191,1
555,rakhi,RK1202,1
555,rakhi,RK1203,1
555,rakhi,RK1204,1
555,rakhi,RK1207,1
555,rakhi,RK1208,1
555,rakhi,RK1210,1
555,rakhi,RK1211,1
555,rakhi,RK1212,1
555,rakhi,RK1213,1
555,rakhi,RK1214,1
555,rakhi,RK1215,1
555,rakhi,RK1216,1
555,rakhi,RK1217,1
555,rakhi,RK1218,1
555,rakhi,RK1219,1
555,rakhi,RK1220,1
555,rakhi,RK1221,1
555,rakhi,RK1223,1
555,rakhi,RK1224,1
555,rakhi,RK1225,1
555,rakhi,RK1226,1
555,rakhi,RK1227,1
555,rakhi,RK1228,1
555,rakhi,RK1230,1
555,rakhi,RK1231,1
555,rakhi,RK1236,1
555,rakhi,RK1237,1
555,rakhi,RK1238,1
555,rakhi,RK1239,1
555,rakhi,RK1240,1
555,rakhi,RK1241,1
555,rakhi,RK1244,1
555,rakhi,RK1247,1
555,rakhi,RK1249,1
555,rakhi,RK1251,1
555,rakhi,RK1252,1
555,rakhi,RK1255,1
555,rakhi,RK1256,1
555,rakhi,RK1257,1
555,rakhi,RK1258,1
555,rakhi,RK1259,1
555,rakhi,RK1261,1
555,rakhi,RK1263,1
555,rakhi,RK1264,1
555,rakhi,RK1265,1
555,rakhi,RK1266,1
555,rakhi,RK1267,1
555,rakhi,RK1268,1
555,rakhi,RK1271,1
555,rakhi,RK1274,1
555,rakhi,RK1275,1
555,rakhi,RK1278,1
555,rakhi,RK1279,1
555,rakhi,RK1280,1
555,rakhi,RK1281,1
555,rakhi,RK1286,1
555,rakhi,RK1287,1
555,rakhi,RK1290,1
555,rakhi,RK130,1
555,rakhi,RK1309,1
555,rakhi,RK131,1
555,rakhi,RK1319,1
555,rakhi,RK1340,1
555,rakhi,RK1341,1
555,rakhi,RK1345,1
555,rakhi,RK1347,1
555,rakhi,RK1348,1
555,rakhi,RK1349,1
555,rakhi,RK1351,1
555,rakhi,RK1354,1
555,rakhi,RK1355,1
555,rakhi,RK1356,1
555,rakhi,RK1360,1
555,rakhi,RK1366,1
555,rakhi,RK1382,1
555,rakhi,RK1389,1
555,rakhi,RK14,1
555,rakhi,RK1402,1
555,rakhi,RK1405,1
555,rakhi,RK146,1
555,rakhi,RK1597,1
555,rakhi,RK1600,1
555,rakhi,RK1601,1
555,rakhi,RK1608,1
555,rakhi,RK1609,1
555,rakhi,RK1616,1
555,rakhi,RK1618,1
555,rakhi,RK1619,1
555,rakhi,RK1621,1
555,rakhi,RK1622,1
555,rakhi,RK1625,1
555,rakhi,RK1634,1
555,rakhi,RK1636,1
555,rakhi,RK1639,1
555,rakhi,RK1639_2,1
555,rakhi,RK1639_3,1
555,rakhi,RK1642,1
555,rakhi,RK1643,1
555,rakhi,RK1644,1
555,rakhi,RK1646,1
555,rakhi,RK1649,1
555,rakhi,RK1653,1
555,rakhi,RK1655,1
555,rakhi,RK1657,1
555,rakhi,RK1663,1
555,rakhi,RK1663_2,1
555,rakhi,RK1664,1
555,rakhi,RK1669,1
555,rakhi,RK1670,1
555,rakhi,RK1672,1
555,rakhi,RK1673,1
555,rakhi,RK1676,1
555,rakhi,RK1682,1
555,rakhi,RK169,1
555,rakhi,RK1692,1
555,rakhi,RK1693,1
555,rakhi,RK1694,1
555,rakhi,RK1695,1
555,rakhi,RK1699,1
555,rakhi,RK1703,1
555,rakhi,RK1704,1
555,rakhi,RK1705,1
555,rakhi,RK1706,1
555,rakhi,RK1711,1
555,rakhi,RK1712,1
555,rakhi,RK1713,1
555,rakhi,RK1714,1
555,rakhi,RK1716,1
555,rakhi,RK1717,1
555,rakhi,RK1718,1
555,rakhi,RK1719,1
555,rakhi,RK1720,1
555,rakhi,RK1723,1
555,rakhi,RK1724,1
555,rakhi,RK1725,1
555,rakhi,RK1740,1
555,rakhi,RK1741,1
555,rakhi,RK1742,1
555,rakhi,RK1747,1
555,rakhi,RK1750,1
555,rakhi,RK1752,1
555,rakhi,RK1756,1
555,rakhi,RK1757,1
555,rakhi,RK1758,1
555,rakhi,RK1759,1
555,rakhi,RK176,1
555,rakhi,RK1761,1
555,rakhi,RK1762,1
555,rakhi,RK1764,1
555,rakhi,RK1766,1
555,rakhi,RK1770,1
555,rakhi,RK1774,1
555,rakhi,RK1775,1
555,rakhi,RK1778,1
555,rakhi,RK1780,1
555,rakhi,RK1781,1
555,rakhi,RK1782,1
555,rakhi,RK1783,1
555,rakhi,RK1784,1
555,rakhi,RK1785,1
555,rakhi,RK1786,1
555,rakhi,RK1787,1
555,rakhi,RK1788,1
555,rakhi,RK1789,1
555,rakhi,RK1792,1
555,rakhi,RK1793,1
555,rakhi,RK1793_2,1
555,rakhi,RK1795,1
555,rakhi,RK1796,1
555,rakhi,RK1797,1
555,rakhi,RK1799,1
555,rakhi,RK1800,1
555,rakhi,RK1802,1
555,rakhi,RK1803,1
555,rakhi,RK1804,1
555,rakhi,RK1805,1
555,rakhi,RK1806,1
555,rakhi,RK1807,1
555,rakhi,RK181,1
555,rakhi,RK1814,1
555,rakhi,RK1815,1
555,rakhi,RK1816,1
555,rakhi,RK1819,1
555,rakhi,RK1820,1
555,rakhi,RK1821,1
555,rakhi,RK1823,1
555,rakhi,RK1825,1
555,rakhi,RK1826,1
555,rakhi,RK1841,1
555,rakhi,RK1843,1
555,rakhi,RK1845,1
555,rakhi,RK1849,1
555,rakhi,RK185,1
555,rakhi,RK1850,1
555,rakhi,RK1852,1
555,rakhi,RK1858,1
555,rakhi,RK1859,1
555,rakhi,RK1861,1
555,rakhi,RK1864,1
555,rakhi,RK1865,1
555,rakhi,RK1870,1
555,rakhi,RK1874,1
555,rakhi,RK1875,1
555,rakhi,RK1882,1
555,rakhi,RK1884,1
555,rakhi,RK1887,1
555,rakhi,RK189,1
555,rakhi,RK1890,1
555,rakhi,RK1891,1
555,rakhi,RK1892,1
555,rakhi,RK1893,1
555,rakhi,RK1894,1
555,rakhi,RK1895,1
555,rakhi,RK1899,1
555,rakhi,RK1900,1
555,rakhi,RK1905,1
555,rakhi,RK1907,1
555,rakhi,RK1909,1
555,rakhi,RK1910,1
555,rakhi,RK1912,1
555,rakhi,RK1914,1
555,rakhi,RK1915,1
555,rakhi,RK1916,1
555,rakhi,RK1917,1
555,rakhi,RK1919,1
555,rakhi,RK1920,1
555,rakhi,RK1921,1
555,rakhi,RK1922,1
555,rakhi,RK1923,1
555,rakhi,RK1925,1
555,rakhi,RK1926,1
555,rakhi,RK1927,1
555,rakhi,RK1928,1
555,rakhi,RK1933,1
555,rakhi,RK1940,1
555,rakhi,RK1945,1
555,rakhi,RK1947,1
555,rakhi,RK1949,1
555,rakhi,RK1950,1
555,rakhi,RK1954,1
555,rakhi,RK1957,1
555,rakhi,RK1958,1
555,rakhi,RK196,1
555,rakhi,RK1966,1
555,rakhi,RK1976,1
555,rakhi,RK1978,1
555,rakhi,RK1979,1
555,rakhi,RK1981,1
555,rakhi,RK1982,1
555,rakhi,RK1983,1
555,rakhi,RK1989,1
555,rakhi,RK1992,1
555,rakhi,RK1995,1
555,rakhi,RK1997,1
555,rakhi,RK1998,1
555,rakhi,RK2003,1
555,rakhi,RK2004,1
555,rakhi,RK2006,1
555,rakhi,RK201,1
555,rakhi,RK2011,1
555,rakhi,RK2020,1
555,rakhi,RK2021,1
555,rakhi,RK2022,1
555,rakhi,RK2023,1
555,rakhi,RK2031,1
555,rakhi,RK2031_2,1
555,rakhi,RK2033,1
555,rakhi,RK2035,1
555,rakhi,RK2041,1
555,rakhi,RK2041_2,1
555,rakhi,RK2042,1
555,rakhi,RK2043,1
555,rakhi,RK2045,1
555,rakhi,RK2046,1
555,rakhi,RK2047,1
555,rakhi,RK2052,1
555,rakhi,RK2053,1
555,rakhi,RK2059,1
555,rakhi,RK2074,1
555,rakhi,RK2098,1
555,rakhi,RK2107,1
555,rakhi,RK227,1
555,rakhi,RK229,1
555,rakhi,RK234,1
555,rakhi,RK236,1
555,rakhi,RK237,1
555,rakhi,RK238,1
555,rakhi,RK240,1
555,rakhi,RK241,1
555,rakhi,RK248,1
555,rakhi,RK250,1
555,rakhi,RK264,1
555,rakhi,RK271,1
555,rakhi,RK272,1
555,rakhi,RK273,1
555,rakhi,RK276,1
555,rakhi,RK279,1
555,rakhi,RK283,1
555,rakhi,RK290,1
555,rakhi,RK298,1
555,rakhi,RK303,1
555,rakhi,RK304,1
555,rakhi,RK345,1
555,rakhi,RK350,1
555,rakhi,RK351,1
555,rakhi,RK353,1
555,rakhi,RK354,1
555,rakhi,RK355,1
555,rakhi,RK357,1
555,rakhi,RK361,1
555,rakhi,RK367,1
555,rakhi,RK368,1
555,rakhi,RK369,1
555,rakhi,RK371,1
555,rakhi,RK372,1
555,rakhi,RK374,1
555,rakhi,RK380,1
555,rakhi,RK381,1
555,rakhi,RK396,1
555,rakhi,RK398,1
555,rakhi,RK409,1
555,rakhi,RK410,1
555,rakhi,RK412,1
555,rakhi,RK433,1
555,rakhi,RK434,1
555,rakhi,RK437,1
555,rakhi,RK438,1
555,rakhi,RK441,1
555,rakhi,RK455,1
555,rakhi,RK457,1
555,rakhi,RK464,1
555,rakhi,RK466,1
555,rakhi,RK468,1
555,rakhi,RK474,1
555,rakhi,RK48,1
555,rakhi,RK484,1
555,rakhi,RK488,1
555,rakhi,RK492,1
555,rakhi,RK493,1
555,rakhi,RK499,1
555,rakhi,RK513,1
555,rakhi,RK516,1
555,rakhi,RK517,1
555,rakhi,RK526,1
555,rakhi,RK53,1
555,rakhi,RK539,1
555,rakhi,RK55,1
555,rakhi,RK550,1
555,rakhi,RK552,1
555,rakhi,RK554,1
555,rakhi,RK57,1
555,rakhi,RK582,1
555,rakhi,RK585,1
555,rakhi,RK589,1
555,rakhi,RK60,1
555,rakhi,RK61,1
555,rakhi,RK613,1
555,rakhi,RK617,1
555,rakhi,RK620,1
555,rakhi,RK63,1
555,rakhi,RK639,1
555,rakhi,RK643,1
555,rakhi,RK645,1
555,rakhi,RK648,1
555,rakhi,RK653,1
555,rakhi,RK663,1
555,rakhi,RK664,1
555,rakhi,RK665,1
555,rakhi,RK67,1
555,rakhi,RK671,1
555,rakhi,RK673,1
555,rakhi,RK680,1
555,rakhi,RK69,1
555,rakhi,RK70,1
555,rakhi,RK715,1
555,rakhi,RK719,1
555,rakhi,RK72,1
555,rakhi,RK722,1
555,rakhi,RK73,1
555,rakhi,RK733,1
555,rakhi,RK737,1
555,rakhi,RK75,1
555,rakhi,RK757,1
555,rakhi,RK766,1
555,rakhi,RK767,1
555,rakhi,RK77,1
555,rakhi,RK771,1
555,rakhi,RK773,1
555,rakhi,RK79,1
555,rakhi,RK796,1
555,rakhi,RK80,1
555,rakhi,RK808,1
555,rakhi,RK81,1
555,rakhi,RK819,1
555,rakhi,RK828,1
555,rakhi,RK83,1
555,rakhi,RK832,1
555,rakhi,RK833,1
555,rakhi,RK834,1
555,rakhi,RK835,1
555,rakhi,RK838,1
555,rakhi,RK840,1
555,rakhi,RK846,1
555,rakhi,RK848,1
555,rakhi,RK849,1
555,rakhi,RK853,1
555,rakhi,RK854,1
555,rakhi,RK859,1
555,rakhi,RK860,1
555,rakhi,RK864,1
555,rakhi,RK865,1
555,rakhi,RK866,1
555,rakhi,RK869,1
555,rakhi,RK874,1
555,rakhi,RK887,1
555,rakhi,RK887_2,1
555,rakhi,RK889,1
555,rakhi,RK891,1
555,rakhi,RK894,1
555,rakhi,RK900,1
555,rakhi,RK905,1
555,rakhi,RK906,1
555,rakhi,RK911,1
555,rakhi,RK913,1
555,rakhi,RK915,1
555,rakhi,RK917,1
555,rakhi,RK918,1
555,rakhi,RK919,1
555,rakhi,RK920,1
555,rakhi,RK921,1
555,rakhi,RK922,1
555,rakhi,RK923,1
555,rakhi,RK924,1
555,rakhi,RK925,1
555,rakhi,RK926,1
555,rakhi,RK927,1
555,rakhi,RK928,1
555,rakhi,RK929,1
555,rakhi,RK930,1
555,rakhi,RK931,1
555,rakhi,RK932,1
555,rakhi,RK933,1
555,rakhi,RK934,1
555,rakhi,RK935,1
555,rakhi,RK936,1
555,rakhi,RK937,1
555,rakhi,RK938,1
555,rakhi,RK939,1
555,rakhi,RK940,1
555,rakhi,RK941,1
555,rakhi,RK948,1
555,rakhi,RK951,1
555,rakhi,RK954,1
555,rakhi,RK955,1
555,rakhi,RK956,1
555,rakhi,RK957,1
555,rakhi,RK958,1
555,rakhi,RK960,1
555,rakhi,RK961,1
555,rakhi,RK965,1
555,rakhi,RK966,1
555,rakhi,RK968,1
555,rakhi,RK970,1
555,rakhi,RK973,1
555,rakhi,RK978,1
555,rakhi,RK979,1
555,rakhi,RK980,1
555,rakhi,RK981,1
555,rakhi,RK982,1
555,rakhi,RK983,1
555,rakhi,RK985,1
555,rakhi,RK987,1
555,rakhi,RK989,1
555,rakhi,RK991,1
555,rakhi,RK993,1
555,rakhi,RK994,1
555,rakhi,RK995,1
555,rakhi,RK999,1
556,rakhi,RK1,1
556,rakhi,RK1000,1
556,rakhi,RK1001,1
556,rakhi,RK1003,1
556,rakhi,RK1004,1
556,rakhi,RK1005,1
556,rakhi,RK1012,1
556,rakhi,RK1013,1
556,rakhi,RK1015,1
556,rakhi,RK1017,1
556,rakhi,RK1019,1
556,rakhi,RK1022,1
556,rakhi,RK1023,1
556,rakhi,RK1025,1
556,rakhi,RK1026,1
556,rakhi,RK1027,1
556,rakhi,RK1040,1
556,rakhi,RK1050,1
556,rakhi,RK1050_2,1
556,rakhi,RK1061,1
556,rakhi,RK1061_2,1
556,rakhi,RK1066,1
556,rakhi,RK1078,1
556,rakhi,RK1079,1
556,rakhi,RK1083,1
556,rakhi,RK1084,1
556,rakhi,RK1085,1
556,rakhi,RK110,1
556,rakhi,RK1104,1
556,rakhi,RK111,1
556,rakhi,RK1119,1
556,rakhi,RK1126,1
556,rakhi,RK1127,1
556,rakhi,RK1128,1
556,rakhi,RK1135,1
556,rakhi,RK1136,1
556,rakhi,RK1137,1
556,rakhi,RK1139,1
556,rakhi,RK1141,1
556,rakhi,RK1142,1
556,rakhi,RK1143,1
556,rakhi,RK1148,1
556,rakhi,RK1150,1
556,rakhi,RK1161,1
556,rakhi,RK1162,1
556,rakhi,RK1163,1
556,rakhi,RK1164,1
556,rakhi,RK1167,1
556,rakhi,RK1168,1
556,rakhi,RK1170,1
556,rakhi,RK1171,1
556,rakhi,RK1172,1
556,rakhi,RK1173,1
556,rakhi,RK1174,1
556,rakhi,RK1184,1
556,rakhi,RK1190,1
556,rakhi,RK1191,1
556,rakhi,RK1202,1
556,rakhi,RK1203,1
556,rakhi,RK1204,1
556,rakhi,RK1207,1
556,rakhi,RK1208,1
556,rakhi,RK1210,1
556,rakhi,RK1211,1
556,rakhi,RK1212,1
556,rakhi,RK1213,1
556,rakhi,RK1214,1
556,rakhi,RK1215,1
556,rakhi,RK1216,1
556,rakhi,RK1217,1
556,rakhi,RK1218,1
556,rakhi,RK1219,1
556,rakhi,RK1220,1
556,rakhi,RK1221,1
556,rakhi,RK1223,1
556,rakhi,RK1224,1
556,rakhi,RK1225,1
556,rakhi,RK1226,1
556,rakhi,RK1227,1
556,rakhi,RK1228,1
556,rakhi,RK1230,1
556,rakhi,RK1231,1
556,rakhi,RK1236,1
556,rakhi,RK1237,1
556,rakhi,RK1238,1
556,rakhi,RK1239,1
556,rakhi,RK1240,1
556,rakhi,RK1241,1
556,rakhi,RK1244,1
556,rakhi,RK1247,1
556,rakhi,RK1249,1
556,rakhi,RK1251,1
556,rakhi,RK1252,1
556,rakhi,RK1255,1
556,rakhi,RK1256,1
556,rakhi,RK1257,1
556,rakhi,RK1258,1
556,rakhi,RK1259,1
556,rakhi,RK1261,1
556,rakhi,RK1263,1
556,rakhi,RK1264,1
556,rakhi,RK1265,1
556,rakhi,RK1266,1
556,rakhi,RK1267,1
556,rakhi,RK1268,1
556,rakhi,RK1271,1
556,rakhi,RK1274,1
556,rakhi,RK1275,1
556,rakhi,RK1278,1
556,rakhi,RK1279,1
556,rakhi,RK1280,1
556,rakhi,RK1281,1
556,rakhi,RK1286,1
556,rakhi,RK1287,1
556,rakhi,RK1290,1
556,rakhi,RK130,1
556,rakhi,RK1309,1
556,rakhi,RK131,1
556,rakhi,RK1319,1
556,rakhi,RK1340,1
556,rakhi,RK1341,1
556,rakhi,RK1345,1
556,rakhi,RK1347,1
556,rakhi,RK1348,1
556,rakhi,RK1349,1
556,rakhi,RK1351,1
556,rakhi,RK1354,1
556,rakhi,RK1355,1
556,rakhi,RK1356,1
556,rakhi,RK1360,1
556,rakhi,RK1366,1
556,rakhi,RK1382,1
556,rakhi,RK1389,1
556,rakhi,RK14,1
556,rakhi,RK1402,1
556,rakhi,RK1405,1
556,rakhi,RK146,1
556,rakhi,RK1597,1
556,rakhi,RK1600,1
556,rakhi,RK1601,1
556,rakhi,RK1608,1
556,rakhi,RK1609,1
556,rakhi,RK1616,1
556,rakhi,RK1618,1
556,rakhi,RK1619,1
556,rakhi,RK1621,1
556,rakhi,RK1622,1
556,rakhi,RK1625,1
556,rakhi,RK1634,1
556,rakhi,RK1636,1
556,rakhi,RK1639,1
556,rakhi,RK1639_2,1
556,rakhi,RK1639_3,1
556,rakhi,RK1642,1
556,rakhi,RK1643,1
556,rakhi,RK1644,1
556,rakhi,RK1646,1
556,rakhi,RK1649,1
556,rakhi,RK1653,1
556,rakhi,RK1655,1
556,rakhi,RK1657,1
556,rakhi,RK1663,1
556,rakhi,RK1663_2,1
556,rakhi,RK1664,1
556,rakhi,RK1669,1
556,rakhi,RK1670,1
556,rakhi,RK1672,1
556,rakhi,RK1673,1
556,rakhi,RK1676,1
556,rakhi,RK1682,1
556,rakhi,RK169,1
556,rakhi,RK1692,1
556,rakhi,RK1693,1
556,rakhi,RK1694,1
556,rakhi,RK1695,1
556,rakhi,RK1699,1
556,rakhi,RK1703,1
556,rakhi,RK1704,1
556,rakhi,RK1705,1
556,rakhi,RK1706,1
556,rakhi,RK1711,1
556,rakhi,RK1712,1
556,rakhi,RK1713,1
556,rakhi,RK1714,1
556,rakhi,RK1716,1
556,rakhi,RK1717,1
556,rakhi,RK1718,1
556,rakhi,RK1719,1
556,rakhi,RK1720,1
556,rakhi,RK1723,1
556,rakhi,RK1724,1
556,rakhi,RK1725,1
556,rakhi,RK1740,1
556,rakhi,RK1741,1
556,rakhi,RK1742,1
556,rakhi,RK1747,1
556,rakhi,RK1750,1
556,rakhi,RK1752,1
556,rakhi,RK1756,1
556,rakhi,RK1757,1
556,rakhi,RK1758,1
556,rakhi,RK1759,1
556,rakhi,RK176,1
556,rakhi,RK1761,1
556,rakhi,RK1762,1
556,rakhi,RK1764,1
556,rakhi,RK1766,1
556,rakhi,RK1770,1
556,rakhi,RK1774,1
556,rakhi,RK1775,1
556,rakhi,RK1778,1
556,rakhi,RK1780,1
556,rakhi,RK1781,1
556,rakhi,RK1782,1
556,rakhi,RK1783,1
556,rakhi,RK1784,1
556,rakhi,RK1785,1
556,rakhi,RK1786,1
556,rakhi,RK1787,1
556,rakhi,RK1788,1
556,rakhi,RK1789,1
556,rakhi,RK1792,1
556,rakhi,RK1793,1
556,rakhi,RK1793_2,1
556,rakhi,RK1795,1
556,rakhi,RK1796,1
556,rakhi,RK1797,1
556,rakhi,RK1799,1
556,rakhi,RK1800,1
556,rakhi,RK1802,1
556,rakhi,RK1803,1
556,rakhi,RK1804,1
556,rakhi,RK1805,1
556,rakhi,RK1806,1
556,rakhi,RK1807,1
556,rakhi,RK181,1
556,rakhi,RK1814,1
556,rakhi,RK1815,1
556,rakhi,RK1816,1
556,rakhi,RK1819,1
556,rakhi,RK1820,1
556,rakhi,RK1821,1
556,rakhi,RK1823,1
556,rakhi,RK1825,1
556,rakhi,RK1826,1
556,rakhi,RK1841,1
556,rakhi,RK1843,1
556,rakhi,RK1845,1
556,rakhi,RK1849,1
556,rakhi,RK185,1
556,rakhi,RK1850,1
556,rakhi,RK1852,1
556,rakhi,RK1858,1
556,rakhi,RK1859,1
556,rakhi,RK1861,1
556,rakhi,RK1864,1
556,rakhi,RK1865,1
556,rakhi,RK1870,1
556,rakhi,RK1874,1
556,rakhi,RK1875,1
556,rakhi,RK1882,1
556,rakhi,RK1884,1
556,rakhi,RK1887,1
556,rakhi,RK189,1
556,rakhi,RK1890,1
556,rakhi,RK1891,1
556,rakhi,RK1892,1
556,rakhi,RK1893,1
556,rakhi,RK1894,1
556,rakhi,RK1895,1
556,rakhi,RK1899,1
556,rakhi,RK1900,1
556,rakhi,RK1905,1
556,rakhi,RK1907,1
556,rakhi,RK1909,1
556,rakhi,RK1910,1
556,rakhi,RK1912,1
556,rakhi,RK1914,1
556,rakhi,RK1915,1
556,rakhi,RK1916,1
556,rakhi,RK1917,1
556,rakhi,RK1919,1
556,rakhi,RK1920,1
556,rakhi,RK1921,1
556,rakhi,RK1922,1
556,rakhi,RK1923,1
556,rakhi,RK1925,1
556,rakhi,RK1926,1
556,rakhi,RK1927,1
556,rakhi,RK1928,1
556,rakhi,RK1933,1
556,rakhi,RK1940,1
556,rakhi,RK1945,1
556,rakhi,RK1947,1
556,rakhi,RK1949,1
556,rakhi,RK1950,1
556,rakhi,RK1954,1
556,rakhi,RK1957,1
556,rakhi,RK1958,1
556,rakhi,RK196,1
556,rakhi,RK1966,1
556,rakhi,RK1976,1
556,rakhi,RK1978,1
556,rakhi,RK1979,1
556,rakhi,RK1981,1
556,rakhi,RK1982,1
556,rakhi,RK1983,1
556,rakhi,RK1989,1
556,rakhi,RK1992,1
556,rakhi,RK1995,1
556,rakhi,RK1997,1
556,rakhi,RK1998,1
556,rakhi,RK2003,1
556,rakhi,RK2004,1
556,rakhi,RK2006,1
556,rakhi,RK201,1
556,rakhi,RK2011,1
556,rakhi,RK2020,1
556,rakhi,RK2021,1
556,rakhi,RK2022,1
556,rakhi,RK2023,1
556,rakhi,RK2031,1
556,rakhi,RK2031_2,1
556,rakhi,RK2033,1
556,rakhi,RK2035,1
556,rakhi,RK2041,1
556,rakhi,RK2041_2,1
556,rakhi,RK2042,1
556,rakhi,RK2043,1
556,rakhi,RK2045,1
556,rakhi,RK2046,1
556,rakhi,RK2047,1
556,rakhi,RK2052,1
556,rakhi,RK2053,1
556,rakhi,RK2059,1
556,rakhi,RK2074,1
556,rakhi,RK2098,1
556,rakhi,RK2107,1
556,rakhi,RK227,1
556,rakhi,RK229,1
556,rakhi,RK234,1
556,rakhi,RK236,1
556,rakhi,RK237,1
556,rakhi,RK238,1
556,rakhi,RK240,1
556,rakhi,RK241,1
556,rakhi,RK248,1
556,rakhi,RK250,1
556,rakhi,RK264,1
556,rakhi,RK271,1
556,rakhi,RK272,1
556,rakhi,RK273,1
556,rakhi,RK276,1
556,rakhi,RK279,1
556,rakhi,RK283,1
556,rakhi,RK290,1
556,rakhi,RK298,1
556,rakhi,RK303,1
556,rakhi,RK304,1
556,rakhi,RK345,1
556,rakhi,RK350,1
556,rakhi,RK351,1
556,rakhi,RK353,1
556,rakhi,RK354,1
556,rakhi,RK355,1
556,rakhi,RK357,1
556,rakhi,RK361,1
556,rakhi,RK367,1
556,rakhi,RK368,1
556,rakhi,RK369,1
556,rakhi,RK371,1
556,rakhi,RK372,1
556,rakhi,RK374,1
556,rakhi,RK380,1
556,rakhi,RK381,1
556,rakhi,RK396,1
556,rakhi,RK398,1
556,rakhi,RK409,1
556,rakhi,RK410,1
556,rakhi,RK412,1
556,rakhi,RK433,1
556,rakhi,RK434,1
556,rakhi,RK437,1
556,rakhi,RK438,1
556,rakhi,RK441,1
556,rakhi,RK455,1
556,rakhi,RK457,1
556,rakhi,RK464,1
556,rakhi,RK466,1
556,rakhi,RK468,1
556,rakhi,RK474,1
556,rakhi,RK48,1
556,rakhi,RK484,1
556,rakhi,RK488,1
556,rakhi,RK492,1
556,rakhi,RK493,1
556,rakhi,RK499,1
556,rakhi,RK513,1
556,rakhi,RK516,1
556,rakhi,RK517,1
556,rakhi,RK526,1
556,rakhi,RK53,1
556,rakhi,RK539,1
556,rakhi,RK55,1
556,rakhi,RK550,1
556,rakhi,RK552,1
556,rakhi,RK554,1
556,rakhi,RK57,1
556,rakhi,RK582,1
556,rakhi,RK585,1
556,rakhi,RK589,1
556,rakhi,RK60,1
556,rakhi,RK61,1
556,rakhi,RK613,1
556,rakhi,RK617,1
556,rakhi,RK620,1
556,rakhi,RK63,1
556,rakhi,RK639,1
556,rakhi,RK643,1
556,rakhi,RK645,1
556,rakhi,RK648,1
556,rakhi,RK653,1
556,rakhi,RK663,1
556,rakhi,RK664,1
556,rakhi,RK665,1
556,rakhi,RK67,1
556,rakhi,RK671,1
556,rakhi,RK673,1
556,rakhi,RK680,1
556,rakhi,RK69,1
556,rakhi,RK70,1
556,rakhi,RK715,1
556,rakhi,RK719,1
556,rakhi,RK72,1
556,rakhi,RK722,1
556,rakhi,RK73,1
556,rakhi,RK733,1
556,rakhi,RK737,1
556,rakhi,RK75,1
556,rakhi,RK757,1
556,rakhi,RK766,1
556,rakhi,RK767,1
556,rakhi,RK77,1
556,rakhi,RK771,1
556,rakhi,RK773,1
556,rakhi,RK79,1
556,rakhi,RK796,1
556,rakhi,RK80,1
556,rakhi,RK808,1
556,rakhi,RK81,1
556,rakhi,RK819,1
556,rakhi,RK828,1
556,rakhi,RK83,1
556,rakhi,RK832,1
556,rakhi,RK833,1
556,rakhi,RK834,1
556,rakhi,RK835,1
556,rakhi,RK838,1
556,rakhi,RK840,1
556,rakhi,RK846,1
556,rakhi,RK848,1
556,rakhi,RK849,1
556,rakhi,RK853,1
556,rakhi,RK854,1
556,rakhi,RK859,1
556,rakhi,RK860,1
556,rakhi,RK864,1
556,rakhi,RK865,1
556,rakhi,RK866,1
556,rakhi,RK869,1
556,rakhi,RK874,1
556,rakhi,RK887,1
556,rakhi,RK887_2,1
556,rakhi,RK889,1
556,rakhi,RK891,1
556,rakhi,RK894,1
556,rakhi,RK900,1
556,rakhi,RK905,1
556,rakhi,RK906,1
556,rakhi,RK911,1
556,rakhi,RK913,1
556,rakhi,RK915,1
556,rakhi,RK917,1
556,rakhi,RK918,1
556,rakhi,RK919,1
556,rakhi,RK920,1
556,rakhi,RK921,1
556,rakhi,RK922,1
556,rakhi,RK923,1
556,rakhi,RK924,1
556,rakhi,RK925,1
556,rakhi,RK926,1
556,rakhi,RK927,1
556,rakhi,RK928,1
556,rakhi,RK929,1
556,rakhi,RK930,1
556,rakhi,RK931,1
556,rakhi,RK932,1
556,rakhi,RK933,1
556,rakhi,RK934,1
556,rakhi,RK935,1
556,rakhi,RK936,1
556,rakhi,RK937,1
556,rakhi,RK938,1
556,rakhi,RK939,1
556,rakhi,RK940,1
556,rakhi,RK941,1
556,rakhi,RK948,1
556,rakhi,RK951,1
556,rakhi,RK954,1
556,rakhi,RK955,1
556,rakhi,RK956,1
556,rakhi,RK957,1
556,rakhi,RK958,1
556,rakhi,RK960,1
556,rakhi,RK961,1
556,rakhi,RK965,1
556,rakhi,RK966,1
556,rakhi,RK968,1
556,rakhi,RK970,1
556,rakhi,RK973,1
556,rakhi,RK978,1
556,rakhi,RK979,1
556,rakhi,RK980,1
556,rakhi,RK981,1
556,rakhi,RK982,1
556,rakhi,RK983,1
556,rakhi,RK985,1
556,rakhi,RK987,1
556,rakhi,RK989,1
556,rakhi,RK991,1
556,rakhi,RK993,1
556,rakhi,RK994,1
556,rakhi,RK995,1
556,rakhi,RK999,1
557,rakhi,RK1,1
557,rakhi,RK1000,1
557,rakhi,RK1001,1
557,rakhi,RK1003,1
557,rakhi,RK1004,1
557,rakhi,RK1005,1
557,rakhi,RK1012,1
557,rakhi,RK1013,1
557,rakhi,RK1015,1
557,rakhi,RK1017,1
557,rakhi,RK1019,1
557,rakhi,RK1022,1
557,rakhi,RK1023,1
557,rakhi,RK1025,1
557,rakhi,RK1026,1
557,rakhi,RK1027,1
557,rakhi,RK1040,1
557,rakhi,RK1050,1
557,rakhi,RK1050_2,1
557,rakhi,RK1061,1
557,rakhi,RK1061_2,1
557,rakhi,RK1066,1
557,rakhi,RK1078,1
557,rakhi,RK1079,1
557,rakhi,RK1083,1
557,rakhi,RK1084,1
557,rakhi,RK1085,1
557,rakhi,RK110,1
557,rakhi,RK1104,1
557,rakhi,RK111,1
557,rakhi,RK1119,1
557,rakhi,RK1126,1
557,rakhi,RK1127,1
557,rakhi,RK1128,1
557,rakhi,RK1135,1
557,rakhi,RK1136,1
557,rakhi,RK1137,1
557,rakhi,RK1139,1
557,rakhi,RK1141,1
557,rakhi,RK1142,1
557,rakhi,RK1143,1
557,rakhi,RK1148,1
557,rakhi,RK1150,1
557,rakhi,RK1161,1
557,rakhi,RK1162,1
557,rakhi,RK1163,1
557,rakhi,RK1164,1
557,rakhi,RK1167,1
557,rakhi,RK1168,1
557,rakhi,RK1170,1
557,rakhi,RK1171,1
557,rakhi,RK1172,1
557,rakhi,RK1173,1
557,rakhi,RK1174,1
557,rakhi,RK1184,1
557,rakhi,RK1190,1
557,rakhi,RK1191,1
557,rakhi,RK1202,1
557,rakhi,RK1203,1
557,rakhi,RK1204,1
557,rakhi,RK1207,1
557,rakhi,RK1208,1
557,rakhi,RK1210,1
557,rakhi,RK1211,1
557,rakhi,RK1212,1
557,rakhi,RK1213,1
557,rakhi,RK1214,1
557,rakhi,RK1215,1
557,rakhi,RK1216,1
557,rakhi,RK1217,1
557,rakhi,RK1218,1
557,rakhi,RK1219,1
557,rakhi,RK1220,1
557,rakhi,RK1221,1
557,rakhi,RK1223,1
557,rakhi,RK1224,1
557,rakhi,RK1225,1
557,rakhi,RK1226,1
557,rakhi,RK1227,1
557,rakhi,RK1228,1
557,rakhi,RK1230,1
557,rakhi,RK1231,1
557,rakhi,RK1236,1
557,rakhi,RK1237,1
557,rakhi,RK1238,1
557,rakhi,RK1239,1
557,rakhi,RK1240,1
557,rakhi,RK1241,1
557,rakhi,RK1244,1
557,rakhi,RK1247,1
557,rakhi,RK1249,1
557,rakhi,RK1251,1
557,rakhi,RK1252,1
557,rakhi,RK1255,1
557,rakhi,RK1256,1
557,rakhi,RK1257,1
557,rakhi,RK1258,1
557,rakhi,RK1259,1
557,rakhi,RK1261,1
557,rakhi,RK1263,1
557,rakhi,RK1264,1
557,rakhi,RK1265,1
557,rakhi,RK1266,1
557,rakhi,RK1267,1
557,rakhi,RK1268,1
557,rakhi,RK1271,1
557,rakhi,RK1274,1
557,rakhi,RK1275,1
557,rakhi,RK1278,1
557,rakhi,RK1279,1
557,rakhi,RK1280,1
557,rakhi,RK1281,1
557,rakhi,RK1286,1
557,rakhi,RK1287,1
557,rakhi,RK1290,1
557,rakhi,RK130,1
557,rakhi,RK1309,1
557,rakhi,RK131,1
557,rakhi,RK1319,1
557,rakhi,RK1340,1
557,rakhi,RK1341,1
557,rakhi,RK1345,1
557,rakhi,RK1347,1
557,rakhi,RK1348,1
557,rakhi,RK1349,1
557,rakhi,RK1351,1
557,rakhi,RK1354,1
557,rakhi,RK1355,1
557,rakhi,RK1356,1
557,rakhi,RK1360,1
557,rakhi,RK1366,1
557,rakhi,RK1382,1
557,rakhi,RK1389,1
557,rakhi,RK14,1
557,rakhi,RK1402,1
557,rakhi,RK1405,1
557,rakhi,RK146,1
557,rakhi,RK1597,1
557,rakhi,RK1600,1
557,rakhi,RK1601,1
557,rakhi,RK1608,1
557,rakhi,RK1609,1
557,rakhi,RK1616,1
557,rakhi,RK1618,1
557,rakhi,RK1619,1
557,rakhi,RK1621,1
557,rakhi,RK1622,1
557,rakhi,RK1625,1
557,rakhi,RK1634,1
557,rakhi,RK1636,1
557,rakhi,RK1639,1
557,rakhi,RK1639_2,1
557,rakhi,RK1639_3,1
557,rakhi,RK1642,1
557,rakhi,RK1643,1
557,rakhi,RK1644,1
557,rakhi,RK1646,1
557,rakhi,RK1649,1
557,rakhi,RK1653,1
557,rakhi,RK1655,1
557,rakhi,RK1657,1
557,rakhi,RK1663,1
557,rakhi,RK1663_2,1
557,rakhi,RK1664,1
557,rakhi,RK1669,1
557,rakhi,RK1670,1
557,rakhi,RK1672,1
557,rakhi,RK1673,1
557,rakhi,RK1676,1
557,rakhi,RK1682,1
557,rakhi,RK169,1
557,rakhi,RK1692,1
557,rakhi,RK1693,1
557,rakhi,RK1694,1
557,rakhi,RK1695,1
557,rakhi,RK1699,1
557,rakhi,RK1703,1
557,rakhi,RK1704,1
557,rakhi,RK1705,1
557,rakhi,RK1706,1
557,rakhi,RK1711,1
557,rakhi,RK1712,1
557,rakhi,RK1713,1
557,rakhi,RK1714,1
557,rakhi,RK1716,1
557,rakhi,RK1717,1
557,rakhi,RK1718,1
557,rakhi,RK1719,1
557,rakhi,RK1720,1
557,rakhi,RK1723,1
557,rakhi,RK1724,1
557,rakhi,RK1725,1
557,rakhi,RK1740,1
557,rakhi,RK1741,1
557,rakhi,RK1742,1
557,rakhi,RK1747,1
557,rakhi,RK1750,1
557,rakhi,RK1752,1
557,rakhi,RK1756,1
557,rakhi,RK1757,1
557,rakhi,RK1758,1
557,rakhi,RK1759,1
557,rakhi,RK176,1
557,rakhi,RK1761,1
557,rakhi,RK1762,1
557,rakhi,RK1764,1
557,rakhi,RK1766,1
557,rakhi,RK1770,1
557,rakhi,RK1774,1
557,rakhi,RK1775,1
557,rakhi,RK1778,1
557,rakhi,RK1780,1
557,rakhi,RK1781,1
557,rakhi,RK1782,1
557,rakhi,RK1783,1
557,rakhi,RK1784,1
557,rakhi,RK1785,1
557,rakhi,RK1786,1
557,rakhi,RK1787,1
557,rakhi,RK1788,1
557,rakhi,RK1789,1
557,rakhi,RK1792,1
557,rakhi,RK1793,1
557,rakhi,RK1793_2,1
557,rakhi,RK1795,1
557,rakhi,RK1796,1
557,rakhi,RK1797,1
557,rakhi,RK1799,1
557,rakhi,RK1800,1
557,rakhi,RK1802,1
557,rakhi,RK1803,1
557,rakhi,RK1804,1
557,rakhi,RK1805,1
557,rakhi,RK1806,1
557,rakhi,RK1807,1
557,rakhi,RK181,1
557,rakhi,RK1814,1
557,rakhi,RK1815,1
557,rakhi,RK1816,1
557,rakhi,RK1819,1
557,rakhi,RK1820,1
557,rakhi,RK1821,1
557,rakhi,RK1823,1
557,rakhi,RK1825,1
557,rakhi,RK1826,1
557,rakhi,RK1841,1
557,rakhi,RK1843,1
557,rakhi,RK1845,1
557,rakhi,RK1849,1
557,rakhi,RK185,1
557,rakhi,RK1850,1
557,rakhi,RK1852,1
557,rakhi,RK1858,1
557,rakhi,RK1859,1
557,rakhi,RK1861,1
557,rakhi,RK1864,1
557,rakhi,RK1865,1
557,rakhi,RK1870,1
557,rakhi,RK1874,1
557,rakhi,RK1875,1
557,rakhi,RK1882,1
557,rakhi,RK1884,1
557,rakhi,RK1887,1
557,rakhi,RK189,1
557,rakhi,RK1890,1
557,rakhi,RK1891,1
557,rakhi,RK1892,1
557,rakhi,RK1893,1
557,rakhi,RK1894,1
557,rakhi,RK1895,1
557,rakhi,RK1899,1
557,rakhi,RK1900,1
557,rakhi,RK1905,1
557,rakhi,RK1907,1
557,rakhi,RK1909,1
557,rakhi,RK1910,1
557,rakhi,RK1912,1
557,rakhi,RK1914,1
557,rakhi,RK1915,1
557,rakhi,RK1916,1
557,rakhi,RK1917,1
557,rakhi,RK1919,1
557,rakhi,RK1920,1
557,rakhi,RK1921,1
557,rakhi,RK1922,1
557,rakhi,RK1923,1
557,rakhi,RK1925,1
557,rakhi,RK1926,1
557,rakhi,RK1927,1
557,rakhi,RK1928,1
557,rakhi,RK1933,1
557,rakhi,RK1940,1
557,rakhi,RK1945,1
557,rakhi,RK1947,1
557,rakhi,RK1949,1
557,rakhi,RK1950,1
557,rakhi,RK1954,1
557,rakhi,RK1957,1
557,rakhi,RK1958,1
557,rakhi,RK196,1
557,rakhi,RK1966,1
557,rakhi,RK1976,1
557,rakhi,RK1978,1
557,rakhi,RK1979,1
557,rakhi,RK1981,1
557,rakhi,RK1982,1
557,rakhi,RK1983,1
557,rakhi,RK1989,1
557,rakhi,RK1992,1
557,rakhi,RK1995,1
557,rakhi,RK1997,1
557,rakhi,RK1998,1
557,rakhi,RK2003,1
557,rakhi,RK2004,1
557,rakhi,RK2006,1
557,rakhi,RK201,1
557,rakhi,RK2011,1
557,rakhi,RK2020,1
557,rakhi,RK2021,1
557,rakhi,RK2022,1
557,rakhi,RK2023,1
557,rakhi,RK2031,1
557,rakhi,RK2031_2,1
557,rakhi,RK2033,1
557,rakhi,RK2035,1
557,rakhi,RK2041,1
557,rakhi,RK2041_2,1
557,rakhi,RK2042,1
557,rakhi,RK2043,1
557,rakhi,RK2045,1
557,rakhi,RK2046,1
557,rakhi,RK2047,1
557,rakhi,RK2052,1
557,rakhi,RK2053,1
557,rakhi,RK2059,1
557,rakhi,RK2074,1
557,rakhi,RK2098,1
557,rakhi,RK2107,1
557,rakhi,RK227,1
557,rakhi,RK229,1
557,rakhi,RK234,1
557,rakhi,RK236,1
557,rakhi,RK237,1
557,rakhi,RK238,1
557,rakhi,RK240,1
557,rakhi,RK241,1
557,rakhi,RK248,1
557,rakhi,RK250,1
557,rakhi,RK264,1
557,rakhi,RK271,1
557,rakhi,RK272,1
557,rakhi,RK273,1
557,rakhi,RK276,1
557,rakhi,RK279,1
557,rakhi,RK283,1
557,rakhi,RK290,1
557,rakhi,RK298,1
557,rakhi,RK303,1
557,rakhi,RK304,1
557,rakhi,RK345,1
557,rakhi,RK350,1
557,rakhi,RK351,1
557,rakhi,RK353,1
557,rakhi,RK354,1
557,rakhi,RK355,1
557,rakhi,RK357,1
557,rakhi,RK361,1
557,rakhi,RK367,1
557,rakhi,RK368,1
557,rakhi,RK369,1
557,rakhi,RK371,1
557,rakhi,RK372,1
557,rakhi,RK374,1
557,rakhi,RK380,1
557,rakhi,RK381,1
557,rakhi,RK396,1
557,rakhi,RK398,1
557,rakhi,RK409,1
557,rakhi,RK410,1
557,rakhi,RK412,1
557,rakhi,RK433,1
557,rakhi,RK434,1
557,rakhi,RK437,1
557,rakhi,RK438,1
557,rakhi,RK441,1
557,rakhi,RK455,1
557,rakhi,RK457,1
557,rakhi,RK464,1
557,rakhi,RK466,1
557,rakhi,RK468,1
557,rakhi,RK474,1
557,rakhi,RK48,1
557,rakhi,RK484,1
557,rakhi,RK488,1
557,rakhi,RK492,1
557,rakhi,RK493,1
557,rakhi,RK499,1
557,rakhi,RK513,1
557,rakhi,RK516,1
557,rakhi,RK517,1
557,rakhi,RK526,1
557,rakhi,RK53,1
557,rakhi,RK539,1
557,rakhi,RK55,1
557,rakhi,RK550,1
557,rakhi,RK552,1
557,rakhi,RK554,1
557,rakhi,RK57,1
557,rakhi,RK582,1
557,rakhi,RK585,1
557,rakhi,RK589,1
557,rakhi,RK60,1
557,rakhi,RK61,1
557,rakhi,RK613,1
557,rakhi,RK617,1
557,rakhi,RK620,1
557,rakhi,RK63,1
557,rakhi,RK639,1
557,rakhi,RK643,1
557,rakhi,RK645,1
557,rakhi,RK648,1
557,rakhi,RK653,1
557,rakhi,RK663,1
557,rakhi,RK664,1
557,rakhi,RK665,1
557,rakhi,RK67,1
557,rakhi,RK671,1
557,rakhi,RK673,1
557,rakhi,RK680,1
557,rakhi,RK69,1
557,rakhi,RK70,1
557,rakhi,RK715,1
557,rakhi,RK719,1
557,rakhi,RK72,1
557,rakhi,RK722,1
557,rakhi,RK73,1
557,rakhi,RK733,1
557,rakhi,RK737,1
557,rakhi,RK75,1
557,rakhi,RK757,1
557,rakhi,RK766,1
557,rakhi,RK767,1
557,rakhi,RK77,1
557,rakhi,RK771,1
557,rakhi,RK773,1
557,rakhi,RK79,1
557,rakhi,RK796,1
557,rakhi,RK80,1
557,rakhi,RK808,1
557,rakhi,RK81,1
557,rakhi,RK819,1
557,rakhi,RK828,1
557,rakhi,RK83,1
557,rakhi,RK832,1
557,rakhi,RK833,1
557,rakhi,RK834,1
557,rakhi,RK835,1
557,rakhi,RK838,1
557,rakhi,RK840,1
557,rakhi,RK846,1
557,rakhi,RK848,1
557,rakhi,RK849,1
557,rakhi,RK853,1
557,rakhi,RK854,1
557,rakhi,RK859,1
557,rakhi,RK860,1
557,rakhi,RK864,1
557,rakhi,RK865,1
557,rakhi,RK866,1
557,rakhi,RK869,1
557,rakhi,RK874,1
557,rakhi,RK887,1
557,rakhi,RK887_2,1
557,rakhi,RK889,1
557,rakhi,RK891,1
557,rakhi,RK894,1
557,rakhi,RK900,1
557,rakhi,RK905,1
557,rakhi,RK906,1
557,rakhi,RK911,1
557,rakhi,RK913,1
557,rakhi,RK915,1
557,rakhi,RK917,1
557,rakhi,RK918,1
557,rakhi,RK919,1
557,rakhi,RK920,1
557,rakhi,RK921,1
557,rakhi,RK922,1
557,rakhi,RK923,1
557,rakhi,RK924,1
557,rakhi,RK925,1
557,rakhi,RK926,1
557,rakhi,RK927,1
557,rakhi,RK928,1
557,rakhi,RK929,1
557,rakhi,RK930,1
557,rakhi,RK931,1
557,rakhi,RK932,1
557,rakhi,RK933,1
557,rakhi,RK934,1
557,rakhi,RK935,1
557,rakhi,RK936,1
557,rakhi,RK937,1
557,rakhi,RK938,1
557,rakhi,RK939,1
557,rakhi,RK940,1
557,rakhi,RK941,1
557,rakhi,RK948,1
557,rakhi,RK951,1
557,rakhi,RK954,1
557,rakhi,RK955,1
557,rakhi,RK956,1
557,rakhi,RK957,1
557,rakhi,RK958,1
557,rakhi,RK960,1
557,rakhi,RK961,1
557,rakhi,RK965,1
557,rakhi,RK966,1
557,rakhi,RK968,1
557,rakhi,RK970,1
557,rakhi,RK973,1
557,rakhi,RK978,1
557,rakhi,RK979,1
557,rakhi,RK980,1
557,rakhi,RK981,1
557,rakhi,RK982,1
557,rakhi,RK983,1
557,rakhi,RK985,1
557,rakhi,RK987,1
557,rakhi,RK989,1
557,rakhi,RK991,1
557,rakhi,RK993,1
557,rakhi,RK994,1
557,rakhi,RK995,1
557,rakhi,RK999,1
558,rakhi,RK1,1
558,rakhi,RK1000,1
558,rakhi,RK1001,1
558,rakhi,RK1003,1
558,rakhi,RK1004,1
558,rakhi,RK1005,1
558,rakhi,RK1012,1
558,rakhi,RK1013,1
558,rakhi,RK1015,1
558,rakhi,RK1017,1
558,rakhi,RK1019,1
558,rakhi,RK1022,1
558,rakhi,RK1023,1
558,rakhi,RK1025,1
558,rakhi,RK1026,1
558,rakhi,RK1027,1
558,rakhi,RK1040,1
558,rakhi,RK1050,1
558,rakhi,RK1050_2,1
558,rakhi,RK1061,1
558,rakhi,RK1061_2,1
558,rakhi,RK1066,1
558,rakhi,RK1078,1
558,rakhi,RK1079,1
558,rakhi,RK1083,1
558,rakhi,RK1084,1
558,rakhi,RK1085,1
558,rakhi,RK110,1
558,rakhi,RK1104,1
558,rakhi,RK111,1
558,rakhi,RK1119,1
558,rakhi,RK1126,1
558,rakhi,RK1127,1
558,rakhi,RK1128,1
558,rakhi,RK1135,1
558,rakhi,RK1136,1
558,rakhi,RK1137,1
558,rakhi,RK1139,1
558,rakhi,RK1141,1
558,rakhi,RK1142,1
558,rakhi,RK1143,1
558,rakhi,RK1148,1
558,rakhi,RK1150,1
558,rakhi,RK1161,1
558,rakhi,RK1162,1
558,rakhi,RK1163,1
558,rakhi,RK1164,1
558,rakhi,RK1167,1
558,rakhi,RK1168,1
558,rakhi,RK1170,1
558,rakhi,RK1171,1
558,rakhi,RK1172,1
558,rakhi,RK1173,1
558,rakhi,RK1174,1
558,rakhi,RK1184,1
558,rakhi,RK1190,1
558,rakhi,RK1191,1
558,rakhi,RK1202,1
558,rakhi,RK1203,1
558,rakhi,RK1204,1
558,rakhi,RK1207,1
558,rakhi,RK1208,1
558,rakhi,RK1210,1
558,rakhi,RK1211,1
558,rakhi,RK1212,1
558,rakhi,RK1213,1
558,rakhi,RK1214,1
558,rakhi,RK1215,1
558,rakhi,RK1216,1
558,rakhi,RK1217,1
558,rakhi,RK1218,1
558,rakhi,RK1219,1
558,rakhi,RK1220,1
558,rakhi,RK1221,1
558,rakhi,RK1223,1
558,rakhi,RK1224,1
558,rakhi,RK1225,1
558,rakhi,RK1226,1
558,rakhi,RK1227,1
558,rakhi,RK1228,1
558,rakhi,RK1230,1
558,rakhi,RK1231,1
558,rakhi,RK1236,1
558,rakhi,RK1237,1
558,rakhi,RK1238,1
558,rakhi,RK1239,1
558,rakhi,RK1240,1
558,rakhi,RK1241,1
558,rakhi,RK1244,1
558,rakhi,RK1247,1
558,rakhi,RK1249,1
558,rakhi,RK1251,1
558,rakhi,RK1252,1
558,rakhi,RK1255,1
558,rakhi,RK1256,1
558,rakhi,RK1257,1
558,rakhi,RK1258,1
558,rakhi,RK1259,1
558,rakhi,RK1261,1
558,rakhi,RK1263,1
558,rakhi,RK1264,1
558,rakhi,RK1265,1
558,rakhi,RK1266,1
558,rakhi,RK1267,1
558,rakhi,RK1268,1
558,rakhi,RK1271,1
558,rakhi,RK1274,1
558,rakhi,RK1275,1
558,rakhi,RK1278,1
558,rakhi,RK1279,1
558,rakhi,RK1280,1
558,rakhi,RK1281,1
558,rakhi,RK1286,1
558,rakhi,RK1287,1
558,rakhi,RK1290,1
558,rakhi,RK130,1
558,rakhi,RK1309,1
558,rakhi,RK131,1
558,rakhi,RK1319,1
558,rakhi,RK1340,1
558,rakhi,RK1341,1
558,rakhi,RK1345,1
558,rakhi,RK1347,1
558,rakhi,RK1348,1
558,rakhi,RK1349,1
558,rakhi,RK1351,1
558,rakhi,RK1354,1
558,rakhi,RK1355,1
558,rakhi,RK1356,1
558,rakhi,RK1360,1
558,rakhi,RK1366,1
558,rakhi,RK1382,1
558,rakhi,RK1389,1
558,rakhi,RK14,1
558,rakhi,RK1402,1
558,rakhi,RK1405,1
558,rakhi,RK146,1
558,rakhi,RK1597,1
558,rakhi,RK1600,1
558,rakhi,RK1601,1
558,rakhi,RK1608,1
558,rakhi,RK1609,1
558,rakhi,RK1616,1
558,rakhi,RK1618,1
558,rakhi,RK1619,1
558,rakhi,RK1621,1
558,rakhi,RK1622,1
558,rakhi,RK1625,1
558,rakhi,RK1634,1
558,rakhi,RK1636,1
558,rakhi,RK1639,1
558,rakhi,RK1639_2,1
558,rakhi,RK1639_3,1
558,rakhi,RK1642,1
558,rakhi,RK1643,1
558,rakhi,RK1644,1
558,rakhi,RK1646,1
558,rakhi,RK1649,1
558,rakhi,RK1653,1
558,rakhi,RK1655,1
558,rakhi,RK1657,1
558,rakhi,RK1663,1
558,rakhi,RK1663_2,1
558,rakhi,RK1664,1
558,rakhi,RK1669,1
558,rakhi,RK1670,1
558,rakhi,RK1672,1
558,rakhi,RK1673,1
558,rakhi,RK1676,1
558,rakhi,RK1682,1
558,rakhi,RK169,1
558,rakhi,RK1692,1
558,rakhi,RK1693,1
558,rakhi,RK1694,1
558,rakhi,RK1695,1
558,rakhi,RK1699,1
558,rakhi,RK1703,1
558,rakhi,RK1704,1
558,rakhi,RK1705,1
558,rakhi,RK1706,1
558,rakhi,RK1711,1
558,rakhi,RK1712,1
558,rakhi,RK1713,1
558,rakhi,RK1714,1
558,rakhi,RK1716,1
558,rakhi,RK1717,1
558,rakhi,RK1718,1
558,rakhi,RK1719,1
558,rakhi,RK1720,1
558,rakhi,RK1723,1
558,rakhi,RK1724,1
558,rakhi,RK1725,1
558,rakhi,RK1740,1
558,rakhi,RK1741,1
558,rakhi,RK1742,1
558,rakhi,RK1747,1
558,rakhi,RK1750,1
558,rakhi,RK1752,1
558,rakhi,RK1756,1
558,rakhi,RK1757,1
558,rakhi,RK1758,1
558,rakhi,RK1759,1
558,rakhi,RK176,1
558,rakhi,RK1761,1
558,rakhi,RK1762,1
558,rakhi,RK1764,1
558,rakhi,RK1766,1
558,rakhi,RK1770,1
558,rakhi,RK1774,1
558,rakhi,RK1775,1
558,rakhi,RK1778,1
558,rakhi,RK1780,1
558,rakhi,RK1781,1
558,rakhi,RK1782,1
558,rakhi,RK1783,1
558,rakhi,RK1784,1
558,rakhi,RK1785,1
558,rakhi,RK1786,1
558,rakhi,RK1787,1
558,rakhi,RK1788,1
558,rakhi,RK1789,1
558,rakhi,RK1792,1
558,rakhi,RK1793,1
558,rakhi,RK1793_2,1
558,rakhi,RK1795,1
558,rakhi,RK1796,1
558,rakhi,RK1797,1
558,rakhi,RK1799,1
558,rakhi,RK1800,1
558,rakhi,RK1802,1
558,rakhi,RK1803,1
558,rakhi,RK1804,1
558,rakhi,RK1805,1
558,rakhi,RK1806,1
558,rakhi,RK1807,1
558,rakhi,RK181,1
558,rakhi,RK1814,1
558,rakhi,RK1815,1
558,rakhi,RK1816,1
558,rakhi,RK1819,1
558,rakhi,RK1820,1
558,rakhi,RK1821,1
558,rakhi,RK1823,1
558,rakhi,RK1825,1
558,rakhi,RK1826,1
558,rakhi,RK1841,1
558,rakhi,RK1843,1
558,rakhi,RK1845,1
558,rakhi,RK1849,1
558,rakhi,RK185,1
558,rakhi,RK1850,1
558,rakhi,RK1852,1
558,rakhi,RK1858,1
558,rakhi,RK1859,1
558,rakhi,RK1861,1
558,rakhi,RK1864,1
558,rakhi,RK1865,1
558,rakhi,RK1870,1
558,rakhi,RK1874,1
558,rakhi,RK1875,1
558,rakhi,RK1882,1
558,rakhi,RK1884,1
558,rakhi,RK1887,1
558,rakhi,RK189,1
558,rakhi,RK1890,1
558,rakhi,RK1891,1
558,rakhi,RK1892,1
558,rakhi,RK1893,1
558,rakhi,RK1894,1
558,rakhi,RK1895,1
558,rakhi,RK1899,1
558,rakhi,RK1900,1
558,rakhi,RK1905,1
558,rakhi,RK1907,1
558,rakhi,RK1909,1
558,rakhi,RK1910,1
558,rakhi,RK1912,1
558,rakhi,RK1914,1
558,rakhi,RK1915,1
558,rakhi,RK1916,1
558,rakhi,RK1917,1
558,rakhi,RK1919,1
558,rakhi,RK1920,1
558,rakhi,RK1921,1
558,rakhi,RK1922,1
558,rakhi,RK1923,1
558,rakhi,RK1925,1
558,rakhi,RK1926,1
558,rakhi,RK1927,1
558,rakhi,RK1928,1
558,rakhi,RK1933,1
558,rakhi,RK1940,1
558,rakhi,RK1945,1
558,rakhi,RK1947,1
558,rakhi,RK1949,1
558,rakhi,RK1950,1
558,rakhi,RK1954,1
558,rakhi,RK1957,1
558,rakhi,RK1958,1
558,rakhi,RK196,1
558,rakhi,RK1966,1
558,rakhi,RK1976,1
558,rakhi,RK1978,1
558,rakhi,RK1979,1
558,rakhi,RK1981,1
558,rakhi,RK1982,1
558,rakhi,RK1983,1
558,rakhi,RK1989,1
558,rakhi,RK1992,1
558,rakhi,RK1995,1
558,rakhi,RK1997,1
558,rakhi,RK1998,1
558,rakhi,RK2003,1
558,rakhi,RK2004,1
558,rakhi,RK2006,1
558,rakhi,RK201,1
558,rakhi,RK2011,1
558,rakhi,RK2020,1
558,rakhi,RK2021,1
558,rakhi,RK2022,1
558,rakhi,RK2023,1
558,rakhi,RK2031,1
558,rakhi,RK2031_2,1
558,rakhi,RK2033,1
558,rakhi,RK2035,1
558,rakhi,RK2041,1
558,rakhi,RK2041_2,1
558,rakhi,RK2042,1
558,rakhi,RK2043,1
558,rakhi,RK2045,1
558,rakhi,RK2046,1
558,rakhi,RK2047,1
558,rakhi,RK2052,1
558,rakhi,RK2053,1
558,rakhi,RK2059,1
558,rakhi,RK2074,1
558,rakhi,RK2098,1
558,rakhi,RK2107,1
558,rakhi,RK227,1
558,rakhi,RK229,1
558,rakhi,RK234,1
558,rakhi,RK236,1
558,rakhi,RK237,1
558,rakhi,RK238,1
558,rakhi,RK240,1
558,rakhi,RK241,1
558,rakhi,RK248,1
558,rakhi,RK250,1
558,rakhi,RK264,1
558,rakhi,RK271,1
558,rakhi,RK272,1
558,rakhi,RK273,1
558,rakhi,RK276,1
558,rakhi,RK279,1
558,rakhi,RK283,1
558,rakhi,RK290,1
558,rakhi,RK298,1
558,rakhi,RK303,1
558,rakhi,RK304,1
558,rakhi,RK345,1
558,rakhi,RK350,1
558,rakhi,RK351,1
558,rakhi,RK353,1
558,rakhi,RK354,1
558,rakhi,RK355,1
558,rakhi,RK357,1
558,rakhi,RK361,1
558,rakhi,RK367,1
558,rakhi,RK368,1
558,rakhi,RK369,1
558,rakhi,RK371,1
558,rakhi,RK372,1
558,rakhi,RK374,1
558,rakhi,RK380,1
558,rakhi,RK381,1
558,rakhi,RK396,1
558,rakhi,RK398,1
558,rakhi,RK409,1
558,rakhi,RK410,1
558,rakhi,RK412,1
558,rakhi,RK433,1
558,rakhi,RK434,1
558,rakhi,RK437,1
558,rakhi,RK438,1
558,rakhi,RK441,1
558,rakhi,RK455,1
558,rakhi,RK457,1
558,rakhi,RK464,1
558,rakhi,RK466,1
558,rakhi,RK468,1
558,rakhi,RK474,1
558,rakhi,RK48,1
558,rakhi,RK484,1
558,rakhi,RK488,1
558,rakhi,RK492,1
558,rakhi,RK493,1
558,rakhi,RK499,1
558,rakhi,RK513,1
558,rakhi,RK516,1
558,rakhi,RK517,1
558,rakhi,RK526,1
558,rakhi,RK53,1
558,rakhi,RK539,1
558,rakhi,RK55,1
558,rakhi,RK550,1
558,rakhi,RK552,1
558,rakhi,RK554,1
558,rakhi,RK57,1
558,rakhi,RK582,1
558,rakhi,RK585,1
558,rakhi,RK589,1
558,rakhi,RK60,1
558,rakhi,RK61,1
558,rakhi,RK613,1
558,rakhi,RK617,1
558,rakhi,RK620,1
558,rakhi,RK63,1
558,rakhi,RK639,1
558,rakhi,RK643,1
558,rakhi,RK645,1
558,rakhi,RK648,1
558,rakhi,RK653,1
558,rakhi,RK663,1
558,rakhi,RK664,1
558,rakhi,RK665,1
558,rakhi,RK67,1
558,rakhi,RK671,1
558,rakhi,RK673,1
558,rakhi,RK680,1
558,rakhi,RK69,1
558,rakhi,RK70,1
558,rakhi,RK715,1
558,rakhi,RK719,1
558,rakhi,RK72,1
558,rakhi,RK722,1
558,rakhi,RK73,1
558,rakhi,RK733,1
558,rakhi,RK737,1
558,rakhi,RK75,1
558,rakhi,RK757,1
558,rakhi,RK766,1
558,rakhi,RK767,1
558,rakhi,RK77,1
558,rakhi,RK771,1
558,rakhi,RK773,1
558,rakhi,RK79,1
558,rakhi,RK796,1
558,rakhi,RK80,1
558,rakhi,RK808,1
558,rakhi,RK81,1
558,rakhi,RK819,1
558,rakhi,RK828,1
558,rakhi,RK83,1
558,rakhi,RK832,1
558,rakhi,RK833,1
558,rakhi,RK834,1
558,rakhi,RK835,1
558,rakhi,RK838,1
558,rakhi,RK840,1
558,rakhi,RK846,1
558,rakhi,RK848,1
558,rakhi,RK849,1
558,rakhi,RK853,1
558,rakhi,RK854,1
558,rakhi,RK859,1
558,rakhi,RK860,1
558,rakhi,RK864,1
558,rakhi,RK865,1
558,rakhi,RK866,1
558,rakhi,RK869,1
558,rakhi,RK874,1
558,rakhi,RK887,1
558,rakhi,RK887_2,1
558,rakhi,RK889,1
558,rakhi,RK891,1
558,rakhi,RK894,1
558,rakhi,RK900,1
558,rakhi,RK905,1
558,rakhi,RK906,1
558,rakhi,RK911,1
558,rakhi,RK913,1
558,rakhi,RK915,1
558,rakhi,RK917,1
558,rakhi,RK918,1
558,rakhi,RK919,1
558,rakhi,RK920,1
558,rakhi,RK921,1
558,rakhi,RK922,1
558,rakhi,RK923,1
558,rakhi,RK924,1
558,rakhi,RK925,1
558,rakhi,RK926,1
558,rakhi,RK927,1
558,rakhi,RK928,1
558,rakhi,RK929,1
558,rakhi,RK930,1
558,rakhi,RK931,1
558,rakhi,RK932,1
558,rakhi,RK933,1
558,rakhi,RK934,1
558,rakhi,RK935,1
558,rakhi,RK936,1
558,rakhi,RK937,1
558,rakhi,RK938,1
558,rakhi,RK939,1
558,rakhi,RK940,1
558,rakhi,RK941,1
558,rakhi,RK948,1
558,rakhi,RK951,1
558,rakhi,RK954,1
558,rakhi,RK955,1
558,rakhi,RK956,1
558,rakhi,RK957,1
558,rakhi,RK958,1
558,rakhi,RK960,1
558,rakhi,RK961,1
558,rakhi,RK965,1
558,rakhi,RK966,1
558,rakhi,RK968,1
558,rakhi,RK970,1
558,rakhi,RK973,1
558,rakhi,RK978,1
558,rakhi,RK979,1
558,rakhi,RK980,1
558,rakhi,RK981,1
558,rakhi,RK982,1
558,rakhi,RK983,1
558,rakhi,RK985,1
558,rakhi,RK987,1
558,rakhi,RK989,1
558,rakhi,RK991,1
558,rakhi,RK993,1
558,rakhi,RK994,1
558,rakhi,RK995,1
558,rakhi,RK999,1
559,rakhi,RK1,1
559,rakhi,RK1000,1
559,rakhi,RK1001,1
559,rakhi,RK1003,1
559,rakhi,RK1004,1
559,rakhi,RK1005,1
559,rakhi,RK1012,1
559,rakhi,RK1013,1
559,rakhi,RK1015,1
559,rakhi,RK1017,1
559,rakhi,RK1019,1
559,rakhi,RK1022,1
559,rakhi,RK1023,1
559,rakhi,RK1025,1
559,rakhi,RK1026,1
559,rakhi,RK1027,1
559,rakhi,RK1040,1
559,rakhi,RK1050,1
559,rakhi,RK1050_2,1
559,rakhi,RK1061,1
559,rakhi,RK1061_2,1
559,rakhi,RK1066,1
559,rakhi,RK1078,1
559,rakhi,RK1079,1
559,rakhi,RK1083,1
559,rakhi,RK1084,1
559,rakhi,RK1085,1
559,rakhi,RK110,1
559,rakhi,RK1104,1
559,rakhi,RK111,1
559,rakhi,RK1119,1
559,rakhi,RK1126,1
559,rakhi,RK1127,1
559,rakhi,RK1128,1
559,rakhi,RK1135,1
559,rakhi,RK1136,1
559,rakhi,RK1137,1
559,rakhi,RK1139,1
559,rakhi,RK1141,1
559,rakhi,RK1142,1
559,rakhi,RK1143,1
559,rakhi,RK1148,1
559,rakhi,RK1150,1
559,rakhi,RK1161,1
559,rakhi,RK1162,1
559,rakhi,RK1163,1
559,rakhi,RK1164,1
559,rakhi,RK1167,1
559,rakhi,RK1168,1
559,rakhi,RK1170,1
559,rakhi,RK1171,1
559,rakhi,RK1172,1
559,rakhi,RK1173,1
559,rakhi,RK1174,1
559,rakhi,RK1184,1
559,rakhi,RK1190,1
559,rakhi,RK1191,1
559,rakhi,RK1202,1
559,rakhi,RK1203,1
559,rakhi,RK1204,1
559,rakhi,RK1207,1
559,rakhi,RK1208,1
559,rakhi,RK1210,1
559,rakhi,RK1211,1
559,rakhi,RK1212,1
559,rakhi,RK1213,1
559,rakhi,RK1214,1
559,rakhi,RK1215,1
559,rakhi,RK1216,1
559,rakhi,RK1217,1
559,rakhi,RK1218,1
559,rakhi,RK1219,1
559,rakhi,RK1220,1
559,rakhi,RK1221,1
559,rakhi,RK1223,1
559,rakhi,RK1224,1
559,rakhi,RK1225,1
559,rakhi,RK1226,1
559,rakhi,RK1227,1
559,rakhi,RK1228,1
559,rakhi,RK1230,1
559,rakhi,RK1231,1
559,rakhi,RK1236,1
559,rakhi,RK1237,1
559,rakhi,RK1238,1
559,rakhi,RK1239,1
559,rakhi,RK1240,1
559,rakhi,RK1241,1
559,rakhi,RK1244,1
559,rakhi,RK1247,1
559,rakhi,RK1249,1
559,rakhi,RK1251,1
559,rakhi,RK1252,1
559,rakhi,RK1255,1
559,rakhi,RK1256,1
559,rakhi,RK1257,1
559,rakhi,RK1258,1
559,rakhi,RK1259,1
559,rakhi,RK1261,1
559,rakhi,RK1263,1
559,rakhi,RK1264,1
559,rakhi,RK1265,1
559,rakhi,RK1266,1
559,rakhi,RK1267,1
559,rakhi,RK1268,1
559,rakhi,RK1271,1
559,rakhi,RK1274,1
559,rakhi,RK1275,1
559,rakhi,RK1278,1
559,rakhi,RK1279,1
559,rakhi,RK1280,1
559,rakhi,RK1281,1
559,rakhi,RK1286,1
559,rakhi,RK1287,1
559,rakhi,RK1290,1
559,rakhi,RK130,1
559,rakhi,RK1309,1
559,rakhi,RK131,1
559,rakhi,RK1319,1
559,rakhi,RK1340,1
559,rakhi,RK1341,1
559,rakhi,RK1345,1
559,rakhi,RK1347,1
559,rakhi,RK1348,1
559,rakhi,RK1349,1
559,rakhi,RK1351,1
559,rakhi,RK1354,1
559,rakhi,RK1355,1
559,rakhi,RK1356,1
559,rakhi,RK1360,1
559,rakhi,RK1366,1
559,rakhi,RK1382,1
559,rakhi,RK1389,1
559,rakhi,RK14,1
559,rakhi,RK1402,1
559,rakhi,RK1405,1
559,rakhi,RK146,1
559,rakhi,RK1597,1
559,rakhi,RK1600,1
559,rakhi,RK1601,1
559,rakhi,RK1608,1
559,rakhi,RK1609,1
559,rakhi,RK1616,1
559,rakhi,RK1618,1
559,rakhi,RK1619,1
559,rakhi,RK1621,1
559,rakhi,RK1622,1
559,rakhi,RK1625,1
559,rakhi,RK1634,1
559,rakhi,RK1636,1
559,rakhi,RK1639,1
559,rakhi,RK1639_2,1
559,rakhi,RK1639_3,1
559,rakhi,RK1642,1
559,rakhi,RK1643,1
559,rakhi,RK1644,1
559,rakhi,RK1646,1
559,rakhi,RK1649,1
559,rakhi,RK1653,1
559,rakhi,RK1655,1
559,rakhi,RK1657,1
559,rakhi,RK1663,1
559,rakhi,RK1663_2,1
559,rakhi,RK1664,1
559,rakhi,RK1669,1
559,rakhi,RK1670,1
559,rakhi,RK1672,1
559,rakhi,RK1673,1
559,rakhi,RK1676,1
559,rakhi,RK1682,1
559,rakhi,RK169,1
559,rakhi,RK1692,1
559,rakhi,RK1693,1
559,rakhi,RK1694,1
559,rakhi,RK1695,1
559,rakhi,RK1699,1
559,rakhi,RK1703,1
559,rakhi,RK1704,1
559,rakhi,RK1705,1
559,rakhi,RK1706,1
559,rakhi,RK1711,1
559,rakhi,RK1712,1
559,rakhi,RK1713,1
559,rakhi,RK1714,1
559,rakhi,RK1716,1
559,rakhi,RK1717,1
559,rakhi,RK1718,1
559,rakhi,RK1719,1
559,rakhi,RK1720,1
559,rakhi,RK1723,1
559,rakhi,RK1724,1
559,rakhi,RK1725,1
559,rakhi,RK1740,1
559,rakhi,RK1741,1
559,rakhi,RK1742,1
559,rakhi,RK1747,1
559,rakhi,RK1750,1
559,rakhi,RK1752,1
559,rakhi,RK1756,1
559,rakhi,RK1757,1
559,rakhi,RK1758,1
559,rakhi,RK1759,1
559,rakhi,RK176,1
559,rakhi,RK1761,1
559,rakhi,RK1762,1
559,rakhi,RK1764,1
559,rakhi,RK1766,1
559,rakhi,RK1770,1
559,rakhi,RK1774,1
559,rakhi,RK1775,1
559,rakhi,RK1778,1
559,rakhi,RK1780,1
559,rakhi,RK1781,1
559,rakhi,RK1782,1
559,rakhi,RK1783,1
559,rakhi,RK1784,1
559,rakhi,RK1785,1
559,rakhi,RK1786,1
559,rakhi,RK1787,1
559,rakhi,RK1788,1
559,rakhi,RK1789,1
559,rakhi,RK1792,1
559,rakhi,RK1793,1
559,rakhi,RK1793_2,1
559,rakhi,RK1795,1
559,rakhi,RK1796,1
559,rakhi,RK1797,1
559,rakhi,RK1799,1
559,rakhi,RK1800,1
559,rakhi,RK1802,1
559,rakhi,RK1803,1
559,rakhi,RK1804,1
559,rakhi,RK1805,1
559,rakhi,RK1806,1
559,rakhi,RK1807,1
559,rakhi,RK181,1
559,rakhi,RK1814,1
559,rakhi,RK1815,1
559,rakhi,RK1816,1
559,rakhi,RK1819,1
559,rakhi,RK1820,1
559,rakhi,RK1821,1
559,rakhi,RK1823,1
559,rakhi,RK1825,1
559,rakhi,RK1826,1
559,rakhi,RK1841,1
559,rakhi,RK1843,1
559,rakhi,RK1845,1
559,rakhi,RK1849,1
559,rakhi,RK185,1
559,rakhi,RK1850,1
559,rakhi,RK1852,1
559,rakhi,RK1858,1
559,rakhi,RK1859,1
559,rakhi,RK1861,1
559,rakhi,RK1864,1
559,rakhi,RK1865,1
559,rakhi,RK1870,1
559,rakhi,RK1874,1
559,rakhi,RK1875,1
559,rakhi,RK1882,1
559,rakhi,RK1884,1
559,rakhi,RK1887,1
559,rakhi,RK189,1
559,rakhi,RK1890,1
559,rakhi,RK1891,1
559,rakhi,RK1892,1
559,rakhi,RK1893,1
559,rakhi,RK1894,1
559,rakhi,RK1895,1
559,rakhi,RK1899,1
559,rakhi,RK1900,1
559,rakhi,RK1905,1
559,rakhi,RK1907,1
559,rakhi,RK1909,1
559,rakhi,RK1910,1
559,rakhi,RK1912,1
559,rakhi,RK1914,1
559,rakhi,RK1915,1
559,rakhi,RK1916,1
559,rakhi,RK1917,1
559,rakhi,RK1919,1
559,rakhi,RK1920,1
559,rakhi,RK1921,1
559,rakhi,RK1922,1
559,rakhi,RK1923,1
559,rakhi,RK1925,1
559,rakhi,RK1926,1
559,rakhi,RK1927,1
559,rakhi,RK1928,1
559,rakhi,RK1933,1
559,rakhi,RK1940,1
559,rakhi,RK1945,1
559,rakhi,RK1947,1
559,rakhi,RK1949,1
559,rakhi,RK1950,1
559,rakhi,RK1954,1
559,rakhi,RK1957,1
559,rakhi,RK1958,1
559,rakhi,RK196,1
559,rakhi,RK1966,1
559,rakhi,RK1976,1
559,rakhi,RK1978,1
559,rakhi,RK1979,1
559,rakhi,RK1981,1
559,rakhi,RK1982,1
559,rakhi,RK1983,1
559,rakhi,RK1989,1
559,rakhi,RK1992,1
559,rakhi,RK1995,1
559,rakhi,RK1997,1
559,rakhi,RK1998,1
559,rakhi,RK2003,1
559,rakhi,RK2004,1
559,rakhi,RK2006,1
559,rakhi,RK201,1
559,rakhi,RK2011,1
559,rakhi,RK2020,1
559,rakhi,RK2021,1
559,rakhi,RK2022,1
559,rakhi,RK2023,1
559,rakhi,RK2031,1
559,rakhi,RK2031_2,1
559,rakhi,RK2033,1
559,rakhi,RK2035,1
559,rakhi,RK2041,1
559,rakhi,RK2041_2,1
559,rakhi,RK2042,1
559,rakhi,RK2043,1
559,rakhi,RK2045,1
559,rakhi,RK2046,1
559,rakhi,RK2047,1
559,rakhi,RK2052,1
559,rakhi,RK2053,1
559,rakhi,RK2059,1
559,rakhi,RK2074,1
559,rakhi,RK2098,1
559,rakhi,RK2107,1
559,rakhi,RK227,1
559,rakhi,RK229,1
559,rakhi,RK234,1
559,rakhi,RK236,1
559,rakhi,RK237,1
559,rakhi,RK238,1
559,rakhi,RK240,1
559,rakhi,RK241,1
559,rakhi,RK248,1
559,rakhi,RK250,1
559,rakhi,RK264,1
559,rakhi,RK271,1
559,rakhi,RK272,1
559,rakhi,RK273,1
559,rakhi,RK276,1
559,rakhi,RK279,1
559,rakhi,RK283,1
559,rakhi,RK290,1
559,rakhi,RK298,1
559,rakhi,RK303,1
559,rakhi,RK304,1
559,rakhi,RK345,1
559,rakhi,RK350,1
559,rakhi,RK351,1
559,rakhi,RK353,1
559,rakhi,RK354,1
559,rakhi,RK355,1
559,rakhi,RK357,1
559,rakhi,RK361,1
559,rakhi,RK367,1
559,rakhi,RK368,1
559,rakhi,RK369,1
559,rakhi,RK371,1
559,rakhi,RK372,1
559,rakhi,RK374,1
559,rakhi,RK380,1
559,rakhi,RK381,1
559,rakhi,RK396,1
559,rakhi,RK398,1
559,rakhi,RK409,1
559,rakhi,RK410,1
559,rakhi,RK412,1
559,rakhi,RK433,1
559,rakhi,RK434,1
559,rakhi,RK437,1
559,rakhi,RK438,1
559,rakhi,RK441,1
559,rakhi,RK455,1
559,rakhi,RK457,1
559,rakhi,RK464,1
559,rakhi,RK466,1
559,rakhi,RK468,1
559,rakhi,RK474,1
559,rakhi,RK48,1
559,rakhi,RK484,1
559,rakhi,RK488,1
559,rakhi,RK492,1
559,rakhi,RK493,1
559,rakhi,RK499,1
559,rakhi,RK513,1
559,rakhi,RK516,1
559,rakhi,RK517,1
559,rakhi,RK526,1
559,rakhi,RK53,1
559,rakhi,RK539,1
559,rakhi,RK55,1
559,rakhi,RK550,1
559,rakhi,RK552,1
559,rakhi,RK554,1
559,rakhi,RK57,1
559,rakhi,RK582,1
559,rakhi,RK585,1
559,rakhi,RK589,1
559,rakhi,RK60,1
559,rakhi,RK61,1
559,rakhi,RK613,1
559,rakhi,RK617,1
559,rakhi,RK620,1
559,rakhi,RK63,1
559,rakhi,RK639,1
559,rakhi,RK643,1
559,rakhi,RK645,1
559,rakhi,RK648,1
559,rakhi,RK653,1
559,rakhi,RK663,1
559,rakhi,RK664,1
559,rakhi,RK665,1
559,rakhi,RK67,1
559,rakhi,RK671,1
559,rakhi,RK673,1
559,rakhi,RK680,1
559,rakhi,RK69,1
559,rakhi,RK70,1
559,rakhi,RK715,1
559,rakhi,RK719,1
559,rakhi,RK72,1
559,rakhi,RK722,1
559,rakhi,RK73,1
559,rakhi,RK733,1
559,rakhi,RK737,1
559,rakhi,RK75,1
559,rakhi,RK757,1
559,rakhi,RK766,1
559,rakhi,RK767,1
559,rakhi,RK77,1
559,rakhi,RK771,1
559,rakhi,RK773,1
559,rakhi,RK79,1
559,rakhi,RK796,1
559,rakhi,RK80,1
559,rakhi,RK808,1
559,rakhi,RK81,1
559,rakhi,RK819,1
559,rakhi,RK828,1
559,rakhi,RK83,1
559,rakhi,RK832,1
559,rakhi,RK833,1
559,rakhi,RK834,1
559,rakhi,RK835,1
559,rakhi,RK838,1
559,rakhi,RK840,1
559,rakhi,RK846,1
559,rakhi,RK848,1
559,rakhi,RK849,1
559,rakhi,RK853,1
559,rakhi,RK854,1
559,rakhi,RK859,1
559,rakhi,RK860,1
559,rakhi,RK864,1
559,rakhi,RK865,1
559,rakhi,RK866,1
559,rakhi,RK869,1
559,rakhi,RK874,1
559,rakhi,RK887,1
559,rakhi,RK887_2,1
559,rakhi,RK889,1
559,rakhi,RK891,1
559,rakhi,RK894,1
559,rakhi,RK900,1
559,rakhi,RK905,1
559,rakhi,RK906,1
559,rakhi,RK911,1
559,rakhi,RK913,1
559,rakhi,RK915,1
559,rakhi,RK917,1
559,rakhi,RK918,1
559,rakhi,RK919,1
559,rakhi,RK920,1
559,rakhi,RK921,1
559,rakhi,RK922,1
559,rakhi,RK923,1
559,rakhi,RK924,1
559,rakhi,RK925,1
559,rakhi,RK926,1
559,rakhi,RK927,1
559,rakhi,RK928,1
559,rakhi,RK929,1
559,rakhi,RK930,1
559,rakhi,RK931,1
559,rakhi,RK932,1
559,rakhi,RK933,1
559,rakhi,RK934,1
559,rakhi,RK935,1
559,rakhi,RK936,1
559,rakhi,RK937,1
559,rakhi,RK938,1
559,rakhi,RK939,1
559,rakhi,RK940,1
559,rakhi,RK941,1
559,rakhi,RK948,1
559,rakhi,RK951,1
559,rakhi,RK954,1
559,rakhi,RK955,1
559,rakhi,RK956,1
559,rakhi,RK957,1
559,rakhi,RK958,1
559,rakhi,RK960,1
559,rakhi,RK961,1
559,rakhi,RK965,1
559,rakhi,RK966,1
559,rakhi,RK968,1
559,rakhi,RK970,1
559,rakhi,RK973,1
559,rakhi,RK978,1
559,rakhi,RK979,1
559,rakhi,RK980,1
559,rakhi,RK981,1
559,rakhi,RK982,1
559,rakhi,RK983,1
559,rakhi,RK985,1
559,rakhi,RK987,1
559,rakhi,RK989,1
559,rakhi,RK991,1
559,rakhi,RK993,1
559,rakhi,RK994,1
559,rakhi,RK995,1
559,rakhi,RK999,1
560,rakhi,RK1,1
560,rakhi,RK1000,1
560,rakhi,RK1001,1
560,rakhi,RK1003,1
560,rakhi,RK1004,1
560,rakhi,RK1005,1
560,rakhi,RK1012,1
560,rakhi,RK1013,1
560,rakhi,RK1015,1
560,rakhi,RK1017,1
560,rakhi,RK1019,1
560,rakhi,RK1022,1
560,rakhi,RK1023,1
560,rakhi,RK1025,1
560,rakhi,RK1026,1
560,rakhi,RK1027,1
560,rakhi,RK1040,1
560,rakhi,RK1050,1
560,rakhi,RK1050_2,1
560,rakhi,RK1061,1
560,rakhi,RK1061_2,1
560,rakhi,RK1066,1
560,rakhi,RK1078,1
560,rakhi,RK1079,1
560,rakhi,RK1083,1
560,rakhi,RK1084,1
560,rakhi,RK1085,1
560,rakhi,RK110,1
560,rakhi,RK1104,1
560,rakhi,RK111,1
560,rakhi,RK1119,1
560,rakhi,RK1126,1
560,rakhi,RK1127,1
560,rakhi,RK1128,1
560,rakhi,RK1135,1
560,rakhi,RK1136,1
560,rakhi,RK1137,1
560,rakhi,RK1139,1
560,rakhi,RK1141,1
560,rakhi,RK1142,1
560,rakhi,RK1143,1
560,rakhi,RK1148,1
560,rakhi,RK1150,1
560,rakhi,RK1161,1
560,rakhi,RK1162,1
560,rakhi,RK1163,1
560,rakhi,RK1164,1
560,rakhi,RK1167,1
560,rakhi,RK1168,1
560,rakhi,RK1170,1
560,rakhi,RK1171,1
560,rakhi,RK1172,1
560,rakhi,RK1173,1
560,rakhi,RK1174,1
560,rakhi,RK1184,1
560,rakhi,RK1190,1
560,rakhi,RK1191,1
560,rakhi,RK1202,1
560,rakhi,RK1203,1
560,rakhi,RK1204,1
560,rakhi,RK1207,1
560,rakhi,RK1208,1
560,rakhi,RK1210,1
560,rakhi,RK1211,1
560,rakhi,RK1212,1
560,rakhi,RK1213,1
560,rakhi,RK1214,1
560,rakhi,RK1215,1
560,rakhi,RK1216,1
560,rakhi,RK1217,1
560,rakhi,RK1218,1
560,rakhi,RK1219,1
560,rakhi,RK1220,1
560,rakhi,RK1221,1
560,rakhi,RK1223,1
560,rakhi,RK1224,1
560,rakhi,RK1225,1
560,rakhi,RK1226,1
560,rakhi,RK1227,1
560,rakhi,RK1228,1
560,rakhi,RK1230,1
560,rakhi,RK1231,1
560,rakhi,RK1236,1
560,rakhi,RK1237,1
560,rakhi,RK1238,1
560,rakhi,RK1239,1
560,rakhi,RK1240,1
560,rakhi,RK1241,1
560,rakhi,RK1244,1
560,rakhi,RK1247,1
560,rakhi,RK1249,1
560,rakhi,RK1251,1
560,rakhi,RK1252,1
560,rakhi,RK1255,1
560,rakhi,RK1256,1
560,rakhi,RK1257,1
560,rakhi,RK1258,1
560,rakhi,RK1259,1
560,rakhi,RK1261,1
560,rakhi,RK1263,1
560,rakhi,RK1264,1
560,rakhi,RK1265,1
560,rakhi,RK1266,1
560,rakhi,RK1267,1
560,rakhi,RK1268,1
560,rakhi,RK1271,1
560,rakhi,RK1274,1
560,rakhi,RK1275,1
560,rakhi,RK1278,1
560,rakhi,RK1279,1
560,rakhi,RK1280,1
560,rakhi,RK1281,1
560,rakhi,RK1286,1
560,rakhi,RK1287,1
560,rakhi,RK1290,1
560,rakhi,RK130,1
560,rakhi,RK1309,1
560,rakhi,RK131,1
560,rakhi,RK1319,1
560,rakhi,RK1340,1
560,rakhi,RK1341,1
560,rakhi,RK1345,1
560,rakhi,RK1347,1
560,rakhi,RK1348,1
560,rakhi,RK1349,1
560,rakhi,RK1351,1
560,rakhi,RK1354,1
560,rakhi,RK1355,1
560,rakhi,RK1356,1
560,rakhi,RK1360,1
560,rakhi,RK1366,1
560,rakhi,RK1382,1
560,rakhi,RK1389,1
560,rakhi,RK14,1
560,rakhi,RK1402,1
560,rakhi,RK1405,1
560,rakhi,RK146,1
560,rakhi,RK1597,1
560,rakhi,RK1600,1
560,rakhi,RK1601,1
560,rakhi,RK1608,1
560,rakhi,RK1609,1
560,rakhi,RK1616,1
560,rakhi,RK1618,1
560,rakhi,RK1619,1
560,rakhi,RK1621,1
560,rakhi,RK1622,1
560,rakhi,RK1625,1
560,rakhi,RK1634,1
560,rakhi,RK1636,1
560,rakhi,RK1639,1
560,rakhi,RK1639_2,1
560,rakhi,RK1639_3,1
560,rakhi,RK1642,1
560,rakhi,RK1643,1
560,rakhi,RK1644,1
560,rakhi,RK1646,1
560,rakhi,RK1649,1
560,rakhi,RK1653,1
560,rakhi,RK1655,1
560,rakhi,RK1657,1
560,rakhi,RK1663,1
560,rakhi,RK1663_2,1
560,rakhi,RK1664,1
560,rakhi,RK1669,1
560,rakhi,RK1670,1
560,rakhi,RK1672,1
560,rakhi,RK1673,1
560,rakhi,RK1676,1
560,rakhi,RK1682,1
560,rakhi,RK169,1
560,rakhi,RK1692,1
560,rakhi,RK1693,1
560,rakhi,RK1694,1
560,rakhi,RK1695,1
560,rakhi,RK1699,1
560,rakhi,RK1703,1
560,rakhi,RK1704,1
560,rakhi,RK1705,1
560,rakhi,RK1706,1
560,rakhi,RK1711,1
560,rakhi,RK1712,1
560,rakhi,RK1713,1
560,rakhi,RK1714,1
560,rakhi,RK1716,1
560,rakhi,RK1717,1
560,rakhi,RK1718,1
560,rakhi,RK1719,1
560,rakhi,RK1720,1
560,rakhi,RK1723,1
560,rakhi,RK1724,1
560,rakhi,RK1725,1
560,rakhi,RK1740,1
560,rakhi,RK1741,1
560,rakhi,RK1742,1
560,rakhi,RK1747,1
560,rakhi,RK1750,1
560,rakhi,RK1752,1
560,rakhi,RK1756,1
560,rakhi,RK1757,1
560,rakhi,RK1758,1
560,rakhi,RK1759,1
560,rakhi,RK176,1
560,rakhi,RK1761,1
560,rakhi,RK1762,1
560,rakhi,RK1764,1
560,rakhi,RK1766,1
560,rakhi,RK1770,1
560,rakhi,RK1774,1
560,rakhi,RK1775,1
560,rakhi,RK1778,1
560,rakhi,RK1780,1
560,rakhi,RK1781,1
560,rakhi,RK1782,1
560,rakhi,RK1783,1
560,rakhi,RK1784,1
560,rakhi,RK1785,1
560,rakhi,RK1786,1
560,rakhi,RK1787,1
560,rakhi,RK1788,1
560,rakhi,RK1789,1
560,rakhi,RK1792,1
560,rakhi,RK1793,1
560,rakhi,RK1793_2,1
560,rakhi,RK1795,1
560,rakhi,RK1796,1
560,rakhi,RK1797,1
560,rakhi,RK1799,1
560,rakhi,RK1800,1
560,rakhi,RK1802,1
560,rakhi,RK1803,1
560,rakhi,RK1804,1
560,rakhi,RK1805,1
560,rakhi,RK1806,1
560,rakhi,RK1807,1
560,rakhi,RK181,1
560,rakhi,RK1814,1
560,rakhi,RK1815,1
560,rakhi,RK1816,1
560,rakhi,RK1819,1
560,rakhi,RK1820,1
560,rakhi,RK1821,1
560,rakhi,RK1823,1
560,rakhi,RK1825,1
560,rakhi,RK1826,1
560,rakhi,RK1841,1
560,rakhi,RK1843,1
560,rakhi,RK1845,1
560,rakhi,RK1849,1
560,rakhi,RK185,1
560,rakhi,RK1850,1
560,rakhi,RK1852,1
560,rakhi,RK1858,1
560,rakhi,RK1859,1
560,rakhi,RK1861,1
560,rakhi,RK1864,1
560,rakhi,RK1865,1
560,rakhi,RK1870,1
560,rakhi,RK1874,1
560,rakhi,RK1875,1
560,rakhi,RK1882,1
560,rakhi,RK1884,1
560,rakhi,RK1887,1
560,rakhi,RK189,1
560,rakhi,RK1890,1
560,rakhi,RK1891,1
560,rakhi,RK1892,1
560,rakhi,RK1893,1
560,rakhi,RK1894,1
560,rakhi,RK1895,1
560,rakhi,RK1899,1
560,rakhi,RK1900,1
560,rakhi,RK1905,1
560,rakhi,RK1907,1
560,rakhi,RK1909,1
560,rakhi,RK1910,1
560,rakhi,RK1912,1
560,rakhi,RK1914,1
560,rakhi,RK1915,1
560,rakhi,RK1916,1
560,rakhi,RK1917,1
560,rakhi,RK1919,1
560,rakhi,RK1920,1
560,rakhi,RK1921,1
560,rakhi,RK1922,1
560,rakhi,RK1923,1
560,rakhi,RK1925,1
560,rakhi,RK1926,1
560,rakhi,RK1927,1
560,rakhi,RK1928,1
560,rakhi,RK1933,1
560,rakhi,RK1940,1
560,rakhi,RK1945,1
560,rakhi,RK1947,1
560,rakhi,RK1949,1
560,rakhi,RK1950,1
560,rakhi,RK1954,1
560,rakhi,RK1957,1
560,rakhi,RK1958,1
560,rakhi,RK196,1
560,rakhi,RK1966,1
560,rakhi,RK1976,1
560,rakhi,RK1978,1
560,rakhi,RK1979,1
560,rakhi,RK1981,1
560,rakhi,RK1982,1
560,rakhi,RK1983,1
560,rakhi,RK1989,1
560,rakhi,RK1992,1
560,rakhi,RK1995,1
560,rakhi,RK1997,1
560,rakhi,RK1998,1
560,rakhi,RK2003,1
560,rakhi,RK2004,1
560,rakhi,RK2006,1
560,rakhi,RK201,1
560,rakhi,RK2011,1
560,rakhi,RK2020,1
560,rakhi,RK2021,1
560,rakhi,RK2022,1
560,rakhi,RK2023,1
560,rakhi,RK2031,1
560,rakhi,RK2031_2,1
560,rakhi,RK2033,1
560,rakhi,RK2035,1
560,rakhi,RK2041,1
560,rakhi,RK2041_2,1
560,rakhi,RK2042,1
560,rakhi,RK2043,1
560,rakhi,RK2045,1
560,rakhi,RK2046,1
560,rakhi,RK2047,1
560,rakhi,RK2052,1
560,rakhi,RK2053,1
560,rakhi,RK2059,1
560,rakhi,RK2074,1
560,rakhi,RK2098,1
560,rakhi,RK2107,1
560,rakhi,RK227,1
560,rakhi,RK229,1
560,rakhi,RK234,1
560,rakhi,RK236,1
560,rakhi,RK237,1
560,rakhi,RK238,1
560,rakhi,RK240,1
560,rakhi,RK241,1
560,rakhi,RK248,1
560,rakhi,RK250,1
560,rakhi,RK264,1
560,rakhi,RK271,1
560,rakhi,RK272,1
560,rakhi,RK273,1
560,rakhi,RK276,1
560,rakhi,RK279,1
560,rakhi,RK283,1
560,rakhi,RK290,1
560,rakhi,RK298,1
560,rakhi,RK303,1
560,rakhi,RK304,1
560,rakhi,RK345,1
560,rakhi,RK350,1
560,rakhi,RK351,1
560,rakhi,RK353,1
560,rakhi,RK354,1
560,rakhi,RK355,1
560,rakhi,RK357,1
560,rakhi,RK361,1
560,rakhi,RK367,1
560,rakhi,RK368,1
560,rakhi,RK369,1
560,rakhi,RK371,1
560,rakhi,RK372,1
560,rakhi,RK374,1
560,rakhi,RK380,1
560,rakhi,RK381,1
560,rakhi,RK396,1
560,rakhi,RK398,1
560,rakhi,RK409,1
560,rakhi,RK410,1
560,rakhi,RK412,1
560,rakhi,RK433,1
560,rakhi,RK434,1
560,rakhi,RK437,1
560,rakhi,RK438,1
560,rakhi,RK441,1
560,rakhi,RK455,1
560,rakhi,RK457,1
560,rakhi,RK464,1
560,rakhi,RK466,1
560,rakhi,RK468,1
560,rakhi,RK474,1
560,rakhi,RK48,1
560,rakhi,RK484,1
560,rakhi,RK488,1
560,rakhi,RK492,1
560,rakhi,RK493,1
560,rakhi,RK499,1
560,rakhi,RK513,1
560,rakhi,RK516,1
560,rakhi,RK517,1
560,rakhi,RK526,1
560,rakhi,RK53,1
560,rakhi,RK539,1
560,rakhi,RK55,1
560,rakhi,RK550,1
560,rakhi,RK552,1
560,rakhi,RK554,1
560,rakhi,RK57,1
560,rakhi,RK582,1
560,rakhi,RK585,1
560,rakhi,RK589,1
560,rakhi,RK60,1
560,rakhi,RK61,1
560,rakhi,RK613,1
560,rakhi,RK617,1
560,rakhi,RK620,1
560,rakhi,RK63,1
560,rakhi,RK639,1
560,rakhi,RK643,1
560,rakhi,RK645,1
560,rakhi,RK648,1
560,rakhi,RK653,1
560,rakhi,RK663,1
560,rakhi,RK664,1
560,rakhi,RK665,1
560,rakhi,RK67,1
560,rakhi,RK671,1
560,rakhi,RK673,1
560,rakhi,RK680,1
560,rakhi,RK69,1
560,rakhi,RK70,1
560,rakhi,RK715,1
560,rakhi,RK719,1
560,rakhi,RK72,1
560,rakhi,RK722,1
560,rakhi,RK73,1
560,rakhi,RK733,1
560,rakhi,RK737,1
560,rakhi,RK75,1
560,rakhi,RK757,1
560,rakhi,RK766,1
560,rakhi,RK767,1
560,rakhi,RK77,1
560,rakhi,RK771,1
560,rakhi,RK773,1
560,rakhi,RK79,1
560,rakhi,RK796,1
560,rakhi,RK80,1
560,rakhi,RK808,1
560,rakhi,RK81,1
560,rakhi,RK819,1
560,rakhi,RK828,1
560,rakhi,RK83,1
560,rakhi,RK832,1
560,rakhi,RK833,1
560,rakhi,RK834,1
560,rakhi,RK835,1
560,rakhi,RK838,1
560,rakhi,RK840,1
560,rakhi,RK846,1
560,rakhi,RK848,1
560,rakhi,RK849,1
560,rakhi,RK853,1
560,rakhi,RK854,1
560,rakhi,RK859,1
560,rakhi,RK860,1
560,rakhi,RK864,1
560,rakhi,RK865,1
560,rakhi,RK866,1
560,rakhi,RK869,1
560,rakhi,RK874,1
560,rakhi,RK887,1
560,rakhi,RK887_2,1
560,rakhi,RK889,1
560,rakhi,RK891,1
560,rakhi,RK894,1
560,rakhi,RK900,1
560,rakhi,RK905,1
560,rakhi,RK906,1
560,rakhi,RK911,1
560,rakhi,RK913,1
560,rakhi,RK915,1
560,rakhi,RK917,1
560,rakhi,RK918,1
560,rakhi,RK919,1
560,rakhi,RK920,1
560,rakhi,RK921,1
560,rakhi,RK922,1
560,rakhi,RK923,1
560,rakhi,RK924,1
560,rakhi,RK925,1
560,rakhi,RK926,1
560,rakhi,RK927,1
560,rakhi,RK928,1
560,rakhi,RK929,1
560,rakhi,RK930,1
560,rakhi,RK931,1
560,rakhi,RK932,1
560,rakhi,RK933,1
560,rakhi,RK934,1
560,rakhi,RK935,1
560,rakhi,RK936,1
560,rakhi,RK937,1
560,rakhi,RK938,1
560,rakhi,RK939,1
560,rakhi,RK940,1
560,rakhi,RK941,1
560,rakhi,RK948,1
560,rakhi,RK951,1
560,rakhi,RK954,1
560,rakhi,RK955,1
560,rakhi,RK956,1
560,rakhi,RK957,1
560,rakhi,RK958,1
560,rakhi,RK960,1
560,rakhi,RK961,1
560,rakhi,RK965,1
560,rakhi,RK966,1
560,rakhi,RK968,1
560,rakhi,RK970,1
560,rakhi,RK973,1
560,rakhi,RK978,1
560,rakhi,RK979,1
560,rakhi,RK980,1
560,rakhi,RK981,1
560,rakhi,RK982,1
560,rakhi,RK983,1
560,rakhi,RK985,1
560,rakhi,RK987,1
560,rakhi,RK989,1
560,rakhi,RK991,1
560,rakhi,RK993,1
560,rakhi,RK994,1
560,rakhi,RK995,1
560,rakhi,RK999,1
341,rakhi,RK1000,1
341,rakhi,RK1001,1
341,rakhi,RK1003,1
341,rakhi,RK1004,1
341,rakhi,RK1005,1
341,rakhi,RK1141,1
341,rakhi,RK1221,1
341,rakhi,RK1224,1
341,rakhi,RK1231,1
341,rakhi,RK1252,1
341,rakhi,RK1263,1
341,rakhi,RK1274,1
341,rakhi,RK1723,1
341,rakhi,RK1919,1
341,rakhi,RK1945,1
341,rakhi,RK835,1
341,rakhi,RK848,1
341,rakhi,RK853,1
341,rakhi,RK866,1
341,rakhi,RK941,1
341,rakhi,RK978,1
341,rakhi,RK979,1
341,rakhi,RK980,1
341,rakhi,RK981,1
341,rakhi,RK982,1
341,rakhi,RK983,1
341,rakhi,RK985,1
341,rakhi,RK987,1
341,rakhi,RK989,1
341,rakhi,RK991,1
341,rakhi,RK993,1
341,rakhi,RK994,1
341,rakhi,RK995,1
341,rakhi,RK999,1
411,rakhi,RK1190,1
411,rakhi,RK1191,1
411,rakhi,RK1290,1
411,rakhi,RK866,1
411,rakhi,RK922,1
411,rakhi,RK924,1
411,rakhi,RK928,1
411,rakhi,RK929,1
411,rakhi,RK930,1
411,rakhi,RK932,1
411,rakhi,RK933,1
411,rakhi,RK934,1
411,rakhi,RK935,1
411,rakhi,RK941,1
436,rakhi,RK1692,1
436,rakhi,RK1723,1
436,rakhi,RK1915,1
436,rakhi,RK1945,1
436,rakhi,RK865,1
436,rakhi,RK917,1
436,rakhi,RK920,1
436,rakhi,RK936,1
436,rakhi,RK939,1
