parent_id,category_id,title,description,meta_title,meta_description,meta_keyword
166,82,Chocolate Day Gifts,"<h2>Buy Valentine Chocolates Online</h2><p>Make this <strong>Chocolate  Day</strong> a little chocolaty with Bookmyflowers. It will remind her of the  childhood innocence she still has in her heart. Sweeten your love with our  special heart shaped valentine chocolates which is made with the perfect amount  of sweetness and love to lure her. Let the <strong>valentine  chocolates</strong> be the little messenger to carry the message of your heart to  your loved ones.  As they gulp it in  their mouth it melts and swirls in to leave a smooth and a moist texture which  you will keep craving for. Chocolates can always a little sinful and a lot more  indulging to be resisted.</p>  <p> With Bookmyflowers you can now order and buy chocolates  online so that it can be delivered right at your doorsteps. If valentine chocolates look too little for your love you can also give our  favorite combo of flowers chocolates, teddy bear which will make her believe  that she still means the world to you. Make her feel a little special by  sending her a box full of valentine chocolates and watch her gleeful smile at  the sight of it.</p></br><h2>Online Chocolate Gifts for Valentine's Day</h2><p>There is absolutely no one in this world who canít stop salivating at the sight of chocolates. If just a box of valentine chocolates is not enough we have a whole bouquet of them? So, this valentineís season it is time to melt your queenís heart with irresistible valentine chocolate which have been quite tastefully made by our connoisseurs and are delivered with love at her doorstep. So, what are you waiting for just send these chocolates with a simple click of the mouse.</p> </br><p>At Bookmyflowers, we donít limit you with choices, you can shop for Ferrero Rocher, Toblerone, Snickers and Mars amongst others. If you are looking for something more personalized, you can go for some handmade chocolates which makes an ideal valentine chocolate gifts and are neatly wrapped and present as gifts for the occasion. Your love will be totally mesmerized with the rich fragrance of the cocoa and will give a unique spin to your romance too, therefore, they make excellent chocolate day gifts too. You can never run out of gifting options, our inventory if fully loaded with flowers, personalized and other creative gifts too. You can shop for may be a personalized photograph of the two of you or maybe key chains which are some of the items we have displayed in the <a href=""/valentines-day/gifts-for-wife"">valentine day gifts for wife</a>. Be it anything from a personalized love note to scrolls and other attractive gift combos and hampers. </p> </br><p>We have even come up with a fresh bunch of flowers from the top growers of the industry. Our florists have hand-picked and arranged some of the most beautiful and fresh flowers and deliver it to the one you love or you have a crush on. The flowers are available in both ordinary and premium arrangement and serve as an excellent <a href=""/valentines-day/gifts-for-girlfriend"">valentine gifts for girlfriend</a>. </br><p>You can send our valentine day chocolates with express delivery options. If you have missed out on a date or waiting is not an option go with our same day delivery option which allows you to send gifts with our speedy delivery services. You can send gifts to over 350 destinations with the strong logistical support that we are blessed with for years. Our exceptional and timely delivery of gifts makes us the most renowned brand and has built both trust and confidence amongst our customers.</p>","Chocolate Day Gifts: Valentine Day Chocolate Gift Box, Online Chocolate for Valentine Day","Buy delicious valentine chocolates, chocolate gifts hamper and valentine chocolate box online. Send Valentine's Day chocolates to India on chocolate day.","valentine chocolate gifts, valentine chocolates, valentine chocolate, valentine day chocolate, chocolate day gift, valentine chocolate box, chocolate for valentine day"
0,137,Online Soft Toys ,"<h2>Buy Soft Toys Online</h2><p>You might have never seen something so cute as these cute little soft toys. It is filled with childhood innocence and sweetness which you tend to miss when you grow old. So it is the <a href=""/birthday/gifts"">best Birthday gift</a> for new born babies who will find someone exactly like them. With Bookmyflowers you can get a variety of soft toys delivered online in different colors and sizes so that you can pick the one you like the most. Buying soft toys online also gives you the benefit of choosing a soft toy which exactly fits your Budget.</p></br><p>Soft toys are like reminders of the fact that no matter how old you grow or how mature you become, there should be a little childish innocence which should always be preserved. Our gift connoisseurs make a perfect combo of these Soft toys with Chocolates, cookies and <a href=""/roses"">Roses bouquet</a> so that they can be excellent gifts for Birthdays, Anniversary and Valentine's Day.</a>",Buy soft toys online for kids and babies at lowest price in India - Bookmyflowers,"Buy and send these cute soft toys online in India at an affordable price. Explore the range of all types of soft toys like teddy bear, heart shaped cushions, animal soft toys for kids","soft toys online,online soft toys,soft toys online india,soft toys for babies,buy soft toys online,soft toys for kids, soft toys online shopping"
0,82,Buy Gifts Online,"<h2>Buy and order gifts online in India</h2><p>The trend of buying gifts online in  India is gaining momentum these days as people don&rsquo;t have time to roam from one  gift shop to another in search of attractive and affordable gifts for their  dear ones. Bookmyflowers is a great online gift shop that will take you into an amazing world of gifts. You can <strong>buy gifts online India</strong> from our endless gifts collection. </p></br> <p> We offer <strong>online gifts to India</strong> for almost all occasions and festivals like anniversary gifts, <a href=""/anniversary/personalized-gifts"">wedding gifts</a>, corporate gifts etc. We have a team of dedicated workers who not just ensure smooth operations, safe and timely <a href=""/gifts"">online delivery of gifts</a> to the receivers but also assure favorable response of the clients. </p></br> <p>There are many benefits of ordering  gifts online India via Bookmyflowers like you can place order conveniently by  just sitting in your home, check out latest trends in the market, make  comparisons among various gifts products. So why to wait? Go ahead and elevate your love for your family and friends by sending online gifts.We have huge collection of gifts for all age people and you can buy these gift items from our online gift store or you can also order gifts for any special occasions such as birthday, anniversary, wedding etc.</p>","Buy Gifts Online, Order Gifts Online, Gifts to India",Buy and Order Gifts online: Book My Flowers offers handpicked collection of gifts online online in India. Buy and order from our exclusive range of gifts online,"order gifts online, order gifts online India, buy gifts online, buy gifts online India, online gifts India, online gifts to India, gifts online India"
0,167,Midnight Flowers and Cakes Delivery,"<h2>Midnight Delivery of Flowers, Cakes and Gifts Online</h2><p>The silence of the midnight is broken by a door bell and as you open it, you see a big ‚ÄòSURPRISE GIFT' waiting for you to tear it open. No matter whatever is the occasion, midnight delivery cake, flowers is sure to pump you with a lot of excitement it adds a ‚Äòspecial' feeling to the occasion. With Bookmyflowers we ensure that the special feeling is maintained by our on dot online midnight delivery of our cakes, flowers and <a href=""/personalized-gifts"">personalized gifts</a> which are being delivered to them at their own home.</p> </br><p>The surprise element which thus comes by getting the gift delivered on time is priceless. You can also pin a Greeting Card with a personalized message stating how much he/she means to you. With online delivery you also get a chance to have a look at the variety of colors and flavors which you can pick and choose as per your preference.</p>","online cake delivery at midnight, Gifts ,Flowers midnight delivery","Order and get deliver your fresh flowers, cakes and gifts at midnight in India as we also offer midnight delivery services.","midnight Flowers delivery,Online Cake delivery midnight,midnight Gifts delivery"
0,81,Buy Gift Hampers Online,"<h2>Send gift baskets online in India</h2><p>With  Bookmyflowers, you can easily <strong>send  gift baskets online</strong> to delight your loved ones. We offer perfect gift  baskets for every occasion. Whether it&rsquo;s a birthday, anniversary or wedding  reception, you can <a href=""/gifts"">send gifts online</a> conveniently and hassle-free.</p></br><p>With  our exclusive variety of gift baskets, you are sure to get the best gift  baskets for someone special in your life. You can <strong>buy gift baskets online</strong> to your loved ones to make their special  occasion memorable.</p><br /><p>So, if you are  finding an easy way to <strong>send  gifts online</strong>in India, Bookmyflowers is the best option to look for. You can use this amazing  platform to send gift baskets to your dear ones on their birthdays,  anniversaries or on any other special occasion. Also, we offer impeccable  services for fix time, <a href=""/mid-night-delivery"">midnight delivery</a>, same day or next day delivery of gifts for all  occasions. </strong></p>","Buy Chocolate gift baskets online, Corporate and birthday gift baskets - Bookmyflowers","Buy and send gift baskets, Chocolate gift, corporate and birthday gift basket online at reasonable price that fits in a shoe string budget.","gift baskets,chocolate gift baskets,gift baskets online india,corporate gift baskets,birthday gift baskets,buy gift baskets online"
0,65,Send Flowers to Mumbai,"<h2>Send Flowers to Mumbai</h2>
<p align=""justify"">The moment you tip-toe outside your house to attend your dear oneís most important day in Mumbai, rains are the ones which spoils your mood. It is time to show a nasty face to the rains with Bookmyflowers online delivery of flowers in Mumbai. Now no matter whether it is a Birthday, Anniversary, Wedding, Motherís Day or any other occasion. Our on time delivery of flowers,cakes and gifts even during the monsoons will surely leave you spell bound. We have a variety to showcase both in flowers, cakes and gifts. Talk about cakes we have both your personal favorite flavors like chocolate, vanilla, blueberry and some exotic ones too. Our flower boutique consists of some of the freshest of flowers like Roses, Lilies, Daisies, Tulips and Gerberas just to name a few. If you feel that something extra special is what your dear ones deserve you can also pick some of the unique variety of personalized gifts which we have rolled out in Mumbai.</p>
<p align=""justify"">The exquisite looks and fragrances of flowers are always a captivating experience. Flowers have a way of bringing cheer to almost everyone and they bring freshness all around. A gift of flowers is always a perfect present for any occasion. Bookmyflowers offers you the ultimate range of seasonal and occasion flower bouquets available online. Send Flowers to Mumbai with a simple click of the mouse. Pick your choice from a range of freshly picked flowers including tulips, daisies, orchids and roses among many others. Order them from anywhere in the world, and send online flowers to Mumbai any day and anytime of the year. Whether it is for a special occasion or as a routine wish, a gift of flowers is always a delight for anyone.</p><p align=""justify"">Bookmyflowers provides special services for Flower delivery to Mumbai and many other cities all over the nation. Order flowers to Mumbai online for your loved ones on their special occasions. You can arrange a delivery of a bouquet of their favorite flowers in an enticing bunch and have it delivered directly to their addresses. Our bouquets are available in neat and pretty arrangements handled by trained professionals and the flowers come all freshly picked. You can also personalize your flowers to Mumbai with various other gift options such as a greeting card with a personal message attached to it. For an extra special treat, you can add an adorable teddy bear or a box of luscious chocolates along with your flowers.</p><p align=""justify"">Nothing says in better than flowers when it comes to expressing matters of the heart. Donít let distance tell you that distance should come between you and your loved ones. Send online Flowers to Mumbai for any occasion from anywhere in the world through Bookmyflowers.  Have your flower delivery in Mumbai done through our online portal and rest assured that your floral gifts get delivered intact and on time.

<h2 align=""left"">Mid Night Flowers Delivery in Mumbai</h2>
<p align=""justify"">Make every occasion special with Bookmyflowers midnight delivery. If you want to surprise a friend or loved one in Delhi you can get an online midnight flower delivery in Mumbai and any other destination of your choice. All our flowers are delivered fresh in order to build the trust of our customers. Combine fresh flowers with delectable <a href=""/cakes-to-mumbai"">cake delivery in Mumbai</a> and create sweet memories with your loved ones. Our exceptional delivery makes us one of the most reputed brand name in the industry.</p><h2 align=""left"">Online Florist in Mumbai</h2><p align=""justify"">The art of assembling the most beautiful flowers lies with our online florists. Our florists at Bookmyflowers allow you to send the best bouquet to your loved one. Our florists are spread across the country, you can look for our online florist in Mumbai or any other destination. With our in-house florists in Mumbai you can even send flowers to Pune to delight your loved ones. Create beautiful memories with our quick online delivery of <a href=""/birthday/cakes-to-mumbai"">birthday cake in Mumbai</a> which will not fail to surprise them.</p>","Send Flowers to Mumbai, Online Flowers Delivery in Mumbai","Send flowers to Mumbai at best price. We provide online flowers delivery in Mumbai for occasion like birthday, anniversary and valentine day to your dear ones.","send flowers to mumbai, flower delivery in mumbai, online flowers delivery in mumbai, florist in mumbai, bouquet delivery in mumbai, send flower bouquet to mumbai, online flowers to mumbai"
0,66,Send Flowers to Pune,"<h2>Send Flowers to Pune</h2><p>It must be a terrible mistake for you to drive speedily on a Mumbai -Pune highway missing out on the gift for your dear ones Birthday. To bail you out from such situation all you need to do is just place an online delivery of cake, flowers or gift from Bookmyflowers in Pune. Our spongy cakes our well renowned in Pune with your favorite chocolate cake to Vanilla and strawberry. We are known to pick flowers as per occasion; they are as fresh as the dew drops with an unmatched variety of Carnations, Orchids, Roses, Liles and Gerberas to name a few. You can surprise your loved ones with on time gifts and flowers delivery to Pune so that the charm of the moment is not lost. Our gift connoisseurs have handpicked some selected gift for occasions like Valentineís day, Motherís day, Womenís Day, Birthday and many more so that it sends across the right message to the one you love.</p><p>Flowers are one of the best ways to show that you care; they make people feel special and well loved. They express what is in our hearts and convey our emotions in an eloquent and clear manner. So if you are missing and thinking of your friends, family or the love of your life in Pune, a special delivery of flowers to them is a nice way to express your feelings. You can send flowers to Pune with the quick touch of a button through Bookmyflowers online. Order these gifts from anywhere in the world and have it delivered to any address in the city of Pune.</p><p>Flowers are also perfect for any occasion, whether it is festivals like Diwali or Christmas or special occasions like Valentineís Day or Womenís Day. And even if you are not present in the city on these special occasions, you can still share in the joy and celebrations by arranging an online flower delivery to Pune. Pick your choice from a selection of fresh and lovely flowers ranging from orchids to daisies and roses to gerberas. These bouquets come in neat and attractive arrangements handled by expert florists and gift connoisseurs. Our flowers are also available in exclusive combos to make your gifting occasions more special. You can choose from varied gift options such as coffee mugs, cushions, chocolates, cakes and dry fruits to go along with your flowers. These gift combos are perfect for festivities and social gatherings. Have your flowers delivery to Pune done online and save up on considerable time and money. Bookmyflowers provides you with the freshest flowers at affordable rates and less handling charges. We also offer custom online Flowers delivery to Pune and various other cities all over the country for your comfort and convenience. You can choose from same-day delivery, midnight special and fixed-time delivery options.</p>","Send flowers to Pune, Online Flowers delivery in Pune",Bookmyflowers allow you to send flowers to Pune for your dear ones. Get same day online flowers delivery in Pune at affordable price to wish your friendís birthday.,"send flowers to pune, online flowers delivery in pune, bouquet delivery in pune, online florist in pune, online flowers to pune, midnight flowers delivery in pune,  online bouquet delivery in pune"
0,54,Send Flowers to Chennai,"<h2>Send Flowers to Chennai</h2><p>Humidity of Chennai is what makes the occasion like Birthday, Anniversary and other occasions on a back burner. But with Bookmyflowers wide range of gifts, flowers and cakes there is some respite for all the people of Chennai. You can send, order and buy gifts online from Bookmyflowers which is surely going to surprise your loved ones. You can send flowers with cakes which are so fresh that you may feel as they have stepped out of the oven especially for you. Our flowers boutique has been blessed with some of the exotic breed of Orchids, Roses, Carnations, and Gerberas. Arrange an online flower delivery to Chennai to woo your beloved. You can pin a customize message saying how much they mean to you and how your life will completely be on hold without them. When words and time fall short we fill the gap with some creative and unique gifts which are sure to delight your dear ones.</p><p>Flowers are an expression of love; they are presents given to someone to makes the other happier or less sad, especially as a favor, including forgiveness and kindness. Flowers are also usually presented on occasions such as birthdays,anniversaries and weddings. It can also be presented on office occasions ranging from the new promotion all the way to that long awaited retirement. Donít miss out on any of your friends or family occasions in Chennai. Even if you are not in the city you can still send online Flowers to Chennai on their special occasions. You can surprise your loved ones with floral arrangements that clearly let them know you are thinking of them. These flower bouquets will surely convey the message in your heart. Bookmyflowers offer you the freshest and choicest flower bouquets for your every gifting need. From lovely roses to dazzling daisies and petite lilies to classy carnations, you are sure the find your desired choice. Send flowers to Chennai in exquisite bouquets and arrangements. Our bouquets are handled by skilled florists and they come wrapped in soft tissues so that they donít get spoiled on the way and always maintain their freshness.But it does not call only for specific occasions to present flowers. A surprise gift of a flowers bouquet out of nowhere will simply delight the recipient to no end.</p><p> So gift your friends, family and loved ones with a special flower delivery in Chennai anytime. There are numerous options for delivering flowers to Chennai online; you can choose from the fixed-time, same day and midnight delivery services. You can also complement your flowers to Chennai with luscious chocolates and sumptuous cakes. A gift combo of flowers and cakes are definitely a treat both for the eyes and the palate and will definitely make your present extra special.</p>","Send flowers to Chennai, Online Flowers Delivery in Chennai","At Bookmyflowers you can send flowers to Chennai with cake to your relatives, family members and friends birthday occasion. Get online flower delivery in Chennai from any location of India.","Send Flowers to Chennai, Cake delivery in Chennai, Online flower delivery in Chennai, best cakes in Chennai, send cake to Chennai, Gift delivery in Chennai"
0,61,Send Flowers to Hyderabad,"<h2>Send Flowers to Hyderabad</h2>
<p align=""justify"">A Hyderabadi Biryani can be the best dish for dinner not for an occasion like Birthday, Anniversary, Womenís Day and many more, it may lack luster without a scrumptious spongy Cake. The flavor might widely vary from Chocolate to Vanilla to Pineapple and Strawberry and many more to list. You can combine the cake with our online delivery of fresh flowers of Roses, Orchids and Carnations in Hyderabad city. If this still doesnít suffice you can pick and choose from the unique set of special personalized gifts that we have. Once you have placed the order you can receive cake, gift or flowers. Arrange an online flowers delivery to Hyderabad and celebrate your dear oneís perfect occasion with all the pomp and show. It is time to make their day to be a memorable one and make them feel loved W. Our on time delivery of all the gifts will ensure that the specialty of the occasion is reserved. It is their day let them make it large.</p><p align=""justify"">If you are thinking of that special someone in Hyderabad and wondering how to reach her across the miles, Bookmyflowers provide you with simple and easy solutions. You can arrange a special flowers delivery in Hyderabad for the love of your life. Pick your choice of flowers from an amazing array of fresh and exquisite blooms. Sending Flowers to Hyderabad is an easy and less time consuming affair with Bookmyflowers. Simply order them online from the comfort of your chair and have it delivered to any location in the city of Hyderabad and adjoining areas. You can go for a classic collection of long stemmed Red roses in an exquisite bouquet. Red Roses are the symbol of passionate love and an arrangement of flawless, beautiful red roses in a stylistically crafted treasure box will melt the hearts of anyone. Try a gorgeous mix of tulips, roses, lilies, chrysanthemums and gerberas too. This luscious arrangement of different flowers in a gift pack setting is a nice way to say you care. Exclusively made for that special someone, our flower arrangements are sure to sweep anybody off their feet.</p><p align=""justify"">Personalize your Flower delivery to Hyderabad with a greeting card attached to your floral gifts. Customized gifts make all the difference to your gift- giving. It infuses the special touch of intimacy and they are sure to go a long way with your loved ones. Add the touch of intimacy with a personalized message and make the recipient feel well loved and extra special. And to make it extra special, you can complement your online flowers to Hyderabad with sumptuous and eye catching cakes that are definitely a treat both for the eyes and the palate. Our cakes are available in various flavors ranging from Vanilla, Chocolate, Butterscotch and Cheese Cakes. We provide special services to send flowers to Hyderabad which include same-day delivery, the midnight special and the fixed-time delivery services.</p>
<h2 align=""left"">Birthday Cake and Flowers Delivery in Hyderabad</h2> </br>
<p align=""justify"">Celebrate every occasion with cakes and flowers from Bookmyflowers. You can get an online cake and flower delivery done in Hyderabad and any other city of your choice. Be a part of every occasion and help your loved ones in creating beautiful memories. You can order <a href=""/cakes-to-hyderabad"">cakes online in Hyderabad</a> with our exceptional delivery services. All our cakes are baked using the premium quality of ingredients so that the best cakes are delivered to you.</p> </br><h2 align=""left"">Same Day Flowers Delivery In Hyderabad</h2><p align=""justify"">To make it convenient for our customers, we have come up with custom delivery options which allows you to get same day flower delivery in Hyderabad. All our flowers are handpicked at the peak of perfection and are delivered to different destinations. We have covered a wide number of destinations which is why you can <a href=""/flowers-to-kolkata"">send flowers to Kolkata</a> and any other destination of your choice. Timely delivery of all our gifts makes the most preferred brand in the industry.</p>","Send flowers to Hyderabad, Online Flowers delivery in Hyderabad",Send flowers to Hyderabad in budget price. We offer fresh flowers delivery in Hyderabad to your loved ones. Choose perfect flower combination from our wide range of flowers and bouquets to deliver in Hyderabad.,"send flowers to hyderabad, online flowers delivery in hyderabad, flower delivery in hyderabad, birthday flower delivery in hyderabad, online flowers to hyderabad, online florist in hyderabad"
0,63,Send Flowers to Kolkata,"<h2>Send Flowers to Kolkata </h2><p>Kolkata has been blessed with an inherent sweetness in its regional language and sweet dishes. With the presence of Bookmyflowers online delivery of Cakes, Flowers and Gifts we thought of infusing some more sweetness to make the occasion perfect for your dear ones. You can get to choose from the wide range of luscious chocolate cake to the classic Vanilla and we do have some exotic cakes for us too. Our flowers have been chosen by our florists so that they can add an extra smile on their faces. You can send <a href=""/personalized-gifts"">personalized gifts online</a> to that extra bit of emotion.You can send gifts with our buttery smooth online delivery make your dear ones feel that their occasion holds a special significance for you too. Pin a message along which it, so that you can add the perfect emotion to that sweetness.</p> <p>They say the way to someoneís heart is through his or her stomach but food items alone cannot convey the exact range of your emotions. When it comes to matters of the heart, there are no better options than flowers to express your feelings but flowers donít fill the stomach too. Bookmyflowers offers you a perfect solution from this dilemma with an amazing range of Cakes and flowers combo. Send Flowers to Kolkata along with a tempting and sumptuous cake on the special occasion of your friends, family or your lover. Our cakes are available in various shapes sizes and flavors including, vanilla, strawberry, chocolate and butterscotch. You can also go for the classic Pineapple or Black Forest cakes. The smooth and creamy Marble Cakes not only look spectacular but are also an enlivening and tasty option with its perfect blend of chocolate and vanilla. Present your loved one with an exquisite combo of Rose and Blueberry Cheese Cake. This delightful combo of mouthwatering cheese cake and pretty roses tied up in a lovely bunch will provide her an epic experience to remember.</p>  <p>We also offer a wide range of specialized gift items for occasions and celebrations including birthdays and weddings. From gift cosmetic sets to various <a href=""/birthday/chocolates"">chocolate gift</a> hampers with teddy bears, the range of flowers and gifts combo will be perfect for all your gifting needs.Arrange for your flower delivery in Kolkata through our portal. Order your Flowers to Kolkata online and have it delivered your, friends, family and relatives in the city. Bookmyflowers are renowned for our delivery services and we ensure your gifts arrive at the stipulated time and in pristine condition. You can also avail custom delivery options including fixed-time, same day and midnight delivery services.</p>","Send flowers to Kolkata, Online Flowers Delivery in Kolkata","Send flowers to Kolkata for any occasions. Get online delivery of flowers in Kolkata along with cakes on birthday, anniversary and valentine day occasion.","send flowers to kolkata, flowers delivery in kolkata, online flowers delivery in kolkata, florist in kolkata, flowers to kolkata, birthday flower delivery in kolkata, bouquet delivery in kolkata"
0,168,Send Flowers to Lucknow,"<h2>Send Flowers to Lucknow </h2>
<p align=""justify"">Lucknow, popularly known as the city of Nawabs and now with opening up of Bookmyflowers you can now send flowers, cakes and gifts in a Nawabi style. All you need to do is just place the order and enjoy like a Nawab and we will ensure that you celebrate the moment in full swing. You want to make their moment extraordinarily special, we have cakes viz Tiramisu, Blueberry Cheese Cake, Black Forest just to name a few. Add a little charm to the occasion by sending fresh flowers along with it, we have both flowers to brighten up their day with Gerberas and Tulips and Roses to suit every occasion.You can send <a href=""/rakhi/gift-hampers"">gift hampers</a> and personalized gifts to your loved ones. We have an unmatched range of gifts which are available online in Lucknow. With an online delivery of cakes, flowers and gifts in Lucknow, celebrations have got a whole new meaning.</p> <p align=""justify"">Staying away from your family and friends can be a drag especially during festivals and holidays. It is not possible to return back every time and spent every single occasion in your hometown. And you have to miss out on a number of occasions but with Bookmyflowers you can easily be part of the festivities anytime not only in spirit but with the presence of your gifts. You can send flowers to Lucknow and other cities in and around the state through our online portal. Weíre the experts at flower delivery to Lucknow City. Shop our extensive selection of colorful flowers at unbelievable prices. We offer a wide range of floral gifts for your different occasions. You can order flowers to Lucknow online for Motherís Day, <a href=""/valentines-day/gifts"">Valentineís Day</a>, birthdays and anniversaries; and festivals like Diwali or Rakshabandhan.Our flower bouquets are designed by expert florists and they are packaged in such a way they retain their freshness and also maintain their aesthetic appeal. From long stemmed roses to tantalizing tulips and glorious gerberas to delicate lilies, the choice of flowers available is endless. You can also send a mixed bunch of different flowers or customize your Flower delivery to Lucknow with a personalized message on a greeting card according to your preferences. Personalization will add another dimension to your gift giving occasion and enhance the stature of your presents.</p> <p align=""justify"">With our easy online shopping and ordering system, you can send a beautiful bouquet or floral arrangement to friends and family throughout the Lucknow area in no time. Order them from any part of the world and be sure that your gifts will be there in time for the special occasion. Bookmyflowers proudly serves the entire Lucknow City area with only the freshest flowers delivered.</p>
","Send flowers to Lucknow, Online Flowers delivery in Lucknow",Now you can send flowers to Lucknow with our strong flower delivery network in Lucknow city. We offer fresh flowers delivery online from local florist in Luckow.,"send flowers to lucknow, flower delivery in lucknow, online flower delivery in lucknow, birthday flowers delivery in lucknow, online flowers to lucknow, online florist in lucknow"
0,51,Send Flowers to Ahmedabad,"<h2>Send Flowers to Ahmedabad</h2><p>A City which was very well known for its educational institution is now been famous for celebrating occasions too with Bookmyflowers - Ahemdabad. Now celebrating occasions like Birthday, Anniversary, Get well soon and many others have now become simpler. All the cakes, flowers and gifts are now being online delivered in Ahemdabad. We have innumerable flavors of cakes starting from Black Forest, Chocolate Truffle and the classic Vanilla to smoothen your taste buds.You can also <a href=""/gifts"">send gifts online</a> which has the perfect gift combo or else you can also add some bit of personalization with our very own range of personalized gifts. These gifts are specially carved for you keeping your needs and emotions in mind. Flowers are gifts which are sure to bring a guaranteed smile be it a glamorous bunch of Roses, Lilies, Daisies or Carnations hand tied to spread the sweet fragrance around.</p><p>Bookmyflowers is an online flower shop that brings the timeless beauty and elegance of flowers right to your doorsteps in the city of Ahmedabad. We specialize in offering affordable, contemporary flowers for your every occasion. Whether it is for Womenís Day, birthdays and anniversaries or festivals like Diwali or Navratri, you are sure to find the perfect bouquet choice for Flower delivery in Ahmedabad here. You can expect great event flowers, fresh flowers arrangements, amazing floral designs, orchid plants, <a href=""/gift-hampers"">gift baskets</a>, indoor office plantsand much more. Our bouquets are simply elegant and they are carefully designed by our highly trained and skilled florists. They are specially packaged to retain their freshness for a long time. There's something to be said about the power of flowers and fresh blooms. Their pleasant fragrance and vibrant colors embody happiness, making them an ideal gift for any occasion or as a simple reminder of your love at anytime of the year. Celebrations also do not seem to be whole without flowers and floral decorations. So, arrange a Flower delivery to Ahmedabad online for your loved ones and spread cheer and festivities from across the miles. Whether you arrange for delivery to the recipient's home or office, you can be sure it will be received with a smile. Send flowers to Ahmedabad with just a simple click of your mouse. Sample a wide range of the choicest seasonal flowers at our portal. We stock a variety of the freshest flowers in season including daisies, lilies, roses, tulips and orchids for your every gifting requirement.</p><p>With Bookmyflowers, you can be assured of a professional and independent service, a great variety of flowers and value for money, whatever the occasion. Our flower delivery to Ahmedabad services come with a 100% satisfaction guarantee.</p>","Send flowers to Ahmedabad, Online Flowers delivery in Ahmedabad",Send flowers to Ahmedabad at minimum price. Get online flowers delivery in Ahmedabad from our local florist shop in Ahmedabad. Order your flower bouquet online in Ahmedabad now!,"send flowers to ahmedabad, flowers delivery in ahmedabad, online flower delivery in ahmedabad, online florist in ahmedabad, flowers to ahmedabad, birthday flowers delivery in ahmedabad"
0,57,Send Flowers to Gurgaon,"<h2>Send Flowers to Gurgaon </h2><p>Gurgaon has been considered to be the perfect business hub all you will see is just high rise building, in midst of high pressure work, heaps of files and deadlines to meet, it becomes imperative to add a little bit of sweetness and emotion to the high professionalism that is maintained. The sweetness is thereby added with an online delivery of cake, gifts and flowers with Bookmyflowers, which allows you to send online gifts in Gurgaon.","Send flowers to Gurgaon, Online Flowers Delivery in Gurgaon",Send flowers to Gurgaon without going anywhere from Bookmyflowers.com. Here you can get online flowers delivery to all the locations in Gurgaon.,"send flowers to gurgaon, flower delivery in gurgaon, online flower delivery in gurgaon, flowers to gurgaon, online florist in gurgaon, bouquet delivery in gurgaon, online flowers to gurgaon"
0,169,Send Flowers to Noida,"<h2>Send Flowers to Noida </h2><p>Think of Noida and you will surely recall the famous Film City, a little dramatic and way too interesting for the people to visit it at least once. With Bookmyflowers you can add a little bit of drama to all the occasions with an online delivery of Cakes, flowers and Gifts. You can send a perfect gift to satisfy your endless list of occasion be it Birthday, Motherís day, Womenís day, <a href=""/anniversary/gifts"">Anniversary</a> and many more to list. All you need to do is just place the order and wait for the gift to be delivered online.If nothing fits in, you can also pick our special range of personalized gifts online to make him/her feel special. Our flowers have been handpicked by in house florists who have years of expertise in it. Our Cakes are said to be finger licking good so if you have an occasion knocking at the door you will find us just a few buttons away.</p> <p>Flowers are a classic and traditional gift suitable for a range of occasions. From Weddings to anniversaries and even funerals, they play an important role and are a major part of these ceremonies. Even if you are far from your city, you can now send flowers to Noida online with Bookmyflowers. We bring you a plethora of flower bouquets and floral gifts online for every occasion. Show your love, affection and appreciation for your loved ones from afar, donít miss out on any occasion. Whether it is your friendís birthday or your parentís anniversary, you can arrange for a flower delivery in Noida anytime. Valentineís Day is also another occasion when flowers are in huge demand as flowers are the language of romance. Send your lover a bouquet of long stemmed Red Roses along with his or her favorite chocolates. Personalized this gift with your special message on a greeting card attached to the bouquet of flowers, and have your Flower delivery to Noida done to his/her office or residence and surprise him/her with this cute and sentimental choice. </p> <p>You can also complement your flower bouquets with <a href=""/cakes"">exclusive cakes</a> and various other assorted gifts such as teddy bears, dry fruits and cosmetics. At Bookmyflowers we aim to provide the highest quality service and delight every customer with each gift we deliver. With all of our locations and special delivery team, Bookmyflowers is the largest deliverer of floral gifts to destinations all over the city of Noida and surrounding NCR regions. Order your flowers to Noida online in simple and easy steps. Log on to our site and pick the flower of your choice. We include hundreds of flowers, plants and various gift baskets in our selection to fulfill the every requirement of our clients.</p>","Send flowers to Noida, Online Flowers delivery in Noida",Bookmyflowers help you send flowers to Noida at unbelievable price. Get online flowers delivery in Noida for any location. Order your flower bouquet in Noida.,"Send flowers to Noida, flower delivery in Noida, online flower delivery in Noida, flowers to Noida, online florist in Noida, birthday flower delivery in Noida"
0,170,Send Flowers to Ghaziabad,"<h2>Send Flowers to Ghaziabad </h2> <p>A place which almost seems to be a little divorced from Delhi but is still filled with quantum of warmth within it is Ghaziabad. With Bookmyflowers the warmth within the relations have been multiplied, sending flowers, cakes and gifts to your loved ones during their most important occasion has now become not only simple but easier too. Pick either a bunch of crimson red Roses or loosely hand tied bunch of Lilies, we have them all.Our cakes for occasions like Birthday, Anniversary or Wedding becomes the talk of the town with a single lick. It is time to make them feel on top of the world and make their days of day a memorable one. Pick any one be it chocolate, vanilla or butterscotch and we are sure that you will keep coming for more and more. It is time to avail our smooth <a href=""/flowers"">online delivery of flowers</a>, cakes and gifts in Ghaziabad.</p><p>Flowers always bring delight and cheer to everyone; they are the ultimate gifts of Mother Nature. Since time immemorial, they have been the choice of gifts for occasions and festivals. Certain rituals are also observed with flowers and they retain a special place in many religions and cultures worldwide. Beautiful fresh flowers also make such a thoughtful gift anytime, and with Bookmyflowers you have the best options around for your floral gifts. Send Flowers to Ghaziabad online from the comfort of your home and rest assured your gifts will be delivered intact and on time. We offer quick and easy flower delivery around Ghaziabad. You can also opt for custom delivery services such as fixed time, same day and midnight delivery services. Choose the right flowers from a diverse range of beautiful, fresh flower arrangements ranging from daises to lilies and carnations to roses among many others. Our expert and skilled florists brings you the perfect floral arrangement to suit any special occasion. You can find the perfect flower delivery to Ghaziabad for any holiday or occasion - from lovely <a href=""/mothers-day/gifts"">Motherís Day flowers</a> to romantic anniversary flowers and exclusive wedding bouquets.  We also offer the best arrangements gifts for that special someone like romantic birthday flowers and exquisite Valentineís Day flowers such as bouquets of long stemmed Red Roses. Trust Bookmyflowers florist for the freshest, most beautiful bouquets to fit any budget.</p><p>Send your flowers to Ghaziabad online, it is easy and convenient with us. Browse our website to find the perfect floral gift and simply place your order. You can trust our skilled florists to arrange a beautiful bouquet for your special occasion, or even create a personalized, gorgeous one-of-a-kind arrangement just for you. We guarantee fresh, beautiful flowers every time, and each hand-arranged bouquet is personally delivered to your recipient.</p>","Send flowers to Ghaziabad, Online Flower delivery in Ghaziabad",Get any time online flower delivery in Ghaziabad from Bookmyflowers.com. Send flowers bouquet to Ghaziabad at affordable price from our online florist.,"send flowers to Ghaziabad, flowers to Ghaziabad, flowers delivery to Ghaziabad, online flowers to Ghaziabad"
2,35,Anniversary Chocolate,"<h2>Order Anniversary Chocolates, Hampers, Online</h2><p>Anniversaries are meant to lock and cherish the sweet memories you have collected so far; it is time to make it a little more sugary with our finger licking anniversary special chocolates. They are perfect moments to make you realize that time has travelled faster than speed. At Bookmyflowers, we feel privileged in making you relish all these moments by making you order anniversary chocolate bouquets, <a href=""/flower-bouquets"">flower bouquets</a> and other Anniversary gifts. Though love is something which should be felt but sometimes it becomes necessary for you to express it.</p></br><p>You can also send a <a href=""/anniversary/personalized-gifts"">personalized Anniversary Gift</a> which can add its own charm and elegance to your biggest milestones. Despite the small fights, quarrels and misunderstanding, love had won them all by casting its own magical spell. Showcase your love with the variety of gifts that we have for him or her, it is surely going to make them feel that loved.</p>","Anniversary Chocolates Bouquet, Online chocolate gift hamper for anniversary","Buy Ferrero Rocher, Truffles Chocolates gift box and gift hampers online to celebrate your anniversary occasion.","Order Chocolates Online India, Chocolate Basket Gifts, Chocolate Bouquet Online, Order Chocolates Online, Personalised Chocolates India, Chocolate Gift Hampers, chocolate gift boxes, anniversary chocolates"
171,82,Holi Gifts Online,"<h2>Buy and Send Holi Gifts,Colors ,Watergun online</h2><p>Red, Blue, Pink or Green it is time to smear your friends, families and relatives in your favorite color. Being organic these days is the talk of the town so let us celebrate this Holi with a fistful of natural Holi colors for Bookmyflowers. We have all that it takes to make your Holi colorful by displaying a range of  Holi gifts, sweets and quality water guns. If your family or loved ones are miles away from you. You can buy and send Holi colors online from us.</p></br><p>It is a festival where even the elders behave like the young ones by drenching everybody with water guns; splashing of Holi colors and making everyone else look all bright and colorful with the vibrant colors. We understand that Holi is a festival to revive old ties by sending Holi sweets to your loved ones so that the sugary sweetness of the relationship which has been carry forward from generations after generations is maintained. With our smooth online delivery of Holi colors and Pichkari you will be able to send all the Holi gifts well on time to make you feel that even if we are far away from you but we are still closer with Bookmyflowers online delivery of Holi Gifts.</p>","Send Holi Gifts Online, Buy Holi Colors, Sweets, Waterguns, Pichkari Online","Send Holi gifts online and say happy holi. Buy organic holi colors, Waterguns, Pichkari and sweets online to play holi with your friends and family.","Holi gifts, Holi Colors , Holi Pichkari, Holi Watergun, Holi Sweets, Send Holi gifts"
118,49,Mother's Day Flowers Online,"<h2>Online Flowers for Mother's Day</h2>   <p>She has always been tiring her feet to ensure that you don't miss out on anything. It is time to give her some rest, this Mother's day surprise with a fresh bunch of yellow Tulips or Gerberas to brighten up her tiring day with Bookmyflowers. This <a href=""/flower-bouquets"">bunch of fresh flowers</a> will beautify her living her and will surely guarantee two things, one it will soothe her tiring senses with the perfect aroma which we are known for and two it sure to bring a gorgeous smile on her face as she think of you.</p> </br>  <p>If a flower bunch becomes too handy, you can also send a bouquet of flowers which might amplify its effect. Celebration is never complete without satiating your sweet tooth so you can also check out our unique segment of Mother's day personalized gifts online.</p> ","Send Mothers Day Flowers to India Online, Buy Flowers for Mom",Buy and Send Mothers Day Flowers to India: Send fresh and beautiful flowers for Mothers Day from bookmyflowers.com online at affordable prices across the country. Buy Now..!!,"send Mothers day flowers, send Mothers day flowers to India, flowers for Mothers day, buy Mothers day flowers"
118,70,Mothers Day Flowers with Cakes,"<h2>Best combo of Mother's day special gifts and Flowers</h2>   <p>From holding your tiny hands to walking the complete journey with you, she has always been with you standing firm during the toughest of the times to scolding you and quite often correcting you at the tiniest of your fault. You have always loved her but couldn't express it to her with the right emotion, this Mother's Day it is time for you to tell her that no matter whether you were mad at her and might have yelled at her quite badly but you still love her by <a href=""/mothers-day/flowers"">sending Mother's day Flowers</a> and Gift Combo from Bookmyflowers .</p> </br> <p>We understand emotions the way your mother understands you and so our florists pick only the selected flowers to tell her that she has always been the reason for your smile. Enjoy a lovely conversation over a cup of Tea meanwhile we will get an online delivery of flower combo right at your doorstep. You can send a mix bloom of Pink Carnations, Roses, Lilies or a vibrant arrangement of Gerberas to brighten up her day.</p>",Mother's Day Flower with Cake - Mothers Day Flower and Cake Delivery Online,Order Mother's day cake online for your Mom with fresh flower bunches to celebrate this special day of your mother.,"Mother's day gifts, Best gifts for Mother's day, Online mother's day gifts and flowers,Mother's day special gifts, Mothers Day Flower Combo"
118,130,Mothers Day Plants,"<h2>Buy Mother's Day Plants Online </h2>  <p>Send Plants to your Mother this Mother's Day to remind her that she has nurtured you in the same way as is done to the plants. At Bookmyflowers, we have gardeners who treat all the plants like their own babies, watering them and looking after them day and night so that they always look lush green. This can be a <a href=""/mothers-day/gift-hampers"">unique Mother's Day gift</a> for all the mothers and you might all see a twinkle in her eyes as she recycles all the childhood memories of bringing you up.</p> </br>  <p>All you need to do is just place the order online and we will deliver it at your doorstep. She can keep this plant on a table top which will miss not even single day to remind her of you. You also send a glamorous bouquet of flowers too to broaden her smile a little further. We deliver in almost every city so that you don't have to undergo any hassle on such an important occasion.</p>","Mother's day plants delivery online, Plants for your mom",Get one more member of the plants family to your moms garden on this Mother's day.,"Mothers Day Plants, Bonsai & Indoor Plants for Mom, Plants for Mother's Day, outdoor plants for mother's day, best plants for mother's day, mothers day plants free delivery"
118,125,Mothers Day Personalized Gifts,"<h2>Mother's Day Personalized gifts</h2>  <p>She could have thrown a Birthday bash for you in the premium of restaurants to get rid of extra work but she didn't because she thought of personalizing it with her home cooked food. This Mother's Day it your turn to send her a <a href=""/personalized-gifts"">personalized gift</a> from Bookmyflowers which will make her feel loved. It can something as simple as a coffee mug reminding her of the gossips you used to share over coffee or it can also be a <a href=""/mothers-day/personalized-cushions"">personalized cushion</a> reminding her of the days when you used to fight over the mere fact as to who will win the pillow.</p> </br>  <p>Personalized Mother's Day gifts have an art of adding a charm of its own. You can send it online and make your mother feel special. It also has the ability to take your love ahead with a notch. You can send gifts which she is going to treasure for a lifetime. Tell her loudly that you were never able to express it but you love her more than anything else in the world.</p>",Personalized Mother's day gifts online - Bookmyflowers,Have a look at our unique Mother's day special personalized gifts. Choose a best personalized gifts for your mom for this day.,Mothers Day Personalized Gifts
172,82,Bhai Dooj Gifts Online ,"<h2>Online Bhai Dooj Gifts for Brother and Sister</h2><p>Celebrated on the last day of five-day-long diwali festival, Bhai Dooj is the one day festival which celebrates the love shared by brother and sister. Although Bhai Dooj is similar to Rakshabandhan but instead of receiving gifts, sisters present gifts to their brothers. It is believed that he who gets vermillion put on his forehead by his sister on the day of Bhai Dooj is blessed with nirvana and a prosperous life. The ceremony begins with fasting till the auspicious ceremony of Bhai Dooj is not complete. Sister applies vermillion on her brother's forehead and treats him with his favourite sweets and gifts.</p></br> <p>Known for its on-time delivery, Bookmyflowers offers wide array of <strong>Bhai Dooj gifts for brother</strong> that are reasonably priced and have flexible delivery options. At our web portal you can find <strong>Bhai Dooj gifts online</strong> that will help you find the best gift for your adorable brother without having to run around the market. Nowadays brothers display love for their sisters who live far away from them by sending Bhai Dooj gifts for sisters. With worldwide delivery options, Bookmyflowers strives to make every celebration a joyous occasion.</p> </br><strong><h2>Send Bhai Dooj Gifts to India</h2></strong><p>You can send Bhai Dooj gifts to India and surprise your beloved sibling who has always made it a point to remind you of the love they hold for you. Our portal offers delicious bhaiya dooj gift hampers of traditional Indian sweets, dry fruits and chocolates that can be combined with delicious cakes or cupcakes and freshly plucked flowers that will make the day even more special. Order today and send online Bhai Dooj gifts to India from any part of the world.</p></br><p>Bhai Dooj is a festival celebrated in India on the last day of the five-day-long Diwali festival. This is the second day of the bright fortnight of the Hindu lunar month of Kartik. The celebrations of this day are almost similar to that of the festival of Rakshabandhan. On this day, sisters wake up early and decorate the <strong>Bhai Dooj special pooja thali</strong> and pray for a long and happy life for their brothers, by performing the Tika ceremony. Another feature of this festival is the exchange of presents and gifts between brothers and sisters.</p></br><p>Order Bhai Dooj gifts online from our portal and have them delivered in time for the occasion and ceremony. We offer a wide range of exclusive festival gifts and if you are looking for specific items like <strong>Bhai Dooj gifts for sisters</strong> or brother, then you have arrive at the right destination.  Ranging from dry fruits to traditional sweets and other assorted gift combos, you are sure to find your exact choice of gift in our selection. Dry fruits are a popular and traditional gift item and they also give a healthier and nutritional advantage. Send your loved ones our Pinni and Dry fruits basket, this combination of delicacies like baadam pinni, cashews and almonds in an attractive little basket is an absolute stunner. We also offer a variety of <a href=""/rakhi/chocolates"">chocolate hampers</a> and other fascinating combinations.If you want to send Bhai Dooj gifts abroad, we provide delivery services to both domestic and international destinations.</p>","Buy Bhai Dooj Gifts Online, Bhai Dooj gifts for Brother and Sisters",Buy Bhai dooj gifts and sweets online. We have lovely collection of Bhai dooj gifts for brothers and sisters. You can send Bhai dooj gifts to India to your siblings.,"bhai dooj gifts online, bhai dooj gifts for brother, bhai dooj gifts for sisters, send bhai dooj gifts, online bhai dooj gifts, bhai dooj gifts online, bhai dooj gifts to india, "
118,81,Mother's Day Gift Hampers,"<h2>Mother's Day Gift Hamper</h2>  <p>Your Mother is the one who has left no stone unturned to bless you with everything which is larger than life and now it is your turn. Send a colossal Mother's Day gift Hamper from Bookmyflowers and make her feel that every tiny effort she has put in making your life is and will always be worth appreciating. The Mother's Day gift hamper has everything to make the day a perfect one for her starting from a nice <a href=""/mothers-day/gifts"">bunch of Mother's day flowers</a> making you feel as if they have been just plucked from the gardens and it is beautifully complied with a box of chocolates and handmade cake.</p> </br>  <p>You can order it online and out gift messengers will ensure that they deliver the gift with the same amount of warmth as it would have been given by you, personally. You can also leave a secret message for her saying no matter whether you are near or far she will always be the best mom of the universe.</p>  ","Best Mother's day gift hampers , Online gifts for mothers",Bookmyflowers offers  you to buy gift hampers at budget price on Mother's day occasion. You can also send mother's day gifts online across India.,"Mothers day gifts in India, Mothers day gifts online, online Mothers day gifts, buy Mothers day gifts online India, buy Mothers day gifts online, best Mothers day gifts, best gifts for Mothers day"
44,49,Fathers Day Flowers Online,"<h2>Buy Father's day Flowers Online in India</h2><p>You have always been quite about your love for your Father. Giving in expression to what you always felt about him was the toughest thing. Let's make it simpler with Flowers and what better than Bookmyflowers to order Father's Day Flowers because they are blessed with a gorgeous set of fresh flowers. The sweet yet mild fragrance of the flowers will talk about its freshness. Choose among his favorite Roses, Orchids, Lilies and more. Flowers are like the perfect way to appreciate and celebrate his fatherhood which he has so willfully spent teaching you and enabling you to grow with each and every single step. This season celebrate Father's Day with our special range of Father's day flowers.</p> </br><p>We can walk miles to ensure the flowers reach your Dad on time. Buy and order Father's Day flowers online in India and even overseas too. We will take care of the rest and get it delivered to your Dad. The freshness of our flowers will be evident from the packaging of the flowers. We wrap a soft tissue paper around the flowers to ensure that the freshness of the flowers is not affected. Buy and order Father's Day Flowers online in India and abroad. All of them are available at an affordable price range and will be delivered to your Dad at his doorstep. Couple it up with a mouth melting Father's Day Cake and make him feel special like never before.</p>","Fathers Day Flowers, Buy and Order Fathers Day Flowers Online in India","Fathers Day Flowers online: On this Fathers day, Bookmyflowers has brought a huge fresh collection of Fathers day flowers. You can easily buy and order Fathers day flowers online at reasonable prices.","fathers day flowers, buy fathers day flowers, order fathers day flowers, fathers day flowers online, fathers day flowers online in India, fathers day flowers online India"
44,70,Fathers Day Flowers with Cakes," <h2>Best combo gifts for Father's day </h2><p>Combos always work well for occasions. This Father's Day have a combo of both flowers and cakes to sweeten up the memories of your father. Send Father's Day combo gift online to your Dad at work from Bookmyflowers and let the whole world know what he means to you. Let this be a token of appreciation for his gratefulness from your side. You can pick from the special Father's Day collection that we have laid down for this season. Our gift experts work round the clock to design such beautiful combo which consists of flowers and cakes. With the ease of the delivery that we provide our customers always come back for more and more.</p></br><p>The freshness of flowers will give a lovely start to his day. This colorful hue kept on his workstation will always remind him of you. It will be a nice way of appreciating all that your Daddy has done for you. We can get an online delivery done right at your doorstep quite effortlessly. He will be taken by surprise if you get a delivery done dot at midnight. All you need to do is just let us know where you want the gift to be delivered we deliver Combo gifts for Father's Day in India and abroad viz. U.K, U.S.A, Australia, Germany, Singapore, Malaysia and many more depending on your requirement. Timely delivery is what we ensure so that smile is what you get at the end of the occasion.</p>",Fathers Day Flowers with Cakes Online - Combo Gifts for Fathers Day In India,"Book My Flowers brings collection of Combo gifts option on this Fathers day, also facilitate you to online order the personalized Fathers day combo gifts according to your budget.","fathers day combo gift online, combo gifts for fathers day in india, fathers day combo gift, combo gifts for fathers day"
44,81,Fathers Day Gift Hampers,"<h2>Father's Day Gift Baskets Online </h2><p>It wouldn't be a sight which your Father would like to miss. Make his day with a bunch of beautiful flowers richly adorned at his work station. It would be a lovely start to his day at work to receive a gorgeous and a charming bunch of flowers waiting to wish him on Father's Day. We at Bookmyflowers would feel honored to make it a memorable day for your Dad. Send Father's day gift baskets at an affordable price range and also ensuring that it is timely delivered to your office at his doorstep. Your Father will surely be surprised to receive it as a gesture of gratitude for all that he has done till date for you.</p> </br><p>No matter where he has nestled himself we can get an online delivery done in all the metro cities viz. Delhi, Mumbai, Bangalore, Kolkata and other tier one and tier two cities like Agra, Jaipur, Allahabad and Lucknow to name a few. Send a delectable Father's Day Cake along with it to add a little sweetness to the occasion. Our flower gift basket has many flower options to pick the one you like and can send it to your Dad. Our flowers display the freshness which could be matched with the one which has been freshly plucked from the garden. Father's Day gift baskets will indeed be a good choice for your Father from the latest collection of Father's Day.</p>","Fathers Day Gift Baskets, Order Fathers Day Gift Hampers Online",Fathers Day Flower Basket: Looking for father's day celebration Gifts Idea? Book My Flowers Brings you wide range of Fathers day flower basket online at affordable prices. Make your order now,"fathers day flower basket, order fathers day flower basket online, order fathers day flower basket, fathers day flower basket online"
44,48,Fathers Day Flower Bouquets," <h2> Buy Father's Day Mixed Flower Bouquets </h2><p>Fathers are the best gifts in themselves. They are one of the most important people in our lives and without them it is hard to imagine what our lives would be. We owe our dreams and successes to our dads and on the occasion of Father's Day, we can show our appreciation and gratitude for them with heartfelt gifts. We have also for you a collection of unique gift ideas for Father's Day featuring an array of fresh blooms in the most exquisite arrangements. Choose from a range of Father's Day mixed bouquets of roses, gerberas, carnations, lilies, chrysanthemums and daisies among a lot of others. We also offer the most breathtaking orchids and good luck bamboo plants. Our flowers are all freshly picked and they come in delightful and eye-catching bouquets arranged by expert florists and gifts professionals.</p> </br><p>Send Father's Day flowers along with other exclusive gift items ranging from luscious chocolates and delectable cakes to premium leather goods and personal grooming items. All of our gifts are hand delivered and we also provide custom delivery options such as same-day delivery, fixed-time delivery and midnight delivery services.</p>",Order Fathers Day Flowers Bouquets Online In India,Fathers Day Flowers Bouquets: On this Fathers day order for exclusive ranges of Fathers day flowers bouquets online in India. Choose and order affordable flowers bouquets online.,"order fathers day flowers, fathers day flowers bouquets, fathers day flowers bouquets online, fathers day flowers bouquets india,"
44,11,Fathers Day Cakes Online,<h2>Buy Father's day Cakes online</h2><p> You have never manifested or expressed your love very loud and clear to your Dad. This Father's Day let your father know that he means the world to you. Order Father's Day Cakes from Bookmyflowers that makes him feel what he has never felt before. Send Personalized Cakes which have recently picked up in trend and are everybody's favorite for almost all occasions. They are sure to bring back some good old memories which are attached to the cake and are sure to sweeten up your memories. You can also send personalized cupcakes which are not only cute but are attractive enough to steal the show.</p> </br><p>With are several delivery timelines you can order Father's Day cakes online at your own convenience. You can also avail our same day delivery service which is going to surprise your Dad through leaps and bounds.  All our Cakes are packed in large spacious boxes so that the beauty of cake is not spoilt. Timely delivery of the cake is what we ensure with the strong logistical support that we have with us. You can get Father's day cakes delivered online at home. Even if you are miles away from your father but you can still send Father's day cakes online in India and abroad as per your choice. You can send Father's day chocolates along with it to remind him that you have gifted him what you had once badly yearned for.</p>,"Order Fathers Day Cakes, Fathers Day Cakes Online In India",Order Fathers Day Cakes: Book My Flowers facilitate you to choose and order uniquely designed and delicious range of cakes for your father on this Fathers day at affordable prices In India. Order yours now.,"order fathers day cakes, fathers day cakes online in india, fathers day cakes, order fathers day cakes online, fathers day cakes online india, fathers day cakes india"
44,130,Fathers Day Plants,"<h2>Father's day Plant gifts Online </h2><p>It is time to send good luck to your Father on Father's Day with Bookmyflowers. One of the recent and the most popular addition to the list of gift is Father's day plants especially the lucky bamboo plants which can be kept inside with both modern and masculine look. Its roots are in the Feng Shui which will bring in good luck for the owner of the lucky bamboo and at the same time it is durable too. Lucky Bamboo is considered to be the best choice for father's day plants because it needs little to no maintenance and it can also thrive in minimum supply of water.</p> </br><p>You can go for an online delivery of Father's day plants right at your doorstep when you either busy preparing for the father's day celebrations or you are miles away from him. Pin a personalize message along with it for you Dad which will make him smile. He can keep the lucky Bamboo right on his work station so that every time he sees, he is going to get reminded of you. Lucky Bamboo is a plant which is going to last him beyond just this Father's day but all Father's Day to come. This plant is not only going to make him happy at work but home too and with the online delivery it has become less of a task for you. You can get the delivery done not only nationally but internationally too.</p>","Fathers Day Plants, Plant Gifts for Fathers Day Online In India",Fathers Day Plant Gift: Explore the best Fathers day special plant gift online at Book My Flowers. Made your selection of plants gift from our variety of plants and cherish this memorable moment with your fathers.,"fathers day plants, plant gifts for fathers day,  fathers day plants online, fathers day plants in india, fathers day plants india"
44,125,Fathers Day Personalized Gifts,"<h2>Online Personalized Gifts for Father's Day in India</h2><p>It is a day to treat your father with something which he is never going to forget. Fathers can be a little tough people to shop for because firstly you have a limited choice available and secondly whatever you shop for, there a lesser chances of it being liked by your father. Bookmyflowers have come up with a special niche of Father's day personalized gifts which he is surely going to like and will simply fall in love with. If you are miles away from him you can send him personalized gifts which will surely be liked by your father.</p></br><p>You can send him a personalized coffee mug reminding him of the long conversation you used to have over it. You can also choose from the range of personalized cushion cover and lamps which will be amongst our best-selling choices. Father's day personalized gifts are quite affordable so that it can suit every budget. You can also send a bunch of Father's day flowers and cakes along with it to sweeten up the occasion and it is surely going to make it a memorable occasion which he is never going to forget.</p></br><p>Send personalized gifts for Father's day online in India and abroad too. With the strong logistical support that we have you can send father's day gifts to almost all the metro cities viz. Mumbai, Kolkata. Delhi, Bengaluru and other smaller cities like Allahabad, Ghaziabad, Agra and Jaipur to name a few.</p>","Fathers Day Personalized Gifts, Personalized Gifts for Fathers Day Online India","Fathers Day Personalized Gifts: Book My Flowers facilitates you to buy personalized gift for your father on this Fathers day, Offers wide styles of Fathers day special personalized gifts at affordable prices.","fathers day personalized gifts, personalized gifts for fathers day, fathers day personalized gifts online, fathers day personalized gifts in india,"
131,203,Bhaiya Bhabhi ki Rakhi,"<h2>Send Rakhi for Bhaiya Bhabhi with Bookmyflowers with utmost ease</h2><p>How about celebrating the special bond that you share with your sister-in-law? You can celebrate the occasion of Rakshabandhan with special Lumba sets which are traditionally designed by our in-house designers. You can send rakhi for Bhaiya Bhabhi to make your loved one feel special. Bookmyflowers has come up with rakhis and other gifts to celebrate the festival of Rakhi with a lot of reverence.</p><br><h2>Rakhi Gifts for Bhaiya Bhabhi delivered with Express Delivery Options</h2><p>The online portal has showcased some of the popular rakhis such as Rudraksh, Mauli, Zardozi and other traditional rakhis which are hard to find anywhere else at an affordable price range. Festivals are incomplete without sweets, hence, the online portal has come up with mouth-relishing sweets such as Motichoor Laddoos, Kaju Katli, Gulab Jamuns and Rasgullas amongst other. For a healthy pick, you can hop onto our dry fruits hamper which is equally delightful to be given to your loved ones. These are some of the best rakhi gifts for Bhaiya and Bhabhi online.</p><br><p>Lumba rakhis have been aesthetically designed with utmost patience by our designers. You can team up these Lumba rakhis with some popular gifts for the occasion. Shop for some of the most beautiful <a href=""/rakhi/lumba-rakhi"">Lumba rakhi for Bhabhi</a> which will make the bond stronger.</p><br><p>When sending <a href=""/rakhi-for-brother"">rakhi for brother online</a> becomes a problem, fret not, our smooth and impeccable delivery services will allow you to send gifts with express delivery options. If you want to send gifts to international destinations, we will do that for you without any hassle. We have come up with flexible delivery options to ensure that the gifts can be delivered to the same day, next day and even fixed time deliveries too.</p><br><h2>Buy Bhaiya Bhabhi Ki Rakhi Online</h2><p>Cherish the purity and the sanctity of a relationship by celebrating the most celebrated occasion oif Bhaiya Bhabhi ki Rakhi. So this season celebrate the occasion of Rakhi with your Bhaiya by buying and sending online Rakhi along with some marvelous gifts. Bookmyflowers has been blessed with everything starting from the most appropriate Rakhis for Bhaiya viz <a href=""/rakhi/mauli-rakhi"">Mauli Rakhi</a> to Golden Rakhi to silver and Feng Shui Rakhi. These Rakhis are quite reasonably priced and are coupled with a wide array of gifts to sweeten up the occasion like a box of sweets or chocolates or hand baked cakes.</p></br><p>No matter whether you are near or far send these online Bhaiya Bhabhi Rakhi and make your bond stronger so that it can be cherished and re-lived to the core. Although you will find countless option to choose from <a href=""/rakhi"">online Rakhi</a> but none of them foretells the story of the relationship your share.</p></br><p>You can also send Rakhi flowers online along with Rakhi for Bhaiya and Bhabhi to make the occasion as big as possible because Rakhi as a festival in India is the most promising bond of all. Our quick online delivery can quite effortlessly deliver Rakhi gifts to any part of the city, making you and your loved one feel more loved and cared for. This season the Bhaiya Bhabhi ki Rakhi wouldn't be extraordinarily casual, let it be outrageously exciting.</p>",Send Rakhi for Bhaiya Bhabhi Online | Free Shipping - Bookmyflowers,Bhaiya Bhabhi Rakhi: Send beautiful rakhis for your bhaiya and bhabhi through online shopping. Express Delivery in India & Worldwide.,"bhaiya bhabhi rakhi online, rakhi for bhaiya bhabhi, rakhi for bhaiya bhabhi online, buy bhaiya bhabhi rakhi, bhaiya bhabhi ki rakhi"
131,204,Sets of 2 Rakhis Online,"<h2>Colorful and traditional Rakhi sets available online</h2><p>Raksha Bandhan is the festival that celebrates the lovely companion of a brother and a sister. With rakhi sets online available with us, you can have a tension free celebration. All you have to do is login to our website to place an order and the rakhis would be at your door step enhancing your happiness.</p><br><p>A brother dearly misses his sister when she is not around to celebrate the raksha bandhan festival with him. So, for those sisters who are away from their brothers, online shopping is the best option and you can send rakhi set online using our service. Our stock of rakhis are surely going to mesmerize you. Kundan rakhi, gold and silver rakhi, pearl rakhi, beaded rakhi, and stone rakhi are our USP. And when you select these rakhi sets for your brother, his happiness is surely going to be enhanced</p><br><p>Rakhi - be it simple one or the embellished one can be identified in our website and we are glad to let you know that in our gift combo segment you would get various rakhi sets. For those sister who have more than one brother, you can check out our <a href=""/rakhi/2-rakhi-sets"">set of 2 rakhis</a> and surprise your brothers. </p><br><h2>Various rakhi sets online to illuminate Raksha Bandhan</h2><p>Rakhi is the best time to cherish with your brothers and sisters and our rakhi sets are ready to make your celebration a happier one. A brother waits with bated breath for this season of rakhi when a sister ties a band of love on his wrist. A sister blesses her brother so that prosperity and happiness prevails in his life. Get to know about our various set of rakhis in our combo section. If you have more than one brother and cousin you can have the <a href=""/rakhi/3-rakhi-sets"">set of 3 rakhis</a> and wish them on this holy day.</p><br><p>For those families that are an extended one, get a <a href=""/rakhi/5-rakhi-sets"">set of 5 rakhis</a> and keep enjoying in this season of raksha bandhan</p><h2>Buy Rakhi sets for Rakshabandhan</h2><p>As kids we all have been always fighting for the best Rakhi to be tied on our wrist. Sometimes those trivial fights went on and on taking one complete day. For all those moments <a href=""/rakhi"">send online rakhi</a> sets from Bookmyflowers which will help in building love between your brother and sister. We have innumerable <a href=""/rakhi"">online Rakhi threads</a> and designs to choose from starting from Mauli Rakhi, Silver, Designer Rakhi, Zardosi Rakhi and many more to choose from.</p></br><p>Our online Rakhi's come in sets of 2, 5 and 3 so that there is less fight and more love between your brothers. You can <a href=""/rakhi/sweets"">send Rakhi sweets</a> along with these online rakhi sets because it is the right time to sweeten up the occasion. All our Rakhi's have been designed quite beautifully and intricately to commence a relationship of strong and meaningful promise. Make your brother believe that behind those small trivial fights was quantum of love.</p></br><p>We are just tap of a button away, all you need to do is place the order online to buy rakhi sets and we will make sure that it is being delivered at your doorstep. All the online rakhi sets are available in different price range starting from being quite reasonably priced to the higher ones. You can now send Rakhi sets online  across the country from Pune to Mumbai, Delhi, Bangalore and many more to list down.</p>","Rakhi Sets online, Buy Set of Rakhis",Order best designed rakhi sets at Bookmyflowers.com to celebrate Rakshabandhan. Express Home Delivery to all over India & Worldwide.,"rakhi set, rakhi set online, rakhi sets, set of rakhis, online rakhi sets, buy rakhi sets, send rakhi sets online, order rakhi sets"
131,205,Sets of 3 Rakhis Online,"<h2>Buy set of 3 rakhis online</h2><p>It is time to make all your three brothers by sending set of 3 rakhis online from Bookmyflowers. Variety is never a restriction; we have innumerable variety to choose from starting from Feng Shui Rakhi to Golden Rakhi to Silver Rakhi,<a href=""/rakhi/2-rakhi-sets"">set of rakhis</a> and many more to list. All our Rakhi's are quite reasonably priced which makes it both pocket friendly for you to celebrate the occasion as lavishly as possible.With the strong distribution network that we are blessed with we are known to deliver Rakhi's on time without even an inch delay. You have to order set of 3 Rakhi's online from our <a href=""/rakhi"">online rakhi store</a> for your brothers and we will make sure that it is delivered right at their doorstep. The Rakhi's that you will be sending online has been neatly hand wrapped so that the moment your brother receives it they can sense the sweetness of the relationship that you have shared with him.</p>",Send Set of 3 Rakhis Online | Free Shipping - Bookmyflowers,Buy beautiful set of 3 rakhis online at Bookmyflowers.com to celebrate Rakshabandhan. Express Home Delivery to all over India & Worldwide.,"set of 3 rakhis, buy 3 rakhi sets, order set of 3 rakhis, online 3 rakhi set, 3 rakhi set"
131,206,Sets of 5 Rakhis Online,"<h2>Buy set of 5 rakhis online</h2><p>We keep designing something new and innovative, in the process sometimes we come up with something great and at other not so great. Spend some time with the wealth of ideas that we have spent on designing Rakhis for the most strong and promising bond of a lifetime. Our 5 set of online Rakhis have been designed spending a lot of time and energy so that every Rakhi is different from the other. Send this set of 5 <a href=""/rakhi-for-brother"">rakhis to your brothers</a> to make them feel that no matter how far but with Bookmyflowers <a href=""/rakhi"">online Rakhi delivery</a> system you can always bridge the gap. You can send Rakhi's across the country be it Delhi, Mumbai. Chennai, Pune, Bangalore just to name a few. Our Rakhi's are reasonably priced so that it is pocket   friendly and allows you to celebrate the occasion like never before. So this Rakhi season celebrate the occasion in full swing.</p>",Send Set of 5 Rakhis Online | Free Shipping - Bookmyflowers,Order beautiful set of 5 rakhis online at Bookmyflowers.com to celebrate Rakshabandhan. Express Home Delivery to all over India & Worldwide.,"set of 5 rakhis , buy 5 rakhi set, online set of 5 rakhi, order 5 rakhi sets, rakhi sets of 5"
131,35,Rakhi with Chocolates Online,"<h2>Order Chocolates and Rakhi online and enhance happiness</h2><br><p>Any festival is meant for showering happiness in our lives. Likewise, raksha bandhan, the festival of togetherness of siblings also brings in a lot of colors and brightness. To add more joy and excitement to this festival, get rakhi with chocolates for your loved ones and remain happy. We have some of the best chocolates in our collection - so check out the stock and order the best ones.</p><br><p>Siblings have a cute and sweet relationship since childhood and chocolates means a whole bunch of memories for them. Chocolates used to be the main reason behind those incessant fights and also the reward for the peace-making situations. So, remembering your childhood, send rakhi with chocolates and have a blast in this rakhi. We have brought some of the best chocolates for this occasion because we know the fan following behind the chocolates.</p><br><p>Cadbury, Lindt, and Toblerone are the biggest brands of chocolates and therefore you must have these mouth-watering chocolates for rakhi. Your brothers and sisters would glare up with this adorable gift for sure. Chocolates always impart great happiness among people due to its taste and benefits. With our amazing looking rakhis and yummy chocolates, we know that you are going to have a great celebration by sending rakhi with chocolates to India.</p><br><h2>Get Smart Rakhi with Tasty Chocolates online with Bookmyflowers</h2><p>As a <a href=""/rakhi"">rakhi gift</a>, we have many options for you like flower bouquet, cakes, personalized stuffs, and chocolates. Rakhi with chocolates would be the best choice for you because chocolates are always the best gift among siblings. Your brother may be anywhere in the world but he cannot forget those days of sharing chocolates with you. So, in our <a href=""/rakhi/gift-hampers"">rakhi hampers</a> also we have included many chocolates along with some gorgeous rakhis and other sweets. You must login to our esteemed website to have a proper look of the other hampers.</p><p>Bookmyflowers have always celebrated various festivals in a grand way. This time also with rakhi, you would get the best of products and services from our side.</p><h2>online rakhi with chocolates</h2><p>You cannot enhance the sweetness of the relationship without a box full of chocolates. Since childhood we have been having the most serious of fights over chocolates. Let peace prevail amongst all, send a box full of rakhi chocolates online from Bookmyflowers to your brother and wipe off all the bitterness that you ever had in your relationship.</p></br><p>We make sure that you send branded chocolates to your brother and sister for Rakhi to sweeten up all the childhood memories. All the chocolates have been quite beautifully arranged that it will give you a feeling that you could simply gorge down all the chocolates in a single go. This beautiful yet attractive combo of rakhi with chocolates will surely make your mouth drool. These chocolates have been made using the best quality ingredients, making them melt in your mouth and letting your taste buds crave for it more and more. They have been quite sweetly hand wrapped to make it look attractive and make it the first choice for everyone to go for as the best Rakhi gift.</p></br><p>Order and send this chocolate box online as a secret surprise to your brother and sister to make them feel how dearly you love them. All these gifts have been quite reasonably priced so that it can easily fit everyone's pocket. You can get it delivered across the country to Delhi, Mumbai, Bangalore, Chennai, Pune and many more to list down.</p>",Buy/Send Rakhi with Chocolates Online | Free Delivery,Order Rakhi with Chocolates: Shop fancy rakhis with chocolates for your brother on Rakhshabandhan. Express Delivery in all over India & Worldwide.,"online rakhi with chocolates, rakhi with chocolates, chocolates, send rakhi with chocolates, rakhi with chocolates online"
131,207,Online Rakhi With Sweets,"<h2>Send rakhi sweets online with flexible delivery options to your siblings</h2><p>Come August and the mood of festivity is already in the air with the festival of Rakshabandhan just around the corner. To celebrate the occasion with a lot of fun and enthusiasm, we have come up with rakhi with sweets combo which turns out to be one of the most appropriate gift item for the occasion. You can have the opportunity to source some of the best quality of rakhi sweets for the occasion.</p><br><p>We have come up with freshly prepared Motichoor Laddoos, Kaju Katli, Rasgullas and Gulab Jamuns which turns out to be delectable sweets for the occasion. These sweets for rakhi are prepared by experts using best quality of ingredients to make sure that the gifts are delivered fresh at your doorstep. Brothers have always been the best person to have by your side. And you have share some of the best memories with him so buy rakhi with sweets which turns out to be the best rakhi gift for the occasion.</p><br><p> If you are looking for delivery options then it is best to send rakhi and sweets in India and international destinations with utmost ease. Our experts have carved out some of the best gift combos and hampers which turns out to best gift for the occasion. You <a href=""/rakhi/gift-hampers"">order rakhi gift hampers</a> from our online store and can celebrate the occasion with pomp and show.</p><br><p>If you are looking for something special for your sister then it is best to go for personalized gifts options. Personalized gifts turns out to be <a href=""/rakhi/gifts-for-sister"">best rakhi gifts for sister</a>. Shop for some interesting coffee mugs, cushions and key chains which will always be held close to her heart.</p><br><p>Bookmyflowers, is an <a href=""/rakhi"">online rakhi store</a> which has come up with premium quality of rakhi products for the occasion. You can pick up your gift from the online portal and can deliver the gifts to the destination of your choice. All the gifts are neatly packed and are delivered in the most pristine condition.</p><h2>Buy Online Rakhi with Sweets</h2><p>Rakshabandhan is always filled with nostalgia; our minds are full of the sweet memories of our childhood. We begin to longing for home and our days as children having fun with our beloved brothers and sisters. And our hearts reach out to our dear brothers and sisters who are not able to be together with us to celebrate the festival. But being unable to be there in person for the festival doesn't mean that we have to leave them out. We can always send them online rakhi with sweets and gifts and Bookmyflowers have for you the perfect online platform from where you can send rakhi, rakhi sweets and gifts to any destination of your choice. We provide one stop solutions for all your rakhi gifting requirements and you can find a collection featuring elegant and enticing rakhi threads and a whole range of delightful gifts at our online portal. You can choose from a varied range of traditional and classic rakhi threads such as kundan rakhis, pure chandan rakhi and pearl rakhis or dazzling designer and fancy rakhis in a multitude of designs and patterns.</p> </br><p>We also offer exclusive rakhi with sweets hampers featuring traditional sweets or mithais such as besan laddoo, rosogullas, gulab jamuns, and kaju katli and soan papdi among lots of others. Celebrating Rakhi with sweets is a popular tradition during the festival and it has been going on for centuries. People exchange traditional sweets to spread cheer and as a symbol of goodwill.</p> </br><p>A rakhi with sweets treat is a must for your beloved brother on the occasion.  You can present your brother with an exclusive Rakhi and sweets gift hamper featuring a treat of delicious Kaju Katli along with an exquisite pearl rakhi and roli chawal. He will be absolutely delighted with the traditional feel of this memorable gift.</p>  </br><p>Order your Rakshabandhan gifts online from Bookmyflowers and complement them with your favorite flowers. We are a renowned online florist with years of exceptional service in the gifts delivery business. All of our gifts are hand delivered and we provide delivery services to both domestic and overseas destinations.</p>",Buy/Send Rakhi with Sweets Online from Bookmyflowers,Rakhi with Sweets: Order rakhi with mouth watering delicious sweets for Raksha Bandhan. send online rakhi with sweets in India & worldwide with Same day Delivery.,"rakhi with sweets, buy rakhi with sweets, order rakhi and sweets to india, rakhi sweets, online rakhi with sweets, online rakhi and sweets, rakhi and sweets to india"
131,208,Rakhi with Dry fruits Online,"<h2>Mesmerizing Rakhi and healthy Dry Fruits Online for Raksha Bandhan</h2><p>Raksha Bandhan is the best time to have fun with brothers and sisters because it is the celebration of this wonderful relation. To make your festival richer, we have brought rakhi with dry fruits online so that the joy increases. Dry fruits are always believed to be nutritious and therefore giving something healthy to your brother on rakhi would be a lovely ides.</p><br><p>Dry fruits like raisins, cashews, almonds, walnuts, and pistachios are lovingly and carefully packed only for your loved one so that your festival gets better. Rakhi with dry fruits would make your celebration a lavish treat for your people. Dry fruits are full with minerals and nutrients to make your brother healthier and it would be a great gift on rakhi. If your brother is away from India due to professional assignments, you can also send rakhi with dry fruits to India using our responsible service. The fun of festival always lie in the togetherness of the near and dear ones. And we know that very well, so we have collected some of the best dry fruits for rakhi for your happiness. To lead a good life, eating healthy food is of utmost importance and therefore these dry fruits are brought for your privilege.</p><br><h2>Bookmyflowers Brings Some Amazing Rakhi with Dry Fruits Online</h2><p>May be you manage to meet your brother only once a year for the busy schedule of both of you. And therefore a grand celebration for raksha bandhan is necessary so that you leave with some wonderful memories. Rakhi with dry fruits are here ready for your amazing celebration. Get these lucrative packets of dry fruits along with alluring rakhis and spend a great time with each other.</p><p>You will also get the option of <a href=""/rakhi/designer-rakhi"">designer rakhi online shopping</a> in our website and we guarantee a top class quality and a speedy delivery.</p><p>Celebrate this raksha bandhan with some of our best products and fill your mind with some unforgettable memories.</p><h2>Send Rakhi with dry fruits </h2><p>If tradition is what you go by then you wouldn't miss a chance to send a box full of dry fruits with Rakhi to your dear ones. No matter wherever you are you wouldn't mind <a href=""/rakhi"">sending Rakhi gifts online</a> on the other end of the globe. All our Rakhi's are handmade so that each and every design is quite distinct and unique from the other.</p> </br> <p>All the Rakhi's and dry fruits have been quite beautifully hand packed so that the mere look of it makes you feel to tear it open.We have used the top quality of dry fruits to be sent to your dear one's on Raksha bandhan so that the entire family can rejoice at the occasion and celebrate Rakhi like never before. You can send Rakhi online with dry fruits to your loved ones at quite a nominal price range so that it can fit in your budget. You can send this pack of Rakhi with dry fruits online to Bangalore, Delhi, Mumbai, Chennai, Pune and many more places to list down. With the excellent online services we have also extended our reach internationally.</p> </br><p>You will find dry fruits in exotic trays and baskets to enhance its beauty and make it more appealing for customers to order it. You can also send online <a href=""/rakhi/chocolates"">Rakhi with chocolates</a>, personalized gifts  or special rakhi gifts for brothers and sisters which can be excellent gifts to be given to your loved one.</p>",Buy Rakhi with Dry Fruits Online | Free Delivery - Bookmyflowers,Order Rakhi with Dry Fruits: Shop fresh dry fruits with rakhi for Raksha Bandhan. Send online rakhi with dry fruits in India & worldwide with Same day Delivery.,"send rakhi with dryf ruits online, rakhi with dry fruits, send rakhi with dry fruits, buy rakhi with dry fruits"
131,11,Rakhi with Cakes,"<h2> Celebrate Rakhi with cakes</h2><p>Let us give a modern stance to the traditional festival of Raksha Bandhan by replacing sweets with Cakes. You can <a href=""/rakhi"">order online Rakhi</a> Cakes from Bookmyflowers which are available in countless flavors like Chocolate, Butterscotch, Vanilla and Pineapple to name a few. Send it as a <a href=""/rakhi-for-brother"">rakhi gift to your brother</a> or sister to sweeten up their childhood memories of fighting together but still being with each other. If you have a younger brother you can also send cakes with rakhi online from our special section of Cartoon Rakhi.</p> </br><p>The Raksha Bandhan Cakes that we have are quite soft and spongy making you feel that they have just stepped out of the oven. They have been quite beautifully topped with icing which will make you gorge the whole of it in one go. To ensure that the rakhi cakes are not spoiled we carefully place them in a large box which is quite carefully delivered to your loved ones. So you can leave all your worries at bay and wait to see your dear ones smile.</p> </br> <p>With our increasing popularity of <a href=""/rakhi"">Raksha Bandhan gifts</a> we have also started with online rakhi delivery internationally. So delivering Rakhi's to USA, UK, Germany, Singapore, Mayasia and many other countries can now be done quite effortlessly. All you need to do is just place the order online and enjoy the rakhi festival with your friends, families and relatives. </p>",Buy Rakhi with Cake Online | Free Delivery - Bookmyflowers,Rakhi with Cake Online: Shop fancy rakhis with cake for your brother on Rakhshabandhan from Bookmyflowers. Express Home Delivery to all over India & abroad.,"rakhi with cakes, online rakhi cakes, order rakhi with cakes, send rakhi with cakes, buy rakhi with cakes"
131,209,Rakhi with Puja Thali,"<h2>Online Rakhi with Puja thali</h2><p>Traditions are quite intricately interwoven in festivals and one such festival is Raksha Bandhan where sisters tie an auspicious thread on the brother's wrist and the brother in turn promise to take care of her through the toughest of times. For all such moments and much more Bookmyflowers have come with their Rakhi special where you can <a href=""/rakhi"">order online Rakhi</a> with Puja ki Thali thereby having all that is required to rewind back the age old traditions.</p> </br><p>Send online Rakhi Puja ki Thali with <a href=""/rakhi/gift-hampers"">Rakhi gift hamper</a> for your dear ones to make their Rakhi the most memorable one like never before. You can get an online delivery of Rakhi at their doorstep be it in Delhi, Mumbai, Bangalore , Chennai and many more places to list down. All our online products are timely delivered without any delay.</p>",Send Rakhi with Puja Thali Online | Free Delivery - Bookmyflowers,Rakhi with Pooja Thali: Shop fancy rakhis with pooja thali for your brother on Rakhshabandhan from Bookmyflowers. Express Home Delivery to all over India & abroad.,"rakhi with pooja thali, online rakhi with pooja thali, order rakhi with pooja thali, send rakhi with pooja thali, buy rakhi with pooja thali"
131,81,Rakhi Gift Hampers Online,"<h2>Buy Rakhi Gift Hampers Online</h2><p>Rakshabandhan has been celebrated for centuries in the country. The occasion is marked by the tying of the sacred thread which is also known as Rakhi and the presents of rakhi return gifts. And Bookmyflowers brings for you an extensive collection of rakhi gift hampers online . Our site is a one stop solutions store for all your rakhi shoppings. Choose from an amazing collection of the finest rakhi threads featuring exquisitely crafted designer and fancy rakhi threads in gold and silver threads, and traditional <a href=""/rakhi/kundan-rakhi"">kundan rakhis</a> and mauli rakhis among many others.</p> </br><p>Along with the rakhi threads Bookmyflowers also offers an assortment of other gift items ranging from traditional rakhi sweet hampers and mithais to cakes and fresh flowers to personalized rakhi gift items like photo frames, key chains, night lamps and printed cushions. Our gifts come in exciting combos and Rakhi Gift hampers such as Rakhi with Chocolates, <a href=""/rakhi/puja-thali"">Rakhi Puja thali</a> and Rakhi with Dry Fruits. The rakhi gift hampers with chocolates feature products from renowned international brands like Lindt, Ferrero Rocher, Cadburys and Nestle. Present your brother with a Rakshabandhan gift hamper featuring a traditional favorite of Soan Papdi. Or you can buy and send him a bouquet of red roses along with a delightful fancy rakhi embellished with radiant gemstones.</p></br><p>Place your order online to buy rakhi gift hampers today at Bookmyflowers and have it delivered to your brother on the occasion of Rakshabandhan. We are a renowned service provider in the gifts delivery business and we also offer custom delivery services such as fixed time delivery, same day delivery options.</p>",Rakhi Gift Hampers | Rakhi Hampers Online - Bookmyflowers,"Send Rakhi Hampers: Order rakhi gift hampers online for Raksha Bandhan. Explore Bookmyflowers for rakhi hampers to India & worldwide with Free Shipping.
","rakhi gift hampers online, buy rakhi hampers, rakhi gift hampers for brother, online gift hampers for rakhi, gift hampers for rakhi, rakhi hampers in India"
131,210,Kundan Rakhi,"<h2>Shop for the Best Kundan Rakhi Online from Bookmyflowers</h2><p>There has always been a different charm of the traditional weaves, it spreads a festive flavour in the air. Bookmyflowers understands this and have therefore come up with traditional rakhis such as Kundan rakhi, Zardozi, Mauli and Pearl rakhi amongst others. A lot of time has been invested in coming up with designs which makes the rakhis both unique and simply out of the world. You can shop for myriad range of options which you can choose online. If you are pressed for time, you can send kundan rakhi online on Rakhi occasion to make your brother feel special.</p><br><p>Rakhis are incomplete, if they are not well complemented with special gift items. You can shop for <a href=""/rakhi-for-kids"">rakhi gifts for kids</a> which are specially designed by our in-house designers to ensure the maximum delight for all our kids. Hop for some luscious chocolates, sweets and cakes that will turn out to be amazing gifts for kids. If you are looking for rakhis for older brother then it is best to go for <a href=""/rakhi/designer-rakhi"">designer rakhis</a> which has been exquisitely designed for the occasion of Rakshabandhan.</p><br><p>With the popular demand of the special Lumba rakhis, you can shop for traditional Lumba sets which has rakhis for both your brother and sister-in-law, thereby, strengthening the bond between them. You can source the <a href=""/rakhi/bhaiya-bhabhi-rakhi"">Bhaiya and Bhabhi rakhi online</a> which can be delivered the same day with our express delivery options.</p><br>Bookmyflowers is a brand name which has been long associated with gifting. All the gifts are quite beautifully packed and are delivered to both national and international destinations. Customers have the convenience to go for flexible delivery options which will allow you to send gifts the same day, next day and even at fixed time to your desired destination.</p><h2>Online Kundan Rakhi</h2><p>Rakhi's have gone through a real incarnation by using Kundan which was earlier used in bridal jewelry. Kundan Rakhi is like the perfect makeover for Rakhi's this season. Give a shimmery look to the Rakhi by sending them online from Bookmyflowers. Kundan Rakhi's have been used in combination with precious stones and the usual threads have been replaced by golden or silver chains to make the look even more appealing. Sending Kundan Rakhi's online is way of making your brother feel more loved and cared for.</p> </br><p>Gift wrap them in the most beautiful way so that it looks both beautiful and attractive to the eyes. Now the festival of Rakhi has become more modern the usual. All these <a href=""/rakhi"">online Raksha Bandhan gifts</a> are just a tap away, all you need to do is just place the order and it will be delivered online right at your doorstep. Kundan Rakhi are too beautiful to look at and their intricate designs will completely leave you mesmerized during this season.No matter wherever you are, be it any part of the city Delhi, Mumbai, Bangalore, Chennai or Pune you can now deliver Kundan Rakhi for this Raksha Bandhan making your Brother feel special. You can also send Rakhi Cakes or <a href=""/rakhi/chocolates"">Rakhi with chocolates online</a> to make the festival a little sugar high for this season. </p>",Buy/Send Kundan Rakhi Online | Free Shipping - Bookmyflowers,Kundan Rakhi Online: Send beautiful kundan rakhi to your brother through online shopping. Express Delivery to all over world & Worldwide.,"kundan rakhis online, buy kundan rakhi, online kundan rakhi, send kundan rakhi , order kundan rakhi, kundan rakhi for brother"
131,211,Pearl Rakhis Online,"<h2>Online pearl Rakhi for Raksha Bhandhan </h2><p>Embellish your ordinary looking Rakhi with a pearl on top to make it look more attractive and make your rakhi a little special for your Brother. At Bookmyflowers we have Rakhis which are being quite intricately designed to make it look both attractive and beautiful. Raksha Bandhan as a festival is like the strong bond which is shared with your brother where your brother promises you to stand by you through the toughest of times. You can send these online pearl Rakhi's to your elder brother who will be best suited for it.</p> </br> <p>All these Rakhi's are available at a reasonable price so that they are a little easy on your budget. Pearl Rakhi's are too exquisite to look at and you can couple it with <a href=""/rakhi/cakes"">Rakhi Cakes</a> or flowers so that you can sink your teeth into and enjoy each and every bite of the mouthwatering cake. You can buy an exquisite piece of jewelry for your sister to woo her on Raksha Bandhan as it will be the best gift for your sister.We assure to have a timely delivery of all your <a href=""/rakhi"">Rakhi gifts to your sister</a> and brother so that you can enjoy and celebrate the moment with your friends and family. With the expertise in the logistical support that we have you can now deliver Rakhi gifts to Mumbai, Bangalore, Delhi and Chennai just to name a few.</p>",Buy/Send Pearl Rakhi Online | Free Shipping - Bookmyflowers,Pearl Rakhi: Buy pearl rakhi for your brother from our rakhi collections on this Rakshabandhan. Same Day delivery to all over India & Worldwide.,"pearl rakhis online, buy pearl rakhis, online pearl rakhis , order pearl rakhis, pearl rakhi for brother, send pearl rakhi online"
131,125,Personalized Rakhi Gifts,"<h2> Personalized Rakhi Gifts Online </h2><p>For a festival like Raksha Bandhan a little bit of personalization can do wonders. Personalized products have a way of making you feel a little emotional and evoke the deepest of your sentiments. No matter you are near or far personalized rakhi gifts have a way of making an entry straight to your heart. Choose from the countless variety of personalized <a href=""/rakhi"">rakhi gifts</a> that we have for you for this Raksha Bandhan. You can send a personalized mug which can be the best Rakhi gift for your brother or a personalized cushion cover will also be a nice pick.</p> </br><p>Give the occasion a sugar high with delectable cakes which are both heavenly to have and your stomach will crave for it more and more. As far as choosing the right gift for you sister you can also send online Rakhi jewelry with a bunch of Rakhi flowers which she is simply going to love it. All the Rakhi gifts have been quite reasonably priced </p>",Personalized Rakhi Gifts | Customized Rakhi Gifts Online - Bookmyflowers,"Personalized Rakhi Gifts - Find personalised rakhi gifts online for brother on this Raksha Bandhan. Send personalized rakhi gifts with Free Shipping and timely delivery.
","personalised rakhi gifts, personalized rakhi gifts, buy personalized rakhi gifts, send personalised rakhi gifts online, order personalised gifts online
"
131,49,Rakhi with Flowers Online,"<h2> Send Rakhi With Flowers Online </h2><p>The unique beauty and the enticing scent of flowers don't fail to brush up your strong ties with its sweet fragrance. This season hinge on to our belief and celebrate Rakhi with flowers from Bookmyflowers. Send a bunch of exotic flowers which are freshly adorned with dew drops and are quite beautifully embraced by a thin sheet of paper to preserve its freshness.</p></br><p>We have a wide cut to offer when it comes to flowers starting from your very own crimson red Roses to the more elegant lilies and colorful Gerberas and Tulips. All of them will serve as an excellent gift for the rakhi occasion. You can buy this eye-catchy combo at quite an affordable price to be cherished it with your loved ones.Let these Rakhi flowers symbolize itself as a token of love, care and affection for both your brother and sister. Couple it up with our thoughtful Rakhi with flowers and mouth melting sweets to celebrate the occasion. If your brother or sister has been blesses with the sweetest of tooth you can also send special cakes online to rejoice the occasion.</p> </br><p>You can get an<a href=""/rakhi"">online delivery Rakhi</a> flowers to anywhere in India starting from Pune, Mumbai, Bangalore, Chennai, Delhi and any other part of the country. Our strong distribution network is sure to make all the online deliveries of rakhi with flowers well on time so that the importance of the occasion is not missed.</p>",Rakhi with Flowers - Buy or Send Rakhi with Flowers Online | Bookmyflowers,Rakhi with Flowers: Order rakhi and flowers online for Raksha Bandhan. Explore Bookmyflowers for rakhi with flowers to India & worldwide with Free Shipping.,"send rakhi with flowers, rakhi with flowers online, order rakhi with flowers, rakhi with flowers online shopping"
131,94,Rakhi Gifts for Sister,"<h2>Fascinating Rakhi Gifts for Sister on Raksha Bandhan</h2><p>Who says that shopping for a girl is a difficult job? When you have logged into our website, you would be really impressed with the large stock that we have. Send rakhi gifts for sister selecting from our wide range of flowers, cakes, chocolates, and personalized gift items. If your sister loves to gorge on sweet dishes, you have a wonderful opportunity to get her an assortment of laddoos, rasgulla, gulab jamun, kaju Barfi, kaju roll, and kaju Katli. She would be very happy with this alluring gift galore that you have brought for her. Rakhi comes only once a year and you also have only one sister and therefore she is the only seeker of all your love and attention. </p><br><p>On the other hand if your brother and sister-in-law is away from you, you can have <a href=""/rakhi/bhaiya-bhabhi-rakhi"">rakhi for Bhaiya bhabi</a> from our website. Along with rakhis, pick a flower bouquet and a sweet box as a nice combination for your brother and sister-in-law. In our tradition, we tie a rakhi on wrist of our bhabhi or sister-in-law, because it is a way of acknowledging her contribution in our family.</p><br><h2>Fabulous Return Gift for Sisters available in Bookmyflowers</h2><p>Raksha Bandhan that falls in the monsoon season allows the whole family to unite under one roof and enjoy fritters with tea. Generally, people end up spending at least one week in their ancestral home on any festival. Therefore, festivals are just an excuse of rejoicing together. Rakhi is one such get together time when a sister blesses her brother with a sacred thread and the brother has to get lovely gifts for sisters. To avoid any hassle you can get Rakhi Return Gifts for Sister Online with our website. Jewelry items along with personalized stuffs like coffee mugs, lamp shades, cushion, etc. are some of the gift options that you can shower on your darling sister.</p><br><p>When a sister-in-law enters our house, she instantly becomes a loyal friend to us. And rakhi festival allows us to celebrate our deep bond with her. <a href=""/rakhi/lumba-rakhi"">Lumba Rakhi for Bhabhi </a>is another benefit that you can get from our website and see the gorgeous smile on her face. She would be thrilled with the lumba rakhi for sure because our lumba rakhis are really embellished and looks quite royal.</p><br><p>Spend a lovely season of raksha bandhan with love and affection and ordering from our website. We would never let your expectations go down be it in terms of quality or speedy delivery.</p><br><h2>Online Rakhi Gifts for Sister</h2><p>She has been always yearning for a perfect gift on Rakhi and you have always denied her with the lamest of excuse possible. But now you can order the perfect <a href=""/rakhi"">Raksha Bandhan gifts</a> for your sister from Bookmyflowers, we have shortlisted only the best gifts available in the world and have chosen what she will like and fall in love with. You have countless Raksha Bandhan gifts to choose from <a href=""/rakhi/jewelry"">Rakhi jewelry</a>, chocolates, soft toys, personalized gifts and many more which can be ordered online.</p> </br><p>Jewelry and online personalized gifts will be like the best rakhi gift for sister on this Rakhi which can woo your sister and make her love you more and more. You can also send Rakhi flowers to your sister because flowers are like any girl's best friend. You can send them <a href=""/rakhi"">Rakhi online</a> to any part of the country be it Delhi, Bangalore, Mumbai, Chennai and many more to list down.Order online Rakhi gift for sister at an affordable price range so that you can keep your sister happy and make her feel that despite all the pulling of hair and those trivial fights you still love her and will stand by her no matter what. It is time to make Rakhi special for her like never before and let it be the best day of her life.</p>",Rakhi Gifts for Sister - Buy/Send Best Rakhi Return Gifts for Sister Online to India,"Buy/send rakhi return gifts for sister online to India. Order best rakhi return gifts online for Sister, Sister in law from Bookmyflowers.com.  Free Shipping in India","gift for sister on rakhi, best rakhi return gift for sister, best gift for sister on raksha bandhan, rakhi gifts for sisters online, online rakhi gifts for sisters, rakhi gifts for sister online, rakhi special gifts for sister"
131,189,Jewelry Gifts for Rakhi,"<h2>Jewelry for Rakhi</h2><p>Jewelry are like a girl's best friend and no matter whatever be the occasion but you simply can never say ‚ÄòNo' to a elegant and exquisite piece of jewelry. On this Rakhi send jewelry online to your sister as a <a href=""/rakhi/gifts-for-sister"">rakhi gifts for sister</a>, she might have definitely yearned for one when you were young but now that you have grown a little old and the geographical distances between the two of you have widened, your love for her has actually deepened. Send elegant and exquisite designs of jewelry from Bookmyflowers which will make your sister love you all the more.</p> </br><p>Select from the innumerable designs that we have and you sister is surely going to fall for them. All our jewelry has been quite reasonably priced so that it doesn't go out of your budget. You can also send a fresh bunch of <a href=""/rakhi/flowers"">Rakhi flowers</a> online to freshen up her mood and brighten up her day so that she can celebrate the occasion with a big smile n her face.Select the location and we will make the deliveries on time be it Delhi, Mumbai, Bangalore, Hyderabad and Chennai to name a few. We are known to make all our online deliveries right at their home so that they can enjoy the moment with their friends and families when you are miles away from them.</p>","Jewelry Gifts for Rakhi, Special Jewellery Rakhi gifts Online",Jewelry can be specila rakhi gifts to your sister on this rakhsha bandhan occasion from bookmyflowers. Order best jewellery for your sister online in India and Worldwide.,"Jewelry gifts for rakhi, online jewelry gifts, buy jewelry gifts on rakhi, jewelry gifts for sister"
0,173,Rakhi Gifts for Brother,"<h2>Send Rakhi for Brother from Bookmyflowers to ensure you have Quality Gifts</h2><p>It is time to let your sibling know that they have always been special for you. Delight them with a beautiful collection of rakhi and gifts that will take your bond to the next level. No matter whether you brother is miles away from you, our online delivery will ensure that you can send rakhi to your brother to let them know that distances can never decrease the love between the two of you.</p><p>Nowadays, people have also started celebrating the bond existing between sister and sister-in-law with lumba sets. This is an age old tradition of Rajasthan. Our online portal has come up with traditional lumba sets which turns out to be extremely excellent rakhi sets to enjoy the festivities. Shop for <a href=""/rakhi/bhaiya-bhabhi-rakhi"">rakhis for Bhaiya Bhabhi</a> and send it to the destination of your choice. You can spread the festive cheer with some amazing gift combos for the occasion. To impress your Bhabhi you can go for blooming delights which comprises of some of our vibrant flowers such as roses, lilies, orchids and other premium floral arrangements. The gifts can be delivered to many international destinations of your choice too. The freshness of the flowers are ensured by sourcing it from renowned florists.</p><h2>Send Rakhi for Brother Online which will be truly appreciated by our Siblings</h2><p>If you want to impress your brother with something exclusive, shop from the range of gift options that we have at our portal. You can browse for some amazing gift combos and hampers which comprises of mouth-watery sweets, chocolates and dry fruits which will make the occasion lot more fun for both of you. Besides these the online portal also gives you an opportunity to shop from neck tie combo, pen sets and shaving kits which will much appreciated as an ideal rakhi gifts for brother online.</p><p>With the increasing demand of rakhi for kids, the online portal has come up with popular rakhis for kids which has famous cartoon characters on top of it. You can find several Chhota Bheem rakhi, Doraemon, Captain America and other cute looking rakhis. You can send <a href=""/rakhi-for-kids"">rakhi for kids online</a> which has been designed keeping the interest of the kids. Team up these rakhis with relishing chocolates which will make a great gift for the kid.</p><p>Bookmyflowers has been in the industry for more than 20 years which has allowed them to deliver some of the spectacular range of gifts for the occasion. To make it convenient for the customers the company has come up with flexible delivery options. If you are the one who always miss out on the special occasions then it is best to go with same day delivery options. All the gifts are delivered in the most pristine conditions after being meticulously checked which is then dispatched to the destination of your choice.</p><br><h2>Online Rakhi Gifts for Brother</h2><p align=""justify"">Brothers are the most pampered one of the lot and they are spoiled even more when Rakhi is around the corner. Send <a href=""/rakhi"">online Rakhi gifts</a> to your brother from Bookmyflowers to make him feel that, with the growing distances the love is getting stronger and better. Send a box full of <a href=""/rakhi/sweets"">rakhi with sweets</a> and dry fruits which is quite beautifully hand wrapped with heart full of love, care and affection. Be it Delhi, Mumbai, Bangalore or Chennai you can send them with a simple click at their doorstep.</p></br><p align=""justify"">All the gifts have been specially designed keeping in mind what your brother will like and cherish it for a lifetime. It can be anything ranging from a box full of his favorite sweets and with each and every bite your brother will crave for it more and more. All these rakhi gifts online are available at a nominal price range so that it goes a little easy on your pockets. To ensure the safety of all your gifts we pack it quite carefully so that it doesn‚Äôt get damaged and your brother receives exactly the same thing that you had seen without any quality compromises.You can also send a box full of <a href=""/rakhi/chocolates"">rakhi with chocolates online</a> or maybe a Rakhi gift hamper with puja ki thali which can make your brother showcase his million dollar smile and make him shower his countless blessings.</p>",Rakhi Gifts for Brother - Buy/Send Best Rakhi for Brother Online to India | Bookmyflowers.com,"Buy/send best rakhi gifts for brother online to India. Order online rakhi for brother from our best rakhi collection, Online rakhi delivery in India from Bookmyflowers.com.","online rakhi gifts for brother, gifts for brother on rakhi, rakhi gifts for brother online, buy rakhi gifts for brother, rakhi gift hampers for brother, send rakhi gifts to brother, rakhi gift for brother in India"
0,174,Buy Rakhi for Kids,"<h2>Put a smile by delivering Rakhi Gifts for Kids from Bookmyflowers</h2><br><p>It is not easy to please kids, you have to come up with something really interesting to put up a smile on their face. Understanding the interest of the kids, the online portal has also come up with a popular range of cartoon rakhi which will surely a big hit amongst most kids. You can buy kids rakhi online which has specifically designed cartoon characters such as Chhota Bheem Rakhi, Doraemon rakhi, Captain America Rakhi and other popular choices that we have with our online portal. If you are still looking for some more options, you can order homemade rakhis for kids which will be truly appreciated by your loved ones.</p><br><p>The online rakhi for kids that we have are available at different price range and can be delivered to the destination of your choice. The portal has also showcased many rakhi gift options too, you can shop for chocolate or sweet hamper which will turn out to be interesting return gifts for kids. Some of the popular international chocolates comprises of Ferrero Rocher, Toblerone, Snickers, Mars and Cadbury's which will be relished by the kids truly.</p><br><p>To avoid any confusion all the rakhi gifts for the kids are meticulously checked and then dispatched to the destination of your choice without any last minute hassle. Besides featuring amazing gift options for kids, the online portal has come up with a huge collection of <a href=""/rakhi-for-brother"">rakhi gift for brother</a> too. You can shop for interesting neck tie combos, sweet hamper and personalized gift items to take the celebration to the next level.</p><br><p>The festival is not only about brothers, how about buying an interesting piece as a <a href=""/rakhi/gifts-for-sister"">Rakshabandhan gift for sister</a>. You can buy some elegant jewellery which will be much appreciated by her. If you are worried about the delivery process, fret not, you can <a href=""/rakhi-to-delhi"">send rakhi to Delhi</a> or any other destination with absolute ease.</p><h2>Online Rakhi for Kids</h2><p>Kids can be a little finicky when it comes to choosing Rakhi for them. They are looking for something which is both eye catchy and will give them a celebrity feel. This Rakhi season <a href=""/rakhi"">send Rakhi online</a> from Bookmyflowers. We have some interesting range of Rakhis to choose from starting from Bal Ganesh, Angry Bird, Doraemon and Chhota Bheem Rakhi to make your brother yearn for it. You can also send <a href=""/rakhi-for-kids"">Rakhi gift Hamper</a> or Rakhi with dry fruits online which will enhance the   festivity of the occasion.</p> </br><p>All our Rakhis are quite reasonably priced and are beautifully hand wrapped so that when your brother opens it   he will be excited to see these eye catchy Rakhis being tied on his wrist. All you need to do is just place the order online we will make sure that the Rakhis are   delivered at your doorstep without an inch of delay. We understand the significance of both the occasion and time so that you can rejoice the occasion with your   friends, families and relatives.If you are not around we will make sure that the Rakhis reach you on time. With the strong online rakhi delivery service we will ensure that your Rakhi's reach to any part of the country be it Mumbai, Bangalore, Delhi, Pune Hyderabad and many more to list down. Occasions are what we understand and therefore we make sure that we deliver the best.</p>",Rakhi for Kids Online - Buy / Send Best Rakhi for Childrens to India | Bookmyflowers.com,Rakhi Gifts for Kids: Order rakhi gifts for kids online for Raksha Bandhan. Explore Bookmyflowers for rakhi gifts for kids to India & worldwide with Free Shipping.,"send kids rakhi, rakhis for kids, rakhi gift for kids, online rakhi for kids, homemade rakhi for kids, buy kids rakhi online, buy kids rakhi"
0,175,Send Rakhi to Delhi,"<h2>Send Rakhi to Delhi Online</h2><p>You have been out of home for further studies, job and eventually marriage and you have always missed being part Rakhi. On this Raksha Bandhan occasion send Rakhi online to Delhi with Bookmyflowers to let your Brother know that even if you are miles away from him but you will be a lot closer by sending the Rakhis online with <a href=""/rakhi/gift-hampers"">Rakhi Hampers</a> or Rakhi chocolates to sweeten up the occasion. Let your loved one feel more loved with a bouquet of fresh flowers to freshen up your living room.</p> </br><p>The quality of the gifts will leave you mesmerized with its sheer look and uniqueness. You will find each and every gift will be a little different and a little distinct from the other, thereby displaying the enormous range of gifts that we have for Rakhi celebration in Delhi. All the products are quite reasonably priced so that it is wallet friendly and makes everyone happy. If your brother has a sweet tooth you can also send rakhi Cake to Delhi for your brother which has been hand baked and our quite soft and spongy to make you feel that they have specially stepped out of the oven. You can send from the countless flavors we have starting from Chocolate, Pineapple, Strawberry and many more to list. We take pride and honor in celebrating and cherishing this bond of love so with the finest <a href=""/rakhi"">online rakhi delivery</a> service that we have delivering online rakhi gifts to Delhi is not a problem. </p> </br><p>Rakshabandhan is a festival which beautifully celebrates the everlasting bond of a brother and a sister. The relationship that exists between siblings is considered to be one of the noblest and the sacred bond in the world. Celebrate this chaste bond with the choicest Rakhis to Delhi that our gift experts have handcrafted with love and affection.</p> </br><p>You can send these beautiful Rakhi in Delhi with richly adorned online rakhi thali. Sweets is almost an inevitable part of any festive occasion so you can't lose the chance to go for our <a href=""/rakhi/sweets"">online rakhi sweets</a> which are available of the finest quality like Motichoor Ladoos and Kaju Rolls or you can even adorn it with your brother's favourite chocolates. Our widespread reach will allow you to get an online rakhi delivery in Delhi and many other cities. We will specially get them hand-delivered at their doorstep.</p>",Send Rakhi to Delhi Online | Rakhi Gifts Delivery in Delhi - Bookmyflowers,Rakhi to Delhi: Browse Bookmyflowers to send rakhi gifts to Delhi online for brother & sister with Express Home Delivery.,"send rakhi to Delhi, rakhi to Delhi, order rakhi to Delhi, rakhi delivery in Delhi, online rakhi to Delhi, rakhi gifts to Delhi, send rakhi gifts to Delhi"
0,176,Send Rakhi to Mumbai,"<h2>Send Rakhi to Mumbai</h2><p>From the trivial fights to the more mature conversation, this relationship of yours has taken you a really long way. It is time to celebrate that strong and durable relationship with little bit of naughtiness and a lot of fun with Bookmyflowers during this festival of Raksha Bandhan. It is time for you to send rakhi online to Mumbai for your brother and express the unexpressed on this eve of Rakhi. You can buy and send Rakhi chocolates, Cakes, <a href=""/rakhi/personalized-gifts"">personalized Rakhi gifts</a> online to Mumbai city with our fastest online delivery.</p></br><p>Now sending Rakhis to Mumbai, Pune , Chandigarh, Bangalore, Delhi and many more places have been done quite effortlessly. You have the freedom to choose from the countless gift options that are available with you starting from a box full of chocolates to personalized gift items like personalized mugs and Photo frames. All these gifts give you the opportunity to express love from the bottom of your heart.You can savour some of the delectable <a href=""/rakhi/cakes"">Rakhi cakes</a> this season and induldge yourself into something that is outrageously delicious and give you a sugar high on the day of the occasion. The most fancy and the traditional forms of Rakhi be it Silver, Golden, Mauli or Cartoon Rakhi are now available with us at quite a nominal price range. Order now to get online rakhi delivery to Mumbai at your doorstep.</p></br><p>Despite all the notorious fights and no matter what the distance you always miss your Brother on an occasion like Raksha Bandhan. Choose from the widest range of rakhi designs that we have at Bookmyflowers starting from Rudraksh, Mauli, Pearl, Zardosi and many more to list down.</p></br><p>Online rakhi delivery to Mumbai and other metro cities have made it easier for delivering smiles and love to your siblings. You can also come up with online rakhi cakes which are available in multiple flavors and that too at an affordable price range. Hand-wrapped chocolates like Ferrero Rocher, Temptations, Dairy Milk and many more. We have custom <a href=""/rakhi"">rakhi delivery</a> services in Mumbai too which will allow you to send online rakhi gifts to Mumbai the same day or even dot at midnight. We will specially get them hand-delivered to any part of the globe to see your sibling smile.</p>",Send Rakhi to Mumbai Online | Rakhi Gifts Delivery in Mumbai,Rakhi to Mumbai: Browse Bookmyflowers.com to send rakhi gifts to Mumbai online with Express Home Delivery. Free Shipping.,"send rakhi to Mumbai, send rakhi to Mumbai online, rakhi to Mumbai online, online rakhi to Mumbai , rakhi gifts to Mumbai, send rakhi gifts to Mumbai, rakhi delivery in Mumbai,"
0,177,Send Rakhi to Bangalore,"<h2>Send Rakhi to Bangalore</h2><p>Raksha Bandhan as a festival is not just about a sister tying a sacred thread to his brother. It has a deeper   meaning to it because this <a href=""/rakhi"">Rakhi thread</a> is supposed to be the thread of promise. It is one of   those durable promises which a brother makes to a sister of standing by her side during the toughest of times. With Bookmyflowers you can now celebrate this beautiful   bond called Rakhi in Bangalore also by making the online delivery of these Rakhis well on time. </p> </br><p>You can now send Rakhis to Bangalore,   Pune, Chennai, Jaipur and many more cities to list down. You can get an online delivery done and we will make sure that timely delivery of these products is done   ensuring that the preciousness of the relationship is maintained. You can couple the <a href=""/rakhi/chocolates"">Rakhi with chocolates</a>, Personalized Gifts, Rakhi Cakes, soft toys and Rakhi gift Hampers to be delivered at their doorstep. You can also get same day   delivery in Bangalore for all Rakhi gifts to make your siblings feel even more special.You can get an online delivery of all the Rakhi gifts where all the gifts have   been quite nominally priced so that it goes a little easy on your budget. You can also sweeten up the memories by sending a combo of <a   href=""/rakhi/sweets"">Rakhi with sweets</a> and making the celebration larger than life.</p></br><p>Rakshabandhan is a time when sisters express their love for their sister and let this be no different, this rakhi season. We have compiled the best of   our gifts to make it look as an attractive rakhi hamper for your Brother. Our online rakhi gift experts in Bangalore have specially been hand crafted with the utmost care and affection. The elegance with which these beautiful rakhis are crafted will make choice a bit tough.</p> </br><p>You can send them online rakhi hampers which comprises of everything you might be looking for to gift it to your Brother. Rakhi sweets, chocolates and more for this rakhi season. Bookmyflowers have not restricted their reach as you can get online rakhi delivery to Bangalore and other metro cities.Timely delivery of all the products ensure that we have more repeated customers. We will personally hand deliver all our online rakhi products to manifest your love for your Brother.</p>",Send Rakhi to Bangalore Online | Rakhi Gifts Delivery in Bangalore,Rakhi to Bangalore: Explore Bookmyflowers.com to send rakhi gifts to Bangalore online for brother & sister with Free Home Delivery.,"send rakhi to Bangalore, send rakhi to Bangalore online, rakhi to Bangalore, rakhi delivery in Bangalore, rakhi gifts to Bangalore, online rakhi delivery in Bangalore"
0,178,Send Rakhi to Pune,"<h2>Send Rakhi to Pune</h2><p>Rakhi is a bond which signifies that the strong must protect the weak from the evil that is around. The traditional festival not only tightens the bond of love between brothers and sisters but also gives a reason to celebrate and rejoice with the family. So, when festive occasion is around the corner sending <a href=""/rakhi"">Rakhi gifts online</a> becomes an obvious choice. No matter, how many miles away your brother might be but with Bookmyflowers you can now send Rakhi to Pune, Chennai, Gurgaon, Jaipur, Agra and many more to list.</p> </br> <p>We understand no other language than the language of love so each and every gift that we prepare expresses the deepest of emotion in a way that it will resurrect the deepest of emotions to your gifts thereby, bringing out the true essence of the festival. You can <a href=""/rakhi/gift-hampers"">send Rakhi Gift hampers</a> which comprises of all those things which you could have ever thought of gifting it to your loved ones. We have bestsellers in every city, so of if you want to send Rakhi to Pune you can pick the city's favorite assorted chocolates with Rakhi, a box of dry petha will be a nice pick if you want to send Rakhi to Agra and subsequently the rest of them have their own favorites. If you seem to understand nothing else you can also <a href=""/rakhi/flowers"">send Rakhi flowers</a> and cakes online which will suit the occasion and are always our expertise. All our gifts will fit easily in your budget and will be delivered at the   ease of your home.</p><p>Rakshabandhan is a festival which is celebrated with a lot of pomp and show across the country. We have some lovely rakhi hampers which are gift experts have quite lovingly hand crafted. Each of them is so gorgeous to look at that it will be really confusing for you to choose one. You can choose to send from a plethora of designer rakhis that have displayed online.</p> </br><p>You can go for online rakhi chocolates which are available in mouth melting taste. You can choose from Ferrero Rocher, Temptation and Dairy Milk Chocolates to make a nice scrumptious hamper loaded with cookies, sweets and more.Online rakhi delivery in Pune, and other major cities of India has led to deliver smiles across the globe. Custom rakhi delivery service in Pune has made us the most preferred brand of the country with highest number of repeated countries.</p>",Send Rakhi to Pune Online | Rakhi Gifts Delivery in Pune - Bookmyflowers,Rakhi to Pune: Visit Bookmyflowers.com for latest rakhi gifts delivery in Pune online. Send rakhis to Pune with online free home delivery.,"send rakhi to Pune, send rakhi to Pune online, online rakhi to Pune , rakhi delivery in Pune, online rakhi delivery in Pune, order rakhi to Pune"
0,179,Send Rakhi to Chennai,"<h2>Send Rakhi to Chennai</h2><p>You love your brother a lot but with time you have pulled apart thereby creating distances between the two of you. You so badly miss each other's company and the small little acts that you did together. With Bookmyflowers we have minimized the distance; you can now send rakhi to Chennai on this Raksha Bandhan to your brother who might be delighted to receive the Rakhi despite the distance.</p> </br><p>We have an array of other gifts which we have specially designed for Rakhi like <a href=""/rakhi/cakes"">Rakhi Cakes</a>, flowers and Rakhi hampers which you can send it online to give your brother a sweet surprise on the day of the occasion. Raksha Bandhan is like the purest form of festival that is being shared by a brother and a sister. With Bookmyflowers you can not only send Rakhi to Chennai but Pune, Allahabad, Jaipur, Gurgaon, Agra and many more to list down.If you think that it is too difficult for you to find a perfect gift for your brother or sister you can always <a href=""/rakhi/flowers"">send Rakhi flowers</a>, Cakes, Chocolates or anything else which are the most simple gifts suiting each and every occasion. All our <a href=""/gifts-to-chennai"">online gift delivery</a> are made on time so that the essence of the festival is not lost and they have been all priced in a way that it fits into everyone's budget. So this Rakhsha Bandha no matter how far you are from your brother but with us you will be a lot closer to your Brother.</p></br><p>If nostalgia hovers on you because of your Brother being far away from you on a distant land  then Bookmyflowers have come up with a range of rakhi gifts in Chennai that are not only spectacular to look but have been quite thoughtfully and delicately designed.You can choose from the endless variety of designs that we have starting from Rudraksh, Pearl, Soan, Zardosi, Pearl and recently we have also included Lumba Rakhi which has been specially been designed for Bhaiya and Bhabhi, a tradition which is prevalent in Rajasthan. These Lumba Rakhis are made using some exclusive stones, making them look beautiful and elegant.</p></br><p>Online rakhi delivery in Chennai, Rakhi threads and the likes have made it easier to send products quite effortlessly. You can also use our custom delivery option, a feature which allows you to deliver online rakhi products the <a href=""/rakhi"">same day rakhi</a> or even dot at midnight.</p>",Send Rakhi to Chennai Online | Rakhi Gifts Delivery in Chennai,Rakhi to Chennai: Browse Bookmyflowers to send rakhi gifts to Chennai online with Express Home Delivery. Free Shipping.,"send rakhi to Chennai, rakhi to Chennai online, rakhi to Chennai send, rakhi delivery in Chennai, online rakhi delivery in Chennai, send online rakhi to Chennai"
0,180,Send Rakhi to Hyderabad,"<h2>Send Rakhi to Hyderabad</h2><p>Send Rakhi to Hyderabad to your Brother who might be all alone this Raksha Bandhan because he is too tied down with   work. It is time to make him feel that no matter wherever you are, near or far but you wouldn't just let him feel sad this Raksha Bandhan. With Bookmyflowers you can   send Rakhi to Hyderabad within a blink of an eye. All the <a href=""/rakhi"">rakhi gifts</a> that are available online have been designed with a thought of the deepest sentiment which the festival evokes.Rakhi flowers and Cakes are the top most pick for a festival like Raksha Bandhan which can best suit the occasion. Contrarily you can also choose to order a box full of chocolates online or <a href=""/rakhi"">online Rakhi</a> gift hampers to make the occasion livelier than ever before. Our unique set of online Rakhi's is surely going to dazzle you viz. Pearl Rakhi,<a href=""/rakhi/kundan-rakhi"">Kundan Rakhi</a>,  Mauli, Feng Shui Rakhi and many more to list down. We take a little pride in laying down the extravagant varieties of Rakhi that we have in our ambit.</p><p>Sending Rakhi to Hyderabad, Chennai, Delhi, Mumbai, Jaipur, Agra and many more is only a tap away. Our gifts have the range of both the highs and lows so that we have something for everyone to suit their budget. All you need to do is just order the perfect pick and we will be honored to be a part of such a ceremonious bond by getting the online delivery done.</p>",Send Rakhi to Hyderabad Online | Rakhi Gifts Delivery in Hyderabad,Rakhi to Hyderabad: Browse Bookmyflowers.com to send rakhi gifts to Hyderabad online with Express Home Delivery. Free Shipping.,"send rakhi to Hyderabad, send rakhi to Hyderabad online, rakhi to Hyderabad online, rakhi delivery in Hyderabad, online rakhi to Hyderabad, online rakhi delivery in Hyderabad"
0,181,Send Rakhi to Kolkata,"<h2>Send Rakhi to Kolkata</h2><p>Kolkata is place of ‚ÄòMaa Durga' and ‚ÄòMaa Kali', a city where a woman is not only respected but worshipped too. So a bond which preserves the sanctity of the relation she shares with the other around is celebrated in full swing one such festival being Raksha Bandhan. Send Rakhi to Kolkata online from Bookmyflowers to make your Brother realize that like every year you would like to tie the sacred bond which has the deep embedded love, care and affection that you have for him in your heart.Send a coffee mug online to your brother for all the conversations you shared with him over coffee sometimes serious and sometimes a little stupid. Make him feel that all such moments are and will remain priceless for you for a lifetime. You can also <a href=""/rakhi/chocolates"">send Rakhi chocolate</a> which your brother to remind him of all the stupid fights you used to have over chocolates and make him feel that you have been a little generous to gift him a complete box for this Raksha Bandhan.</p> </br> <p>With our quick online delivery you can not only send Rakhi to Kolkata but also internationally to UK, USA, Germany, Singapore and the like. You can also send a scrumptious <a href=""/rakhi/cakes"">online Rakhi cake</a> which you can enjoy with your complete family and will also be the perfect way of celebrating Rakhi like never before.</p>",Send Rakhi to Kolkata Online | Rakhi Gifts Delivery in Kolkata,Rakhi to Kolkata: Explore Bookmyflowers.com to send rakhi gifts to Kolkata online with free home delivery.,"send rakhi to Kolkata online, rakhi to Kolkata online, send rakhi to Kolkata, online rakhi to Kolkata, rakhi delivery in Kolkata, online rakhi delivery in Kolkata"
0,182,Send Rakhi to Lucknow,"<h2>Send Rakhi to Lucknow</h2><p>When a festival like Raksha Bandhan is around the corner you tend to miss your Brother way too much than on any other ordinary day. Festivals have this thing in them; they tend to bring back the old memories attached to that occasion. Send Rakhi to Lucknow, Allahabad, Delhi, Gurgaon, Jaipur, Agra and numerous other cities with Bookmyflowers. You can now bridge the distances between your Brother and yourself through online delivery.You will find countless varieties of Rakhis and each very beautiful than the other one. There is a possibility that you might find yourself confused. Raksha Bandhan is also a time when a Brother can also send a bunch of fresh flowers or a box full of chocolates to see a cheerful smile on her face. As per the tradition a box full of dry fruits with Roli and Chawal goes well with the occasion, so you can also send that online. We also have a range of trendy bags to <a href=""/rakhi/gifts-for-sister"">gift to your sister</a> so that she will be more than happy to receive it.Our online delivery service is available both nationally and internationally too. You can send Rakhi to Lucknow, Noida, U.K, U.S.A, Germany, Australia, Agra, Jaipur and many more to list down.</p>",Send Rakhi to Lucknow Online | Rakhi Gifts Delivery in Lucknow,Rakhi to Lucknow: Visit Bookmyflowers.com to send rakhi gifts to Lucknow online with express online delivery. Free Shipping.,"send rakhi to Lucknow online, rakhi to Lucknow online, send rakhi to Lucknow, online rakhi to Lucknow, rakhi delivery in Lucknow, online rakhi delivery in Lucknow"
0,183,Send Rakhi to Ahmedabad,"<h2> Send Rakhi to Ahmedabad</h2><p>On the occasion of Rakshabandhan this year, send rakhi to Ahmedabad or any other destination in the country through   bookmyflowers.com. Distance does not have to be an issue when it comes to sending rakhi to Ahmedabad. Order your gifts and rakhi at Bookmyflowers.com and send them to   your loved ones. Our online portal is a one stop solutions store for all your rakhi gifts requirements. We provide quick and easy services for Online Rakhi Delivery to   Ahmedabad and other cities in the country.</p> </br> <p>Our site also features most fabulous Rakhi threads in the country ranging from traditional   favorites such as Rudraksha beads rakhis, zardosi and mauli rakhis to modern designer and fancy rakhis in stunning designs and patterns. All of our rakhi threads are   handcrafted to perfection and they are exhilaratingly breathtaking sure to which is sure to charm both wearers and onlookers alike. Send online Rakhi to Ahmedabad   along with other delightful gifts this Rakshabandhan.  . Our web store also offers a range of exclusive gifts such as chocolate, cakes, jewelry and perfumes. We also   feature personalized gift items like photo frames, key chains, printed cushions and night lamps.</br> <p>At bookmyflowers.com you can also go for   traditional gifts from our ethnic hamper collection which includes Rakhi with Puja Thali and Rakhi and Dry Fruits in Ethnic Potli bags. Send Rakhi to Ahmedabad along   with a sweet treat of Soan Papdi to add a homely touch to your rakhi gifts. You can also send a gift combo featuring nutritious dry fruits and an elegant fancy rakhi   with studded stones.Arrange an online rakhi delivery to Ahmedabad through our portal today and complement your rakhi gifts with your favorite flowers. We provide fresh   flowers for every occasion and our flowers come in the most exquisite bouquets that will definitely add charm to your rakhi gifts.Order your gifts and rakhi to   Ahmedabad today at bookmyflowers.com and have them delivered on time for Rakshabandhan. We are renowned for our exceptional services and we guarantee the on-time arrival of your online rakhi delivery to Ahmedabad.</p>",Send Rakhi to Ahmedabad Online | Rakhi Gifts Delivery in Ahmedabad,Rakhi to Ahmedabad: Browse Bookmyflowers for rakhi gifts delivery in Ahmedabad online with Express Home Delivery. Free Shipping.,"rakhi to Ahmedabad, rakhi delivery in Ahmedabad, online rakhi to Ahmedabad, send rakhi to Ahmedabad, online rakhi to Ahmedabad, online rakhi delivery in Ahmedabad"
0,184,Send Rakhi to Gurgaon,"<h2>Send Rakhi to Gurgaon</h2><p align=""justify"">With the mounting pressure and the workload festivals are generally celebrated online. When you and your Brother are poles apart from each other <a href=""/rakhi"">send Rakhi</a> online. Bookmyflowers have come up with an exotic range of Rakhi which are extremely gorgeous to look at and even your Brother will be happy to receive it. You can send from the widest range of choices we have to choose from Mauli, Silver, Feng Shui, Zardosi and many more to list down. Despite the unnerving traffic you can even send the Rakhi to Gurgaon.</p> </br><p align=""justify"">To add to the festivity of the occasion combine these beautiful Rakhi's with his favorite sweets and send it online. Rakhi flowers and Rakhi cake can add sugary sweetness to the occasion and make it larger than life. All our Rakhis and the Rakhi sweetsis usually placed in beautiful boxes so that when they are gifted to your loved ones they feel really special. Brother can choose to give a box full of her favorite chocolate which she likes, loves and can't do away with.You can send Rakhi's to Gurgaon, Allhabad, Pune, Chennai, Delhi, Bangalore and many more places to list down. We don't compromise of the quality of the sweets because they are often the most important part of any occasion. All our gifts have been quite reasonably priced so that you can send gifts without digging holes deep in your pocket. Send gifts this Raksha Bandhan to enhance your love and make the bond between the two of you even stronger.</p>",Send Rakhi to Gurgaon Online | Rakhi Gifts Delivery in Gurgaon,Send Rakhi to Gurgaon: Browse Bookmyflowers.com for rakhi gifts delivery in Gurgaon online with Express Home Delivery. Free Shipping.,"rakhi to Gurgaon, send rakhi to Gurgaon, rakhi delivery in Gurgaon, online rakhi to Gurgaon, rakhi delivery in Gurgaon, online rakhi delivery in Gurgaon"
0,185,Send Rakhi to Noida,"<h2>Send Rakhi to Noida </h2><p> There are times when you simply cannot make up for an occasion because of your busy time schedule. For all such   occasions and more send Rakhi to Noida, Bangalore, Allahabad, Delhi, Gurgaon, and Agra, Jaipur, Ghaziabad and various other cities through Bookmyflowers. You will get   an array of beautiful and gorgeous Rakhi viz. Mauli, Zardosi, Silver, Golden and Cartoon Rakhi to name a few. You can send Rakhis online depending on the kind of Rakhi   which will suit your brother's personality.</p> </br><p>Send a box full of dry fruits or sweets along with this Rakhi to give a sugar high to the   occasion. All the gifts are quite beautifully placed in boxes to enhance the beauty of the occasion. If your Brother is a Cake lover you can also send his favorite   flavored Cake this Rakhi and bring a smile to his face. We have a special range of Cake for this Rakhi season which has been baked with extra love to give a softness   and sponginess which is highly unmatched with any other Cakes around.We have a wide online delivery service covering various cities which will enable you to send Rakhi   to Noida, Hyderabad, Lucknow and many international cities too.</p>",Send Rakhi to Noida Online | Rakhi Gifts Delivery in Noida - Bookmyflowers,Rakhi to Noida: Browse Bookmyflowers.com to send rakhi gifts to Noida online with express home delivery. Free Shipping.,"rakhi to Noida, online rakhi to Noida, send rakhi to Noida, rakhi delivery in Noida, online rakhi delivery in Noida, send online rakhi to Noida"
0,186,Send Rakhi to Ghaziabad,"<h2>Send Rakhi to Ghaziabad </h2><p>When festivity is in the air you tend to miss all your near and dear ones. On one such occasion like Raksha Bandhan when your Brother is not around the corner, with Bookmyflowers you can send Rakhi to Ghaziabad, Noida, Gurgaon, Delhi, Mumbai, Jaipur, Lucknow, Agra and many other cities. Send Rakhi from the beautiful Rakhis with intricate designs viz Kundan Rakhi, Rudraksh Rakhi, Pearl Rakhi and many more to list down. Send it to your Brother in far off land to make him believe that even if you are far away from each other but he is always in your thoughts. Brothers can also add a cheerful smile on their cute adorable sister's face by sending them elegant piece of jewelry which is available in beautiful designs. You can also send gift hamper to your Brother or sister which has a careful assortment of all the gifts. We have been quite cautious while setting the price range of the product so that they don't go too heavy on your pockets.</p> </br><p>With our fastest online delivery you can send Rakhi to Ghaziabad, Noida, Lucknow, Gurgaon and many other cities at a lightning speed. Send a combo of Rakhi Flowers and Rakhi Cakes along with it to knit all the sweet memories along with it.</p>",Send Rakhi to Ghaziabad Online | Rakhi Gifts Delivery in Ghaziabad,Rakhi to Ghaziabad: Explore Bookmyflowers.com to send rakhi gifts to Ghaziabad online with Free Home Delivery.,"rakhi to Ghaziabad, online rakhi to Ghaziabad, send rakhi to Ghaziabad, rakhi delivery in Ghaziabad, send online rakhi to Ghaziabad"
0,187,Send Gifts to Bangalore,"<h2>Online gifts delivery in Bangalore</h2><p>There are times when due to busy work schedule you tend to miss your dear one's most important occasion. For all such occasion it is the <a href=""/gifts"">online gift delivery</a> is what bail you out, with the innumerable options that you have there is absolutely none which promises the uniqueness and creativity other than Bookmyflowers. It has the widest range of gift and with the increasing popularity of it you can now get <a href=""/gifts"">Order online gifts</a> even in Bangalore.</p> </br><p>Starting from the gorgeous look baskets to the scrumptious chocolates we have them all. All you need to do is just order online and be rest assured that our strong distribution network will ensure that we are able to deliver all our products well on time so that you don't get those frosty nose looks on missing your dear one's important day.</p></br><p>Be it an elegant piece of jewelry, or your favorite coffee mugs reminding you of that endless conversation, you can gift them all.Send <a href=""/mothers-day/gifts-to-bengaluru"">Mother's day gift to Bangalore</a> and surprise your mother with the most unique piece of gift to make this day the most special ones in times to come. Chocolates will be like the most appropriate gift for this Rakhi for your brother living in Bangalore, you know since childhood you have been fighting over chocolates. Send <a href=""/rakhi-to-bengaluru"">Rakhi gifts to Bangalore</a> and make your brother feel that you love your brother more than the chocolates.</p>",Send Gifts to Bangalore - Online Gift Delivery In Bangalore,Online gift delivery in Bangalore: Bookmyflowers offers exclusive range of online gifts in Bangalore. Enjoy express online gift delivery services in Bangalore,"online gift delivery in Bangalore, online gift delivery Bangalore, online gifts Bangalore"
0,188,Send Cakes to Bangalore / Bengaluru,"<h2>Best Cakes in Bangalore Online </h2> <p> Your friend has recently shifted to Bangalore and she is badly missing her best friend on her Birthday. Under such circumstances you have no option but to look for a way out which can surprise her on her Birthday and so you start looking for an online cake delivery in Bangalore. At Bookmyflowers we have the best flavors to choose from and almost every cake has been baked to perfection so that the moment your dear ones savor it tastes, it is surely going to recycle some good old memories of your friendship.</p></br> <p> With  Bookmyflowers we have cakes for almost all the occasion be it Birthday, Anniversary, Wedding, Mother's day and many more to list down. It is your friend's Birthday and we would like to ensure that we have just the right flavor birthday cake which your friend will fall in love with starting from Chocolate to Butterscotch to Vanilla to our signature special like Photo cakes, <a href=""/designer-cakes"">Designer Cakes</a> and Cheese Cakes.</p> </br><p> We also ensure a timely delivery of all the cakes not only in Bangalore but in all the cities across. The cakes that are available with us are as fresh as they have been specially baked just for your dear ones.You wanna taste our Bangalore special cakes order it now!</p>",Send Cakes to Bengaluru - Order Cake Online for Delivery in Bangalore,"Order cake online Bangalore: Book My Flowers a leading online cake portal in Bangalore, allows anyone to order his choice of cake online in Bangalore for all occasion","Online Order Cake in Bangalore, Order Cake in Bangalore, Online Order Cake, Bangalore Online Order Cake"
7,188,Send Birthday Cakes to Bangalore,"<h2>Online Birthday Cakes delivery in Bangalore</h2> <p>Now Bangalore will experience the finest way to celebrate Birthday by getting an online Birthday cake delivery from Bookmyflowers. It is time for you to surprise your loved one with our finest handmade baked cake which will simply melt in your mouth. They have been known to <a href=""/birthday/cakes"">deliver birthday cakes</a> at a lightning speed and all our cakes have been baked using world class ingredients. Among the wide range of flavors that we have you will surely get your favorite be it Chocolate, Pineapple, Butterscotch and many more.</p> </br> <p>Our key USP which is our strong distribution network in Bangalore will help in delivering birthday cakes on time and with a freshness which is unmatched when compared to others. We take special care while delivering our cake, placing it in a box so that not even an inch of it is damaged. So when your dear one's Birthday is around the corner all you need to do is place an order to get a Birthday Cake delivery in Bangalore. You can also book order for midnight <a href=""/cakes-to-bengaluru"">cake delivery in Bangalore</a> city.</a> ",Birthday Cakes for Bengaluru - Online Birthday Cake Delivery in Bangalore,Birthday Cake Delivery In Bangalore: Book My Flowers brings variety of birthday cake online at affordable prices. Get efficient delivery of birthday cake in Bangalore,"birthday cake delivery in Bangalore, Bangalore birthday cake delivery, cake delivery in Bangalore, Bangalore birthday cake"
0,189,Buy Fashion Jewellery Online,"<h2>Buy Artificial Fashion Jewelry Online</h2><p>Jewelry is a woman&rsquo;s best friend.  You can commit the biggest of blunder and she will let you go scot free if you can gift her nice and an elegant piece of jewelry. As per the emerging trend artificial jewelry are classier and elegant to look at. You can also buy this fashionable jewelry online from Bookmyflowers, they are available in beautiful and intricate designs that no women will ever be in a position to say &lsquo;No&rsquo; to  it. </p> </br>  <p>    Although Jewelry can never be occasion specific; you can gift them anytime for any occasion and be doubly sure that they are going to love it. Jewelry can be an excellent <a href=""/wedding/gifts"">gift for Wedding</a>, Anniversary and Birthdays or else you can also gift a sophisticated piece of jewelry on Mother&rsquo;s Day. The beautiful designs which have been carved out by our designers are surely going to make them happy. So it is time for you to surprise your sweetheart with one such elegant piece of jewelry and express the love that love you have for her in your heart. There are several designs in jewelry which are available online which you can order and send it to your loved ones. </p>",Buy Jewellery for Women - Online Shopping for Fashion Jewelry for Her | Bookmyflowers,Looking for fashion jewellery to gift someone. Buy trendy artificial fashion jewellery online at low cost to gift your friends and relatives.,"online jewellery shopping,fashion jewellery online,buy jewellery online,online artificial jewellery"
7,23,Send Birthday Cakes to Delhi,"<h2>Online Birthday Cake Delivery in Delhi</h2><p>The immediate thought that comes to our minds when we hear ‚ÄúBirthday‚Äù is cake. In fact birthdays are synonymous with cakes, and we cannot imagine a birthday celebration without a <a href=""/birthday/cakes"">birthday cake</a> as the centerpiece. Cakes also lend an air of festivity to any event and to help you have a memorable and exciting birthday Bookmyflowers brings for you an array of birthday cakes in Delhi. Celebrations are not the same without cakes and for a fabulous birthday bash arrange an online birthday cake delivery in Delhi from Bookmyflowers.com. We have for you a range of delicious cakes including chocolate cakes, vanilla cakes and fruit cakes amongst others. Made from the finest ingredients by the skilled bakers, our cakes remain fresh for long and they are not only delicious tasting but visually appealing too. The birthday cakes with their good looks and exquisite tastes have earned the reputation of being the best birthday cakes in Delhi. Considering the huge vegetarian population in the city we also offer eggless versions of our birthday cakes in Delhi. The eggless version looks and tastes the same as the originals.</p></br><p>Select from a list of delectable goodies such as the Chocolate Black Forrest Cake or the tangy Pineapple cake and arrange a cake delivery in Delhi for birthday through us. We offer custom services such as same-day delivery, next day delivery and midnight delivery options. No matter what time of the day or night, your order for online birthday cake delivery in Delhi will be executed in quick time. You can also complement your <a href=""/cakes-to-delhi"">cake delivery in Delhi</a> for Birthday with fresh flowers at our site. We are a renowned online florist and gifts delivery business and we guarantee the on-time and pristine delivery of your birthday cakes.</a>",Send Birthday Cakes to Delhi - Online Birthday Cake Delivery in Delhi | Bookmyflowers,Birthday Cake Delivery in Delhi: Looking for quick delivery of birthday cake in Delhi region? Bookmyflowers brings efficient birthday cake delivery services in Delhi,"birthday cake delivery in delhi, birthday cake delivery delhi, cake delivery in delhi , birthday cakes delivery in delhi, birthday cakes in delhi"
0,190,Send Rakhi to Allahabad,"<h2>Send Rakhi to Allahabad </h2><p>The most important tradition of Rakshabandhan festival is the rakhi. It is a very important part of our culture and people feel disheartened when they don't receive a rakhi for the festival. So on the upcoming occasion of Rakshabandhan this year, send rakhi to Allahabad or any other destination in the country through bookmyflowers.com. We have for you an extensive collection of rakhi and gifts online.  Our online store features the most extensive collection of rakhi threads ranging from exquisitely crafted designer and fancy rakhis to traditional kundan rakhis and mauli rakhis among many others. You can also check out our collection of sacred Rudraksha beads rakhi and zardosi rakhis in their delightful metallic designs.</p> </br> <p>Send rakhi to Allahabad online along with other fabulous gift items such as cakes, jewelry, grooming items and personalized gifts such as photo frames, key chains, night lamps and printed cushions. Our gifts are also available in exciting combos and gift hampers such as Rakhi with Chocolates, Rakhi Puja thali and Rakhi with Dry Fruits. You can accompany your rakhi to Allahabad with chocolates from renowned international brands like Lindt, Ferrero Rocher, Cadburys and Nestle. Or arrange an online rakhi delivery to Allahabad accompanied by a sweet treat of traditional sweets or mithais such as besan laddoo, rosogullas, gulab jamuns, and kaju katli.</p></br><p>Order your gifts and rakhi to Allahabad online at bookmyflowers.com and have it delivered to your brother on the occasion of Rakshabandhan. You can also complement your rakhi delivery to Allahabad with fresh flowers. We are renowned florists with years of exceptional service experience in the gifts delivery business and we guarantee the on-time delivery of all your gifts and rakhi to Allahabad.</p>",Send Rakhi to Allahabad Online | Rakhi Gifts Delivery in Allahabad,Rakhi to Allahabad: Visit Bookmyflowers.com to send rakhi gifts to Allahabad online with express home delivery. Free Shipping.,"send rakhi to Allahabad, send rakhi Allahabad, rakhi to Allahabad online, rakhi delivery in Allahabad, send online rakhi to Allahabad"
0,191,Send Rakhi to Jaipur,"<h2>Send Rakhi to Jaipur</h2><p>Rakhi shopping doesn't have to be always boring and a drag, it can be quite pleasurable and heaps of fun at bookmyflowers.com. We are a one step solutions store for all your rakhi gifts requirements and we provide a most convenient platform from where you can buy and send rakhi to Jaipur or any other destination in the country. Our online store features a collection of the finest rakhi threads in the market today ranging from traditional mauli rakhis and zardosi rakhis to designer and fancy rakhis in the most exhilarating designs and patterns. Send Rakhi to Jaipur along with other fantastic gifts. We have for you a variety of other assorted gift items such as cakes, flowers, grooming items and personalized gift items which include photo frames, key chains, printed cushions and night lamps. You can also send online rakhi to Jaipur along with delicious chocolates from renowned International brands such as Ferrero Rocher, Cadburys, Lindt and Nestle among others.</p></br><p>Send rakhi to Jaipur or any other city in the country with just a simple click of the mouse through bookmyflowers.com. We provide secure payment options through credit or debit cards or through internet banking for your rakhi delivery to Jaipur. At bookmyflowers.com you can also send rakhi to Jaipur along with your favorite flowers. We are a renowned online florists and gifts delivery business and we guarantee the on time delivery of your rakhi gifts. We also provide custom rakhi delivery to Jaipur services which includes such options as next day delivery, same day delivery and midnight delivery services. Have a most wonderful rakhi shopping experience this year with bookmyflowers.com and rest assured that your rakhi delivery to Jaipur will arrive on time and in the most pristine conditions.</p>",Send Rakhi to Jaipur Online | Rakhi Gifts Delivery in Jaipur,Rakhi to Jaipur: Browse Bookmyflowers to send rakhi gifts to Jaipur online with Express Home Delivery. Free Shipping.,"send rakhi to Jaipur, rakhi to Jaipur, send rakhi to Jaipur online, rakhi delivery in Jaipur, send online rakhi to Jaipur, online rakhi delivery in Jaipur"
0,192,Send Rakhi to Agra,"<h2>Send Rakhi to Agra</h2><p>Send Rakhi to Agra and celebrate Raksha Bandhan like never before with Bookmyflowers. We have an exotic range of Rakhi to choose from which have been all beautifully packed with Roli and Chawal. It is time to make your Brother feel that even if he is far away but he will still be a lot closer with our online delivery service which allows us to deliver Rakhi within a snap of a finger.You can send <a href=""/rakhi/cakes"">Rakhi Cakes</a> and flowers along with it to make your Brother enjoy and rejoice at the occasion. All our Rakhi's are quite reasonably priced which makes it easier for you to buy it and get an online delivery done. You get a range of beautiful Rakhi's to choose from Rudraksh, Pearl, and other designer Rakhis which will add to the festivity of the occasion.</p> </br><p>Send Rakhi to Agra to your Brother who is all alone silently waiting for a surprise Rakhi from his sister. Make him feel a little delighted this Raksha Bandhan and let him realize that no matter how far the distance but you share the most promising bond with him. Let the air be filled with festivity on this auspicious occasion of Raksha Bandhan.</p>",Send Rakhi to Agra Online | Rakhi Gifts Delivery in Agra,Send Rakhi to Agra: Browse Bookmyflowers.com for rakhi gifts delivery in Agra online with with Express Home Delivery. Free Shipping.,"send rakhi to Agra, rakhi to Agra online, send rakhi to Agra online, rakhi delivery in Agra, online rakhi to Agra, online rakhi delivery in Agra"
42,208,Diwali Dryfruits Gift Pack,"<h2>Buy Diwali Dry Fruit Gift Packs Online</h2><p>Diwali is a traditional Indian festival that has been celebrated for ages. It is considered to be the most important and the biggest festival of the country. People celebrate the occasions with lots of joy and enthusiasm and one can see children in new clothing and <a href=""/diwali/candles-and-diyas"">lighting diwali diyas</a> and firecrackers on the occasion. People also clean up their homes and surroundings and light them up with candles, diyas and electric lights. Gift giving is also another tradition of Diwali and people have managed to maintain and keep the associated traditions and customs of this festival alive even to this day. You can also go for traditional gifts on Diwali this year with exclusive online dry fruits gifts gift pack from Bookmyflowers.  Choose from an assorted of dry fruits ranging from nutritious almonds and raisins to pistachios and crunchy cashew nuts. Dry fruits have always been a popular traditional gift and our dry fruit gifts are sure to add the homely and ethnic feel to your gifting occasions.  Our dry fruits gives also comes in exclusive gift boxes and <a href=""/diwali/gift-hampers"">diwali hampers</a> along with other delightful gift items like chocolates and  traditional sweets or mithais.</p> </br><p>Our Diwali dry fruit gift boxes come with attractive packaging and designs which makes them a visually appealing and a feast for the eyes too. Check out the kaju, almonds and raisins combo which comes along with Diwali diyas in an elegant white box or you can go for the Sweets and Diwali Diya hamper which features chocolates and traditional Potli bags among others. The dry fruit gift boxes are an ideal way to wish your loved ones on this auspicious occasion.</p></br><p>Order them online and have it delivered to your loved ones on the occasion. You can send Diwali dry fruits online to any destination of your choice. Bookmyflowers cater to both domestic and international destinations and you can send <a href=""/diwali/gifts-to-delhi"">Diwali gifts to Delhi</a>, Jaipur, Pune and Chennai among others. And our international services cover gifts delivery to USA, UK, Canada, Germany and Singapore and many other countries. We also offer custom delivery services such as same-day delivery, next day delivery and midnight delivery options.</p>","Diwali Dry Fruits Gift Pack Online, Diwali Dry Fruit Boxes - Bookmyflowers",Diwali dry fruit gifts: Buy fresh and beautiful Diwali dry fruit gifts boxes online at Bookmyflowers.com. Choose from a range of diwali dry fruit gifts offered at low cost.,"diwali dry fruit gifts, diwali dry fruit gift, diwali dry fruit gifts online, diwali dry fruit gift boxes, diwali dry fruit boxes, diwali dry fruit gift pack online"
42,212,Diwali Diyas & Candles Online,"<h2>Buy Diwali Diyas Online at best price</h2><p>Family reunions are an important feature of the Diwali celebration where people clean each and every corner of the home and surroundings. It is a festival which marks the return of Lord Rama from exile of 14 years which is why people light up diyas and candles for the occasion. Since Diwali is also popularly known as the festival of lights, hence you will see homes decorated with traditional Diwali diyas, <a href=""/diwali/candles-and-diyas"">diwali candles</a>, lanterns and other home decorative items. So this festive season, gift your loved ones <strong>Diwali diyas online</strong> and make their occasion brighter.</p> </br><p>Our gift experts have come up with a range of ethnic decorative items such as sticker rangolis, bandhanwars and <a href=""/diwali/god-idols"">idols of Lakshmi and Ganesha</a> among others. Every Indian festival is complemented with mouth-watery sweets, you can go for our popular hampers which comprises of Kaju Katlis, Motichoor Laddoos, Soan Papdi, Gulab Jamuns and Rasgullas among others. You can also go for a combo of diya and <a href=""/diwali/sweets"">online diwali sweets</a> which has some premium quality sweets to satiate the taste of your loved ones. Chocolates have replaced traditional sweets in every festive season and therefore, at Bookmyflowers, we have several chocolate hampers which has many international branded sweets such as Ferrero Rocher, Snickers, Cadbury's and Toblerone among others.</p> </br><p>It is the brightest Hindu festival, so <strong>buy Diwali diyas online</strong> for your friends, families and relatives. You can also add a personalized touch to your cushions, mugs and photo frames to make it a perfect memorabilia for your loved ones. Convey your wishes for Diwali with a whole new range of fresh flowers bouquets. We have been known to deliver all our <a href=""/diwali/gifts"">online Diwali gifts</a> on time and in immaculate condition. Our years of experience makes us the trusted and opted brand in the industry. We have covered both national and overseas destinations, so now geographical distances will not be a hindrance in delivering love to your loved ones.</p> <h2>Buy Diwali Candles Online </h2><p>Festivals in India are celebrated with a lot of enthusiasm and joy. Diwali is one amongst those popularly celebrated festivals of the country. It is a festival which marks the return of Lord Rama to Ayodhaya after 14 years long exile. Therefore, homes are decorated with Diwali diyas and candles. For a celebration filled with fun and joy, Bookmyflowers has come with a whole new range of Diwali candles online. We have an array of designer candles which are surely going to beautify your homes. </p></br><p>We also have some unique lamps which are surely going to add that its own charm like the glass tea lights, vibrant latta balls and designer lanterns too. Give a traditional and ethnic look to your home with our <a href=""/diwali/home-decor"">Diwali decorative items</a> which features Bandhanwar, wall hanging and door hangings among others. Since the festival commences by offering prayers to the gods and goddess, hence we have even come up with beautifully decorated <a href=""/diwali/puja-thali"">Diwali Pooja Thali</a> which can be ideal gift to convey your wishes to your loved one. </p></br><p>If you are thinking hard to come up with an appropriate Diwali gift, you can even buy Diwali candles online or else go for an exclusive combo which are surely going to be a delightful gift for your loved ones. With Bookmyflowers, you can send <a href=""/diwali/gifts"">Diwali gifts to India</a> and worldwide with our strong logistical support. Our on-time delivery of gifts makes us the preferred brand in the industry.</p>",Buy Decorative Diwali Diyas and Diwali Candles Online | Bookmyflowers,Diwali Diyas & Candles Online - Order decorative Diwali diyas online at affordable prices. Buy decorative Diwali Candles online available in various size and shapes from Bookmyflowers.com,"diwali diyas online, buy diwali diyas, diwali diya online, decorative diwali diyas, diwali diyas online shopping, online diwali diyas"
42,213,Diwali Home Decor Online,"<h2>Online Shopping for Diwali Decorations</h2><p>Festivals are times for all the family members to get together for feasting and spending time with each other. Diwali is one such festival where people clean homes and surroundings to welcome Goddess Lakshmi to their homes. People ornate and decorate their home with different ethnic decorative items. Shop for our hand-painted diyas or designer candles to brighten up your homes. At Bookmyflowers you can do online shopping for diwali decoration items at one place. In the spirit of the occasion, Bookmyflowers has come up with Diwali decorative items which consists of wall hangings, door hangings, lanterns, bandhanwar and other items to beautify your homes.</p> </br><p>We have the best <strong>Diwali decorations online</strong> to embellish your homes. Combos and hampers are ideal gifts to be given to your loved ones. You can go for traditional <a href=""/diwali/puja-thali"">Diwali Puja Thali</a> along with combos which consists of popular sweets and diyas which features some international branded chocolates and exquisite looking potlis. This auspicious occasion manifest your love with these beautiful combos and hampers which are sure to put up a smile on your loved ones face.</p></br><p>Sweets are an integral part of every celebration in India, hence we the premium quality of <a href=""/diwali/sweets"">Diwali sweets</a> to make your festive season even sweeter. You can choose from best quality of Kaju Katli, Motichoor Laddoo, Soan Papdi and Peda to name a few. These scrumptious sweets are packed in exquisite boxes to be sent to your loved ones. You can even go with the trending chocolate boxes which are also best Diwali gifts to be given to your loved ones.</p></br><p>Bookmyflowers have expanded their reach to both national and international destinations. You can send online <a href=""/diwali/gifts-to-delhi"">diwali gifts to Delhi</a>, Mumbai, Hyderabad, Lucknow and Kolkata to name a few. Our custom delivery services makes us the most preferred brand as it provides convenience to our customers, allowing them to deliver gifts the same day, next day and even at midnight.</p>",Diwali Home Decor - Online Shopping for Diwali Decoration Items | Bookmyflowers,Bookmyflowers is the one stop destination for your all Diwali Decoration shopping online. Choose from various options for home decoration for Diwali.,"home decoration for diwali, buy diwali decorations online, diwali decorations online, buy diwali decorations"
42,207,Diwali Sweets Online,"<h2>Buy Diwali Sweets Online in India</h2> <p>In India, people celebrate a whole lot of festivals and amongst them Diwali is the most popular one. The festival is celebrated to mark the return of the lord Rama after 14 years of exile and the celebrations signify the victory of light over darkness. Diwali is also known as the festival of lights and on the occasion people light up their homes and surroundings with bright lights, diyas and candles. Diwali also marks the beginning of the Indian New year and on to usher in a happy and prosperous Diwali, Bookmyflowers has brought for you a whole range of delightful <strong>online Diwali sweets</strong> and gifts. Choose from an assortment of <a href=""/diwali/chocolates"">Diwali chocolates hampers</a>, cakes, perfumes and jewelry among others. We also feature an array of traditional gifts for Diwali which includes <a href=""/diwali/candles-and-diyas"">Diwali diyas</a>, Puja thalis, and idols of gods and goddesses. Our gifts come in exciting gifts combos and <a href=""/diwali/gift-hampers"">Diwali hampers</a> to suit your every gifting requirement.</p> </br><p>No Indian festival is complete without sweets and you can also order <strong>sweets for Diwali</strong> from Bookmyflowers. We have for you a whole range of traditional sweets or mithais which include kaju katli, doda burfi, Mathura peda, gulab jamuns, rasgullas and soan papdi among others. Check out the Diwali sweets and diya combo or present your loved ones with a gifts hamper featuring dry fruits, chocolates and assorted sweets. Our gifts are perfect to share the joy and beauty of the festival with all your dear ones.</p> </br><p>We are the best choice for buying and delivering Diwali sweets online in India. You can also complement your Diwali gifts with a beautiful bouquet of flowers at our portal. We are a renowned online florist with years of exceptional service in the gifts delivery business and we provide flowers for all occasions. Order your gifts and flowers online on Diwali occasion and have them delivered to any destination of your choice. We deliver to more than 350 destinations around the world and we guarantee the on-time delivery of all your Diwali gifts and in the most pristine of conditions.</p>",Buy Diwali Sweets Online - Order / Send Diwali Sweets Gift Packs to India | Bookmyflowers,Buy / Send Diwali sweets online from Bookmyflowers.com. Online Shopping for Diwali sweets gift packs for your friends and family with free delivery in india.,"diwali special sweets, diwali sweets online india, diwali sweets online, diwali sweets online in india, buy diwali sweets, diwali sweet gift packs, diwali shopping online"
42,35,Diwali Chocolates Online,"<h2>Buy Diwali Chocolates Hampers and Gift Boxes Online</h2><p>Diwali is a very popular festival in India and on the occasion of Diwali people lit up their homes and surroundings with bright lights or candles. The festival is symbolic of the victory of light over darkness and it also marks the beginning of the Indian New Year. Besides the bright lights, candles and   firecrackers, exchange of diwali gifts and sweets is also a major part of festival traditions.  And for your Diwali celebrations, Bookmyflowers bring for you a whole   range of <strong>exclusive Diwali chocolates</strong> online. Chocolates are symbols of love and affection, and we have for you a whole range of chocolate special   gifts to wish your loved ones on the auspicious occasion. Featuring the choicest products from renowned international brands such as Ferrero Rocher, Nestle, Cadburys   and Lindt amongst others, our chocolate gifts are simply perfect for a special gift to a special someone. Our gifts are also come <strong>Diwali chocolate gift   hampers</strong> along with other exciting gifts such as traditional diyas, <a href=""/diwali/dryfruits"">diwali dry fruits</a>, candles and Ganesha idols among others.</p> </br><p>Present your loved ones a happy Diwali hamper featuring an assortment of chocolates along with an exclusive Diwali greetings card. Or you can go for the Kaju roll and chocolate hamper which comes along with <a href=""/diwali/god-idols"">Lakshmi and Ganesha idols</a>. Our gift hampers come in elegant packages which make them visually appealing and thus enhancing the charm of your gifts and they are the best way to share your joy and love with family and friends.Order your chocolate gifts online and have it delivered to your loved ones on the occasion of Diwali. You can also complement your Diwali chocolate gifts with a lovely bouquet of fresh flowers. We are a renowned online florist with more than 20 years of service experience in the gifts delivery business. Our delivery services cover more than 350 destinations abroad and our services are renowned for their efficiency and timely delivery. You can also opt for customized delivery services such as midnight, next day or same day delivery services.</p>",Diwali Chocolates Online - Buy / Send Diwali Chocolate Gift Boxes to India | Bookmyflowers,Buy Chocolates for Diwali - Order / Send Diwali chocolate gift boxes to India. Online Shopping for Diwali Chocolates Gifts from Bookmyflowers.com,"chocolates for diwali, diwali chocolate gifts, diwali chocolate gifts online, diwali chocolate hampers, chocolate gift boxes, send diwali chocolates"
145,76,Valentine Flowers with Teddy Bear,"<h2>Buy Soft toys, Teddy Bears Online on Valentine's Day</h2><p>No matter how old they grow, girls are always filled with a  childlike innocence at their heart. They can never say &lsquo;No&rsquo; to a   teddy bear.  These cute little <strong>soft toys</strong> have an  innate magic of hitting right at their heart. We at Bookmyflowers understand  this and that is why we have a huge range of valentine teddy bears and <a href=""/valentines-day/gifts"">valentine  gifts online</a> to win her heart. Let this <strong>Teddy Day</strong> be one its kind which she is going to cherish and will continue to cherish day after day. All you need is not just love but a cute  Valentine Teddy bear to celebrate the perfect Teddy day.</p>  <p>Valentine Teddy Bear are the cutest of the lot as they  showcase all the love and romance in the most innocent way possible. You can  easily buy these <strong>teddy bear online</strong> at Bookmyflowers and narrate a cute little romantic story of your own. Your  sweetheart is definitely going to get sold at the mere sight of it and you can  also combine these valentine teddy bears with valentine heart so that the combo  looks all the more lovely to your loved ones. So come this teddy day don&rsquo;t just  be confused order a teddy bear online from Bookmyflowers.</p> </br><h2>Order Valentine's Day Teddy Bears Online</h2><p>If you are the shy one and finding it hard to gather both courage and strength to express your love for the one you have a crush on, gift him these valentine teddy bear which will say it all. These teddies are considered to be the cute messengers of love which will do it just right. At Bookmyflowers, we have teddy bear of different sizes and colors which makes it the most ideal treat for your girlfriend on a Valentine's day.</p></br><p>If you have missed out on the occasion and you don't know how to apologize, it is best for you to go with our biggest valentine teddy and get it delivered with our same day delivery option. If this seems too less you can even accompany it with a bunch of red roses which will melt her heart and put up a gorgeous smile on her face. Our gift experts have also come up with some different combos and hampers which are not only sweet and cute but has everything your love would be looking forward to on Valentine's Day. If you have a crush on a girl, you can go for ‚ÄòTeddy Love Message' or maybe ‚ÄòLove teddy & chocolates' which are sure to score all major points.</p> </br><p>Our experts have handpicked some of the best quality of teddy bear to be given as teddy day gift. They have even experimented with the creativity by coming up with some interesting collection of gifts too, such as the ‚Äúkissing booth‚Äù and ‚Äúlove cart‚Äù which will surely capture the perfect ‚Äòaww' moment for your and will be the most suitable <a href=""/valentines-day/gifts-for-girlfriend"">valentine gifts for girlfriend</a>. </p> </br><p>Our inventory consists of an unending list of <a href=""/valentines-day/gifts"">romantic valentine gifts</a> which are curated with both love and affection for your girlfriend. You can send these valentine gifts with our express delivery services which allows you to send gifts quickly. We have gained experience by serving our customers for more than 20 years. Our timely delivery of gifts with the help of skilled and efficient team makes us the most preferred brand name in the industry. </p>",Valentine's Flowers with Teddy - Buy / Send Valentine Flowers with Soft Toys Online | Bookmyflowers,Valentine's flowers with teddy - Buy / send valentine flowers teddy bears online. Exclusive soft toys gift for your love with amazing price.,"valentine teddy bears, valentine teddy, valentines day teddy bears, valentine soft toys, teddy day Gift, online gifts for teddy day, teddy bears online, buy teddy day teddy bears"
145,11,Valentine's Day Cakes Online,"<h2>Valentine's Day Special Cakes Online</h2><p align=""justify"">Love is flawless and divine and it makes you look beautiful and blow your own mind. It is time to blow your mind by getting a <strong>Valentine's cake   delivery</strong> done online from Bookmyflowers for your loved ones. It makes you romantically fly in the air and will make you believe that love truly has no boundaries. We, at Bookmyflowers have been known to bake   the finest quality Valentine's Day Cake online with heartfelt love and emotion which has no boundaries and limits.</p> </br> <p align=""justify"">If it is a surprise for your loved ones we can get a Valentine Cake delivery done   online. All you need to is just place the order and be rest assured that it will be reaching your loved one well in time. We have a huge range of flavors to choose from but our Valentine Day special cake includes a heart   shaped chocolate cake which is sure to win your loved one‚Äôs heart. Among the other flavors of Valentine's Day Cake we also have an option of simple Chocolate, Butterscotch, Mango and Photo Cake. </p></br> <h2> Buy Online Cakes for Valentines Day</h2><p align=""justify"">Love is sweet and with Valentine's Day around the corner it is time to indulge in some more sweetness with special Valentine's Day. No matter, whether it is your 1st or 5th Valentine's Day celebration, you want to make the celebration a memorable one and for all such occasions you like to trust only the experts. At Bookmyflowers, we are blessed to have a team of skilled bakers who uses premium quality of ingredients to ensure that you have the best valentine cake with you.</p></br><p align=""justify"">It is time to satiate your taste buds with some of the most relishing and delectable cakes for the occasions. We don‚Äôt like to restrict you with chocolates therefore, we have a wide ambit of Valentine's Day cakes which are available in different flavours such as vanilla, strawberry, blueberry and lemon amongst others. However, chocolate cakes are the most preferred ones during the Valentine's Day. At Bookmyflowers, we thought of going a step further with special heart shaped chocolate cakes which are not only delectable but will also add both sweetness and joy into your life. Chocolate Truffle, Heart shaped chocolate cake and Black Forest Cakes are some of the most ordered cakes for Valentine's Day. Our cakes are baked by skilled bakers using the most premium quality of ingredients. It is these ingredients which renders both softness and exquisite taste to the cakes.</p> </br><p align=""justify"">As a nice accompaniment you can also send a bunch of fresh flowers along with it to make it a complete <a href=""/valentines-day/gifts"">Valentine's Day gift</a> for the occasion. If you are scrambling hard to look for a perfect <a href=""/valentines-day/gifts-for-boyfriend"">valentine gift for boyfriend</a>, our cakes will make a great gift. Pen dome some beautiful notes along with it to add that special touch to the occasion. If you are fixed with your 9 to 6 routine job and you don‚Äôt get time to do something special for husband, order a lovely cake for him at work, amidst meeting those deadlines and hard-work this cake will become an ideal valentine gift for your husband. </p>",Valentine Day Cakes Online - Buy / Send Delicious Cakes for Valentine's Day | Bookmyflowers ,Celebrate your valentine day with our valentine day cakes. Bookmyflowers is offering best cakes for Valentine's Day celebration. Get happy Valentines day cakes delivery at your home.,"valentine cakes, valentine day cakes, cakes for valentines day, happy valentines day cakes, valentine day cakes, valentine day cake online, valentine day cake delivery, order valentine cakes"
145,49,Valentine Flowers Online,"<h2>Send Valentine Flowers Online</h2><p>Most of the times on Valentine&rsquo;s Day you are faced with the  problem of having extravagant heart but you get limited with a frugal budget.  In such a scenario you start looking for valentine flowers online which can win your  loved one&rsquo;s heart but nothing explains a Valentine&rsquo;s Day better than a rose. It  evokes the passion you have for your loved ones which you otherwise might have  failed to express. We, at Bookmyflowers have a bunch of Valentine&rsquo;s Day special  roses which our florists have specially chosen and are velvety in texture.</p>  </br> <p>At Bookmyflowers we have a wide array of Valentine's Day flowers online  to choose from starting from Roses to Gerberas to Carnations and Lilies to name  a few. We have also designed some special flower combos like a tempting  Chocolate Cake with a bunch of red roses. A bunch of pink flowers can also  enhance the beauty of the occasion. Or you can also mix and match your own  favorite <a href=""/valentines-day/flower-bouquets"">valentine  flowers bouquet</a> for your loved ones so that you can charm her with its  beauty and remind her of the long lost love.</p></br><h2> Valentine's Day Flower Delivery Online</h2><p>Flowers are also an integral part of Valentine's Day celebrations. They are universally regarded as symbols of love and affection. You can arrange a special flower delivery on Valentine's day for that special man in your life and overwhelm his heart on this special festival of love and romance. We have for you an amazing array of fresh flowers which include roses in different colors and other seasonal blooms such as lilies, gerberas, tulips and orchids among others. Flowers are the language of the heart and a gift of red roses will echo the very sentiments of your heart and make him feel truly special like a prince in a fairy tale. Our online valentine flowers come in lovely bouquets and floral arrangements designed by our expert team of florists and gift connoisseurs in honor of the special occasion. You can also complement your Valentine flowers with other assorted gift items such as teddy bears or chocolates in the form of little hearts. Everyone loves the luxury and glorious decadence of chocolates; and combined with fresh flowers, your <a href=""/valentines-day/gifts-for-boyfriend"">Valentine gifts for boyfriend</a> will definitely melt his heart. </p>","Buy Valentine's Day flowers, roses Online with same day delivery in India",Send flowers for valentine day occasion online. Get online valentine flowers delivery to any part of India who is special for you.,"valentines flowers, valentines day flowers, flowers for valentines day, valentine day flowers delivery, valentine flowers delivery, valentine flowers online, flowers for valentine, valentine day special flowers, send valentine flowers"
145,48,Valentine Bouquets Online,"<h2>Buy Valentine Bouquets Online </h2><p>Sometimes it is difficult to showcase love with a single  flower and for all such moments we have bouquets. A bouquet of red roses gel  quite well with Valentine&rsquo;s Day it gives a voice to the unspoken words of your  heart. Our florists have chosen just the best gift which you can order online  and send it as a surprise delivery to the one you love. It shows the abundance  of love we have in our hearts which we find difficult to manifest otherwise.  Win your loved ones heart with an <strong>online  bouquet delivery</strong> at their doorstep and cherish the gorgeous smile at the  mere sight of it.</p>   <p>Your love is definitely redefined in a new and a better way  with these bouquets of red roses where you will be able to speak more, express  more and love more. With Bookmyflowers online bouquet delivery, Flowers  delivery, sending gifts have become easier and it also ensures a timely  delivery of the same. So, let this Valentine&rsquo;s Day be the best you have ever celebrated  with our online bouquet delivery of red roses and let your sweet love cherish  the undying love. </p> </br><h2>Order Bouquet of Flowers for Valentine's day</h2><p>When words fall short and you find it hard to express your love, a bouquet of fresh flowers will express it right. Our flowers are freshly handpicked from the top growers of the industry to ensure that only the best and the premium quality of flowers are delivered to the one you love. We have a wide ambit of <a href=""/valentines-day/flowers"">valentine day flowers</a> starting from Carnations, Lilies, Roses and Orchids amongst others. And our team of florists who have the desired expertise to come up with some of the most beautiful valentine bouquet. From the ordinary bunches we have specially designed valentine bouquet of flowers to woo your loved ones.</p> </br><p>If you want to go that extra mile for your loved one you can go for our special valentine flower arrangements which will not fail to impress the one you love. Blow her mind with velvety red roses which are known to be symbols of love. Order a valentine rose bouquet and tantalize her with its sweet fragrance. Our florist have made that extra effort to come up with the best range of <a href=""/rose-day/flowers"">valentine day roses</a> to be delivered to the one your love. Make her feel extra special with a box of irresistible chocolates which will be an extra delight for the one you love. If you want to add a personal touch go for our especially hand wrapped chocolates whose rich cocoa flavour will surely make her feel out of the world. Sweep her off her feet with our exclusive range of personalized gift items from coffee mugs, key chains, bottle lamps and photo frames amongst others.</p> </br><p>If you feel that you are too late for online Valentine's bouquet delivery, you can go for our express delivery option which will send gifts the same day. Sweeten up the taste buds with cakes as we have both chocolate, vanilla, blueberry, strawberry and other delectable flavours too. Amongst the widest variety we have, our chocolate truffle cakes are the most ordered items. What makes our shopping experience even more pleasurable is our easy payment options along with brilliant gifting options. We have extended our reach to international destinations with our strong team of experts. Timely delivery of gifts has built both trust and confidence amongst our customers.</p></br>","Valentine Day Bouquets Online, Valentine Flower Bouquet Delivery - Bookmyflowers",Find the best flower arrangements online for Valentine Day. Order Valentine Day special bouquets online with free home delivery option.,"red roses bouquet,valentine bouquet, valentine flower bouquets, valentines bouquet, valentine bouquets, bouquet of, flowers for valentines day, valentine rose bouquet, valentine day bouquet, valentine flowers arrangements"
145,125,Personalized Valentine Gifts Online,"<h2>Personalized Valentine Gifts Online </h2><p>In today's world of Whatsapp and Facebook where every  message is meant for everybody, a little personalization is what is required to  be a little unique. Let your sweetheart cherish the best personalized valentine gift this season.  An elegant piece of <strong>Valentine jewelry</strong> is sure to make her  believe that you love her more, love her better and love her higher with each  passing day.</p></br> <p>At Bookmyflowers we have a range of best personalized Valentine gifts online like a personalized photo mug which you can use to enjoy a sip  of rich cocoa while having a romantic conversation. You can also pick and  choose from a huge range of personalized valentine gifts we have for your boyfriend. A  personalized cushion cover which will recycle all the romantic memories of the  cushion fight you can have together. Or else you can also get yourself  canvassed and send it as a valentine  gifts to your husband</a>, so that whenever he misses you badly he doesn&rsquo;t  have to close his eyes he will have a portrait right in front of him.</p></br>  <p> When it is Valentine&rsquo;s Day, go all out to express all that  you have in your heart and send the best <a href=""/valentines-day/gifts"">Valentine gift online</a> to your loved ones with  Bookmyflowers.</p> </br><p>Valentine's Day also known as the festival of love and romance is observed on the 14th of February every year. On this occasion lovers all around the world express their love for each other by exchanging flowers and gifts. And for Valentine's Day this year, Bookmyflowers has   brought an amazing range of online gifts for Valentine. From <a href=""/chocolate-day/gifts"">valentine chocolates</a> and other confectionaries in heart-shaped boxes to soft toys, cosmetics and jewelry, the list of valentine gift options available at our portal is nearly endless. </p> </br><h2> Personalized Valentine Gifts for Him</h2><p>We also feature an assortment of various personalized valentine gifts such as photo frames, bath robes, hand towels, candles and key chains. Customization turn any kind of gifts into something more special and they are ideal Valentine gifts for the special man in your life. Create your own personalized valentine gifts for him and make your gifts extra special and memorable. You can get a photograph of you both embossed on a cake, a coffee mug or a t-shirt which will serve as a pleasant reminder of your love and affection.  Order your valentine personalized gifts online and have it delivered right to his doorsteps to delightfully surprise him on this special occasion.At our online portal you can also complement your <a href=""/valentines-day/gifts-for-boyfriend"">Valentine gifts for boyfriend</a> with a lovely bouquet of red roses. We are a renowned online florist with years of experience in the gifts delivery industry. Our delivery services cover more than 350 destinations all around the world and we also offer custom delivery services such as fixed-time delivery, same day delivery or next day delivery options. </p>",Personalized Valentine Day Gifts - Buy / Send Personalised Valentine Gifts Online,Buy personalized valentine gifts for him and her. We have wide range of personalized valentine gifts online at best price.,"personalized valentine gifts, personalized valentine gifts for him, valentine personalized gifts, best personalized gift for valentine, valentine day personalized gift, personalized valentine gift for her, personalized valentine gift online"
145,95,Valentine Gifts for Wife Online,"<h2>Online Valentine Gifts for Wife</h2> <p>Gifting her can sometimes drive you nuts but no matter how nutty it becomes, she is still the one without whom your life can be completely incomplete.To get the emotion right at the first place a personalized valentine gift for wife can be a good make up for all the goof ups you have made so far with a surprise Greeting Card attached to it expressing the unexpressed that even if you don't say it but you have loved her and you will continue to love her for the rest of your life.</p> </br><p>You can send online valentine gifts to your wife from Bookmyflowers which has exactly what she loves - exotic chocolates, cute soft toys and farm fresh flowers so that even a random pick of gift can add a gorgeous smile on her face. They are a little particular about everything so dazzle her with our midnight delivery or fixed time gift delivery on Valentine's day which will leave her captivated that certain special occasions never need repeated reminders.</p></br><h2>Exclusive range of Valentine Gifts for Wife</h2><p>Express your monumental love to your wife with the perfect Valentine gifts for wife on this day of romance from Bookmyflowers. If you are looking for an online Valentie's Day gift for wife  which not only adds personal touch but adds cheer on your wife's face then it is best for you to go for our set of <a href=""/valentines-day/personalized-gifts"">personalized valentine gift collection</a> which will set the emotion right in the first place. Our personalized gift collection has a whole range of beautiful cushion covers along with mugs and lamps for the occasion. These gifts will narrate a story of their own and will treasured for all times to come.</p> </br><h2>Make her Valentine's Day special with gifts from Bookmyflowers</h2><p>Whether you are looking for an ideal <a href=""/valentines-day/gifts-for-girlfriend"">valentine gift for girlfriend</a> or wife, you can heighten up your romance without the fuss, go for our sure shot romantic valentine gifts comprising of fresh flowers picked directly from the fields to leave her truly mesmerized. You can pick up from a range of flowers such as roses, lilies, carnations and orchids as per her choice to form a bouquet or a bunch on this occasion of love. These flowers will surely send an unmistakable message to your beloved wife. </p></br><p>A classic heart shaped cushion will always be a delight for her to receive. You can couple it up with a bunch of flowers and chocolates to make it the most suitable gift for the occasion. For all the goof ups that you have made our unique ‚ÄúLove Scroll‚Äù which will truly surprise her and is the recently added Valentines day gift for wife. </p></br> <p>At Bookmyflowers, we have the best valentine gift for wife online which are quite reasonably priced to make it affordable for your loved ones. All our <a href=""/valentines-day/gifts"">online valentine gifts</a> are wrapped nicely and are delivered at your doorstep. If you intend to surprise her, it is best to go with our midnight delivery option. Although we have both same day and fixed time deliveries too. We make deliveries to even the remotest city possible. Till date we have covered 350 destinations and are counting for more. Our ambit also includes many international destinations too. All our gifts are delivered in the most pristine conditions too which makes us the most preferred brand amongst our customers.</p>",Valentine Gifts for Wife - Buy / Send Valentine's Day Gifts for Wife Online | Bookmyflowers,Send a lovely valentine gifts for wife on this Valentine's Day occasion. We help you to choose the best valentine gifts for your wife with our range of gift items.,"valentine gifts for wife, valentine day gifts for wife, best valentine gift for wife, valentines day gift for wife, online valentine gifts for wife, send valentine gift for wife"
145,91,Valentine Gifts for Husband,"<h2>Best Valentine Gift for Husband Online</h2><p>Any man can get carried away with your fluttering lashes but not your ‚ÄòMain Man'-he goes a little deeper in his search. For all such men, sending gifts does not mean that the gifts should be beautiful but indeed they should be useful and a lot more meaningful. For all these ‚ÄòMain Men' we at Bookmyflowers, have specially carved out a niche which truly belongs to them and gives meaning to it. </p></br><p> You can send valentine gifts for husband which have been quite carefully chosen for that one man in your life around which your entire universe revolves.Our wide range of<a href=""/valentines-day/gifts""> online valentine gift items</a> will help you to choose the best valentine gifts for husband. Get an online delivery of fresh Cake of his favorite flavor from us and enjoy a fingerlicious party at your home. You can also send a personalized Photo Frame with your old photograph tucked in which makes him remind that no matter how old he grows but he still will be young for her. It is time to enthrall your husband with one of these best valentine gifts by getting it delivered dot at midnight and celebrating the moment like never before.</p></br><h2>Romantic Valentine Gifts for Husband from Bookmyflowers</h2> <p>Valentine's day is almost around the corner and it is time to start turning your attention towards online valentine gift for your husband. All that you are looking for is a distinctive kind of gift which is sure to stand as a testimony to your love. And for all such Valentine's gift, you are at the right place. At Bookmyflowers, we have a whole range of cupid approved gifts which is sure to be a delight for your husband.From timeless treasures to beautiful keepsakes, we have them all. Make his day extra special with a personal touch on your gift with our spectacular collection of <a href=""/valentines-day/personalized-gifts"">personalized valentine gift items</a>. These personalized gifts are a snapshot of their lives and adds a perfect memorabilia to the gift too. It is sure to leave a lasting impression on your husband.Show that you care for him, he is too lazy to buy his own cosmetics.</p> </br><p>Shop for an assorted grooming set, comprising of branded cosmetic products which will be a true relief for him. Tag a personal message along with it to make him feel that you truly understand. It can be ideal <a href=""/valentines-day/gifts-for-boyfriend"">valentine gift for boyfriend</a> and husband too.Anybody would salivate at the sight of delectable chocolates such as Ferrero Rocher, Five-Star, Toblerone and Snickers amongst others. You can complement it with heart shaped chocolates or cake to add that extra bit of romance to the occasion. It is sure to be the best way to his heart.</p></br><h2>Shop for best valentine gifts for husband with easy payment options</h2><p>Bookmyflowers have been serving its customers for more than 20 years. And we constantly like to improve our services, to give a better experience to our customer every time they shop from us. We have a strong commitment to provide convenience to our customers and therefore we have come up with flexible payment options too. Our flexible delivery services has been a strong differentiating factor when compared to other online portals. It allows you to deliver best online valentine gifts, the same day, next day and even at midnight. </p>",Valentine Gifts for Husband - Buy / Send Unique Valentine's Day Gifts for Husband Online,Choose best valentine gifts for your husband online. If you are looking for online valentine gift for husband than Bookmyflowers is the right destination for you.,"valentine gifts for husband, best valentine gift for husband, online valentine gift for husband, valentines day gift for husband, send valentine gift for husband"
145,88,Valentine Gifts for Girlfriend,"<h2>Online Valentine Gifts for Girlfriend </h2><p>Insecurity and Complains are the two things that bothers her the most, It is time for you to put an end to it and make her feel that you still find her attractive over and above any other girl and that you still feel that a complete lifetime wouldn't be enough to be with her. So Valentine's Day is the right time to gift your girlfriend something totally out of the world which can put a rest to all her complains and insecurity.</p></br><p>How loved she will feel at the sight of a <a href=""/valentines-day/flower-bouquets"">lovely Valentine bouquet</a> being delivered dot at midnight, embraced with a beautiful silken ribbon adding charm and elegance to its beauty.  At Bookmyflowers online store you can find exclusive range of valentine flowers, chocolates and valentine gifts for girlfriend online.You can complement the bouquet with a <a href=""/valentines-day/flowers-with-teddy"">Valentine Teddy Bear</a> which will make her realize of the childish innocence with which you love her. Add a gorgeous smile on her face with our hand packed chocolate which has the inherent sweetness of love and romance. It is time for you to choose a perfect Valentine gift for girlfriend and bring romantic fables to life. </p> </br><h2>Shop for best Valentine Gifts for Girlfriend from Bookmyflowers</h2><p>Pure romance and pure tradition of celebrating Valentine's day comes with pure romantic gifts from Bookmyflowers. Our web portal displays some of the finest valentine gifts for the season. Our cupids at work have beautifully hand crafted gifts for the occasion which are not available anywhere else. From our classic ‚ÄúForever Silver Rose‚Äù to ‚ÄúLove Cupid Showpiece‚Äù to ‚ÄúYou're my queen pendant‚Äù and ‚ÄúChocolaty kiss‚Äù amongst others are considered to be some of the best valentine gift for girlfriend. These valentine gifts are sure to win your sweetheart's love back. The uniqueness that comes with our online valentines day gifts for girlfriend is matchless.</p> </br> <p>If you are looking for a fun and creative way to impress your sweetheart, you can go for our ‚Äúpersonalized love contract‚Äù which comes with its own set of framed terms and conditions for your love. Complement this with a bunch of rich and healthy roses to see that brilliant smile on your loved ones face.</p></br><p>Celebrate your monumental love with a ‚ÄúGolden Rose‚Äù which will make the most suitable <a href=""/valentines-day/gifts-for-wife"">valentine day gift for wife</a>. This rose will be a sure depiction of timeless love that you have for her. Or give her the princely feeling by gifting her a romantic ‚ÄúLove scroll‚Äù to manifest your undying love for her.What could be sweeter than our most relished chocolates such as Ferrero Rocher, Snickers, Mars, Cadbury's, and Toblerone amongst others. We also have a nice assortment of home-made chocolates whose aroma will leave you truly mesmerized.If words have always fallen short in front of her, we make it easier for you by coming up with valentine gift for girlfriend such as  ‚ÄúLove message & chocolates‚Äù which allows you to pen down a romantic love message for her on this day of love.</p> </br><h2>Valentine gifts for Girlfriend delivered with same day delivery</h2><p>At Bookmyflowers, we have come up with such <a href=""/valentines-day/gifts"">online valentine gifts</a> which will be perfect to woo the woman of your life. With our strong support from the logistics team we have even extended our reach to some of the remote cities too. This widespread reach has not only helped us in increasing our customer base but improving our services too. You can now go for our flexible delivery options which allows you to send valentine day gift to your girlfriend the same day, next day and even fixed time deliveries too.</p>",Valentine Gifts for Girlfriend - Buy / Send Valentine's Day Gifts for Girlfriend Online,Select a best valentine gift for girlfriend from Bookmyflowers online store. Send Valentine's Day gift for girlfriend online in India and abroad.,"best valentine gift for girlfriend, valentine gifts for girlfriend, valentine day gift for girlfriend, valentines gift for girlfriend, online valentine gift for girlfriend, send valentine gift for girlfriend"
145,83,Valentine Gifts for Boyfriend,"<h2>Buy Best Valentine Gifts for Boyfriend Online</h2><p>No matter whether it is a planned date or an unplanned one, your boyfriend might never find things at the right time because it was never kept at the right place. He wants to impress you by his look and at the eleventh hour you might find him struggling for an after shave lotion or you might find him turning the entire place upside down looking for car keys. So it is time to make him a little organized this Valentine's Day by gifting him something useful which can save his time and yours. Bookmyflowers is the right place to find a perfect valentine gift for boyfriend online.</p> </br> <p>With Bookmyflowers, you can get an online delivery of <a href=""/valentines-day/gifts"">Valentine gift hamper</a> which can make him look more charming and has everything starting from a shaving cream, razor and after shave lotion, which are selectively chosen by our gift connoisseurs from the top brands . If you feel that you hate waiting for him when he is looking for his car keys you can send a Valentine gift for boyfriend which is as simple as a key chain to keep his car keys intact and you can add a tinge of love by personalizing it with your photo and that too dot at midnight. </p></br><h2> Unique Valentine Gift Ideas for Boyfriend</h2><p>Buying an online valentine gift for your boyfriend is not only hard but can drive you nuts sometimes. So you have to get him something which mean to much more than a bunch of flowers. The valentine gift has to be romantic but at the same time should be masculine in its outlook too. At Bookmyflowers, we have put up a brilliant collection of online valentine gifts which is sure to bring a smile on his face. You want to look for something which is both original and contemporary. It is best for you to choose from the best valentine gift for boyfriend we have with us. You can spend the night choosing the right pieces for your ‚Äúpersonalized heart shaped puzzle.‚Äù Such gifts are sure to make him feel loved and special.</p> </br><h2>Send best valentine gifts for boyfriend with easy payment option</h2><p>Make your boyfriend a little organized this Valentine's Day by giving him gifts which are sure to save him at the eleventh hour. From grooming kits to personalized key chains which is surely going to save a lot of time and make him feel that you care for him. Send an assortment of his favorite <a href=""/chocolate-day/gifts"">valentine chocolates</a> to sweeten up his taste buds too. We understand that it is quite tricky to select valentine gifts for him, therefore, we have selectively crafted gifts for them which they would surely love.Our easy payment methods and timely delivery services builds both trust and confidence amongst our customers. All the gifts are thoroughly checked and then gift packed to get it delivered to your doorstep. We have a worldwide reach which make us accessible to most our customers. You can order gifts with a simple click of the mouse and get an online delivery to a destination of your choice.</p>",Valentine Gifts for Boyfriend - Buy / Send Best Valentine's Day Gifts for Boyfriend,Explore our trendy and best valentine gifts for boyfriend. Get an amazing deal on selection of perfect valentine gift for boyfriend.,"valentine gifts for boyfriend, valentine day gifts for boyfriend, best valentine gift for boyfriend, valentines gift for boys, online valentine gifts for boyfriend, send valentine gift for boyfriend"
193,49,Valentine Day Roses Online,"<h2>Make a bold statement with Valentines day roses from Bookmyflowers</h2> <p>We know a sweet little secret about romance and we are letting that out. All that she is expecting from you on a Valentine's Day is to be surprised. And now it is up to you, how you do that. Now is the time to pull up your socks, be brave and love her boldly. It is time to step up your romance to a whole new level. Bookmyflowers, helps you in doing that by coming up with the most sorted collection of <a href=""/valentines-day/flowers"">valentines day flowers</a> to celebrate your love.</p></br><p> It is often said that love knows no boundaries and the best way to let her know that is by coming up with our perfect mix of valentine roses, handpicked at the peak of perfection. These roses will be a clear expression of your love which will be both loud and clear. Our velvety red valentines day roses will surely make a big statement in her heart, making her day not only special but by rendering her speechless too.Valentine Roses the perfect symbol of romance. The roses for Valentine's Day are of the top most quality, beauty and health to ensure that only the fresh flower gets delivered to your doorstep. Detailed care and attention is given to ensure that best quality of roses are available with us, to ensure 100% satisfaction guarantee. </p></br><p>Bookmyflowers is renowned brand name for its exceptional delivery services. Every flower is carefully nurtured in the most pristine conditions to ensure freshness. We are committee towards our customers and therefore we ensure that we have flexible payment options so that they have an enjoyable experience every time. If you want to surprise your girlfriend or spouse you can also go for our midnight delivery option for a <a href=""/valentines-day/flower-bouquets"">heart shaped flower bouquet</a> online. We try to ensure that you have the same great quality and service, every time you order from us.</p>",Valentines Day Roses Online - Buy / Send Rose Day Flowers Online in India | Bookmyflowers ,At Bookmyflowers you can buy valentines day roses online for Rose Day Celebration. Get online red rose delivery at your place anywhere in India.,"valentine roses, valentines day roses, roses for valentines day, roses for valentines, valentines day rose delivery, red roses for valentines day, red rose for valentine day, roses on valentine day"
0,194,Send Cakes to Chandigarh,"<h2>Online cake delivery in Chandigarh</h2><p>If Sukhna Lake is what makes Chandigarh look beautiful then our series of online Chandigarh Special Cake is what make an occasion look beautiful. Send our <a href=""/cakes"">special cakes online</a> with Bookmyflowers online cake delivery in Chandigarh city so that your dear ones can feel loved no matter whatever is the occasion. It can be a casual get together or a Birthday Party or an Anniversary Party. We have everything that it takes to celebrate the occasion and make it a memorable one for your friend, family or relative.</p> </br><p>Our online Chandigarh special cakes are available in different flavors be it Chocolate, strawberry or Butterscotch with an extra bonanza of delight that there are both Egg and Eggless cakes available with us. If you want you can also get an <a href=""/photo-cakes"">online delivery of Photo Cakes</a> in Chandigarh city which come under our Special Cakes category. All these online Chandigarh cakes are made up of high quality ingredients to make it the best cake your dear ones would have ever had.</p><h2>Best Cake Delhivery in Chandigarh Online</h2 ><p>If you are looking for cake shops in Chandigarh to book your cake order than try our online cake delivery in Chandigarh. At Bookmyflowers online store you can find cake for birthday, anniversary or any other occasion. With our midnight cake delivery in Chandigarh online you can surprise your loved ones on their birthday. All our online cakes in Chandigarh are available in 1/2 kg, 1 kg, 2 kg weight in different shapes.</p>","Online Cake Delivery in Chandigarh, Online Cake Order in Chadigarh",Order delicious cakes online in Chandigarh city and celebrate any occasions. Get online cake delivery in Chandigarh for birthday party from our Chandigarh special cakes category.,"Online cake delivery in Chandigarh, Cakes in Chandigarh, Order cake online Chandigarh, Cake delivery in Chandigarh, Online cakes in Chandigarh, Best cakes in Chandigarh, Buy cakes in Chandigarh"
118,126,Mother's day Mug,"<h2>Mother's day special Personalized Photo Mugs</h2>  <p>Meaningful conversations being shared about life and the trivial differences that might stem up because of the undying love that you have for each other which you will miss in all times to come. This <a href=""/mothers-day/gifts"">Mother's Day</a> it is time to cherish and celebrate all these moments by sending her a personalized Photo Mug online. At Bookmyflowers we understand only one language and that is the language of emotion and to put your emotion right at the first place let us design a perfect personalized photo mug for you and get an online delivery done at your home.</p> </br>  <p>We take utmost care to deliver all the gifts to your dear ones by placing it in a nice box and gift wrapping it so that it doesn't break. Write a beautiful message over it saying that how much you love those meaningful conversations and how badly you feel to have more of it.</p> ",Buy Personalized Mother's day photo mugs online,Bookmyflowers offers you to buy mother's day special photo mugs online. You can gift this trendy and designer mug to your mom.,"Personalized Mother's day photo mugs, Buy Mother's day Personalized photo mugs, Send Personalized Mugs for Mother"
118,214,Mother day Photo Frames,<h2>Buy Personalized Photo Frame for your Mother</h2>  <p>Sometimes you cherish the moment so much that you feel that you could cage the moment for a lifetime. This Mother's Day it is time for you to sort out all those best pictures that you have caged to form beautiful memories to frame it in a personalized Photo Frame. Send personalized photo frames online from Bookmyflowers because only we can understand the eternal bond you share with her. This thoughtful gift is sure to well tears in her eyes and make her feel that she was never been loved so much in her life by anybody.</p> </br> <p>You can be assured about this fact that we have been delivering all the gifts well on time because we know the essence of time that the occasion holds for a delicate relation you share with your mother. Pin a handwritten message which says ‚ÄòI love you Mom' for being the guiding force and a perfect mentor for you throughout your life.</p> ,Mother's day personalized photo frames - Bookmyflowers,If you are looking for a photo gifts for your mom than buy our mother's day special personalized photo frames and canvas online in your pocket budget.,"Personalized Mother's day photo frames, Buy Mother's day Personalized photo frames, Send Personalized photo frames for Mother"
118,189,Mother's day Jewelry,"<h2>Buy Jewelry for Mother's Day</h2> <p>Women have always been fond of jewelry and your Mothers are no exception. They have put their dreams on a back seat to fulfill yours. This Mothers Day it is time for you to fulfill her dreams by gifting what she has always loved and yearned for an exquisite piece of jewelry. At Bookmyflowers we carve out some unique and elegant jewelry designs which will make your mother fall in love with it. Order online Mother's Day jewelry from us and we will make sure that it reaches home and surprise your mother.</p> </br>  <p>We take utmost care in packing the jewelry so that the shine and luster is not lost. You can personalize the gift with a message and a Greeting Card which says that you have always fulfilled our dreams but now is time to fulfill yours and make the most of it, this Mothers Day. Send a glamorous mix of flowers along with as a gesture of gratitude.</p>",Buy Designer Mother's day Jewelry online - Bookmyflowers,"Gift fashionable and designer jewelry to your mom on Mother's day occasion. Order now to deliver it online.
","Mother's day jewelry, Online jewelry for Mother's day, designer mother's day jewelry"
118,124,Mother's day Cushion,<h2>Mother's day special Personalized Cushions</h2>  <p>Make your Mom revive your nostalgic childhood memories by sending her personalized cushion from Bookmyflowers. It is surely going to well up tears in her eyes as she reel backs to that memorable moment when you were a small girl. Team up personalized cushions with a gorgeous bunch of fresh flowers which is surely going to make her smile.</p> </br> <p>This Mother's day get an online delivery of this perfect Mother's day gift to tell her that you so appreciate her selfless efforts to see you happy. You can also order online personalized Mug and Photo frame with your favorite photo which your Mom is going to love. At Bookmyflowers we are bombarded with several gift options to choose from so that there is one for every type. We ensure that all our deliveries are made on time because we know the significance that time has for an occasion like Mother's Day.</p>,Buy personalized cushions online on Mother's day - Bookmyflowers,We have range of hand made personalized cushions for Mother's day occasion. Make your mom smile by gifting these personalized cushions.,"Send Personalized Cushions on Mother's Day, Mothers Day Personalized Cushion, Buy personalized cushions online on Mother's day, Send Mother's Day personalised cushions to India,"
118,100,Mother's day gifts to Delhi,"<h2>Send Mother's day Gifts to Delhi</h2>  <p>This Mother's Day it is time to award your multi tasking super hero - Mother, who has always been up late at night just to make sure that we are asleep, she gave up all her desires just to make sure that ours are met. This Mother's day, it is time to award that super hero for everything she has so selflessly done for us. Even if your super hero lives in Delhi and you are miles away from her, send the perfect <a href=""/mothers-day/gifts"">Mothers day online gift</a> to her from Bookmyflowers.</p>  <p>Make your Mother's day a little unusual by getting an <a href=""/mothers-day/gift-hampers"">online delivery of Mother's Day gift</a> in Delhi when she is busy completing the usuity to celebrate her Motherhood. We understand the essence time holds for an important occasion like Mother's day, so our strong delivery links will ensure that the gift reaches on time to make you and your Mom happy.</p></br> <p>A fitting tribute to all her efforts is what is required of her. Make her believe that you truly respect for all the sacrifices she has done so far. Send Mother's Day gifts to Delhi and surprise her with the unique yet interesting gifts from us and make her feet that she is and will always be the most special women in your life. You can get an online delivery of all the <a href=""/mothers-day/gifts"">gifts for Mother's day</a> across the country be it Mumbai, Bangalore, Chennai, Ahemdabad, Gurgaon, Noida and many more to list down. We ensure a timely delivery of all your gifts right up to her doorstep.</p>",Send Mother's day gifts to Delhi - Bookmyflowers,Send  gifts to Delhi from our unique range of Mother's day Special collection to celebrate motherhood.,"Mother's day gifts to Delhi, Send Mother's Day Gifts to Delhi Online, Mother's Day Gifts Delivery in Delhi, Mother's Day Gifts Delhi, Mother's Day Flowers to Delhi, Gift For Mom Delhi"
118,105,Mother's day gifts to Mumbai,"<h2>Send Mothers Day gifts to Mumbai</h2><p>Geographical distance can never prevent you from telling your Mom how badly you love her and miss her. So if you are in a different part of the globe send <a href=""/mothers-day/gifts"">Mothers day gift</a> to Mumbai, through Bookmyflowers. We know the place Mothers hold in your heart and therefore we are trying to build the geographical distances. We have a wide range of online Mothers Day gift starting from Personalized Mugs, frames or you can also send their favorite online <a href=""/mothers-day/gifts"">Mothers day flowers at affordable price.</a>.</p> </br><p>It is time to make all the mothers feel that no matter how far you are from them you are still very close to them. You can send specialized carved out gifts by our gift connoisseurs to make your Mother feel that you have always loved them and will continue to do the same all your life.</p> </br><p>With Bookmyflowers now sending Mother's Day gifts in Mumbai has become a lot easier and simpler by delivering them gifts, cakes and flowers online at a lightning speed. You can also pick from our Bestselling option of ‚ÄòPersonalized Gifts' too. You can order <a href=""/mothers-day/photo-frames"">Personalized Photo Frame</a>, Coffee Mugs and Cushions to weave in the emotional quotient into all your Mother's Day gifts. Let this day be the day when your Mother can feel like true princess. You can do an online delivery across the city be it in Delhi, Bangalore, Chennai, Pune Hyderabad just to name a few.</p>",Send Mother's day gifts to Mumbai - Bookmyflowers,Send gifts to Mumbai from our unique range of Mother's day Special collection to celebrate motherhood.,"Mother's day gifts to Mumbai, Send Mother's Day Gifts to Mumbai Online, Mother's Day Gifts Delivery in Mumbai, Mother's Day Gifts Mumbai, Mother's Day Flowers to Mumbai, Gift For Mom Mumbai"
118,187,Mother's day gifts to Bangalore,"<h2>Send Mother's day gift to Bangalore</h2>  <p>It is not possible for you to fly to your Mother on Mother's Day because of the hectic work schedule but that doesn't mean that you don't love your Mother. But circumstances were such that you will not be able to make up for Bangalore, this Mother's Day.Send mothers day gifts online to Bangalore to make her feel that even though you were not able to make up for this important occasion but you truly love her. You can send a <a href=""/roses"">fresh bunch of Roses</a>, Liles and Daisies and couple it with a box full of chocolates.</p> </br> <p>Our gift experts have handpicked some of the most sorted gifts which can be sent to your Mother. It can be a Personalizes mug or frame with chocolates and flowers and we are sure that she will have everything that is required for such a special occasion called ‚ÄòMothers Day.</p></br><p>Send Mother's Day gifts to Bangalore and tease her that even you can be good with surprises. With our quick online delivery system almost all the cities will look to be geographically close be it Delhi, Mumbai, Hyderabad, Chennai, Pune and many more to list down. You can choose from the whole new range of sort after <a href=""/mothers-day/gift-hampers"">gifts for Mother's Day</a> and make your Mother feel no less than a queen. All our gifts are quite affordable and fit in every pocket; all you need to do is just place the order and be rest assured that it will be reaching your Mother before she opens her eyes in the morning.</p>",Send Mother's day gifts to Bangalore - Bookmyflowers,Send gifts to Bangalore from our unique range of Mother's day Special collection to celebrate motherhood.,"Mother's day gifts to Bangalore, Send Mother's Day Gifts to Bangalore Online, Mother's Day Gifts Delivery in Bangalore, Mother's Day Gifts Bangalore, Mother's Day Flowers to Bangalore, Gift For Mom Bangalore"
118,99,Mother's day gifts to Chennai,"<h2>Send Mother's day gift to Chennai</h2> <p>Leaving your mom in Chennai and going for further studies has always been tough but you did it for each other's good. It is time for you to let your Mom know that no matter how hard it would have been but you still love her and have the deepest care and affection for her. <a href=""/mothers-day/gifts"">Send online Mother's Day gifts</a> to Chennai from Bookmyflowers and make her feel that you will always be close to her.</p> </br> <p>Get an online delivery of Mothers Day gift to Chennai which can range from <a href=""/mothers-day/photo-frames"">Personalized Photo Frames</a> to Mugs which can rewind the nostalgic memory that you have shared together. It is best to tell her that no matter the words might fall short but you still have innumerable ways to tell her that she is the world's best Mother by sending her <a href=""/mothers-day/gifts"">online Mother's day flowers</a>,gifts and letting her cherish this occasion in all times to come.</p></br><p>You Mother has the fear of losing the unbreakable bond that you share if you move farther from Chennai. Send Mother's Day gift to Chennai and give her the assurance that there absolutely nothing in this world which can weaken the relationship that you share. Quite effortlessly with the strong distribution network that we have sending and ordering fresh flowers, gifts and <a href=""/mothers-day/flowers-with-cake"">cakes online</a> within a snap of the finger be it in Hyderabad, Bangalore, Delhi and many more places to list down. All the gifts are wallet friendly so that whenever you come to our website you should never leave empty handed.</p>",Send Mother's day gifts to Chennai - Bookmyflowers,Send gifts to Chennai from our unique range of Mother's day Special collection to celebrate motherhood.,"Mother's day gifts to Chennai, Send Mother's Day Gifts to Chennai Online, Mother's Day Gifts Delivery in Chennai, Mother's Day Gifts Chennai, Mother's Day Flowers to Chennai, Gift For Mom Chennai"
118,102,Mother's day gifts to Hyderabad,"<h2>Send Mother's day Gifts to Hyderabad</h2>  <p>Sometimes occasions are the perfect ways to tell your Mom how much you love her. If your Mother is staying in Hyderabad it is the perfect time and occasion to let her know that you have always loved her and the best way to do it is by sending an online <a href=""/mothers-day/gift-hampers"">Mothers Day gift hamper</a> to her from Bookmyflowers. You can get to choose from a whole new variety of gifts that we have for her like bunch of fresh Roses, Carnations and the like or else you can also send personalized Mugs and frames to tell her that she has been the woman you look up to in your life.</p> <p>Your Mother will be more than happy to receive a surprise gift delivery on a <a href=""/mothers-day/gifts"">Mother's Day</a>. Our strong distribution link will ensure that all the online Mothers day gifts will be delivered on time. It is the perfect day when you Mother should feel special and should be treated no less than a ‚ÄòQueen.'</p></br><p>Even though you think that ‚ÄòMom knows everything' and you don't feel the need to tell how much you love her, sometimes showcasing love is not only important but it also makes them feel a little special. No worries, send mothers day gifts to Hyderabad and make her feel on top of the world, we have gifts ranging from sky high to bottom low so that we have products for everybody. You are going to get completely sold with the thought that we have put in behind each and every <a href=""/mothers-day/gifts"">Mothers day gift</a> of ours. We are well renowned for making all our online deliveries well on time so that you can enjoy with your Mother and make this Mother's Day to be like the biggest blast of the season.</p>",Send Mother's day gifts to Hyderabad- Bookmyflowers,Send gifts to Hyderabad from our unique range of Mother's day Special collection to celebrate motherhood.,"Mother's day gifts to Hyderabad, Send Mother's Day Gifts to Hyderabad Online, Mother's Day Gifts Delivery in Hyderabad, Mother's Day Gifts Hyderabad, Mother's Day Flowers to Hyderabad, Gift For Mom Hyderabad"
118,96,Mother's day gifts to Ahmedabad,"<h2>Send Mother's day Gifts to Ahmedabad</h2><p>It is time to spoil your Mother a little bit who is putting up in Ahmedabad, sweeten up her day with a mouth melting Cake from Bookmyflowers . It is sure to make your Mom a little nostalgic reminiscing those gold old memories which is surely going to well tears into her eyes. Send <a href=""/mothers-day/gifts"">Mother's day gifts online</a>  to her in Ahmedabad city and make her feel that life has been so wonderful with her, that you just can't stop missing her. You have options to choose from staring from some personalized Mugs and frames which is surely going to remind her of the memories attached to it.</p> <p>Get an <a href=""/mothers-day/gift-hampers"">online delivery of Mother's Day gifts</a> to Ahmedabad her this Mother's Day to make her feel that no matter whatever be the distance you would still go an extra mile to see her happy and keep surprising her. With a strong distribution network online delivery in Ahmedabad has been a lot easier for you.</p></br><p>Being a multitasking super hero has not be an easy task so relax her senses and pamper her throughout the day. Send gifts to Ahmedabad to pamper her and make her believe that life is so beautiful and is worth living because of her. Online delivery of <a href=""/mothers-day/gifts"">mothers day flowers</a> and gifts to any part of the country be it Mumbai, Chennai, Pune, Delhi and many more places is now simpler and easier with our strong logistical support that we have. Pull off her feet and ask her to feel no less than a princess this Mother's day.</p>",Send Mother's day gifts to Ahmedabad- Bookmyflowers,Send gifts to Ahmadabad from our unique range of Mother's day Special collection to celebrate motherhood.,"Mother's day gifts to Ahmedabad, Send Mother's Day Gifts to Ahmedabad Online, Mother's Day Gifts Delivery in Ahmedabad, Mother's Day Gifts Ahmedabad, Mother's Day Flowers to Ahmedabad, Gift For Mom Ahmedabad"
118,106,Mother's day gifts to Pune,"<h2>Send Mothers Day Gifts to Pune</h2>  <p>A casual phone call to your Mom in Pune on a Mother's Day where she suddenly receives a <a href=""/mothers-day/gifts"">surprise Mother's day Gift</a> from Bookmyflowers which you have sent it to her, is sure to make her emotional with a teardrop rolling down her cheeks making her realize that his son has really grown out to be not just the sweet little boy whom she used to know but a man who is responsible and truly loves her mother.</p> </br>  <p>You will have unique range of Mothers Day gift online to choose from which will make it easier for you to choose from. Send an <a href=""/mothers-day/flowers"">online Mothers Day flowers</a>, gift to Pune and be rest assured that our strong distribution network is surely going to take of the delivery of the same on time. All our gifts are carefully chosen thinking of our own Mothers so that we can deliver the best and the one that perfectly suits the occasion.</p></br><p>Send Mother's Day gifts to Pune this season and make her feel completely out of the world. Let her feel that you are still close to her emotionally and she has been the best woman in his life. All our Mother's Day gifts online has cute little thoughts of a son and a daughter to make your Mom feel the warmth of the relationship that you share with her. You can also pick from the freshest range of<a href=""/mothers-day/gifts""> Flowers for Mother's day</a> which can be the best pick even when you get a little cranky in choosing something which she will absolutely fall in love with.</p>",Send Mother's day gifts to Pune- Bookmyflowers,Send gifts to Pune from our unique range of Mother's day Special collection to celebrate motherhood.,"Mother's day gifts to Pune, Send Mother's Day Gifts to Pune Online, Mother's Day Gifts Delivery in Pune, Mother's Day Gifts Pune, Mother's Day Flowers to Pune, Gift For Mom Pune"
118,101,Mother's day gifts to Gurgaon,"<h2>Send Mother's day Gifts to Gurgaon</h2> <p>Your Mother is putting up n Gurgaon miles away from you keeps on complaining that you don't call her up, you don't care for her and you don't love her anymore. This Mother's Day it is time to put an end to all her complaints by sending her the <a href=""/mothers-day/gift-hampers"">perfect Mother's Day Gift</a> online from Bookmyflowers. We know the emotional bond you share with your Mother and therefore we have selectively chosen some special Mother's Day gifts which your Mother will fall in love with.</p> </br> <p>Now online delivery in Gurgaon has been made simpler by have a good logistical support which allows us to deliver all the gifts on time. You can either pick a <a href=""/mothers-day/personalized-mugs"">Personalized Photo Mug</a> reminding her of the endless conversation that you used to have with her or you can also send a personalized photo frame which will make her feel the nostalgic memories which you have so beautifully caged so far.</p></br><p>Send Mother's Day gift to Gurgaon to make her believe that even though you have been busy with a lot of work but it never slipped you mind to send the best online Mother's day gift. Get an online delivery of all our <a href=""/mothers-day/gifts-to-delhi"">gifts to Delhi</a> ,Pune Noida, Ahemdabad, Mumbai and many more to list down. All our Mother's Day gifts have been specially carved for Mother which they are badly going to love. We are sure that as soon as your Mother is going to receive it they are surely going to smother you with kisses for the kind of love and respect you have shower upon them on this Mother's Day.</p> ",Send Mother's day gifts to Gurgaon- Bookmyflowers,Send gifts to Gurgaon from our unique range of Mother's day Special collection to celebrate motherhood.,"Mother's day gifts to Gurgaon, Send Mother's Day Gifts to Gurgaon Online, Mother's Day Gifts Delivery in Gurgaon, Mother's Day Gifts Gurgaon, Mother's Day Flowers to Gurgaon, Gift For Mom Gurgaon"
118,215,Mother's day gifts to Noida,"<h2>Send Mother's day Gifts to Noida</h2> <p>Your Mother in Noida is wearing a dull face because you are not around; it is time to brighten it up with an <a href=""/mothers-day/gift-hampers"">online Mother's Day Gift</a> from Bookmyflowers. We know that crafting gifts for her to win her gorgeous smile can be a little tough but emotions is what we have and what she will love to have as the perfect Mother's day gift. Send her a online <a href=""/mothers-day/personalized-mugs"">personalized mug</a> or a photo frame with the most memorable photo of you, reminding her of the beautiful times that you have spent together.</a> </br> <p>Send online Mother's Day gift to her in Noida to make her happy and be rest assured that even if you are not around our on time delivery of Mothers Day gifts will surely make her feel that you are around her and ensuring that she remains as happy as always. Pin a handwritten message card which says' You are the world's best Mom'</p></br><p>Make your mother feel that you care for her and she will always be your first and only priority. Send Mother's Day gifts to Noida,Ahemdabad, Delhi, Pune, Cennai and many more to list down. Make her feel that if you have to share the deepest of your emotion she will be the first one to turn to. All our <a href=""/mothers-day/gift-hampers"">Mother's Day gifts online</a> have been made available in an affordable price range so that you can easily buy and send it to her. Make her Mother's Day the best you can to make her feel on top of the world.</p>",Send Mother's day gifts to Noida- Bookmyflowers,Send gifts to Noida from our unique range of Mother's day Special collection to celebrate motherhood.,"Mother's day gifts to Noida, Send Mother's Day Gifts to Noida Online, Mother's Day Gifts Delivery in Noida, Mother's Day Gifts Noida, Mother's Day Flowers to Noida, Gift For Mom Noida"
0,195,Send Rakhi to USA,"<h2>Send Gorgeous Rakhis to USA for your Best Brother</h2><p>The fabulous looking rakhis are more than just a thread. It is a band of trust, confidence, blessing, and love. A brother is always the best friend of a sister and he holds her hand in all thick and thin of life. So, by sending rakhi to USA, you would complete this sacred bond. You may choose from the huge collection of mauli rkahi, stone rakhi, kids rakhi, peacock rakhi, cartoon rakhi, kundan rakhi, pearl rakhi, or floral rakhi. Rakhi is an old festival of our country and the rakhis that we have reflects our culture and tradition in a good manner. So get the best rakhi for brother and create some wonderful memories.</p><br><h2>Special Online Rakhi gifts to USA with Bookmyflowers</h2><p>bookmyflowers have been delivering lovely gifts since a very long time to all your loved ones on all kinds of festivals. This time also in raksha bandhan festival, you would get some fascinating rakhi gifts to USA online with just a few clicks. When it comes to providing a fantastic service along with top class gifts, bookmyflowers is the only reliable place that would serve your purpose. The festival of rakhi is complete only when the brothers present some exciting rakhi gifts for sisters. As a <a href=""/rakhi/gifts-for-sister"">rakhi gift for sister</a>, you can get some of the best flower bouquet, cakes, chocolates, personalized gift items, and jewelry.</p><br><p>So, don't fret anymore as your brother/sister is away from you on raksha bandhan festival as you have our service which would benefit you.</p><br><h2> Send Rakhi to USA</h2><p>Even if your brother has moved out of the country for further studies or job still on a day of Raksha Bandhan, your heart still resides there. You miss him, those trivial fights and those lovely presents that you used to receive on Rakhi. With Bookmyflowers you can now send Rakhi to USA, UK, Germany, Singapore, Indonesia, Malaysia and many more countries. Bridge the distance by sending your Brother some unique Rakhi's from us. You will be enthralled to find some unique Rakhi's that we have for you starting from Mauli, Kundan, Silver and Feng Shui Rakhi to name a few.</p> </br><p>You can also send a lovely Rakhi Hamper to USA along with it to make the occasion even more special. We also have <a href=""/rakhi"">online Rakhi gifts</a> for your sister like a box full of chocolates which will remind him how the two of you used to relish each and every bite it. You can also send a box full of his favorite sweets which he can quickly gulp down and sweeten up the occasion. Traditionally, you could also send a box of dry fruits with roli and chawal to recycle all the old memories attached to this festival.</p></br><p>With our strong distribution network you can send Rakhi to USA and other international countries at a lightning speed. All our Rakhi gifts are quite beautifully packed by putting them in decorated boxes so that the festivity of the occasion is maintained.</p>",Send Rakhi to USA | Rakhi Gifts Delivery in USA - Bookmyflowers,Rakhi to USA: Explore Bookmyflowers.com for rakhi gifts delivery in USA online for your brother with free online home delivery.,"send rakhi to USA, rakhi to USA, rakhi gifts to USA, online rakhi to USA, rakhi delivery in USA, online rakhi delivery in USA, rakhi gift delivery in USA send rakhi gifts to USA"
0,196,Send Rakhi to Canada,"<h2>Send rakhi to Canada and show your love</h2><p>Rakhi is a special festival that celebrates the union of a brother and sister. To make this festival a grand one, we have brought some of the fabulous looking rakhis for you. Send rakhi to Canada by selecting from our grand display of rakhis. So, with our rakhis, have a lovely celebration.</p><br><p>Canada is also known as an India outside India due to its ever-growing Indian population. Due to professional assignment, if your brother is also settled in Canada, you can send rakhi to Canada and make him happier on the occasion of raksha bandhan. Rakhi have many types like kundan rakhi, mouli rakhi, lumba rakhi, peacock rakhi, kids rakhi, cartoon rakhi, etc. And we are glad to let you know that we have all of these types of rakhis in our portal. Send rakhi to Canada selecting from our wide array of products and mark a happy rakhi festival.</p><p>There are certain other products in our portal also that can be sent as online rakhi gifts. Flowers, chocolates, cakes, and sweets are plenty in our stock to make your festival a super duper hit.</p><h2>Rakhi to Canada for your dearest brother</h2><p>Bookmyflowers.com is an esteemed website that you can use to get rakhi delivery in Canada. With so many types of rakhis in our collection, your festival is surely going to be a fabulous one. Rakhi is a wonderful festival when our loved ones come together under one roof to celebrate and end up creating some unforgettable memories. As <a href=""/rakhi-for-brother"">online rakhi gift for brother</a> you can have a proper look in our various segments like flowers, cakes, and chocolates. We also have some of the best products combined together as a rakhi combo gift hamper.</p><p>Chocolates from all over the world can be found in our website and therefore you can celebrate <a href=""/rakhi/chocolates"">rakhi with chocolate</a> remembering all those old days of childhood. </p><p>Bookmyflowers.com would always be on your side by providing excellent products and services to illuminate your festivals.</p><h2> Send Rakhi to Canada</h2><p>Distance is what which creates a gap between a relationship and at Bookmyflowers we try to bridge such gaps by making online gift delivery possible. With a festival like Raksha Bandhan lurking around the corner sending <a href=""/rakhi"">online Rakhi</a> gifts has now become an easier task. With the strong expertise that we have in terms of logistics you can now send Rakhi to Canada, USA, UK, Singapore, Malaysia and many other countries to list down. </p> </br> <p>Surprise your Brother by sending online Rakhi to Canada on Raksha Bandhan and make him feel that no matter what the distance but you will not fail to miss him on such a promising occasion. We have an exciting range of Rakhi which you can send to your Brother. Gift a gorgeous smile this Raksha Bandhan by sending her a bunch of fresh flowers with a box full of chocolates to reciprocate the same love that she has for you. We have an array of such beautiful and exciting Rakhi gifts which you can send both to your Brother and Sister. We have an exciting range of Rakhi's that you can send to your Brother except the usual ones. You can choose from the traditional Mauli Rakhi to the extraordinary Silver, Zardosi, Feng Shui, Cartoon and many more Rakhi's to choose from.</p> </br><p>With the strong logistical support that we have you can now send Rakhi's not only nationally but internationally too. We can send <a href=""/rakhi/flowers"">Rakhi flowers</a>, gifts and Cakes to your loved one to Send Rakhi to Canada and make your loved one believe that distances can never widened the gap between both of you.</p>",Send Rakhi to Canada | Rakhi Gifts Delivery in Canada - Bookmyflowers,Rakhi to Canada: Browse Bookmyflowers for rakhi gifts online in Canada for brother & sisters with Express Home Delivery. Free Shipping.,"send rakhi to Canada, rakhi to Canada, online rakhi to Canada, rakhi gifts to Canada, rakhis delivery in Canada, online rakhi gifts to Canada, online rakhi delivery in Canada, send online rakhi to Canada"
0,197,Send Rakhi to Australia,"<h2> Send Rakhi to Australia</h2><p>You start missing your home and family more when you are in a foreign land. So, if your Brother is one of them you can make him feel loved and delighted by sending Rakhi online to Australia. Make your Brother feel that no matter wherever he is but you will not make him feel lonely on an occasion like Raksha Bandhan. With Bookmyflowers you can now add an extra smile on your brother's face with both attractive and exciting Rakhi that you will find here.</p> </br><p>We have widened our wings for both national and international deliveries by allowing you to deliver Rakhi's to Australia, Germany, Singapore, U.K, U.SA, Germany and many more to list down. All the Rakhis are so beautifully packed that it will not miss out on the festivity of the occasion. All our Rakhi gifts are made available at an affordable price range so that they can be bought by everyone and we have something for everybody.</p> </br><p>You can also send online<a href=""/rakhi/gift-hampers""> Rakhi hampers</a> to  Australia to your loved ones as a gift on Raksha Bandhan .If your Brother is a chocoholic you can also send rakhi special chocolates online to Australia and make your Brother feel happy. If you want to reciprocate the same love to your sister you can send a box full of chocolates, a lovely bag or a fashionable jewelry. It is time to make your bond stronger than before. Book your now to send rakhi to Australia at minimum cost.</p>",Send Rakhi to Australia | Rakhi Gifts Delivery in Australia Online,Rakhi to Australia: Browse Bookmyflowers to send rakhi gifts to Australia online for brother & sister with Express Home Delivery. Free Shipping.,"send rakhi to Australia, rakhi to Australia, online rakhi to Australia, rakhi delivery in Australia, online rakhi gifts to Australia, send rakhi gifts to Australia"
0,198,Send Rakhi to UK,"<h2>Send rakhi - the lovely bond of love to UK</h2><p>Distance is hardly a factor that can aggravate you when your loved ones are away from you. Send rakhi to UK using our diligent service and surprise your brother. The rakhi collection this year is ten times more gorgeous than the last year. Get a taste of our mesmerizing rakhis and excellent services, by logging into our website once.</p><br><p>For a sister tying a rakhi on her brother's wrist is not only a customary duty. It is a belief of faith, trust, and love that a she has on him that he would always protect her against all odds. Get rakhi to UK for your brother and complete this sacred bond of trust and love. And for that festival, you would be floored by looking at the types of rakhis we have for you. From a simple threaded to a beaded one and also embellished ones - we are ready with every type of rakhi for your glorious festival. So, without fretting anymore, just have a look at our products and send rakhi to UK.</p><br><p>Our culture and tradition is a matter of pride for us and it is well reflected in our way of celebrating a festival. We worship a relation between a brother and a sister because we believe that this is a scared relationship. Make your sacred relationship deeper with a <a href=""/rakhi/rudraksha-rakhi"">rudraksha rakhi</a>. This rakhi also has healing powers of curing the body.</p><br><h2>With Bookmyflowers.com send amazing rakhi to UK</h2><p>Bookmyflowers.com is a renowned place to shop for your rakhsha bandhan festival. Once you decide on your choice of rakhi, get rakhi delivery in UK to celebrate rakhi with your brother placed there. We know exactly what all are required to celebrate a cultural festival. And that's why we have hordes of cakes, flowers, chocolates and sweets. You can easily get <a href=""/rakhi/sweets"">online rakhi with sweets</a> and for that you have to check the combo gift hamper segment.</p><br><p>We are not only limited to India but have extended our services internationally. So, <a href=""/rakhi-to-usa"">send rakhi to USA</a> with our great service.</p><h2>Send Rakhi to UK</h2><p>Rakhi is like the most promising relationship, it marks the durable bond between a brother and a sister. Just imagine if your Brother is not around on a festival like Raksha Bandhan, it is definitely going to make you feel a little nostalgic. With Bookmyflowers the love between a Brother and a Sister has been enhanced and the bond has been made much stronger be enabling online rakhi delivery across the country and overseas too.</p> </br><p>No matter wherever you are, but you can still <a href=""/rakhi"">send Rakhi</a> online to the other part of the globe without hassle. Send Rakhi to U.K, USA, Singapore, Australia, Germany and many other countries so that anywhere and everywhere people can cherish this pure and lovable bond between a Brother and a Sister.</p></br><p>brother's can be a little generous in showcasing their love for their sisters by sending a fresh bunch of <a href=""/rakhi/flowers"">Rakhi flowers online</a> with a box full of chocolates. These <a href=""/rakhi"">Rakhi gifts</a> will sweeten up the occasion and will surprise both your Brother and sister. A box full of dry fruits with roli and chawal can be traditional gift to your Brother which you can personalize with a handwritten message card.</p> </br><p>All our online deliveries are done on time, you can send Rakhi to UK, USA, Malaysia, Australia and many other countries quite effortlessly and within time to maintain the festivity of the occasion.</p>",Buy/Send Rakhi to UK | Rakhi Gifts Delivery in UK - Bookmyflowers,Send rakhi to UK Online - Bookmyflowers.com offers express rakhi gifts delivery in UK online with fast home delivery. Free Shipping.,"send rakhi to UK, rakhi to UK, rakhi gifts to UK, rakhi delivery in UK, online rakhi to UK, online rakhi delivery in UK"
0,199,Send Rakhi to Germany,"<h2> Send Rakhi to Germany</h2><p>No matter where ever you go Germany, Malaysia, China, Australia or any other far off country but your roots are still embedded in India. On an occasion like Rakhi which celebrates the most promising bond of a Brother and Sister, you are bound to miss your sibling on such an occasion. With Bookmyflowers you can now send Rakhi to Germany, Australia, U.K, U.S.A, China, Singapore and many other countries.</p></br><p>To make your choice simpler we have laid down an exciting range of Rakhi's to choose from for your Brother. You can pick our latest and hot selling Kundan Rakhi or Silver Rakhi or the usual Mauli. We also have an interesting array of online <a href=""/rakhi"">Rakhi gifts</a> like a box full of chocolates or dry fruits or may be an exquisite Rakhi hamper which comprises of the best assortment of gifts that we have for Rakhi. If you are looking for the best Rakhi gift for your sister you can choose from the latest fashionable bags or jewelry that we have included in our basket.</p></br><p>With our online delivery you can now <a href=""/rakhi"">send Rakhi</a> to Germany, Malaysia, China, Singapore, U.K, U.S.A and Australia just to name a few. All our gifts are wrapped so beautifully that you will not miss out on the true essence of the occasion.</p>",Send Rakhi to Germany | Rakhi Gifts Delivery in Germany Online,Rakhi to Germany: Browse Bookmyflowers.com to send rakhi gifts to Germany online for brother & sister with Express Home Delivery. Free Shipping.,"send rakhi to Germany, rakhi to Germany, online rakhi to Germany, rakhi gifts to Germany, send online rakhi to Germany, rakhi delivery in Germany"
0,200,Send Rakhi to UAE,"<h2>Send rakhi - the thread of love and trust to UAE</h2><p>Rakhi is a wonderful time to spend with our brothers and sisters. Our tradition have always enriched our relationships and rakhi strengthens our relationship with our brothers. Send rakhi to UAE to your brother and complete your bond of love and friendship. We are ready with our products and services to please you and your brother in this season of rakhi.</p><br><p>Raksha Bandhan is the festival when the brothers wait for the sacred thread from their sisters that makes them confident enough to lead life. Send rakhi to UAE where your brother is currently settled so that he doesn't miss you much. UAE have recently emerged out to be one of the greatest exporters of manpower from across the world. India is one of those regions that have seen maximum emigration in recent years. If your brother has also shifted to UAE, you can send rakhi to UAE using our service. When you are searching for best kind of gifts for rakhi festival, we are delighted to say that we have dry fruits ready for the celebration. <a href=""/rakhi/dryfruits"">Rakhi with dry fruits</a> would therefore be a great option of gift for your brother and cousins.</p><br><h2>Get lovely rakhis to UAE for your handsome brother</h2><p>Your brother is perhaps your best friend and you want only the best kind of gifts for him. We would like to inform you that you can get rakhi delivery in UAE using our esteemed service. Some of our other products are cakes, flowers, chocolates, and sweets. You would be floored by various choices that our website would present in front of you. With <a href=""/rakhi"">online rakhi shopping</a>, Bookmyflowers.com is here to mark a happy moment because we have some of the bets looking rakhis in our website.</p><br><p>And by checking our other products, you can <a href=""/rakhi-for-brother"">send rakhi gifts for brother</a> to make him happy. Be it a flower, cake, or sweets - Bookmyflowers.com is always there to mesmerize your loved ones.</p><br><h2>Send Rakhi to UAE </h2><p>With a festival like Rakhi around the corner, when the celebration is in full swing nobody likes to be alone. To add a cheer to their face we have Bookmyflowers which allows you to minimize the gap which is created between your loved one because of work, job and other such related activities. This Rakhi don't be far away from your Brother or Sister, choose from the exciting range of gifts that you have for your loved one's. We have restricted ourselves nationally but we have spread our wings internationally as well, you can now send Rakhi to UAE, UK, USA, Germany, Australia and many more such countries.</p> </br><p>If you have more than one or two brother you can also send from the marvelous <a  href=""/rakhi/2-rakhi-sets"">Rakhi sets</a> that we have which are both cost effective and are good to look at. Send your brother's favorite sweets along with it to make the occasion even sweeter. If there is a party at home you could also send <a href=""/rakhi/cakes"">Rakhi With Cakes</a> online. For all the naughty brother's it is time to cast your love spell on your cute little sisters by presenting them with a bunch of fresh and aromatic flowers. A bunch of Gerberas, Lilies, Orchids or Daisies will be a nice pick for your adorable sister. We keep up with the tradition of presenting you with Roli and Chawal with our Rakhi's.</p> </br><p>On this Rakhi if you are missing your Brother, send Rakhi to UAE, Australia, Germany, U.K, U.S.A or wherever he is with Bookmyflowers and make your occasion a memorable one for a lifetime.</p>",Send Rakhi to UAE | Rakhi Gifts Delivery in UAE - Bookmyflowers,Rakhi to UAE: Browse Bookmyflowers.com for rakhi gifts online in UAE with Express Home Delivery. Free Shipping.,"send rakhi to UAE, rakhi to UAE, online rakhi to UAE, rakhi delivery in UAE, rakhi gifts to UAE, online rakhi delivery in UAE, rakhi gifts to UAE"
0,201,Send Rakhi to Singapore,"<h2>Rakhi - the thread of love all the way to Singapore</h2><p>India is a land that celebrates festivals all through the year and rakhi is one of those important festivals in our calendar. So, if you think that you cannot celebrate this raksha bandhan as your brother is seated in Singapore, you are wrong. Because you can easily send rakhi to Singapore using our service.</p><br><p>The kind of relationship that you have with your brother is perhaps the best one. Because at one point of time you are enemies and the next moment you turn best friends to each other. So, to commemorate this special bond of love, send rakhi to Singapore and have a wonderful celebration of rakhi. You have a plethora of choices when you want to shop for rakhi. We have all types of rakhis ready for your brother. Some of the rakhis look very simple, while some look extremely embellished. Get rakhi delivery in Singapore and mark this moment of festivity with extreme happiness.</p><br><p>With so many gifts in our website, you must be getting confused! Ok, as rakhi is our traditional festival, getting <a href=""/rakhi/sweets"">sweets for rakhi</a> would be a noble idea. Sweets like rasgulla, kaju Barfi, kaju Katli, and laddoo are in our vast collection.</p><br><h2>Tie the bond of trust of by sending rakhi to Singapore</h2><p>Distance is no more a hurdle when you want to spread happiness among your loved ones. Send rakhi to Singapore using our extremely fast service and mark another happy season of raksha bandhan. Singapore is one of the best cities of the world with lots of modern amenities where many Indians have made a second home. With rakhi set online for these people, you can celebrate the raksha bandhan with joy and excitement.</p><br><p>When you are seated away from India, don't be afraid for not being able to celebrate rakhi with your siblings. Just login to our website and get <a href=""/rakhi"">online rakhi delivery in India</a> to make your brother more than happy.</p><br><p>Have a blast on this raksha bandhan with our fabulous products.</p><br><h2>Send Rakhi to Singapore</h2><p>Just a mere thought of your Brother being far away from you in Singapore on a Rakhi can well tear into your eyes because this is one occasion which you wouldn't like to miss out without him. Send Rakhi to Singapore and delight him with a surprise delivery of Rakhi from Bookmyflowers at his doorstep. This festival which is celebrated on a full moon day marks the most durable bond of a Brother and a Sister. If you are blessed to have more than one Brother you can also send <a href=""/rakhi/2-rakhi-sets"">Rakhi sets</a> and celebrate the occasion.</p></br><p>If you go by the Indian tradition you can gift a box full of dry fruits with Roli and Chawal to your Brother. Try choosing an attractive Rakhi from our Rakhi special which are inclusive of Feng Shui Rakhi,<a  href=""/rakhi/pearl-rakhi"">Pearl Rakhi</a> Silver Rakhi and Zardosi Rakhi. It will make them and the occasion a little more special. Even brother's can be a little thoughtful in gifting their sister something beautiful this Raksh Bandhan by sending them Rakhi Flowers, special <a href=""/rakhi/cakes"">Rakhi Cakes</a>, Bags and Jewelry which is definitely going to make them feel more loved than ever.</p></br><p>We are growing up not only nationally but internationally too and therefore you can send Rakhi to Singapore and overseas.</p>",Send Rakhi to Singapore | Rakhi Gifts Delivery in Singapore Online,Rakhi to Singapore Online: Explore Bookmyflowers.com to send rakhi gifts to Singapore online for brother & sister with Free Home Delivery.,"send rakhi to Singapore, rakhi to Singapore, online rakhi to Singapore, rakhi delivery in Singapore, rakhi gifts to Singapore, online rakhi delivery in Singapore"
0,202,Send Rakhi to Malaysia,"<h2> Send Rakhi to Malaysia</h2><p>The essence of the occasion seems to fade out as you move from India to Malaysia, more so when an occasion is celebrated in full swing only in India. One such festival is Rakhi where the sacred bond of a Brother and a sister is cherished and celebrated. With Bookmyflowers you can preserve the essence of both the relationship and the occasion by sending the best <a href=""/rakhi"">online Rakhi gift</a> to your Brother in Malaysia.</p> </br><p>We have both the traditional Rakhi's and the designer ones too. Our exciting range starts from Kundan Rakhi, Mauli, Zardosi, Cartoon and <a href=""/rakhi/pearl-rakhi"">Pearl Rakhi</a> just to name a few. Celebrate the occasion by sending a box full of dry fruits or sweets with roli and chawal to have the true essence of Raksha Bandhan. You can get an online delivery of our Rakhi gifts both nationally and internationally. You can now send Rakhi to Malaysia, Germany, U.K, U.S.A, Australia, Indonesia, Singapore and many more to list down.</p></br><p>All our Rakhi's are available at an affordable price range so that we have something for everyone. You can send a box full of chocolates or a trendy bag or an exclusive piece of jewelry to your sister which is sure to make her smile and make the occasion even more lovelier.</p>",Send Rakhi to Malaysia | Rakhi Gifts Delivery in Malaysia Online,Rakhi to Malaysia: Explore Bookmyflowers.com to send rakhi gifts to Malaysia online for brother & sisters with Free Home Delivery.,"rakhi to Malaysia, send rakhi to Malaysia, online rakhi to Malaysia, rakhi delivery in Malaysia, rakhi gifts to Malaysia,"
131,216,Mauli Rakhi for Brother,"<h2>Buy Mauli Rakhi online for brother</h2><p>Mauli Rakhi's have been in trend since time immemorial. At Bookmyflowers, we have enhanced their beauty by combining it with several stones. Our gift experts use all their creativity in making them look outstandingly beautiful by sometimes combining it with Rudraksh, Crystals and sometimes even simple silver beads would do their wonders. The brilliant colors of the Mauli is what steals the show it brings in the festivity along with the cultural bondage which is associated with the Mauli Thread. Mauli Rakhi is considered to be auspicious for the occasion of Rakshabandhan as it has spiritual symbolism too.</p> </br><p>Mauli Rakhi has been beautifully compiled with several other beautiful <a href=""/rakhi"">rakhi gifts</a> to make a lovely hamper which can be gifted to your Brother. We are sure that your Brother will be more than delighted to see such beautiful gift coming across him, this Rakhi season. It can be a handful of crispy and crunchy cookies or your brother's favourite Cadbury Dairy Milk Silk or Toblerone which he might relish on this Rakhi. You can send beautiful <a href=""/rakhi/puja-thali"">Rakhi Thalis</a> which are beautifully decorated and has roli and chawal along with it.</p> </br><p>Make this Rakshabandhan even more exciting for your Brother by sending a luscious Chocolate Cake. He is surely to love the cake more and more with every single bite. You can choose from multiple flavors that we have with us. Send an online Rakhi Cake which is sure to bring that Duchenne's smile on your brother's Face. You can get an online rakhi delivery done to all the metro cities and other international countries too. We have a widespread reach not only in terms of nationally but internationally too. Custom delivery will be an additional advantage for you as you can go for <a href=""/rakhi"">same day rakhi delivery</a> or even midnight rakhi delivery depending on your convenience. Making things easier and simpler for you is our primary motive. So, when the festival of Rakhi is around the corner, you need not worry as we will make sure that the delivery of online mauli rakhi has been done well on time.</br>",Buy/Send Mauli Rakhi Online | Free Shipping - Bookmyflowers,Mauli Rakhi Online: Buy mauli rakhi for your brother from our rakhi collections on this Rakshabandhan. Same Day delivery to all over India & Worldwide.,"online mauli rakhi, mauli threads, mauli threads online, mauli rakhi for brother, order mauli rakhi, buy mauli rakhi , send mauli rakhi"
131,217,Designer Rakhi Online,"<h2>Shop for Designer Rakhi Online with Express Delivery Options</h2><br><p>Giving something exclusive to your brother on Rakshabandhan feels nice. How about taking your brother by surprise by dazzling him with a traditionally carved designer rakhi? Just a glance at our designer rakhis will sweep of your feet. Our in-house designers have invested both time and money to come up with something that is truly out of the world. All though these designer rakhis are classy but they are still available within budget. You can complement these designer rakhis with gift hampers to make it an appropriate festive delight for the occasion.</p><br><p>If you have plans of buying a designer rakhi for your brother, you should definitely check out the amazing range of rakhis that we have come up with for both brother and sister-in-law - <a href=""/rakhi/lumba-rakhi"">Lumba Rakhi</a>. These rakhis come in sets which has one rakhi for brother and the other for your sister-in-law which makes the bond special. Besides designer rakhi, the online portal has come up with a special range Mauli, Zardozi, Pearl and <a href=""/rakhi/kundan-rakhi"">Kundan rakhi</a> amongst others.</p><br><p>If you are looking for something special, it is best to buy rakhis online. You will get an opportunity to shop from multiple price option that are available and select the one which best fits in your budget. Designer rakhi online shopping has been made simpler and easier because of the online portal which allows to you shop for not only rakhis but several rakhi gift options which comes along with it.</p><br><p>Bookmyflowers allows you to shop from several gift options which can be delivered with utmost ease at your doorstep. You can even deliver gifts to international destinations with a click of the mouse. The impeccable delivery services that the online portal offers has allowed them to win the trust and confidence of its customers.</p><br><h2>Buy Designer Rakhis Online</h2><p>There are many legends which are entwined in almost every festival and you will find numerous such tales giving birth to a festival like Rakshabandhan. This Rakhi season Bookmyflowers have come up with some interesting rakhi designs and patterns which sets them apart from the usual. The exquisite designs is what our gift experts work on so that you have something different for your Brother this Rakhi season.Designs have beautiful inclusions of Kundan, Pearl and Rudraksh making them look both lovely and beautiful. These Designer Rakhis when compiled with Dry Fruits, Chocolates and Cookies will make the online <a href=""/rakhi/gift-hampers"">Rakhi hamper</a> look way too amazing for the recipient. You can even go for online Rakhi Thalis which have been richly decorated to make them look elegant and sophisticated and at the same time will preserve the festivity of the occasion. Order online designer Rakhi this Rakshabandhan and celebrate it like never before.</p> </br><p>A bunch of fresh Rakhi flowers can instil exuberance in them for this festival. An additional moment of delight will be a box full of mouth melting chocolates which is surely going to keep them happy and contented throughout the day. If your Brother has a weakness for sweet tooth then you can also go for your brother's favourite sweets.</p> </br><p>You can make your pick for Mauli Rakhi to Pearl and Rudraksh Rakhi which can also be a nice pick for this Rakshabandhan and as an extra bonanza of delight you can get complimentary roli and chawal along with it. Our timely delivery of all the online <a href=""/rakhi"">rakhi gifts</a> have helped in maintaining the sweetness of the relationship. They have bridged the gap between all the metro cities viz Mumbai, Bengaluru and other metro cities. They have also come up with international deliveries which has enabled you to send Rakhi gifts overseas.Customer Delight is what we aim to achieve and that is the reason why you will get a chance to choose for custom deliveries from <a href=""/rakhi"">same day rakhi</a> to dot midnight deliveries. Convenience is what is at the heart of the occasion making each and everything a lot simpler for all of our customers.</p>",Send Designer Rakhis Online | Free Shipping - Bookmyflowers,Designer Rakhi: Send best designer rakhis to your brother through online shopping. Express Delivery to all over world.,"designer rakhi online, buy designer rakhi, send designer rakhis, designer rakhis online, designer rakhi for brother, designer rakhi online shopping"
131,218,Silver Rakhi,"<h2>Online Silver Rakhi for brother</h2><p>Silver Rakhis are not only gorgeous to look but they are equally elegant too. The arresting looks of the silver Rakhi is surely going to get him bowled. You can choose to club it with <a href=""/rakhi/sweets"">online rakhi sweets</a> with its mouth-melting taste of Motichoor Ladoos, Kaju Katli, Soan Halwa and more.</p> </br><p>Our gift connoisseurs have carved out a special range of online rakhi gifts hamper which comprises of excellent chocolate, crunchy dry fruits, gorgeous looking Rakhis and roli and chawal. Our rakhi designs are almost endless since you can choose to go with the religious Rudraksh, remarkable Feng Shui Rakhi, simplistic Mauli Rakhi and more. All of them are available within a friendly budget. You can also choose from a range of <a href=""/rakhi/gifts-for-sister"">rakhi gifts for her</a> like delectable chocolates, rakhi cakes and more this Rakhi season.</p> </br><p>The Rakhi Thali's are so beautifully decorated that you will be truly mesmerized with its beauty. Bookmyflowers is one of its kind boutique to have a range of rakhi gifts and more with timely deliveries. You can choose to avail our custom delivery service which will allow you to send rakhi gifts to India and abroad the same day or even at midnight.</p>",Buy/Send Silver Rakhi Online | Free Shipping - Bookmyflowers,Silver Rakhi: Order beautiful silver rakhi for your brother to send through online shopping. Express Delivery to all over world & Worldwide.,"silver rakhi online, buy silver rakhi, silver rakhi for brother, send silver rakhi , order silver rakhi for brother, online silver rakhi"
131,219,Cartoon Rakhi,"<h2> Buy Cartoon Rakhi Online for Kids</h2><p>Rakhi is also known as Raksha Sutra which means the sacred thread of protection. It is a festival which is celebrated on a full moon day of Shravana month which falls during the month of August. You must have seen several decorative Rakhis for elder Brothers but seldom have you come across for the younger ones. Bookmyflowers have come across with a range of beautiful cartoon Rakhis for the tiny torts too.Younger Brothers and especially the tiny torts are fonder of their favourite cartoon characters on the Rakhi viz Doraemon, Chhota Bheem and Shin Chan which will leave them bedazzled. You can also send a box full of chocolates which is going to tempt them further.</p> </br> <p>If your Brother is fond of Cakes go for the choicest selection of our Cakes from Chocolates to Butterscotch and Vanilla to name a few and as an extra bonanza of delight they are available in both egg and eggless category. It is sure to make your Brother both happy and delighted.You can buy Cartoon Rakhi online and get it delivered to his doorstep and we are sure he will be excited to receive it and moreover his other friends are surely going to envy him. You can get an online delivery to both domestic and international destinations. We try and make each and every process customer friendly and hence we have come up with custom deliveries too.</p>",Cartoon Rakhi Online | Cartoon Rakhi for Kids - Bookmyflowers,Cartoon Rakhi: Send funny cartoon rakhi to your brother through online shopping. Express Delivery to all over world & Worldwide.,"send cartoon rakhi, buy cartoon rakhi, cartoon rakhi for kids, order cartoon rakhi online, best cartoon rakhi"
131,220,Zardosi Rakhi,"<h2>Buy Zardosi Rakhi Online</h2><p>Zardosi is an embroidery work from the time of Rig Veda and it was once used in carving out designs which were used to make royal robes of the kings. At Bookmyflowers, our gift experts have come up with this brilliant thought of inculcating the designs in our Rakhis too which set them apart from the millions others which are available in the market.</p> </br> <p>The intricate designs of the Zardosi Rakhi is what makes them beautiful and out of the world. You can couple it up with some crunchy dry fruits like Almonds, Cashews and Pistachios to bring out the festive mood in your family. If your Brothers and Sisters are miles away, you can get an online delivery done right at their doorstep, making them feel less nostalgic.The lovely designs of the Zardosi Rakhi will put them at a different segment all together. Add a pinch of sweetness into the occasion with the help of our scrumptious sweets viz. Motichoor, Kaju Katli, Soan Papdi and many more to list down. Premium and branded sweets is what we use to gift our Brothers. You can also order <a href=""/rakhi/cakes"">online Rakhi Cakes</a> in multiple flavors viz. Chocolate, Butterscotch, Vanilla, Pineapple and many more to list down.</p> </br><p>We have not only restricted our wings just metro cities but international countries too viz. U.K, U.S.A, Germany and many other countries. We guarantee timely delivery of all our rakhi products, you can opt for our custom delivery services too which will be convenient for your dear ones as it will enable your loved ones to receive surprise rakhi delivery at dot midnight or <a href=""/rakhi"">same day rakhi</a> as well.</p>",Buy/Send Zardosi Rakhi Online | Free Shipping - Bookmyflowers,Zardosi rakhi Online: Buy zardosi rakhi for your brother from our rakhi collections on this Rakshabandhan. Same Day delivery to all over India & Worldwide.,"zradosi rakhis, zardosi rakhi online shopping, online zardosi rakhi, send zardosi rakhi online, order zardosi rakhi"
131,221,Lumba For Bhabhi,"<h2>Make Bhaiya Bhabhi feel Special by ordering Rakhi Gifts for Bhaiya Bhabhi</h2><p>Celebrate the relationship of trust that you share with your siblings with special set of Lumba rakhi. Aesthetically designed with utmost perfection, the online portal has come up with a special range of Lumba rakhi for Bhabhi online to any destination of your choice with a click of the mouse. </p><br><p>Thoughtful and personalized gifts have always been festive occasion. You can go for personalized coffee mugs, cushions and key chains which turns out to be popular gift options. You can send <a href=""/personalized-gifts"">personalized gifts online</a> at an affordable price range. A personalized gift will always roll back to the happy times that you have spent together. You can send Lumba rakhi online along with the gift items that we have which will make the occasion memorable.</p><br><h2>Send Rakhi for Bhaiya Bhabhi with Express Delivery Option</h2><p>The Lumba rakhis have an essence of traditionalism which is carved with utmost elegance and delivered to the destination of your choice. You can shop for several patterns and designs that is available in an online portal with the help of express delivery options. The portal has come up with different price range so that you can choose the one which best fits your budget. Team up these gorgeous looking lumba rakhi sets with special rakhi gifts for the occasions too. You can shop for dry fruit hamper, rakhi pooja thai, sweets combo and baskets which turns out to be the best <a href=""/rakhi/bhaiya-bhabhi-rakhi"">rakhi gifts for Bhaiya Bhabhi</a>.</p><br><p>bookmyflowers is the leading online portal in India which has been delivering gifts to your loved ones on special occasion. The portal allows you to send gifts to many international destinations with utmost ease and flexibility. Hence, the company has come up with flexible delivery options for the occasion.</p>",Buy/Send Lumba Rakhi Online with Free Shipping - Bookmyflowers,Lumba Rakhi: Order beautiful lumba rakhi for bhabhi online through online shopping. Express Delivery in India & Worldwide.,"buy lumba rakhi, lumba for bhabhi, online lumba rakhi, send lumba rakhi online, order lumba rakhi online"
131,222,Rudraksha rakhi,"<h2>Buy Rudraksha rakhi online</h2><p>Rudraksha Beads have a strong spiritual symbolism and are still used as prayer beads in Hindu culture. It is the seed of Eliocarpus ganitrus tree which is considered to be tear drops of Lord Shiva. We at Bookmyflowers have replicated the same Rudraksha beads on our Rakhis too. They have been woven together with crystals making them look extremely beautiful. This religiously powerful Rudraksha bead will protect your Brother from all the evil things.</p></br><p>You can pick up some lovely Rudraksha Rakhi Hamper which has a beautiful assortment of cookies, chocolates and dry fruits depending on what you want to send across to your Brother who is miles away from you. Plan to send a sweet return <a href=""/rakhi/gifts-for-sister"">gift for sister on rakhi</a> which can either be a box full of chocolates or you can also go for <a href=""/rakhi/flowers"">fresh Rakhi flowers</a> which is surely going to put up a gorgeous smile on your sister's face. If you are blessed with a sweet tooth then we have something for you too, you can get boxes of your favourite sweets mouth melting Motichoor Ladoos, Kaju Rolls, Soan Papdi, Soan Halwa and many more to list down, they come with complimentary Roli Chawal. We ensure that we send quality of products from the premium brands.</p></br><p>This Rudraksha Rakhi will strengthen the bond that you share with him and will bring in all the positive vibes making your relationship both stronger and better. Custom delivery will make things easier and simpler for you allowing you to send Rakhis to all the metro cities viz. Delhi, Mumbai, Bangalore and other international countries too.</p>",Send Rudraksha Rakhi Online | Free Shipping - Bookmyflowers,Rudraksha Rakhi Online: Send stylish krudraksha rakhi for your brother through online shopping. Express Delivery in all over India & Worldwide.,"rudraksha rakhi, online rudraksha rakhi, buy rudraksha rakhi , rudraksha rakhi online, send rudraksha rakhis"
131,124,Personalized Cushions For Rakhi,"<h2>Personalized Cushion Gifts for Rakhi</h2><p>Rakshabandhan is a festival where sister offer their prayers for the brother's wellbeing and your beloved Brother will be take a vow to protect you during the toughest of times. Adding a bit of personalization is always good as it makes your Brother feel a little loved and at the same time have a sense of belongingness too. Keeping this in mind our gift experts have specially come up with personalized cushions which can make your Rakshabandhan way too special. Get your favourite photograph imprinted on the cushion so that it can act as a perfect memorabilia for your Brother and he can cherish it for a lifetime and even more when both of you are separated with geographical distance. It traditional sweets don't seem to suit his taste buds you can even go for online Rakhi Cakes. Flavors can range from anything chocolates, pineapple, butterscotch or maybe you can even go for the classic vanilla too.</p> </br><p>Brothers can also find a perfect gift for their sister. She would love to have a nice bunch of flowers coming on her way early in morning on Rakshabandhan. You can choose from the several categories that are available with us. It can be a bunch of Rose with a sweet fragrance or a bouquet of beautiful orchids, this Rakhi season. You may also find beautifully <a href=""/rakhi/puja-thali"">decorated Rakhi Thalis</a> which will have everything you will be need for the Rakhi festival especially the Roli Chawal which sisters usually forget at the last minute. You can even send personalized cushion online if your Brother is miles away from you. Get an online rakhi gift delivery done to any of the metro cities or else you can even go for delivery to International countries too. We will go that extra mile to deliver your love to your Brother.You can pick <a href=""/rakhi"">online rakhi gifts</a> which are available to you at different price range so that you can pick and choose from the different options that are available with us. Timely delivery is what we ensure so that you can rejoice and feast with your loved ones.</p>",Buy/Send Personalized Cushion on Rakhi - Bookmyflowers.com,Rakhi Personalised Cushion: Visit Bookmyflowers for cute personalized cushions for your brother or sisters. Order personalised cushion with Free Shipping.,"personalised cushion for rakhi, personalized cushion for rakhi, buy personalized cushion on rakshabandhan, order personalised cushion for rakhi online"
131,135,Rakhi Same Day Delivery,,,,
42,91,Diwali Gifts For Husband,"<h2> Best Diwali Gifts for Husband Online</h2><p>Gifts are meant for the ones you love and they are supposed to convey your love and emotions. Gifts are an ideal way for sharing love, care, joy and other feelings and emotions. The act of gifting enforces love and care for others and it also strengthens relationships. Gifts may be presented any day and any time of the year but there are always special occasions where it necessarily calls for gifts. Festivals are one such occasion, and Diwali being the biggest festival of the country, your beloved husband will especially be delighted with a gift for you.  And for the occasion of Diwali this year, Bookmyflowers have for you a whole range of exclusive online Diwali gifts for husband. Choose from a range of <a href=""/diwali/gifts"">premium Diwali gift</a> items such as cakes, dry fruits perfumes and stationary items among others. We also have for you an array of luscious chocolates from renowned international brands such as Ferrero Rocher, Cadburys, Lindt and Nestle. You can also go for customized gifts at our portal and we have for you an assortment of gift items such as photo frames, key chains, pendants and coffee mugs which you can personalize according to your specifications. A personalized gift will make the best Diwali gift for husband as it will make him feel extra special and well loved with all the care and effort you have invested in creating a unique and one of a kind Diwali gift for husband.</p> </br><p>Our web portal is a one stop solutions store for all your gift requirements and we also offer <a href=""/diwali/gifts-for-wife"">Diwali gift for wife</a>, mother, father and other relations. Order your <a href=""/diwali/gifts"">Diwali gift items online</a> at Bookmyflowers and have them delivered to a destination of your choice. We provide delivery services to both national and domestic destinations. You can also opt for custom delivery services such as fixed time, next day and midnight delivery services.</p>","Buy Diwali Gifts for Husband, Best Diwali Gift for Husband - Bookmyflowers",Get the best Diwali gifts for husband from our Diwali Special gift collection. You can also send Diwali gift for husband online from anywhere in India.,"diwali gifts for husband, buy diwali gifts for husband, online diwali gifts for husband, best diwali gifts for husband, send diwali gifts for husband"
42,95,Diwali Gifts For Wife,"<h2>Buy Online Diwali Gifts for Wife</h2><p>India is a land with a diverse population and a myriad range of festivals. And amongst the most popularly celebrated festivals, Diwali is considered to be the biggest in the country. People all over the nation celebrate the festival with lots of joy and enthusiasm. Family reunions, feastings and the exchange of sweets and gifts are important features of the festival. Gifts are an ideal means to share your love and joy and reconnect with your dear ones. So on the occasion of Diwali this year; present your beloved partner with the best Diwali gift for wife from Bookmyflowers. We have for you a whole range of Online Diwali Gifts for Wife which include delicious cakes, chocolates, dry fruits and other traditional gifts such as Ganesha statues, rangoli stickers, wall hangings and <a href=""/diwali/candles-and-diyas"">Diwali diyas</a> and candles. You can also choose from an assortment traditional sweets or mithais which includes kaju katli, besan laddoos, soan papdi and rasgullas.  All of our gifts are available in exciting combos such as diyas with chocolates, or gift hampers featuring Ganesha idols, dry fruits and ethnic Potli bags among others.</p> </br><p>We are the ideal source for your entire entire <a href=""/diwali/gifts"">Diwali gift shopping online</a>; you can also find a whole range of <a href=""/diwali/gifts-for-parents"">Diwali gifts for parents</a> and other relations in our selection. Complement them with fresh flowers such as roses, lilies, gerberas and orchids among others. Bookmyflowers is a renowned online florist with years of exceptional service in the gifts delivery business. We provide flowers for all occasions and we guarantee the on-time delivery of all your Diwali gifts and in the most pristine of conditions.</p>","Buy Diwali Gifts for Wife, Best Diwali Gift for Wife Online - Bookmyflowers",Ready to buy best Diwali gifts for wife just explore our Diwali special gift items available in different categories. Find a wide range of online Diwali gifts for wife.,"online diwali gifts for wife, buy diwali gifts for wife, best diwali gifts for wife, send diwali gifts for wife, order diwali gifts for wife, buy diwali gifts for wife"
42,93,Diwali Gifts For Parents,"<h2> Online Diwali Gifts for Parents in India </h2><p>Diwali is one of the biggest occasions in the country. The festival has been celebrated for ages and it still continues to be the most popular festival of all. Diwali is celebrated to mark the return of Lord Rama to Ayodhya after 14 years of exile and the festival signify the victory of light over darkness. On the occasion of Diwali, one can see whole town and villages all over the country shining with diyas, candles and electric lights. Family reunions, feastings and exchange of gifts are popular part of festival traditions and especially on this occasion people also honor their parents and other elders with gifts. So this year, on the occasion of Diwali, convey your love and admiration for your parents with exclusive gifts from Bookmyflowers. We have brought for you an extensive range of Online Diwali Gifts for Parents. Our gift experts and connoisseurs have gone through that extra mile to bring you the Best Diwali Gifts for Parents. You can choose from a whole selection of delightful gifts which include diyas, candles, perfumes, jewelry and home d√©cor items. Our online Diwali gifts also come in exclusive combos and hampers along with other delightful gifts like chocolates, sweets, cakes and dry fruits.</p> </br><p>We provide one-stop solutions for all your gift requirements and you can find gifts in different categories such as <a href=""/diwali/gifts"">Diwali gifts for kids</a> or <a href=""/diwali/gifts-for-friend"">Diwali gifts for friends</a>. Our portal is the preferred destination for millions of customer all around the world. And you can buy Diwali gifts for parents in India or from any other part of the world and have it delivered to a destination of your choice. We deliver to more than 350 destinations around the world and with our extensive chain of retail outlets and logistics support network, we are the preferred choice of millions of customers all around the world.</p>",Buy Online Diwali Gifts for Parents in India - Bookmyflowers,Purchase online Diwali gifts for Parents and wish them Happy Diwali. Find a suitable diwali gifts for parents at Bookmyflowers.com,"buy diwali gifts for parents, online diwali gifts for parent , diwali gifts for parents in India, send diwali gifts for parents , diwali gifts for parents, best diwali gifts for parents"
42,87,Diwali Gifts For Friends,"<h2> Best Diwali gifts for Friends</h2><p>Diwali is a traditional festival of the country which has been popularly celebrated for years. The festival is celebrated in honor of Lord Rama's return after a 14 years exile and it is considered to be the biggest festival in the country. Diwali also marks the beginning of the Hindu New Year and the occasion is considered to be auspicious for buying new items and starting fresh ventures.</p> </br><p>Diwali is also an occasion for greetings, best wishes and gifts. People reach out to their family members, relatives and friends with gifts and other pleasantries.  And on the occasion of Diwali reconnect with your friends an enjoyable and prosperous Diwali with exclusive gifts from Bookmyflowers. We have for you a whole range of Diwali gifts for friends online which include such delightful items as cakes, chocolates and dry fruits. You can also choose from an array of traditional gifts such as diyas rangoli stickers, wall hangings, and idols of god and goddesses. Our gifts are also available in exclusive <a href=""/diwali/gift-hampers"">Diwali gift hampers</a> featuring two or more gifts in exciting combos such as chocolates and flowers along with <a href=""/diwali/gifts"">Diwali greeting cards<a/>. Our combos are the best Diwali gifts for friends that you can present them on the occasion.</p> </br><p>Get your <a href=""/diwali/gifts"">Diwali shopping online</a> done at our online portal in quick and easy steps. Send Diwali gifts for friends from any part of the world with just a simple click of the mouse. Order your gifts today and have them delivered to any destination of your choice. Our delivery services cover more than 350 destinations all around the world.  Our services are quite convenient for any type of requirement as we also offer custom delivery services such as same-day delivery, next-day delivery and midnight delivery options.</p>","Send Diwali Gifts for Friends Online, Best Diwali Gifts for Friends - Bookmyflowers",Wish your friends a very Happy Diwali and send them Diwali gifts online. We offer online Diwali gift delivery all over India. Browse our best Diwali gifts for friends collection.,"diwali gifts for friends, online diwali gifts for friends, best diwali gifts for friends, send diwali gifts to friends"
42,81,Online Diwali Gift Hampers,"<h2>Order Diwali Gift Hampers Online</h2><p>Diwali is a festival which is celebrated with a lot of happiness and enjoyment in the country. Bursting of fire crackers and decorating homes starts well in advance. To keep up with the occasion and the festive mood Bookmyflowers has come with best Diwali gift hampers which is hard to find anywhere else online. Some of our unique hamper feature <a href=""/diwali/sweets"">popular Diwali sweets</a>, fire crackers and diyas too which can be delivered at your doorstep.</p> </br><p>With the increasing need of the people for more and more unique decorative items Bookmyflowers has come up with ethnic items such as Diwali Puja Thalis, diyas, candles, wall hangings, lanterns and door hangings among others to accessorize and beautify their homes during the festive season.</p></br><p>Sweets are an essential part of every occasion, hence Bookmyflowers presents you a wide variety of several <a href=""/diwali/gifts"">online Diwali gift items</a> which consists of Diwali sweets, crackers, puja thalis and diyas among others. Our Diwali boxes are the most ordered gifts because of their exclusive packaging which makes it visually appealing. It has a delectable assortment of dry fruits such as almonds, raisins, pistachios and cashewnuts among others which can ideal <a href=""/diwali/gifts-for-parents"">Diwali gifts for Parents</a>.</p></br><p>Chocolates have recently replaced popular sweets during the festive occasion. To convey your warm wishes during the occasion, you can buy Diwali gift hampers online which features a choicest collection of international branded chocolates such as Ferrero Rocher, Lindt, Toblerone, Snickers and Cadbury's which is well complemented with dry fruits, sweets and idols of Lakshmi and Ganesha.</p></br><p>At Bookmyflowers we have been delivering gifts during several occasions for years and our exceptional services makes us the most trusted brand during the occasion. Buy Diwali gift hampers online and get it delivered at your home. All our gifts reaches the recipient on time with the best packaging, so that the gifts reaches you in perfect conditions. You can send gifts to both national and overseas conditions. You can <a href=""/diwali/gifts-to-delhi"">send Diwali gifts to Delhi</a>, Mumbai, Kolkata and Chennai among others. Our custom delivery services makes it even more convenient for customers.</p>",Buy Diwali Gift Hampers Online at Best Price - Bookmyflowers,Buy and send Diwali gift hampers at lowest price to across the world. We ensure you to deliver at your place.,"buy diwali gift hampers, diwali gift hampers online, online diwali gift hampers, best diwali gift hampers, send diwali gift hampers"
42,209,Diwali Pooja Thali,"<h2>Online Decorative Pooja Thalis For Diwali</h2><p>The festival of Diwali marks the victory of light over darkness. It is a time during which each and every home is properly cleaned and decorated. People buy Ganesh and Lakshmi idols during the festive season to offer their prayers and worship them. Bookmyflowers presents a wide variety of decorative <strong>Diwali Pooja thalis</strong> which will bring in the festive feel to the occasion. The Diwali pooja thali comes in different shapes and patterns featuring the idols complemented well with popular Diwali sweets and <a href=""/diwali/home-decor"">Diwali Decorations</a>.</p> </br> <p>It has been an age old tradition to accessorize home with diyas, candles and bandhanwars. Shop for unique variety of <a href=""/diwali/candles-and-diyas"">Diwali diyas online</a> from Bookmyflowers which comes in exquisite designs and patterns. The diyas are quite artistically decorated by our gift experts to give a traditional and ethnic feel during the occasion. You can <strong>buy online Diwali Pooja Thali</strong>, beautifully decorated and features seven beautiful diyas, making it an ideal gift to be given to your loved ones.</p></br>  <p>Mouth-watery sweets are the best attraction during every festival season, hence our online portal features a wide array of sweets starting from Doda Burfi, Motichoor Laddoos, Kaju Katli, Soan Papdi and Rasgullas among others. Our regular Diwali combo has premium quality Diwali sweets with <a href=""/diwali/god-idols"">Ganesh lakshmi idols</a>, flowers and greeting cards to make it an ideal gift to express your love and affection.</p> </br><p>We are expanding our reach to both national and overseas destinations so you can send online Diwali Pooja thali to your family in UK, USA, Germany, Philippines, Singapore, Malaysia and many more countries to list down. Our custom delivery services makes us more customer centric online portal which is why we are the most chosen brand in the market. We have providing on time delivery of <a href=""/diwali/gifts"">Diwali gifts</a> which is why we have more loyal customers.</p>","Decorative Diwali Pooja Thali Online, Diwali Pooja Thali Decoration",Decorative Pooja Thalis online collection for Diwali Pooja at best price. Buy Diwali Pooja Thali decorations online.,"decorative pooja thali, diwali pooja thali , diwali pooj thali decoration, online pooja thali decorations"
42,223,God Idols Online,"<h2>Buy Lakshmi Ganesh Idols Online for Diwali Puja</h2><p>Offering prayers to gods and goddess during festivals is an age old tradition in India. Even during Diwali people offer their prayers to Lakshmi and Ganesha to receive their blessings on this auspicious occasion. Diwali is also celebrated as a New Year amongst the Hindus. Hence, at Bookmyflowers, our Diwali gifts features <a href=""/diwali/puja-thali"">Diwali Pooja Thali</a> and other decorative items online. You can even go for chocolate hampers, sweets and crackers combo which is well complemented with idols of Lakshmi and Ganesha. Buying online Ganesh Lakshmi idols on Diwali is considered to be auspicious.</p> </br><p>Each and every corner of the home is beautifully decorated with lanterns, wall hangings and door hangings amongst others. Shop from our unique collection of hand-painted <a href=""/diwali/candles-and-diyas"">Diwali diyas online</a> which will be best suited to accessorize your home. If you looking for ideal gifts to be sent to your loved ones you can choose from our Diwali sweets hamper consisting of Kaju rolls, Soan papdi, Ragullas and Gulab Jamuns among others. You can also buy Ganesh Lakshmi idols for Diwali which will be best gifts to be given to your friends, family and relatives.Bookmyflowers, is a reputed name in the industry for delivering gifts on-time. They have been serving people for 20 years and have made online shopping easy. With custom delivery services, it has made it convenient for the customers by allowing them to send gifts the same day, next day and fixed time too.</p>","Buy Ganesh Lakshmi Idols Online on Diwali, God Idols Online - Bookmyflowers",Buy Lakshmi and Ganesh Idols for Diwali Pooja. Order Laxmi - Ganesh Idols online for Diwali Pooja. Beautiful god idols collection for Diwali occasion.,"god idols online, lakshmi ganesh idols for diwali , laxmi ganesh idols online , buy lakshmi ganesh idols online"
42,100,Diwali Gifts to Delhi,"<h2> Online Diwali Gifts to Delhi for Corporates and Others </h2><p>Diwali is the most popular Indian festival which is celebrated with a lot of excitement and enthusiasm amongst the people of India. People exchange greetings and warm wishes with friends, families and relatives by gifting them sweets, hampers and combos online. In the spirit of the occasion, Bookmyflowers has come up with a wide variety of Diwali gifts online in Delhi.To send your greetings and wishes on time to your loved ones, Bookmyflowers has a speedy delivery of services which allows you to send Diwali gifts to Delhi, the same day, next day. Our well-knit logistics allows you to send online Diwali gifts to Delhi and other cities.You can also go for corporate Diwali gifts in Delhi . We have covered several international destinations too. </p> </br><p>With the ever increasing demand for corporate Diwali gifts in Delhi, our experts have designed gifts such as chocolate, sweets hamper and we have even come up with special candle combos. You can also pick from the choicest collection of gift boxes which consists of dry fruits such as Almonds, Cashewnuts, Raisins, Pistachios and more. Now, you can send online Diwali gifts to Delhi from anywhere with our custom delivery services which allows you to deliver gifts with ease and convenience. You can send <a href=""/diwali/gifts-to-mumbai"">Diwali gifts to Mumbai</a>, Delhi and other metropolitan cities too. Send <a href=""/diwali/gifts"">best Diwali gifts online</a> and spread the festive mood in the air.</p>","Send Online Diwali Gifts to Delhi, Corporate Diwali Gifts Delhi",Send online Diwali gifts to Delhi to wish your near and dear ones. Best corporate Diwali gifts in Delhi for employees and clients.,"diwali gifts to delhi, online diwali gifts to delhi, send diwali gifts to delhi, buy diwali gifts in delhi, order diwali gifts in delhi, corporate diwali gifts delhi, best corporate diwali gifts in delhi, online corporate gifts for diwali in delhi"
42,105,Diwali Gifts to Mumbai,"<h2>Online Diwali Gifts to Mumbai for Corporates and Others</h2><p>Family reunions and feasting is an important feature of the Diwali celebrations. People get together and treat each other with sweets, chocolates and other popular desserts. Let the distances be no hindrance as you can now send online Diwali gifts to Mumbai and other metro cities with our flexible delivery services. You can send Diwali gifts to your friends, relatives and loved ones the same day, next day and it is this convenience which makes Bookmyflowers more popular amongst the customers. </p> </br><p>Since gifting is an integral part of the Diwali celebrations, hence we have come up with <a href=""/diwali/gifts"">Diwali gifts for employees</a> and Diwali gifts corporates in Mumbai which will help you in strengthening your bond with your colleagues and co-workers. Our category of corporate Diwali gifts in Mumbai feature leather notepads, dry fruit boxes, sweets and chocolate hampers, idols of gods and goddess among others. We at Bookmyflowers have been well known for our exceptional delivery services which is why we are the most preferred brand in the industry. You can send <a href=""/diwali/gifts-to-kolkata"">Diwali gifts to Kolkata</a>, Delhi, Mumbai and Chennai and other cities too. We have covered several international destinations too, covering UK, USA, Germany, Australia and Philippines amongst others. With the 20 years of rich experience that we have, we have been known to deliver gifts in the most pristine conditions.</p>","Send Diwali Gifts to Mumbai , Diwali Gifts for Corporates in Mumbai",Book your order now to send online Diwali gifts to Mumbai city. Buy corporates gifts online in Mumbai for Diwali.,"send diwali gifts to mumbai, online diwali gifts to mumbai, buy diwali gifts in mumbai, corporate diwali gifts in mumbai, diwali corporate gifts in mumbai"
42,99,Diwali Gifts to Chennai,"<h2>Send Online Diwali Gifts to Chennai</h2><p>Diwali is a festival which filled with festivity and celebrations. It is a festival which is celebrated to mark the return of Lord Rama from a 14 year old exile. It is also a festival which is celebrated as a victory of light over darkness. To add fun and cheer into the festival, Bookmyflowers presents a wide array of online Diwali gifts in Chennai city which you can send to your friends, families and loved ones.Our portal has a wide variety of scrumptious <a href=""/diwali/sweets"">Diwali sweets</a> such as Kaju rolls, Motichoor Laddoos, Soan Papdi and Soan Halwa amongst others. We also have a whole new range of exciting combos which comprises of sweets, dry fruits, candles, crackers amongst others. You can send Diwali gifts to Chennai and other cities with our speedy delivery services. We have even come up with custom delivery services which gives our customers the ease of delivery. </p><p>We have been known to deliver online Diwali gifts for more than 20 years and our exceptional delivery services makes our customers loyal to us. We have expanded our reach to both national and international destinations. You can send <a href=""/diwali/gifts-to-delhi"">online Diwali gifts to Delhi</a> and other cities with a complete ease and flexibility.</a>","Send Diwali Gifts to Chennai , Online Diwali Gifts in Chennai - Bookmyflowers",Send Diwali gifts to capital city Chennai and wish your friends and family a very happy Diwali.,"send diwali gifts to chennai, online diwali gifts in chennai, buy diwali gifts in chennai, diwali gifts to chennai"
42,104,Diwali Gifts to Kolkata,"<h2> Send Diwali Gifts to Kolkata Online </h2><p>The festival of Diwali is marked by the bright lights and decorations that fill up homes and buildings all over the country. Diwali is also known as the festival of lights. On the occasion of the festival people light up their houses with diyas, candles and electric lights. People celebrate the occasion with lots of enthusiasm and joy Diwali decorations are an integral part of festival traditions and people spare no expenses in decorating and renovating their homes for the festival. And to help you celebrate the occasion with flair and style, Bookmyflowers bring for you a whole range of <a href=""/diwali/home-decor"">Diwali decoration online</a>. You can choose from an array of rangoli stickers, diyas, wall hangings and differently colored candles. No festival in the country is complete without sweets and we also bring for you a whole range of <a href=""/diwali/sweets"">Diwali Sweets Gift Pack</a> featuring traditional sweets or mithais such as kaju katli, doda burfi, Mathura peda, gulab jamuns, rasgullas and soan papdi among others.</p> </br><p>Our web portal is a one stop solutions store for all your gifting requirements and you can send Diwali gifts to Kolkata or any other destination through our portal. We also offer flowers for all occasions and you can complement your Online Diwali Gifts to Kolkata with a lovely bouquet of flowers. Bookmyflowers is the preferred choice for buying and delivering Diwali gifts online for millions of customers all over the world. Our delivery services cover more than 350destinations in India and abroad. You can also send <a href=""/diwali/gifts-to-bengaluru"">Diwali Gifts to Bangalore</a>, Pune, Chennai or any other city in the country through our portal. Our international delivery services cover USA, UK, Canada, Singapore and Malaysia among other countries.</p>","Send Diwali Gifts to Kolkata , Online Diwali Gifts to Kolkata - Bookmyflowers",Place your order now to send Diwali gifts to Kolkata.  With Bookmyflowers.com you can easily get deliver your online Diwali gifts in Kolkata.,"send diwali gifts to kolkata , online diwali gifts to kolkata , buy diwali gifts in kolkata, best diwali gifts in kolkata"
42,102,Diwali Gifts to Hyderabad,"<h2> Send Diwali Gifts to Hyderabad Online</h2><p>Diwali is a once in a year occasion and everyone in the country waits for the festival most eagerly. Diwali is considered to be the biggest festival of India and people celebrate is with lots of enthusiasm and fervor. The festival of Diwali is marks the return of the lord Rama after 14 years of exile and the celebrations signify the victory of light over darkness. Diwali time is always filled with fun and festivities, and on Diwali night people light up their homes and surroundings with diyas candles and electric lights. The lights are one of the most important features of Diwali. And on the occasion of the festival this year, Bookmyflowers has brought for you a whole range of online Diwali gifts to Hyderabad people in a bright and prosperous Diwali.  You can choose from a wide range of Diwali gifts such as chocolates, cakes, perfumes and jewelry among others. Our gifts come in exciting gifts combos and hampers such as <a href=""/diwali/dryfruits"">Diwali Dry fruit boxes</a> and Puja thalis. You can also find a selection of <a href=""/diwali/chocolates"">Diwali chocolate hampers</a> featuring premium chocolates from renowned international brands such as Ferrero Rocher, Lindt, Cadburys and Nestle among others.</p> </br><p>Order your gifts online and send Diwali gifts to Hyderabad or any other destination of your choice. We deliver to more than 350 destinations around the world and you can also send <a href=""/diwali/gifts-to-bengaluru"">Diwali Gifts to Bangalore</a> within the shortest possible time. We are the most preferred choice for buying and delivering Diwali gifts in the country and you can also complement your Online Diwali Gifts to Hyderabad with a beautiful bouquet of fresh flowers at our portal. Bookmyflowers a renowned online florist with years of exceptional service in the gifts delivery business and we provide flowers for all occasions.</p>","Send Diwali Gifts to Hyderabad, Online Diwali Gifts to Hyderabad",Send Diwali Gifts to Hyderabad : send your Diwali wishes with gifts and greeting cards online to your friends living in Hyderabad. Get deliver online Diwali gifts to Hyderabad.,"send diwali gifts to hyderabad, online diwali gifts to hyderabad, diwali gift delivery to hyderabad, online diwali gift delivery in hyderabad"
42,187,Diwali Gifts to Bangalore,"<h2>Send Diwali Gifts to Bangalore Online</h2><p>On the occasion of Diwali festival this year, connect with your family, friends and other dear ones and send Diwali gifts to Bangalore through Bookmyflowers. Our web portal is a one-stop solutions store for all your gift requirements and we have for you an extensive collection of <a href=""/diwali/gifts"">Diwali gifts online</a>. Select from an assortment of delightful Diwali gift items which includes cakes, chocolates, perfumes, jewelry and a whole range of traditional gifts such as diyas rangoli stickers, wall hangings, and idols of god and goddesses. You can also find an assortment of other premium gift items in various combos and <a href=""/diwali/gift-hampers"">Diwali gift hampers</a> such as chocolates with Puja thali or dry fruits with chocolate cakes among others.</p> </br> <p>At our portal, you can send a bouquet of fresh flowers along with your online Diwali Gifts to Bangalore. We provide flowers for all occasions and they all come in exquisite arrangements designed by our team of experienced florists. Our flowers are all hand delivered and they come in exclusive packaging which keep the flowers intact during delivery.Order your flowers and gifts today at our portal and have them delivered on time for the festival. You can also <a href=""/diwali/gifts-to-hyderabad"">send Diwali gifts to Hyderabad</a> or any other destination of your choice. Our delivery services cover both national and overseas destinations and we guarantee the on-time delivery of all your Diwali gifts and in the most pristine of conditions.</p>","Send Diwali Gifts to Bangalore, Online Diwali Gifts to Bangalore",Browse our Diwali collection and send best Diwali gifts to Bangalore city. We also offer same day Diwali gifts delivery in Bangalore city.,"send diwali gifts to bangalore, online diwali gifts to bangalore, diwali gift delivery to bangalore, online diwali gift delivery to bangalore"
42,224,Diwali Gifts to USA,"<h2>Send Diwali Gifts to USA</h2><p>India is a land famous for its festivals and traditions. And among the festivals, Diwali holds a very important place for everyone in the country. The festival is symbolic of the victory of light over darkness. Diwali also marks the beginning of the Hindu New Year and on the occasion of the festival people clean up and redecorate their homes and surroundings. Feastings, exchange of gifts and sweets are also integral part of Diwali traditions.And to help you celebrate the occasion with flair and fun, Bookmyflowers bring for you an array of delightful <a href=""/diwali/gifts"">Diwali gifts online</a>. Our selection of Diwali gift items includes cakes, chocolates, perfumes, jewelry and dry fruits among others. You can also find a selection of Diwali decoration items such as rangoli stickers, wall hangings, bandhanwar door decorations diyas, and candles. Our <a href=""/diwali/gifts"">Diwali gift items</a> are also available in different combos and gifts hampers which such as the cakes and chocolates with dry fruits combo or the pooja thali hamper featuring traditional sweets.</p> </br><p>Send Diwali gifts to USA with just a quick touch of the button at our portal. Our site is a one stop solutions store for all your gift requirements and you can order your Diwali gifts to USA from India or any other part of the world. We cater to both domestic and international destinations and you can also send <a href=""/diwali/gifts-to-uk"">Diwali gifts to UK</a> and other European countries. Our services are considered as a bench mark in the gifts delivery industry and we guarantee your gifts will reach on time for the occasion.</p>","Send Diwali Gifts to USA, Diwali Gifts to USA from India - Bookmyflowers",Send Diwali gifts to USA from any location of India. Bookmyflowers is offering online gift delivery in USA for this Diwali season.,"diwali gifts to usa, online diwali gifts to usa , send diwali gifts to usa, diwali gift delivery to usa"
42,225,Diwali Gifts to UK,"<h2> Send Diwali Gifts to Australia UK</h2><p>Diwali marks the return of Lord Rama to Ayodhya after 14 years of exile. The festival is symbolic of the victory of light over darkness, and on Diwali day people brighten up their homes and surroundings with glowing diyas, candles and electric lights.  Diwali is celebrated with a whole lot of enthusiasm and fervor all over the country and by the Indian population abroad.</p></br><p>And for a fun filled celebrations, Bookmyflowers bring for you a whole range of <a href=""/diwali/gifts"">Diwali gift items online</a>. The exchange of gifts is an essential part of Diwali traditions and you can also send Diwali gifts to UK or any other destination through our portal. Choose from an array of such delightful gifts as chocolates, dry fruits, perfumes, jewelry and traditional gifts such as diyas, candles, pooja thali and home decoration items. We also have for you an array of delicious and breathtaking Diwali cakes in various shapes, sizes and flavors such as vanilla, butterscotch, chocolate, blueberry and pineapple among others. Our gifts also come in exclusive combos and gift hampers featuring two or more delightful gifts such as the chocolate with cakes gift hampers, and the dry fruits with pooja thali combo.</p> </br><p>You can also send online Diwali gifts to UK along with a bouquet of fresh flowers at our portal. We provide flowers for all occasions and you can choose from a whole range of fresh blooms such as roses, lilies, gerberas and orchids among others. Order them online and <a href=""/diwali/gifts-to-canada"">send Diwali Gifts to Canada</a> to any other destination with a simple touch of the mouse. Our portal is a one-stop solutions store for all your gift requirements and with our abundant range of gifts <a href=""/diwali/gifts"">Diwali online shopping</a> is always memorable and fun at Bookmyflowers.</p>","Send Diwali Gifts to UK, Online Diwali Gifts to UK",Bookmyflowers is the best place to send Diwali gifts to UK as they have strong logistic support in abroad countries.,"send diwali gifts to uk, online diwali gifts to uk, diwali gift delivery in uk, diwali gifts to uk online"
42,226,Diwali Gifts to Australia,"<h2> Send Diwali Gifts to Australia Online</h2><p>Among the traditional festivals of India, Diwali is the most important one. It is an immensely popular festival and people all over the country celebrate it with lots of enthusiasm and joy.  Diwali also marks the start of the Hindu New Year and the celebrations signify new beginnings. On the occasion of Diwali, people reach out to their near ones with wishes and gifts. They also send Diwali gifts to Australia and other countries for their friends and relatives. And on occasion of Diwali this year, Bookmyflowers has brought for you a whole range of <a href=""/diwali/gifts"">Diwali gifts online</a>. Choose from an array of delightful gift items such as perfumes, soft toys, cakes, chocolates and dry fruits among others. We also have for you a whole range of economical and <a href=""/diwali/gifts"">cheap Diwali gifts items</a> in exciting combos and gift hamper such as dry fruits with chocolates and cakes with traditional sweets like kaju katli, besan laddoos , soan papdi and gulab jamuns.</p> </br><p>Order your gifts today and send online Diwali gifts to Australia for your loved ones. We provide delivery services to both domestic and international destinations.  You can send Diwali gifts to Delhi, Chennai, Mumbai, or any other city in the country and our international services cover <a href=""/diwali/gifts-to-usa"">Diwali gifts to USA</a>, UK, Canada, Singapore and various other countries. We also offer convenient custom delivery services such as same-day delivery, next-day delivery and midnight delivery options.</p>","Send Diwali Gifts to Australia, Online Diwali Gifts to Australia",Send Diwali Gifts to Australia with minimum delivery charges. We offer online Diwali gifts delivery in Australia at best price.,"diwali gifts to australia, send diwali gifts to australia, online diwali gifts to australia,"
42,227,Diwali Gifts to Canada,"<h2> Send Diwali Gifts to Canada Online</h2><p>Diwali is an occasion of extreme significance and high importance for every Indian. People celebrate a whole lot of festivals in the country but amongst them Diwali is the most popular one. It is also the biggest festival of the country and on the occasion one can see whole cities, towns and villages all over the country lit up with bright lights.  Diwali also marks the start of the Hindu New Year and the day is considered auspicious for launching new ventures and other business activities. And to usher in a prosperous and joyous Diwali, Bookmyflowers has brought for you a whole range of exclusive Diwali gifts which include chocolates, cakes, perfumes, jewelry and fire-crackers among others. You can also find an assortment of traditional Diwali gifts such as Ganesha door hangings, candles and diyas, Puja thalis, and idols of gods and goddesses. With our myriad range of products and easy ordering services, Bookmyflowers remain the major destination of millions of customers for <a href=""/diwali/gifts"">Diwali online shopping</a>. Our gifts are also available in other exciting combos and <a href=""/diwali/gift-hampers"">Diwali gift hampers</a> such as cakes along with chocolates and other assorted sweets and the flower with traditional sweets combo.</p></br><p>Order your gifts online at our portal and Send Diwali Gifts to Canada and other destination around the world with a simple click of the mouse. Our gifts are perfect for sharing wishes and joy of the festival with all your dear ones. Send online Diwali gifts to Canada along with a lovely bouquet of flowers at our portal. We are a renowned online florist with years of exceptional service in the gifts delivery business and we provide flowers for all occasions. Order your gifts and flowers online and have them delivered to any destination of your choice. We deliver to more than 350 destinations around the world and you can <a href=""/diwali/gifts-to-singapore"">send Diwali gifts to Singapore</a> and other countries. We also offer custom delivery services such as same day delivery, next day delivery and midnight delivery services.</p>","Send Diwali Gifts to Canada, Online Diwali Gifts to Canada",With Bookmyflowers you can easily get deliver your Diwali gifts to Canada. Send Diwali gifts to Canada online to your relatives.,"send diwali gifts to canada, online diwali gifts to canada, diwali gift delivery in canada, diwali sweets to canada"
42,228,Diwali Gifts to Singapore," <h2> Send Diwali Gifts to Singapore Online</h2><p>Among the most popular festivals of the country, Diwali holds an important place in Indian traditions. The festival is celebrated on the fourteenth day in the dark half of Kartik month of the Hindu calendar. Diwali signifies the victory of light over darkness and it also marks the beginning of the Indian New year. It is celebrated with lots of pomp and joy all over the country and bursting firecrackers, buying new clothing and jewelry, lighting diyas and candles, and exchange of sweets and gifts are some of the major features of the celebrations. </p> </br><p>And for your gifting pleasure, Bookmyflowers brings for you a whole range of gift items for Diwali that you can send to your loved ones. Gifts are a token of love and affection and on the occasion of Diwali you can send Diwali gifts to Singapore or any other part of the world through our online portal. We have for you an array of premium gifts which include cakes, <a href=""/diwali/chocolates"">Diwali chocolates</a>, premium leather goods, perfumes, stationery items and other traditional Diwali gifts such as diyas, Puja thalis, and idols of gods and goddesses. You can also find a mouthwatering array of <a href=""/diwali/sweets"">Diwali sweets online</a> which include kaju katli, gulab jamuns, rasgullas and soan papdi. All of our gift items are available in exclusive Diwali gift hampers or combos such as flowers with chocolates or the dry fruits hamper featuring a Ganesha idol and ethnic Potli bags.</p> </br><p>Send online Diwali gifts to Singapore through Bookmyflowers with the simple touch of a button and have your gifts delivered to a destination of your choice. Our delivery services cover both national and overseas destinations. You can send Diwali gifts to Delhi, Chennai, Mumbai, Hyderabad, Lucknow and other destinations around the country. Our international services cover gifts delivery to USA, UK, Canada, and Germany, UAE, Singapore and many other countries. We also provide exclusive services for sending <a href=""/diwali/gifts-to-australia"">Diwali Gifts to Australia</a>.</p>","Send Diwali Gifts to Singapore, Online Diwali Gifts to Singapore",Book your order now to send Diwali gifts to Singapore. Get online Diwali gift delivery in Singapore.,"send diwali gifts to singapore, diwali gifts to singapore, online diwali gifts to singapore, diwali gift delivery to singapore"
42,135,Diwali Gifts Same Day Delivery,"<h2>Same Day Diwali Gifts Delivery in India</h2><p>Diwali is a festival which is celebrated with fun and gaiety in India. It also marks the victory of light over darkness. People light up their surroundings with   diyas, candles, lamps and lanterns to make them stand out amongst the million others. The festival starts by offering prayers to Lakshmi and Ganesha. People meet and exchange gifts with each other. To help you celebrate   the festival with enthusiasm, Bookmyflowers presents to you a wide range of gift hampers. You can <a href=""/diwali/gift-hampers"">buy Diwali gift hampers</a> online   from Bookmyflowers and send it to your friends, families and relatives. </p></br><p>Our web portal also feature several decorative items to ornate and beautify your home and surroundings like Diwali   candles, diyas, lanterns and lamps. Our web portal is one stop shop to <a href=""/diwali/gifts"">buy Diwali gifts online</a>. Go for our delectable Indian sweets like Gulab Jamuns, Motichoor   Soan Papdi and Kaju Burfi among others. Our gift experts have also designed some exclusive hampers and combos which features sweets, chocolates, candles and idols of Lakshmi and Ganesha too. Laddoos. With our   custom delivery services you can have Diwali gifts same day delivery in India and abroad. </p></br><p>Order gifts with our Diwali express delivery which are sure to deliver your gifts to your loved ones   quickly. Our same day delivery Diwali gifts delivery makes it convenient for our customers to order from us. We have been serving our customers for more than 20 years and our on-time delivery of gifts makes our   customers loyal to us. We have both national and international presence. You can send <a href=""/diwali/gifts-to-uk"">Diwali gifts to UK</a>, Singapore, Malaysia and USA to name a few.</p>","Diwali Gifts Same Day Delivery in India, Same Day Diwali Gifts Online","Get same day Diwali gift delivery anywhere in India. Same day gift delivery to all the major cities of India on Diwali occasion.
","same diwali gifts online, same day gift delivery on diwali, same day diwali gift delivery, diwali gifts for same day delivery"
44,251,,,,,
44,126,,,,,
131,252,,,,,
131,253,,,,,
131,126,,,,,
131,251,,,,,
42,106,,,,,
42,254,,,,,
145,135,,,,,
0,229,,,,,
0,230,,,,,
0,231,,,,,
0,232,,,,,
0,233,,,,,
0,234,,,,,
0,235,,,,,
0,236,,,,,
0,237,,,,,
0,238,,,,,
0,239,,,,,
0,240,,,,,
0,241,,,,,
242,82,,,,,
0,243,,,,,
0,244,,,,,
0,245,,,,,
0,246,,,,,
247,82,,,,,
248,82,,,,,
249,82,,,,,
250,82,,,,,
37,255,,,,,
37,213,,,,,
