parent_id,category_id,title,description,meta_title,meta_description,meta_keyword
0,49,Online Flower Delivery,"<h2>Online Flower Deliver in India</h2><p>Occasions, special occasions or no occasion's a bouquet of flowers can be gifted for any occasion with online flower delivery services. Be it Birthday, Anniversary, Wedding, Valentine's Day or any other day, flowers are the most suitable gift to ensure a guaranteed smile on your dear one's face, so send flowers to wish them from any part of India. You can order <a href=""/"">flowers online</a> from Bookmyflowers which has a whole new variety of flowers from the crimson velvet flowers to the delicate white Daisies and the colorful Tulips. All these flowers are carefully tied and neatly embraced with a soft paper to keep it as fresh as they have been instantly plucked from the gardens.</p></br><p>All you need to do is just order flowers or a bouquet of flowers and you can firmly believe that we will be delivering it dot on time so that the moment doesn't get spoilt. Adorn it with a beautiful handwritten message to add a little bit of your own creativity and make your dear one feel extra special. You can order from a big bunch to small <a href=""/flower-bouquets"">bouquet of flowers online</a> for your dear one's to make their day larger than life.</p>","Order Bouquet of flowers, Online Flower Delivery, Send Flowers to India",Bookmyflowers offers variety bouquet of flowers online at affordable prices. Place your order to send beautiful flower arrangement in India with our online flower delivery services.,"Online Florist,Bouquet of Flowers,Online Flower Delivery In India, Flower Bouquet, Send flowers to India, Online flower delivery, Flower delivery in India"
0,11,Buy Cakes Online,"<h2>Buy and order cakes online in India</h2><p>Bookmyflowers has emerged as one of the ideal choices for people to avail for professionally managed online cake delivery system. We at Bookmyflowers have made it possible for people to order the most desirable cakes at the cheapest possible rates. We take pride in being the most professional service provider for ordering <a href=""/birthday/cakes"">online cakes for birthday</a>, anniversary in India</strong>. We provide a platform to people to <strong>order cakes online India</strong> and aim to provide the best deals to them. We specialize in all types of cakes to make any occasion memorable.</p></br> <p>In order to place <strong>online order for cake</strong>, all that people need to do is to log in to the website, choose the cakes and place the order through some simple steps. While deciding to <strong>buy cake online</strong>, people can be ensured that the required products would be delivered on time and at the right place. Our rates are extremely affordable which makes people prefer us over others.</p>","Buy and send Cakes to India, Online Cake delivery on order - Bookmyflowers",Order cakes online: Cakes are the showstoppers of any occasion.  Looking for best cakes to buy and send to India than explore our variety of popular cakes for different occasions.,"Cake Delivery Online,Send Cakes India,Cake Delivery India,Buy Cakes Online"
0,135,Same Day Flower Delivery,"<h2>Get Same Day Flowers and Cakes Home Delivery</h2><p>Sending flower is the best way to  express love, gratitude, courtesy and condolences. Bookmyflowers offers you  an opportunity to convey your warmth and love to your dear ones with its  fastest same day cake and flowers home delivery service. We offer a wide range of <a href=""/flower-arrangements"">exclusive flowers arrangement</a> for all types of occasions and the best part is that all our flower arrangements are available for <strong>same day flower delivery</strong>. </p> </br> <p>One can place an online flowers home  delivery order for same day , the next day or for any other day. Our flower  arrangements boast of fresh flowers that are chosen as per sender&rsquo;s choice and  impressively wrapped. Our impressive flower presentation and friendly staff will surely fascinate your dear one. The orders for same day flowers delivery were fulfilled  by local florist that ensures all the flowers were handpicked and smartly arranged. </p></br> <p>Moreover, we deliver every gift along with a personalized card message that adds more value to your gift. So, don&rsquo;t wait! Place order on Bookmyflowers and surprise your loved  ones with our <a href=""/flower-bouquets"">online bouquet</a> of fresh and exotic flowers.We also offer same day cake delivery services for all occasions.</p>",Same day flowers home delivery online - Bookmyflowers,Get same day flower home delivery online! Bookmyflowers offers same day express flowers and cakes home delivery across the country. Avail your flower delivery now.,"Same day Flowers, same day flowers delivery , same day flowers online, same day delivery flowers, same day cake delivery, same day delivery cake, send flowers same day"
7,82,Birthday Gifts Online,"<h2>Buy and send birthday gifts online in India</h2><p>At times you so wish that with a simple look you could have guessed what is inside the box so that you don't have to go through the impatience of tearing down the wrapper, opening the box and meeting your lovely surprise. Such is the magic of a Birthday Gift send by someone, that you are just brimming with excitement. So you can buy best Birthday Gift with a nice sweet thought behind it, it can be a an exotic bunch of<a href=""/birthday/flowers""> birthday flowers</a> which is quite freshly adorned with dew drops to make it glisten like diamond.</p></br><p>Bookmyflowers are known to have been blessed with such creativity that the varied gift choices we have is surely going to make you pick the most suitable for your loved ones. It can be an elegant assortment of colorful bouquets, fresh cakes and <a href=""/birthday/personalized-gifts"">personalized birthday gifts</a> that you can buy to make their days of day to be extraordinarily special. Birthdays are meant for midnight online delivery so we ensure that we do the same and you can also send Birthday Cakes on a specified time as well. Attach a personalized Birthday Card along with your gift to express the love in your heart.</p></br><p>Birthdays are cherished occasions for everyone and people celebrate the day with lots of festivities and joy. It is almost the most joyous occasion in the year with parties, cakes and gifts. But the only problem lies in selecting the right gifts for a loved one as birthdays are very important occasions and not meant to be taken lightly. Our online birthday gifts are a reflection of how much we love and treasure the birthday celebrant. The birthday gifts are tokens of love and affection and they must let our best wishes and admiration show. And for this reason Bookmyflowers brings for you a whole range of exclusive birthday gifts online to showcase your care and affection for a loved one. Our list of birthday gift items range from delectable cakes and chocolates to perfumes and jewelry among others. You can also find personalized birthday gift items such as photo frames, key chains, lockets, coffee mugs and printed cushions. Whether you are looking for <a href=""/birthday/gifts-for-husband"">birthday gifts for husband</a> or birthday gifts for wife, you are sure to find the right choice of gifts at our online store.</p> </br><p>Order your birthday gifts online today and have it delivered to your dear ones on their birthdays. Another advantage we have over other sites is that you can also complement your birthday gifts with flowers of your choice at our online store. We are a renowned florist with years of exceptional service in the gifts delivery business. We provide delivery services to both domestic and international destinations, and we ensure the on-time and pristine delivery of your birthday gifts.</p>",Buy and send best birthday gifts Online in India - Bookmyflowers,Send Birthday gifts at the comfort of your own home. Buy online Birthday Gifts from Bookmyflowers for your friends and families and get online delivery at your doorstep.,"Birthday Gifts, Best Birthday Gifts, Birthday Gifts Online, Send Birthday Gifts Online, Online Birthday Gifts Delivery, Birthday Gifts Delivery in India, Buy Birthday Gifts"
7,125,Personalized Birthday Gifts,"<h2>Online Personalized Birthday Gifts Delivery in India</h2><p>Book My Flowers has emerged to offer amazing products for birthdays. We at Book My Flowers aim to offer personalized <strong>birthday gifts online India</strong> to make the birthdays of the beloved ones very memorable. Book My Flowers offers interesting and extremely <a href=""/birthday/gifts"">unique birthday gifts</a> from its selectively handpicked collection. We offer a way for people to choose birthday gifts from an extensive range of products and send them to the loved ones anywhere in the country and making his/her birthday very special.</p> </br>  <p>Book My Flowers is considered to be the most inexpensive and reliable source of <a href=""/personalized-gifts"">personalized gifts online</a> India. We possess a good degree of professionalism which is reflected in our ability to make fast <strong>birthday gifts online delivery</strong>. We offer simplicity and ease in the personalized birthday gifts online delivery process which has helped us build a good reputation throughout. We offer inexpensive products with superior quality to make the event very special for people.</p>",Buy and Send Personalized Birthday Gifts Online in India,"Add a little human touch with our unique range of personalized gifts which are available online. You can buy and send these online personalized gifts like a canvas, wall clock and a wooden photo frame.","Personalized Gifts,Personalized Gifts India, Personalised Gifts Online, Personalized Birthday Gifts"
7,35,Birthday Chocolates Online,"<h2>Buy and Send Birthday Chocolate Gift Box Online</h2>  <p>Chocolates are a little sweet and a lot more sinful. It has the power of indulging you completely into it, making it almost irresistible for you. They need no occasion you can send chocolates online for Birthday, Valentine&rsquo;s Day, Anniversary and many more. It can express almost any emotion with sugary sweetness and let your dear ones savor it for all times to come.</p>  <p> Send Birthday chocolates to your dear ones from Bookmyflowers and see them cherishing every bite of it with  childlike innocence. It has a rich taste of cocoa mesmerizing you with every bite that you take. We have special heart-shaped <a href=""/chocolate-day/gifts"">chocolates for Valentine&rsquo;s Day</a> which can practically make your loved one fall in love  with you all over again. We have the best birthday chocolates with us which will leave a smooth silken touch on your taste buds.</p> </br> <p> We have bridged the gap of distance with our <strong>online birthday chocolate delivery</strong>. You can now send birthday chocolates online to all your friends and relatives and celebrate it with fun and gaiety. No matter whether it&rsquo;s your friends, family or relatives Birthday or  you are simply missing them, all you need to do is just place the order and  happily wait for them to receive. These chocolates are sure to make them feel happy and will also allow them to cherish it. </p>",Buy birthday chocolates online and send anywhere in India - Bookmyflowers,"Satiate your sweet tooth by ordering chocolates online. Buy and send birthday chocolates in India with chocolate gift hamper for Birthday and any other occasion like Diwali, Christmas and New Year.","Buy Chocolates Online,Online Chocolate Delivery, Buy Chocolates Online India, Send Chocolates Online, Best Chocolates In India,Birthday Chocolates Online"
7,11,Birthday Cakes Online,"<h2>Birthday cakes online delivery in India</h2><p> You might have always ignored the clock's tick tock except one day when your eyes are glued to every inch the needle moves to strike 12 at midnight. It has to be your Birthday, a day when even the moon seems to be within your reach and surprises form the normal course of the day. Despite the varying age group and the relationship you share, be it your friend, husband, wife, boyfriend, girlfriend or your colleague, Birthdays have a way of making your expectation reach the upper limit. It is time to enthrall them dot at midnight with an <strong>online Birthday Cake delivery</strong> from Bookmyflowers.You can also get same day birthday cake delivery online from our web portal.</p></br><p> Our online birthday cakes are known to have been born with an inherent freshness and sponginess that will make you relish every bite of it. Flavors are not a constraint for us be it Chocolate, Strawberry, Blueberry, Mango and Butterscotch just to name a few. If you want to make it extra special you also send special birthday<a href=""/cakes""> cakes online</a> like Photo and Designer Cakes online. These cakes are timely delivered, dot at midnight with a personalized Greeting Card saying everything you have in your heart. You can order 2 kg, 1 kg and <a href=""/cakes"">half kg cakes</a> for your birthday celebration. One can also book an online order of birthday cake and flowers combo to surprise their loved ones.</p> </br><p> If you are looking for delectable Birthday cake online, your search should end with Bookmyflowers. We are not only the most trusted brand but name but at the same time have a wide variety of flavours to choose from such as Vanilla, Butterscotch, Red Velvet and Chocolate amongst others. If waiting is not an option then you can go for our flexible delivery options such as same day, midnight and even fixed time delivery too.</p>","Online birthday cakes delivery, Order Your cake now ! - Bookmyflowers",Order scrumptious and mouth-watering Birthday cakes online which can be gifted to your loved ones. Birthday Cakes delivery can now be done online from anywhere in India.,"Birthday Cakes, Birthday Cakes Delivery, Order Birthday Cakes Online, Online Birthday Cake Delivery, Birthday Cakes Online, Buy Birthday Cakes online, Send Birthday Cake"
7,49,Birthday Flowers Online,"<h2>Send Happy Birthday Flowers Online in  India</h2><p>A glamorous mix of flowers being embraced by a satin ribbon to form a beautiful bow is sure to bring a guaranteed smile on your face and that is the least we could expect to gift our loved ones on his/her Birthday with online birthday flowers delivery options. With Bookmyflowers, you can pick and send birthday flowers online which our florists have carefully chosen so that it forms the <a href=""/birthday/gifts"">best Birthday gift</a> tantalizing your loved ones with its pure fragrance. We take a little pride and arrogance in getting the flower delivery done dot on time, be it at midnight or any fixed time of your choice.</p></br> <p>You can send the right Happy Birthday flowers online which has a variety that is as large as the human race, starting from the colorful Gerberas to cute Daisies to sturdy orchids to the lovely roses. All these flowers are cuddled by a soft protective paper so that even the lightest human touch cannot spoil the freshness of the flowers. Personalize it with a Happy Birthday Card showered with countless love and blessings.</p></br><p><a href=""/birthday/cakes"">Birthday Cakes</a> are almost an integral part of the occasion. It is time to add a little bit more than the sweetness of the occasion and combine it with the freshness by sending Birthday Flowers online. Make your loved one feel more loved by indulging themselves in the mild aroma of the Happy Birthday flowers which are freshly plucked and hand tied with a personalize message.</p>","Online Birthday Flowers Delivery In India, Send fresh Flower Online",Get online birthday flowers delivery in easy step. Send fresh flower online across India to wish a happy birthday to your near and dear one's.,"Birthday Flowers, Birthday Flowers Delivery, Birthday Flowers Online, Send Birthday Flowers, Online Birthday Flowers Delivery In India , Flowers for Birthday"
7,91,Birthday Gifts For Husband,"<h2>Online Birthday gifts for husband</h2><p>If a wife is looking forward to make her husband's birthday very memorable and special with a gift, then Bookmyflowers is an amazing choice for them. We at Bookmyflowers have come up with an innovative and unique collection of <strong>birthday gifts for husband</strong>. We aim to provide a unique platform for people to choose gifts from an extensive collection. Our specifically handpicked collection of items is sure to make the birthday very special for husbands. </p> </br><p>Flowers are the traditional way for conveying our emotions and they remain as popular today.  Choose from these wonderful options of flowers in exotic combos with chocolates and cakes and gift them to the special man in your life. The birthday cakes are also available in various sizes and flavors such as vanilla and chocolate.  They will be the perfect accompaniment and complement your birthday celebrations.Make his special day more memorable with personalized gifts such as our Metal photo keychain and wooden table clock. Emboss them with a photograph of you both and cherish the moment forever.</p></br><p>Bookmyflowers aims to provide superior quality products at an extremely affordable price. We possess a good degree of professionalism which is seen in the way we provide and deliver the products to our customers. Our aim is to build a long term relationship with our customers by way of providing the most desired products. Timeliness and easy <a href=""same-day-delivery"">same day delivery</a> is something we pay great attention to. Our superior quality <a href=""/birthday/gifts"">birthday gifts</a> for husband are sure to make the occasion very special and memorable for people.</p>",Best birthday gifts for husband online - Bookmyflowers,Choosing birthday gifts for husband can get really confusing but we have the all kind of items that you can gift to your husband for his birthday.,"Birthday Gifts For Husband, Birthday Gifts For Men, Birthday Gifts For Friend"
7,95,Birthday Gifts For Wife,"<h2>Online Birthday gifts for wife</h2><p>If a husband wishes to make his wife's birthday special and memorable with an amazing gift, then Bookmyflowers is simply the perfect choice.Bookmyflowers have emerged to provide a platform for people to explore and select a unique collection of <strong>birthday gifts for wife</strong>. We are known for our <a href=""/birthday/gifts"">innovative birthday gift</a> ideas which would make the wife feel very special.Bookmyflowers offers an extensive collection of birthday gifts for wife to choose from.</p> </br><p>From exotic flower arrangements to gift combos with chocolates and teddy bears, Bookmyflowers brings you the ultimate range of Birthday gifts for wife. Give her a priceless gift of cakes and flowers with the Sweet Dreams combo that encompasses a bunch of twelve red roses in cellophane packing, a chocolate truffle cake and one six inches teddy bear. The Gorgeous Kit is a unique birthday gift hamper for wife with Kajal Magique and Color Show Golden Nail Lacquer from the house of L'Oreal Paris and Maybelline New York along with a pink lipstick and a small box of 20 pads of nail polish remover. Our gift combos are selected and arranged by experts and skilled professionals.</p></br><p>Superior quality and an affordable price are the main reasons for the growing preference of Bookmyflowers. Our professionalism is reflected in the way we offer and deliver the birthday gifts to our customers. We aim to build a rapport with our customers by delivering what is most desired by them. Timeliness is something we do not compromise with at any cost. Our online delivery system provides great ease and convenience to our customers in choosing and getting the products within a reasonable time. </p>",Best Birthday gifts for wife - Bookmyflowers,Select best birthday gifts for your wife from our exclusive collection of birthday gift items. Make your wife smile by sending a gift online on her birthday.,"best gifts for wife, Online Birthday Gifts For wife ,Birthday Gifts For Wife,Gift Ideas For Wife, Gifts For Her,Best Birthday Gift For Wife,Gift Ideas For Her"
2,82,Anniversary Gifts Online,"<h2>Buy and send anniversary gifts online in India</h2><p>Buy anniversary gifts online for your loved ones on their anniversary day and who doesn't like little surprise gifts on their anniversary? <a href=""/anniversary/flowers"">Anniversary flowers</a> are no doubt the best anniversary gifts for your significant other. And when they receive a gorgeous bouquet of favourite flowers on his/her anniversary day, it would definitely be the best surprise for them.</p><br/> <p>At Bookmyflowers, we will provide you a dazzling array of anniversary gifts online India. Here, one can choose and <b>send anniversary gifts online</b> anywhere in India from huge varieties of anniversary gifts including distinct types of flowers such as lilies, roses, dahlias, daisies and even orchids. We also offers other ranges of <b>anniversary gifts online in India</b>; All those are needed to be carefully buy from collection of the best <a href=""/anniversary/flowers"">wedding anniversary gifts online</a> and categorized them on our website. At an affordable price, you can buy and send any anniversary gifts online across the India and we will make sure that your selected online anniversary gifts reaches to your loved ones in record time at their door step.</p><br/> <p>If you want to <b>buy anniversary gift online</b>, we would urge you to have a look at our site and select some of the most unique and amazing anniversary gifts to make any of your family member, friend and life partner feel really special on his/her anniversary. What's more, we also provide you the option to send anniversary gifts online in any location in India with ease! </p>","Send anniversary Gifts Online , Buy best marriage anniversary gifts",Let her feel special as you gift her flowers and chocolates on your marriage anniversary. See the best marriage anniversary gifts to send online.,"anniversary gifts online, send anniversary gifts online, anniversary gift,wedding anniversary gift,marriage anniversary gifts,best anniversary gifts,anniversary gift ideas"
2,125,Personalized Anniversary Gifts,"<h2>Personalized wedding anniversary gifts online in India</h2><p>For married couples,wedding/marriage anniversary is that time of the year when the couple will relive the moments they have spent together. It marks a commitment that the couple will keep and spend the rest of their lives together. It is also the time you would like to shower your partner with the personalized Wedding Anniversary Gifts. After all, presents and gifts for marriage anniversary are always special.You can order these perfect personalized <a href=""/anniversary/gifts-for-wife"">wedding anniversary gifts for wife</a> or husband with home delivery services in India from our online store.</p> </br><p>We at Bookmyflowers understand this. So, we bring to you a dazzling array of anniversary gifts to choose from and send them to your significant other. In order to buy Personalized <a href=""/anniversary/gifts"">Anniversary Gifts Online</a> India, we are the first and foremost company who will deliver your gift within a stipulated time. What's more, once you have selected the marriage anniversary gifts for wife or husband online, we will also gift pack it and send them to your partner. Our prices are some of the best in the market and when you are at our website, you wouldn't be surprised to see some of the best and largest collections of <a href=""/anniversary/flowers"">Wedding Anniversary Gifts Online</a> India.</p>","personalized gifts for wedding anniversary, Gift for marriage anniversary",Find and order best personalized gifts online for your spouse on the occasion of wedding anniversary.  We deliver your wedding or Marriage anniversary gifts across India at same day or as per the date and time specified by you.,"personalized anniversary gifts India, personalized anniversary gifts, send anniversary gifts online,personalized gifts for him india,personalised wedding gifts"
0,130,Buy Plants Online,"<h2>Buy Bonsai, Lucky bamboo Plants Online</h2> <p>Every moment, be it the toughest of your times or the good ones it definitely makes you grow and allow you to mature beautifully and turn out to be a beautiful person. If there is one such person whom you have seen growing step by step it is time to gift them online plants which will surely be something unique and classy this season. Occasion can be a corporate Anniversary, Mothers Day or Women's day but it is surely something which is going to stand above the rest. Bookmyflowers have specialized in sending such plants online to your loved ones.</p> <p>You can either send our Good Luck Bamboo online or the one for you to your friends and mothers to let them know that they have helped him/her to grow.  It can be the perfect gift for your loved one and they are going to cherish this online plant for a lifetime.</p>","Buy bonsai, lucky bamboo plants online in India - Bookmyflowers","Buy all kind of plants online to decorate your home, office or to gift someone. We have wide range of plants such as bonsai, lucky bamboo, flowering plants, gardening plants, herbs etc.","Buy Bonsai Plants Online India,Lucky Bamboo Plants,Buy Plants Online India,Order Plants Online India"
2,11,Wedding Anniversary Cakes Online,"<h2>Order Wedding Anniversary cakes online</h2><p>Cakes have always been the language of love. So, whether it's your best friend's birthday or your significant other's anniversary; cakes can be the perfect way to tell them that you love them. At Bookmyflowers, we have some of the widest range of <a href=""/cakes"">cakes online</a> to help you say Happy Marriage Anniversary to Your Significant other. We will give you the option to order wedding anniversary cake online and give your better half the best anniversary.</p><br/> <p>From chocolate to black forest and pineapple; our range of delicious cakes will give you an option to select the best cakes among all the varieties and make place your anniversary <a href=""/cakes"">cake online order</a> for your selected cake such as 25th anniversary cake. Our wedding anniversary cakes price ranges vary according to the size and flavours and we will have delivered your <b>anniversary cake online order</b> at your doorstep in the stipulated time. When you order anniversary cakes online at our store, you wouldn't have to worry about damaging it on the way. We will make sure that the cake reaches you in the best condition. </p><br/> <p>By ordering anniversary cakes online and other <a href=""/birthday/gifts"">birthday gifts online in India</a>, you can come across various online options of marriage anniversary cake to choose from which make your search easy and fun. Like, while order anniversary cakes online, you can see distinct varieties of cakes specially made for anniversary purpose are present at our website with endless designs and flavors. You can book your order in weight of 2 kg, 1kg and <a href=""/cakes"">half kg cakes</a> for anniversary.</p>","Wedding anniversary cakes online delivery on Order, 25th Marriage anniversary Cake - Bookmyflowers",Celebrate your happy moments with our special wedding anniversary cakes. Choose your favorite flavor and place 25th marriage anniversary cake order online for home delivery.,"Anniversary Cakes,Anniversary Cakes Online,Anniversary Cakes Delivery,wedding anniversary cakes,marriage anniversary cake,25th anniversary cakes"
2,49,Anniversary Flowers Online,"<h2>Wedding Anniversary Flowers Online</h2><p>Anniversary is a special time for anyone. And what better way to say it then through anniversary flowers? From most of the leading wedding anniversary flowers online stores like our store: Bookmyflowers are becoming very preferred ways of sending wonderful collection of anniversary flowers online to your partners.</p><br/> <p>At our site, we will even give you the option to deliver your choice of anniversary flowers bouquet online to your loved ones within a day's or defined time frame or on your wedding date. Not only do we have pre-made anniversary flowers, but we also have an option where you can have your anniversary <a href=""/flower-bouquets"">flowers bouquet</a> made with your choice of flowers online. We guarantee that fresh, beautiful and amazing smelling anniversary flowers will reach at your desired location in the time we promise. What's more, our wedding anniversary flowers prices are also some of the best in market and you wouldn't have to worry that the flowers will wilt by the time they reach to your receiving person. At Bookmyflowers, <b>anniversary flowers online</b> will reach on time and in the best of condition.</p><br/> <p>Even if you always keep very busy or confused into getting a present for your girlfriend, wife, friends or any other family members on them birth anniversary. Now, you can send anniversary <a href=""/"">flowers online</a> across the India and saves a lot of time, money as well as efforts of a person from any trouble. And, it's a universal fact that everyone loves surprises more than anything on his/her anniversary day.</p>",Book and Send wedding anniversary flowers to your dearest - Bookmyflowers,Milestones can be celebrated when you send anniversary flowers online to congratulate someone on his or her marriage anniversary occasion. Deliver anniversary flower bouquet for your wife.,"Anniversary Flowers, wedding anniversary flowers, anniversary flowers online, anniversary flower delivery, send anniversary flowers, marriage anniversary flowers, buy anniversary flowers"
2,91,Anniversary Gifts For Husband,"<h2>Buy Anniversary Gifts for Husband Online</h2><p>It's that time of the year again. It's your anniversary and all that work at office made you completely forget it! But time is short and you don't know what <strong>anniversary gifts for husband</strong> you should buy. The cardinal rule is that, anniversaries are special and you ought to find some anniversary gift for your hubby. But don't worry; we at Bookmyflowers are here to bail you out. Thanks to our website, we will be able to give you umpteen numbers of choices when it comes to selecting the best <a href=""/anniversary/gifts-for-husband"">wedding anniversary gift for husband</a>. </strong></p></br> <p>We not only have <a href=""/flowers-with-cake"">cake and flowers online</a>, but we also have a huge collection of other gifts such as personalized photo frames and other such frames which you can give your husband. You can also give him an assortment of gifts which we have personally handpicked for the special man in your life. You can visit our website and select your <a href=""/anniversary/gifts"">anniversary gift online</a> for your partner. Here you can find the best anniversary gift ideas for husband.We guarantee that it will reach your husband well before time!</p>",Buy Anniversary Gifts For Husband Online -Bookmyflowers,Anniversary Gift For Husband: Bookmyflowers brings ranges of anniversary gifts for husband online! Grab some quality anniversary gifts for husband at lowest cost.,"anniversary gift for husband, anniversary gifts for husband, husband anniversary gifts, online anniversary gift for husband, best anniversary gift for husband"
2,95,Anniversary Gifts for Wife,"<h2>Buy Anniversary Gifts for Wife Online in India</h2><p>Choosing wedding anniversary gifts for wife is a very difficult preposition. Most husbands are stubbed when it comes to choosing a gift she will like. After all, there are so many choices for women! So, every year it becomes a literal pain searching for the best anniversary gift for your wife. But don't worry, we at Bookmyflowers have the sweetest range of anniversary gifts tailor-made to give your wife a sweet-smelling and sweet-tasting surprise.</p></br> <p>We have some of the best collection of <strong>marriage anniversary gifts for wife</strong> ranging from flowers of myriad kinds to chocolates and cakes. We offer countless variety of <a href=""/anniversary/gifts-for-wife"">wedding anniversary gifts for wife</a> such as flowers, cakes, cosmetics gift items, chocolate basket etc. What's more, we even have a provision to have a <a href=""/anniversary/personalized-gifts"">personalized anniversary gift</a> sent, where at a very affordable price; we can have a photo of the couple! Our prices are some of the most competitive ones in the market .You can deliver your anniversary gifts for your wife online in all the major cities of India. But, don't go by the price, our collection of gifts may not be expensive, but we do have gifts to light up someone's life! </p>",Buy Anniversary Gifts For Wife Online India - Bookmyflowers,Anniversary Gifts For Wife: Avail especially designed anniversary gifts for your loving wife online from Bookmyflowers. Order anniversary gifts for wife online in India.,"anniversary gifts for wife, anniversary gifts wife, buy anniversary gifts for wife, anniversary gifts for wife online, anniversary gifts for wife India"
2,93,Anniversary Gifts For Parents,"<h2>Marriage anniversary gifts for parents</h2><p>Your parents have been your inspiration always. You have always seen your parents love each other unconditionally and you would love to commemorate their birthday with something special. To celebrate their anniversary in a special way, you would have to search the best marriage anniversary gifts for parents.But where do you find the perfect gift?</p></br> <p>This is where we, at Bookmyflowers come in. We specialize in anniversary gifts. From cakes to flowers and personalized gifts, we have everything that you could possibly buy to make the occasion even more special. Choosing <a href=""/anniversary/gifts-for-parents"">wedding anniversary gifts for parents</a> becomes a breeze at our site. We have divided each section and you can choose to gift either flowers, or cakes or chocolates or even personalized photo frames. What's more, we also give you an option to mix and match. Thus, you can also choose to give them special combo gifts with cake and flowers or a cake and some <a href=""/personalized-gifts"">personalized gift</a> on this occasion.</p>","Anniversary Gifts For Parents, Wedding Anniversary Gifts For Parents",Anniversary Gifts For Parents: Shop for exclusive range of wedding anniversary gifts for parents from India's leading anniversary gifts at competitive prices.,"anniversary gifts for parents, wedding anniversary gifts for parents, wedding anniversary gift for parents"
0,134,Send Roses Online,"<h2>Buy and Send Fresh Roses, Bouquet Online</h2><p> Expressing love can take almost years but it can be expressed within few seconds with bouquet of red roses.  These crimson velvety red flowers bouquet are so glamorous to look at that the mere sight of it can express love to the fullest. At Bookmyflowers we have the perfect set of blooms which are specially chosen by our florists so that they express what they are destined to. These gorgeous flowers are ornate with fresh  dew drops which will make them look fresh as if they have just been hand  plucked from the garden.</p> </br> <p> At Bookmyflowers you can <a href=""/flower-bouquets"">send  bouquet</a> of red roses on occasions such as Valentine&rsquo;s Day, Anniversary and  Wedding. If you feel that you will not be in a position to make up for their  special occasion you can get a bouquet of <strong>rose  delivery</strong> done online. These beautiful gorgeous looking flowers will mesmerize you with its relentless beauty.</p > </br> <p> So whenever you feel that words are falling short don&rsquo;t waste time just send bunch of roses  online to your loved ones home. These roses are the perfect messengers of your heart and it has the ability to express the unexpressed in the most beautiful way possible. </p>","Buy roses online, Send Fresh Rose Bouquet - Bookmyflowers","Love is best expressed with roses. Buy lovely rose flowers bunch, bouquet online to send your sweet heart and express your emotions to him or her with our on time delivery services.","Roses Flowers,red rose bouquet,beautiful rose flowerbouque, of red roses,send roses online,online rose delivery"
0,31,Carnations Flower Online,"<h2>Buy Online Carnation  Flowers Arrangements</h2><p> Sometimes &lsquo;messed up&rsquo; also looks beautiful and you will know  that it holds true with our <strong>beautiful  bunch of carnations</strong> that you can buy online easily. Its ruffled look is surely going to make you fall in  love with it. Carnations stand as a symbol of fascination, distinction and  love. Our florists at Bookmyflowers are in the process of choosing different  color flowers to symbolize different meaning. A light pink carnation symbolizes  admiration and the darker ones will help you in conveying your deeper emotions.</p></br><p>The deepest emotions these flowers portray turns out to be  the highest praise for these classic beauties. They can be a gorgeous looking  bunch on <a href=""/valentines-day/gifts"">Valentine&rsquo;s Day</a>,  Wedding or Anniversary if you want to choose something different from your  personal favorites.</p> </br> <p>Bookmyflowers also allow you to buy carnation flower arrangements and get the online delivery at the fastest pace so that your dear ones don&rsquo;t feel left out on her  most important day. Our Florists will get the perfect bunch for you to express  right what is hidden within you.</p>","Carnation Flower Online, Buy Carnation Flower Arrangements",Carnation flowers arrangement: Order Carnation flowers to send it online in India.,"carnation flower,carnation flower Online,Buy carnation flower,Order carnation flower"
0,113,Lilly Flowers Online,"<h2>Send Lily Flowers Bouquet Online</h2><p> From being a tiny tort to a full  grown adolescent, it has always been your mother who has been there to pull you  out from the biggest of problems without expecting anything in return. It is time for you to make her feel special, <a href=""/flower-bouquets"">send her a bouquet</a> of lily on this Mother&rsquo;s Day and showcase all your love and  affection you have for her. Express the deepest of gratitude for all those tough times when she stood by you like a pillar of strength.</p> </br>  <p> These beautiful lily flowers are sure to well  tears in her eyes as she will be experiencing the warmth of the relationship.  Lilies are the perfect symbol of motherhood and she might not have experienced anything more beautiful than this <a href=""/mothers-day/gifts"">Mother&rsquo;s Day</a>.  You can also gift lilies to your friends and relatives on any other occasion as well. At Bookmyflowers you can buy and send lilies online to your mother or to your dear ones at the fastest speed and see you mother enjoying this bond of motherhood like never before. These beautiful bunch of lily flowers also have the charm and elegance to make you feel calm and serene at heart.</p></br><p>Being elegant and artful is an inherent feature of every lily. These lily flower bunches are symbol of faith, hope, renewal, promise and passion. They have a tantalizing smell which is sure to suit every personality and fits almost every occasion. You can buy lily flowers online and gift it to your Mother on this Mother's Day as it is a perfect symbol of Motherhood in Greece. At Bookmyflowers you will find Lilies in innumerable colors so that you have option to choose from for your dear ones. You can also send bunch of lilies on occasions like Birthday, Anniversary and Weddings too.</p>",Send bouquet of Lily flowers bunch Online- Bookmyflowers,Buy a bunch of lily flowers online from Bookmyflowers at an affordable price. Send a bouquet of lily online across India.,"lily bouquet,red lily flower,buy lily flowers online,beautiful lily flowers.lily flower bunch"
0,122,Orchids Flower Online,"<h2>Buy Orchids Flower arrangements Online</h2><p>These sensual looking flowers are sure to fill the room with an aroma that has a sense of magnetism in it. You can buy an online bunch of these fresh orchids blooms which can be softly cuddled with each other and beautifully hand wrapped to be the perfect present for your loved ones. You can send glamorous <strong>orchids online</strong> to the one you love on his/her Birthday, Anniversary, Wedding or even <a href=""/valentines-day/flowers"">Valentine's Day orchid flowers</a>.</p> </br> <p>You can buy Orchids online from Bookmyflowers for your dear ones so that they are delighted to see that they mean a lot to you. These flowers are available in different colors so that you get the freedom to choose your loved one's favorite. Arrange these flowers to form a nice bunch or bouquet so that she can place it on a table top or workplace which will keep reminding her of your heart felt love. All these orchids flower arrangements are made available to you at an affordable price. So book your order now to buy orchids online from Bookmyflowers.com.</p>","Orchid Flower Arrangements, Buy Orchid Flowers Online India",Buy Orchids Online: Order orchids flower arrangements online in India from wide and exclusive range of orchid flowers at Bookmyflowers.com. Avail heavy discount on your orchid flower order now.,"buy orchids online india, orchids online india, orchid flowers in india, orchid flower arrangements, buy orchid flowers online, orchids buy online, orchids online buy, order orchids online"
0,78,Gerberas Flower Online,"<h2>Send Gerbera Flower Arrangement Online</h2> <p> If your friend is going through the dullest moment of her life, brighten it up with this rainbow colored Gerberas. These brightly colored Gerberas symbolizes cheerfulness and is sure to illuminate the dullest of face within a snap of the finger. You can now buy these glamorous blooms from Bookmyflowers which can be an excellent gift on occasions like, &lsquo;Get Well Soon&rsquo;, &lsquo;<a href=""/thank-you/flowers"">Thank you</a>&rsquo; and  &rsquo;Birthdays. Order a bouquet of Gerbera flowers for your dear ones and enjoy the  cheerful expression on their face.</p> </br>  <p>If you feel that your dear one is  down with some illness these brightly colored Gerbera flower is sure to cure  half of it with its warm and vibrant colors of pink, orange, red, white and  more. This glamorous <a href=""/flower-arrangements"">flower arrangement</a> has been specially done by our florists which has been hand tied with all the love and affection.</p> </br>  <p>Geographical distance cannot  deter you from <a href=""sending flowers</a> as you can send them online. This warm and  stunning look of these Gerbera flowers is going to gift them a cheerful smile  and the deepest affliction you have toward them which is completely unmatched.With the strong logistical support that we have we can send online Gerberas in Mumbai, Pune. Bangalore, Hyderabad, Delhi, Chennai to your dear ones and make them feel that you can travel thousand miles to make their occasion â€˜Picture Perfect'. We also ensure that all our gifts our timely delivered so that all your friends, families and relatives can rejoice and be a part of the celebration. Get an <a href=""/flower-bouquets"">online delivery of flowers</a> such as Gerberas and make their day to be the most memorable one in their lives. If smile is what you want to gift Gerberas can be best pick for you.</p>","Send Gerbera flowers arrangement online, Order Gerbera Bouquet - Bookmyflowers",Order beautiful gerbera flowers arrangements and gerbera flowers bouquet and send it online to congratulate your friends and relatives on different occasions.,"Send Gerbera flowers, Gerbera flowers arrangements, Gerbera Bouquet, Online Gerbera flowers, Buy Gerbera flower"
0,116,Mixed Flowers Online,"<h2>Mixed Flower Bouquet Online</h2> <p>Make  your dear one&rsquo;s life colorful with different flowers hand tied together to form  a bunch. These vibrant set of blooms are sure to gift a cheerful smile on your  dear one&rsquo;s face. For all such occasions we have mixed bouquets. The different  color flower will be indicative of different meaning and this is surely going  to make your loved feel that you have put a great deal of thought into it. This flower bunch is freshly wrapped to give you a feel as if they have been plucked  right from the garden to be <a href=""/gift-hampers"">sent a gift </a> to your loved ones.</p></br> <p>At  Bookmyflowers we can make a nice bunch or a <a href=""/flower-bouquets"">bouquet</a> of mixed flowers as per your instructions. The beautiful bunch can be made by  combining different flowers like Daisies, Tulips, Lilies, Roses and <a href=""/gerberas"">Gerberas</a> which  will make them look strikingly elegant. These set of mixed bouquet can be an  excellent gift on occasions like &lsquo;Get well soon, Thank you and Birthday.</p> </br><p> We  also ensure a timely delivery of all these mixed bunch of flowers so that they reach your  loved ones well on time. If you feel that you are too tired to visit a florist  you can order it online from your home</p>","Order Mixed bunch of flowers, Deliver Mixed Flowers bouquet Online - Bookmyflowers",Select your favorite mixed bouquet online and get it deliver at your place. Mixed bouquet is a bunch of different types flowers in a single pack.,"Mixed bunch of flowers, Mixed Flowers bouquet , bouquet of flowers, Mixed bouquet"
7,49,Birthday Flowers Online,"<h2>Send Happy Birthday Flowers Online in  India</h2><p>A glamorous mix of flowers being embraced by a satin ribbon to form a beautiful bow is sure to bring a guaranteed smile on your face and that is the least we could expect to gift our loved ones on his/her Birthday with online birthday flowers delivery options. With Bookmyflowers, you can pick and send birthday flowers online which our florists have carefully chosen so that it forms the <a href=""/birthday/gifts"">best Birthday gift</a> tantalizing your loved ones with its pure fragrance. We take a little pride and arrogance in getting the flower delivery done dot on time, be it at midnight or any fixed time of your choice.</p></br> <p>You can send the right Happy Birthday flowers online which has a variety that is as large as the human race, starting from the colorful Gerberas to cute Daisies to sturdy orchids to the lovely roses. All these flowers are cuddled by a soft protective paper so that even the lightest human touch cannot spoil the freshness of the flowers. Personalize it with a Happy Birthday Card showered with countless love and blessings.</p></br><p><a href=""/birthday/cakes"">Birthday Cakes</a> are almost an integral part of the occasion. It is time to add a little bit more than the sweetness of the occasion and combine it with the freshness by sending Birthday Flowers online. Make your loved one feel more loved by indulging themselves in the mild aroma of the Happy Birthday flowers which are freshly plucked and hand tied with a personalize message.</p>","Online Birthday Flowers Delivery In India, Send fresh Flower Online",Get online birthday flowers delivery in easy step. Send fresh flower online across India to wish a happy birthday to your near and dear one's.,"Birthday Flowers, Birthday Flowers Delivery, Birthday Flowers Online, Send Birthday Flowers, Online Birthday Flowers Delivery In India , Flowers for Birthday"
2,49,Anniversary Flowers Online,"<h2>Wedding Anniversary Flowers Online</h2><p>Anniversary is a special time for anyone. And what better way to say it then through anniversary flowers? From most of the leading wedding anniversary flowers online stores like our store: Bookmyflowers are becoming very preferred ways of sending wonderful collection of anniversary flowers online to your partners.</p><br/> <p>At our site, we will even give you the option to deliver your choice of anniversary flowers bouquet online to your loved ones within a day's or defined time frame or on your wedding date. Not only do we have pre-made anniversary flowers, but we also have an option where you can have your anniversary <a href=""/flower-bouquets"">flowers bouquet</a> made with your choice of flowers online. We guarantee that fresh, beautiful and amazing smelling anniversary flowers will reach at your desired location in the time we promise. What's more, our wedding anniversary flowers prices are also some of the best in market and you wouldn't have to worry that the flowers will wilt by the time they reach to your receiving person. At Bookmyflowers, <b>anniversary flowers online</b> will reach on time and in the best of condition.</p><br/> <p>Even if you always keep very busy or confused into getting a present for your girlfriend, wife, friends or any other family members on them birth anniversary. Now, you can send anniversary <a href=""/"">flowers online</a> across the India and saves a lot of time, money as well as efforts of a person from any trouble. And, it's a universal fact that everyone loves surprises more than anything on his/her anniversary day.</p>",Book and Send wedding anniversary flowers to your dearest - Bookmyflowers,Milestones can be celebrated when you send anniversary flowers online to congratulate someone on his or her marriage anniversary occasion. Deliver anniversary flower bouquet for your wife.,"Anniversary Flowers, wedding anniversary flowers, anniversary flowers online, anniversary flower delivery, send anniversary flowers, marriage anniversary flowers, buy anniversary flowers"
38,49,Congratulations Flowers & Gifts,"<h2>Buy Congratulation flowers and Bouquet online</h2><p>It is time for recognition of all those wonderful and rewarding moments that you have thus achieved. Be it the unforgettable anniversaries or the new job that you have, all your deeds are worth celebrating and treasuring for with a lovely <a href=""/flower-bouquets"">flower bouquet</a> from Bookmyflowers, which they are going to remember for a lifetime. All these flowers are nicely bunched together by our florists so that you can send these flowers to your loved ones to congratulate them on their prestigious occasion.</p> </br><p>If you feel that you are too tied up with your schedule you can <a href=""/"">send flowers online</a> to your loved ones so that they can feel and share your happiness. We ensure a timely delivery of all our gifts and if you want to choose a slightly off beaten track, you can also send cakes with a handwritten message stating the amount of happiness you have thus achieved at their accomplishment.</P> </br><p>Some wishes are never enough for some remarkable moments and such moments should always be celebrated with pomp and show.Send a flower bouquet online to congratulate your dear ones and make them feel that you wish them yet higher accomplishments in life than they have already achieved. Let the fragrance of the fresh flowers motivate them to move ahead in the ladder of success.</p> ","Congratulation Flowers,Online Congratulation bouquet of flowers",Send congratulation flowers and bouquet online to your friends and relatives to congratulate them on their achievements.,"congratulations flowers,congratulation bouquet of flowers,congratulation gift, Send congratulation flower online"
80,49,Get Well Soon Flowers & Gifts,"<h2>Get well soon Flowers Delivery Online</h2><p>Wish a quick recovery to your loved one by sending a fresh bunch or <a href=""/flowers"">bouquet of flowers</a> which have been naturally embellished with dew drops to make your dear ones feel that they have been specially plucked from the gardens to liven up your dear ones room. Get an online delivery of fresh flowers from Bookmyflowers to make your loved one understand that how badly you want him/her to be all hale and hearty. A bunch of colorful tulips and the exotic Gerberas can be a nice pick for your loved one.</p></br><p>All our flowers are arranged by our florists who have had the desired expertise in brightening up your dear one's life from time in immemorial and these colors will surely add some vibrancy into your dear one's life. You can now order and send flowers to your loved ones to ensure that they get well soon.</p>",Order and Send get well soon flowers and gift baskets online - Bookmyflowers,"Order and send your well wishes with get well soon flowers, gift baskets online to show how caring you are for him or her.","get well soon flowers,get well soon gifts,get well soon gift baskets"
141,49,Thank You Flowers,"<h2>Order Thank You Flowers,Gifts Online</h2><p>If a three letter word can make a relation then a two letter word can strengthen it. â€˜Thank You' a sweet word of appreciation for all the efforts that have been putting in to make it grow. Get an online delivery of cake and flower from Bookmyflowers to say it the perfect way. We have a whole range of chocolates, flowers and cakes to choose from, you can order flowers which your dear ones so terribly love or you can also get a online cake delivery of a chocolate cake or any other of his/her personal favorite to make her feel that you care so much so that you take all her likes and dislikes into consideration for appreciating all her efforts</p></br>You can <a href=""/flowers"">order flowers</a> , gifts and cakes online and that too at a very nominal price so that it shouldn't fall too heavy on your pockets. All the gifts, flowers and chocolates have met the quality standards so that they are the best ones to be sent to your dear ones.</p>","Order thank you flowers, gifts and cakes online - Bookmyflowers",Express your feelings with lovely thank you flowers. Order and send your thank you flowers and gift online to show your gratitude.,"thank you flowers,thank you gifts,thank you chocolates,thank you cake"
140,49,Sympathy Flowers Online,"<h2>Sympathy and Funeral Flowers online</h2><p>Show your dear one's that their presence will always be missed no matter whether they are far or near. <a href=""/flower-bouquets"">Send a nice bouquet</a> of white Lilies or Daisies from Bookmyflowers to showcase your deepest sentiment that they will always be remembered in their thoughts. You can buy, order and send these sympathy flowers on the day occasion.</p></br><p>Our florists compile only the freshest of flowers together which are beautifully hand tied and wrapped with a protective sheet of paper so that they remain as fresh as the dew drop. You can also pin a handwritten message which says â€˜Your memories will never fade out'.</p>","Buy sympathy flowers bouquet, funeral flowers online - Bookmyflowers",Buy sympathy and funeral flowers and send them online to express your sympathy to grieving friends and relatives.,"sympathy flowers,sympathy flowers Bouquete,funeral flowers"
138,49,Sorry Flowers Online,"<h2>Send I am Sorry Flowers and Gifts Online</h2><p>â€˜Why should I' and â€˜Why can't you' can be brought together by supplementing it with â€˜I am sorry'. If â€˜I Love You' can commence a relation then â€˜I am sorry' can continue it further. Send the perfect <strong>sorry flowers online</strong> to let your loved ones feel that the relationship you share matter more than the ego. After all it takes a whole lifetime to build the relationship and just seconds to break it. Avail the <a href=""/"">best flowers online</a> and let your dear ones feel that you love them way more to let them go.</p></br><p>With Bookmyflowers, you can send the perfect apology flowers to win them back. A sparkling bunch of Lilies or an exotic bunch of <a href=""/mixed-flowers"">mix flowers</a> can be carefully brought together to express your sincerity towards the relationship. Personalize it with a greeting card and pen down your heartfelt emotions to make your dear ones feel that despite all the fights and quarrel, the magnitude of love you have for them.</p>","Send sorry flowers and gifts online, Apology flowers delivery - Bookmyflowers",I m sorry flowers online:  send your heartfelt apology to say sorry with flowers and gifts basket.,"I am sorry flowers, Sorry flowers,Sorry gifts,Sorryï¿½chocolates,Sorry ï¿½cake"
0,49,Online Flower Delivery,"<h2>Online Flower Deliver in India</h2><p>Occasions, special occasions or no occasion's a bouquet of flowers can be gifted for any occasion with online flower delivery services. Be it Birthday, Anniversary, Wedding, Valentine's Day or any other day, flowers are the most suitable gift to ensure a guaranteed smile on your dear one's face, so send flowers to wish them from any part of India. You can order <a href=""/"">flowers online</a> from Bookmyflowers which has a whole new variety of flowers from the crimson velvet flowers to the delicate white Daisies and the colorful Tulips. All these flowers are carefully tied and neatly embraced with a soft paper to keep it as fresh as they have been instantly plucked from the gardens.</p></br><p>All you need to do is just order flowers or a bouquet of flowers and you can firmly believe that we will be delivering it dot on time so that the moment doesn't get spoilt. Adorn it with a beautiful handwritten message to add a little bit of your own creativity and make your dear one feel extra special. You can order from a big bunch to small <a href=""/flower-bouquets"">bouquet of flowers online</a> for your dear one's to make their day larger than life.</p>","Order Bouquet of flowers, Online Flower Delivery, Send Flowers to India",Bookmyflowers offers variety bouquet of flowers online at affordable prices. Place your order to send beautiful flower arrangement in India with our online flower delivery services.,"Online Florist,Bouquet of Flowers,Online Flower Delivery In India, Flower Bouquet, Send flowers to India, Online flower delivery, Flower delivery in India"
0,70,Buy Flowers with Cakes Online,"<h2>Send Flowers  and Cake Online</h2> <p> There are times when your dear  ones are mad at you for forgetting their most important day, you start feeling  that you have lost them forever and you don&rsquo;t know how to win them back. For  all such tough situations, a bunch of flower is not enough to spell its magic,  so you think of sending both cake and flowers. At Bookmyflowers, we have  trained specialists, our florists will choose the best flowers to express the feeling  of love which will help in cooling them down and on the other hand our handmade  cakes are sure to win their heart with its perfect aroma and fragrance that is  surely going to leave them spell bound.</p> </br> <p> Our Flowers and cakes have the  perfect blend of expressing the right emotion and bringing out the sweetness  you have for your loved ones in your heart. No matter how annoyed they are,  mere sight of our scrumptious cake with beautiful bunch of flowers is going to  make them realize that how much you care for them.With Bookmyflowers you can <a href=""/cakes"">order cakes</a> and flowers online and get it delivered at their home. Surprise your loved ones  with flowers and cake so that they know that even if you have forgotten their  important day but as soon as your gift is delivered online they will feel the  warmth and love you have for them in your heart.No matter how maddening it becomes but you still love her and you can't do without her.</p></br><p> So no matter what it takes you still will not miss a chance to win her back with our <a href=""/gifts"">online gifts delivery</a> services. So be it her Birthday, Anniversary, Valentine's Day or Women's day send her a perfect combo of flowers and cake online at your comfort. Cake will sweeten up the sour memories and flowers will freshen up the love that you have in your heart. Our <a href=""/cakes"">half kg cakes</a> and flower combo is the most ordered one and you cannot go wrong with this one, if you want her back.</p>",Send Flowers with Cakes Online in India from Bookmyflowers.com,Send flower with cake on birthday or anniversary of your dear one's as these two are the best and most popular gifts.,"Send Cakes India, Birthday Flowers Delivery, Cake And Flowers, Cakes And Flowers Online, Send flowers and cakes, Buy flowers and cakes , Flower and cake delivery"
0,72,Flowers with Chocolates Online,"<h2>Send Flowers and Chocolates Online</h2><p>Glamorous looking flowers are sweetened up with premium quality chocolates. They just so beautifully complement each other that they become best gifts for almost every occasion be it Birthday, Anniversary, Valentine's Day or even <a href=""/mothers-day/gifts"">Mother's Day</a>. Our florists at Bookmyflowers choose just the farm fresh flowers to form a bunch which are then combined with mouth relishing chocolates.</p> </br><p>You have the freedom to choose from a wide variety of flowers that we have such as Roses, Gerberas, Lilies and Orchids to name a few and moreover they are made available at n affordable price. The chocolates are of the best quality making it melt in your mouth. You have the freedom to choose from one of the best combos that you like the most. You can send this flowers and <a href=""/birthday/chocolates"">chocolates online</a> to your dear ones and we assure you get a timely delivery of the same.</p>",Flowers with Chocolates - Buy / Send Flowers with Chocolates Online | Bookmyflowers,Want to send flowers and chocolates online? Bookmyflowers provide you online delivery of chocolates and flowers at your door step.,"Send flowers and chocolates, flowers with chocolates, flower and chocolates combo"
0,48,Flower Bouquets Online,"<h2>Order and Send Flowers Bouquet Delivery Online</h2><p>Looking for the <strong>best flower bouquets online delivery</strong> shop in India, you will not find a better place than Bookmyflowers. We have made <strong>online bouquet delivery</strong> simple so that you can personally <a href=""/birthday/flowers"">send birthday flowers</a> to your loved ones at their door step.We provide a wide array of flower bouquets and flower combos for anniversary, birthday, Valentine's day, Mother's day, father's day and for multiple occasions. We have different colors of roses, carnations, lilies, etc which are crafted in stunning flower arrangements.</p></br><p> So, if you are willing to <strong>send flower bouquet online</strong>, we assure you to deliver fresh flowers on time with satisfaction guarantee. Our strong delivery system makes us one of the best options to <strong>send flower bouquet online</strong> in India. Also, we offer services for <a href=""/mid-night-delivery"">midnight flower delivery</a>, same day, next day or even fix time delivery of flowers for all occasions.Sometimes too much also looks too less and no matter how many times you might have told your dear ones what they mean to you but still you might be falling short of words to express it with the right emotion. To get you emotion right at the first place you can <a href=""/"">send online flower</a> bouquet delivery to your loved one and make them feel that flowers are still the best way to express the feelings of your heart. Let this expression be portrayed with a lovely bunch of online bouquet. Our online flower bouquet delivery can be choosen for flowers like orchids, gerberas, lilies, roses, carnations or you can go for a mixed flower bouquet delivery.</p>","Send Flower Bouquet Online, Order Flower Bouquets Delivery Online",Looking for flowers bouquets online delivery? Book My flowers facilitates to send flower bouquet online at affordable prices. Order your flowers bouquet delivery Now!,"bouquet delivery, flower bouquet delivery, flowers bouquet online, online bouquet delivery, bouquet delivery online, flower bouquets online delivery, online bouquets delivery, bouquet order online, send flower bouquet online"
0,47,fresh flower arrangements Online,"<h2>Buy Flower Basket Arrangements in Online</h2> <p>Bouquet  and bunches are quite easy to find, let this occasion be a little different  from the rest. It is time for you to charm your wife, girlfriend or your loved ones with a flower basket from Bookmyflowers. Some of the <a href=""/"">best flowers</a> are chosen by our florists and they are then carefully woven together which is then quite exquisitely placed in a beautiful basket. Our florists at Bookmyflowers have been trained to make the <strong>flower arrangement</strong> look elegant and beautiful. They look quite well arranged in the flower basket and serve as an <a href=""/gifts"">excellent online gift</a> for your dear ones.</p> </br>  <p> Flowers  have a unique way of expressing your thoughts and emotions. It has the power of showcasing your heartfelt desires in the easiest way possible. You can get a <strong>flower basket delivery</strong> done on occasions like Birthday, <a href=""/anniversary/gifts"">Anniversary</a>, Valentine's Day and Wedding. All you need to do is just place the order at Bookmyflowers and get it home delivered. </p></br> This beautiful flower basket arrangement is quite easy to carry and can be a nice decorative piece for your house. If you feel that a simple flower basket is not enough you can add on some gifts or soft toys which can make it a nice combo for your dear ones. </p>","Send flower arrangement, bouquet, hanging flower baskets to India - Bookmyflowers","Let your love manifest with a basket full of love, order a basket arrangement of flowers online in India.  Discover your choice of hanging baskets to send your recipient for same day or next day delivery.","Flower Arrangement, hanging flower baskets, flower basket delivery, flower basket delivery to India, fruit and flower baskets, birthday flower baskets, fresh flower basket"
0,147,glass vase arrangements,"<h2>Buy Fresh flowers Glass Vase Arrangement</h2> <p>Let elegance take its own  command; get a beautiful glass vase arrangement for your loved ones on their  special occasions. These beautiful flower arrangements have the innate charm of  make it look more premium, classy and sophisticated.  It can be an appropriate <a href=""/anniversary/gifts"">gift  for Anniversary</a>, Weddings and other occasions of your choice. Our florists  at Bookmyflowers have excelled in the art of arranging these flowers in the  most beautiful way possible.</p> </br> <p> This <strong>glass vase arrangement</strong> can be a nice decorative item on the table  top or you can also place it in your living room to make it more lively and  fresh. Fresh flower arrangement also has the power to bring positivity and  gaiety in the room, relieving you from all the negativity around. We have a  good variety of flowers available with us starting from the personal favorite  <a href=""/roses"">Roses</a>, and Lilies to our signature special of Orchids, Daisies and Gerberas. </p> </br><p>  Bookmyflowers  also has an <a href=""/flower-bouquets"">online flower delivery</a> service which enables you to deliver flowers  to your dear ones even when you are thousand miles away from them. This online  flower delivery is surely going to make them feel less aware of the  geographical distances. So on an important occasion gift them a gorgeous smile  with our glass vase arrangement. </p>",Beautiful fresh flower arrangements in Glass vase - Bookmyflowers,Buy fresh flowers glass vase arrangements online in your pocket budget and get deliver to your home and office.,"Beautiful flower arrangements, Glass vase arrangement, vase arrangement flowers, fresh flower arrangement"
0,69,Send Flowers to Delhi,"<h2>Send Flowers to Delhi<h2> 
<p align=""justify"">Delhi’s traffic can sometimes be unnerving, more so when you have Birthday, Anniversary, Wedding or any other occasion of your loved ones. It becomes completely impossible for you to not let your loved one encounter a heart break up but now no more with Bookmyflowers online flower delivery to Delhi the heart break up has soon be converted to heart makeup. Now, no matter whether it is a chocolate, Vanilla or Strawberry Cake, our fresh and spongy cake can reach any destination.  With Bookmyflowers you can send your gifts along with flowers to Delhi or any other city in the country. If your loved one is fond of flowers our florist can hand tie only the chosen flowers to make up for your loved ones most important day. You can couple a personalized gift along with it to make their day larger than life with a handwritten message which narrates the story of your heart. </p><p align=""justify"">Flowers are very special gifts meant for any occasion. Whether it is for Valentine’s Day, <a href=""/mothers-day/gifts"">Mother’s Day</a> or special occasions like birthdays and anniversaries, a bouquet of fresh flowers are an ideal way to greet somebody. Flowers are wonderful gifts of Mother Nature which can bring cheer to a gloomy face in minutes. A gift of flowers always brings instantaneous joy to the person receiving them. Simply looking and smelling them can take you back to the pristine beauty of nature even if only for a few moments. It is not only for special occasions but flowers also make perfect gifts anytime and any day of the year as a simple reminder of your love and affection.Bookmyflowers offers you an array of freshly picked flowers for your every gifting requirement. You can send Flowers to Delhi or anywhere in India through our online portal. Choose from a wide range of floral options for your flowers to Delhi and order them online at Bookmyflowers. The options include bouquets of freshly picked flowers such as daisies, lilies, roses, tulips and <a href=""/orchids/"">orchids</a> all arranged in exquisite bunches. Arranged by expert gift connoisseurs and florists, they come wrapped in soft tissues so that they don’t get spoiled on the way and always maintain their freshness. Distance doesn’t have to be a hindrance anytime you want to gift flowers for your friends, relatives or that special someone. Send online Flowers to Delhi from anywhere and at anytime and any day of the year through Bookmyflowers. We provide special services for flower delivery to Delhi and other cities in India. You can opt for the same-day delivery, the midnight special or the fixed-time delivery services. So, express what is in your heart and bring cheer to your loved ones with our flower delivery in Delhi online services.</p>
  
<h2 align=""left"">Same Day Online Flower Delivery in Delhi</h2> <p align=""justify"">Bookmyflowers allow you to send flowers and be a part of every special occasion. You can send fresh flowers with delectable chocolates at your loved ones doorstep. With our strong logistical support you can get same day flower delivery in Delhi &amp; NCR.  With the flexibility and ease of delivery you can send flowers to Gurgaon and any other destination of your choice.</p> </br> <h2 align=""left"">Online Florist in Delhi NCR</h2><p align=""justify"">The art of arranging flowers can be best done by florist but with the hectic schedules all our floral needs are fulfilled online. If you are looking for an online florist in Delhi &amp; NCR your search should end with Bookmyflowers. We have covered both national and international destinations and if you really want to surprise someone team up our fresh flowers with a <a href=""/cakes-to-delhi"">cake delivery in Delhi</a>.We have best combo of <a href=""/birthday/cakes"">birthday cake</a> and flowers in Delhi NCR area.</p>","Send flowers to Delhi, Online Flowers Delivery in Delhi",Looking for online flowers delivery in Delhi. With Bookmyflowers you can easily send flowers to Delhi same day or next day as we have strong network of local florist in Delhi.,"send flowers to delhi, flowers delivery in delhi, online flowers to delhi, order flowers in delhi, flower delivery to delhi, online flower delivery in delhi, online florist in delhi, same day flowers in delhi"
0,43,Eggless Cakes Online,"<h2>Buy Eggless Cakes Online</h2> <p> There  are whole lot of vegetarians who cannot let go the sight of a scrumptious cake  but they have to because they are born vegetarians. At Bookmyflowers we have laid down a special range of eggless cakes online so that they can also savor its sweet taste. All these online cakes are made using the best ingredients so that the softness and the sponginess of the cakes are not compromised. All these cakes can thus be ordered online from  Bookmyflowers.</p></br> So  if you couldn't celebrate your Mother's Birthday because your mother cannot  have the usual cakes you can enjoy having the eggless cakes which are available  in different flavors starting from Eggless Chocolate and Black Forest Cake or  you can keep it simple and sweet with Vanilla Cakes. These cakes are made  available for all occasions like <a href=""/mothers-day/gifts"">Mother's Day</a>,  Anniversary, Birthday or any other occasion of your choice.</p></br>  <p>At  Bookmyflowers we ensure a timely delivery of these cakes so that everybody can  enjoy the moment to the fullest. These online eggless cakes are one of the special categories that we have at Bookmyflowers. You can order and send these <a href=""/birthday/cakes"">cakes for birthday</a>, anniversary, online at the comfort of your home. Savor the sweetness and the softness of the cake as it forms the part of the occasion. </p>",Buy or order eggless cake Online - Bookmyflowers,"A scrumptious delight for all eggless cakes lovers. Find range of eggless cake online. Buy and order an eggless cake in your favourite flavour like Strawberry, Butterscotch, Pineapple, Oreo crunch, Black forest.","online eggless cake,eggless black forest cake, online eggless chocolate cake,eggless vanilla sponge cake,eggless apple cake,eggless cake online,buy eggless cake online"
0,45,5 Star Cakes Online,"<h2>Order Five Star Cakes Online</h2><p> These cakes are exclusively available with Bookmyflowers, the key thing which makes it fall under the category of special cakes than the ordinary ones is the fact that you can get the <a href=""/cakes"">premium quality cake</a> deliver from the five star bakery. They are so moist and soft that as you savor every single bite it will swirl in your mouth and will make you close your eyes, letting you enjoy every bit of it. If you feel that you are too tied up with you busy schedule you can send a cake online.These special cakes can be an excellent choice for Birthday, Wedding and Anniversary.</p></br> <p>These special cakes are made available at an unmatched price which any other bakery will fail to provide. These cakes are available in different flavors  ranging from five star Black Forest Cake to five star Pineapple Cake, Truffle  Cake and many more to list down. All you need to do is just order these special cakes and relax for the order to  reach your loved ones on time. These cakes have been baked with utmost love and sweetness love and sweetness so that it tastes a lot better than any other usual cake.</p>","Five Star cakes, Special birthday cake delivery Online - Bookmyflowers",Order five star cakes online with express delivery in India.  These are the mouth-watering cakes baked with secret recipes which can make you have hunger pangs.,"five star cake,special cakes for birthday,best cake for birthday,send a cake online,deliver cake online"
0,41,Buy Designer Cakes Online,"<h2>Online Designer Cakes for  Birthday and Wedding occasions</h2>  <p> There  are times when just a cake wouldn't do its magic because the occasion is such  where you have to go a little over the top to make your dear ones feel a little  extra special. For all such occasions we have Designer Cakes. They are quite attractive to look at and will definitely steal the show with its vibrant color and designs. They are specially customized as per your taste and preference and are intricately designed to suit your special needs.</p></br> <p>With  Bookmyflowers you <strong>send the designer cake  online</strong> to your friends, relatives and loved ones. It can be a perfect cake for occasion like Wedding, Anniversary and <a href=""/valentines-day/gifts"">Valentine's Day</a> or it can be an excellent choice for kids Birthday Party cake too. However as per the need of the hour you can also order these cakes on some other occasions too.</p> </br> <p>You want to see your kids eyes almost popping out at the sight of his/her <a href=""/birthday/cakes"">Birthday Cakes</a> so you should send these amazing attractive looking designer cakes which will make their Birthday happier than they already are. Let his/her 1st Birthday commences with an excitement of the adventurous journey which has just begun.</p> </br> <p> At  Bookmyflowers we ensure timely delivery of all our products and that too at the  ease of our own home. They are fresh and quite spongy to have and at the same time they are quite gorgeously beautiful to look at.</p>",Designer Cakes Online - Buy / Send Designer Cakes to India from Bookmyflowers.com,We have variety of designer birthday cakes for your kids birthday party. You can also order designer wedding anniversary cakes from our online store.,"designer cakes, Designer birthday cake, designer cakes online, designer birthday cakes, designer anniversary cakes, designer cakes for kids "
0,128,Photo Cakes Online ,"<h2>Order Photo cakes online for Birthday and Anniversary</h2><p> A photo is sure to shot back memories of the day when you were together. It entangles you in a whirlpool of mixed emotion happy, sad, nostalgic and many more. If you feel that your emotions have been tied up all this while it is time to let it open with a sweet photo cake in which a photo has been quite artistically portrayed on a Birthday, Wedding or a <a href=""/valentines-day/cakes"">Valentine&rsquo;s Day cake</a> to make him/her feel extra special. </p>  </br>  <p> You can now order these <strong>photo cakes online</strong> to gift it to your loved ones. It is baked with your own sweet memories so that you can relish almost every bite of it. It can be a perfect cake on occasions like Birthday, Anniversary, Wedding and <a href=""/valentines-day/gifts"">Valentine&rsquo;s Day</a> which is surely going to make her feel extra special. Almost all men find it hard to express their deepest of emotion  in words and Bookmyflowers have made their task simpler with these exclusive online Photo Cakes.</p> </br> <p>These photo cakes are more personalized  and make the recipient feel that this was exclusively baked for her. So she feels a little happy that a lot of thought has been put in to bake this  exclusive piece of cake and they are also made available in affordable prices so that making feel special doesn&rsquo;t turn out to be costly.</p>",Buy Photo Cakes - Order Photo Cakes Online for Delivery in India - Bookmyflowers,"Best buy photo cakes online : Recycle old memories with our online photo cakes. Order online cakes for your precious life moments like kids birthday, wedding anniversary and to celebrate other occasions like Christmas, Diwali.","photo cakes, photo cake online, photo cake online order, photo cake price, birthday photo cake , buy photo cakes, order photo cakes online, send photo cakes"
7,11,Birthday Cakes Online,"<h2>Birthday cakes online delivery in India</h2><p> You might have always ignored the clock's tick tock except one day when your eyes are glued to every inch the needle moves to strike 12 at midnight. It has to be your Birthday, a day when even the moon seems to be within your reach and surprises form the normal course of the day. Despite the varying age group and the relationship you share, be it your friend, husband, wife, boyfriend, girlfriend or your colleague, Birthdays have a way of making your expectation reach the upper limit. It is time to enthrall them dot at midnight with an <strong>online Birthday Cake delivery</strong> from Bookmyflowers.You can also get same day birthday cake delivery online from our web portal.</p></br><p> Our online birthday cakes are known to have been born with an inherent freshness and sponginess that will make you relish every bite of it. Flavors are not a constraint for us be it Chocolate, Strawberry, Blueberry, Mango and Butterscotch just to name a few. If you want to make it extra special you also send special birthday<a href=""/cakes""> cakes online</a> like Photo and Designer Cakes online. These cakes are timely delivered, dot at midnight with a personalized Greeting Card saying everything you have in your heart. You can order 2 kg, 1 kg and <a href=""/cakes"">half kg cakes</a> for your birthday celebration. One can also book an online order of birthday cake and flowers combo to surprise their loved ones.</p> </br><p> If you are looking for delectable Birthday cake online, your search should end with Bookmyflowers. We are not only the most trusted brand but name but at the same time have a wide variety of flavours to choose from such as Vanilla, Butterscotch, Red Velvet and Chocolate amongst others. If waiting is not an option then you can go for our flexible delivery options such as same day, midnight and even fixed time delivery too.</p>","Online birthday cakes delivery, Order Your cake now ! - Bookmyflowers",Order scrumptious and mouth-watering Birthday cakes online which can be gifted to your loved ones. Birthday Cakes delivery can now be done online from anywhere in India.,"Birthday Cakes, Birthday Cakes Delivery, Order Birthday Cakes Online, Online Birthday Cake Delivery, Birthday Cakes Online, Buy Birthday Cakes online, Send Birthday Cake"
2,11,Wedding Anniversary Cakes Online,"<h2>Order Wedding Anniversary cakes online</h2><p>Cakes have always been the language of love. So, whether it's your best friend's birthday or your significant other's anniversary; cakes can be the perfect way to tell them that you love them. At Bookmyflowers, we have some of the widest range of <a href=""/cakes"">cakes online</a> to help you say Happy Marriage Anniversary to Your Significant other. We will give you the option to order wedding anniversary cake online and give your better half the best anniversary.</p><br/> <p>From chocolate to black forest and pineapple; our range of delicious cakes will give you an option to select the best cakes among all the varieties and make place your anniversary <a href=""/cakes"">cake online order</a> for your selected cake such as 25th anniversary cake. Our wedding anniversary cakes price ranges vary according to the size and flavours and we will have delivered your <b>anniversary cake online order</b> at your doorstep in the stipulated time. When you order anniversary cakes online at our store, you wouldn't have to worry about damaging it on the way. We will make sure that the cake reaches you in the best condition. </p><br/> <p>By ordering anniversary cakes online and other <a href=""/birthday/gifts"">birthday gifts online in India</a>, you can come across various online options of marriage anniversary cake to choose from which make your search easy and fun. Like, while order anniversary cakes online, you can see distinct varieties of cakes specially made for anniversary purpose are present at our website with endless designs and flavors. You can book your order in weight of 2 kg, 1kg and <a href=""/cakes"">half kg cakes</a> for anniversary.</p>","Wedding anniversary cakes online delivery on Order, 25th Marriage anniversary Cake - Bookmyflowers",Celebrate your happy moments with our special wedding anniversary cakes. Choose your favorite flavor and place 25th marriage anniversary cake order online for home delivery.,"Anniversary Cakes,Anniversary Cakes Online,Anniversary Cakes Delivery,wedding anniversary cakes,marriage anniversary cake,25th anniversary cakes"
0,11,Buy Cakes Online,"<h2>Buy and order cakes online in India</h2><p>Bookmyflowers has emerged as one of the ideal choices for people to avail for professionally managed online cake delivery system. We at Bookmyflowers have made it possible for people to order the most desirable cakes at the cheapest possible rates. We take pride in being the most professional service provider for ordering <a href=""/birthday/cakes"">online cakes for birthday</a>, anniversary in India</strong>. We provide a platform to people to <strong>order cakes online India</strong> and aim to provide the best deals to them. We specialize in all types of cakes to make any occasion memorable.</p></br> <p>In order to place <strong>online order for cake</strong>, all that people need to do is to log in to the website, choose the cakes and place the order through some simple steps. While deciding to <strong>buy cake online</strong>, people can be ensured that the required products would be delivered on time and at the right place. Our rates are extremely affordable which makes people prefer us over others.</p>","Buy and send Cakes to India, Online Cake delivery on order - Bookmyflowers",Order cakes online: Cakes are the showstoppers of any occasion.  Looking for best cakes to buy and send to India than explore our variety of popular cakes for different occasions.,"Cake Delivery Online,Send Cakes India,Cake Delivery India,Buy Cakes Online"
0,23,Send Cakes to Delhi,"<h2>Order Delhi NCR Special Cakes online</h2><p>Delhi has been blessed with extreme of temperatures; extreme summer, winter and monsoons. So it becomes way too tough for anybody to be a part of any occasion. You dear ones start feeling that the love between both of you has started fading out. Tell them that you love them and will not let them go at any cost by getting a <a href=""/cakes"">surprise cake delivery</a> done online in Delhi NCR area. All our cakes are handmade with love so that your dear ones are able to feel it when the savor it. </p> </br> <p>With Bookmyflowers you can have a wide array of cakes to order from and you can pick just the right flavor which is your dear ones favorite. No matter where you are Bangalore, Chennai or Mumbai or  Delhi NCR  sending cakes have now become easier with Bookmyflowers which has both  your usual favorites like Chocolate, Butterscotch and Pineapple and our signature special like Designer and <a href=""/photo-cakes"">Photo Cakes</a> adding a our own specialty which is surely going to make her feel quite  excited.</p></br><p>The  online cake delivery in Delhi service of Bookmyflowers also ensures a timely delivery of  our cakes to your and dear ones so that they feel happy and loved. We have cakes for almost all the occasion be it Birthday, Anniversary, Wedding, Valentine's Day and many more to list. Order now to get online cake delivery in Delhi ncr region . </p>",Send Cakes to Delhi - Online Cake Delivery in Delhi NCR | Bookmyflowers,"Order best Cakes in Delhi - Online cake delivery services in Delhi NCR. Order our Delhi special online cake &#127874; for birthday, anniversary occasion and get online cake delivery in Delhi area at best price.","online cake delivery in delhi, best cakes in delhi, send cakes to delhi, cake delivery in delhi, cakes online delivery in delhi, order cake online delhi, birthday cakes delhi"
0,28,Send Cakes to Mumbai,"<h2>Online Cake Delivery in Mumbai at Best Price</h2> <p>Mumbai and Monsoons are like real good friends and it is difficult to set them apart.  Quite similar is with you and your Best Friend and to prove this unbreakable bond you can't just let go his/her Birthday just like that. All our cakes are so fresh that it will give you a feeling that they have just stepped out of the oven. You can <a href=""/cakes"">order cakes online</a> at the comfort of your home as we offer online cake delivery in Mumbai for all kind of occasions.</p></br><p> With Bookmyflowers you get the chance of sending and ordering cakes in Mumbai a lot easier. We have cakes for almost all the occasion be it Anniversary, Wedding, Valentine's Day or Birthday. So be it Mumbai or any other city we have an <a href=""/birthday/cakes"">online birthday cake delivery</a> service in almost all the cities. With Bookmyflower you can lay your hands on best cakes in Mumbai with his/her favorite flavors like Chocolate, Butterscotch and Vanilla. You can also give them a celebrity feel by sending cakes which are extra special like Photo Cakes and Designer Cakes. We also provide same day online cake delivery in Mumbai. To surprise your near and dear ones you can opt for midnight online cake delivery in Mumbai on their birthday occasion. All our cakes are timely delivered to your dear ones at the time of the occasion because we know how important it is for them to reach on time. </p>",Send Cakes to Mumbai - Order Best Cake Online Delivery in Mumbai - Bookmyflowers,"Be a true Mumbaikar, order our Mumbai special best cakes online in the Bollywood city.  Get online cake delivery in Mumbai at your place. Book your cake order in Mumbai at best price now!","best cakes in mumbai, order cake online mumbai, cakes in mumbai, cake delivery in mumbai, send cake to mumbai , online cake delivery in mumbai, online cakes in mumbai"
0,25,Send Cakes to Hyderabad,"<h2>Best Birthday Cakes Online Delivery in Hyderabad </h2> <p> You  cannot win anybody's heart by gifting her Hyderbadi Biryaani on an occasion  like Anniversary, Wedding, Birthday, Valentine's Day and many more. An occasion like this is empty without a perfect cake. You can now get online cake delivery in Hyderabad for Birthday, Anniversary at the fastest pace with Bookmyflowers. We a have best birthday cake range in Hyderabad to choose from your very own favorite of Chocolate cake to Butterscotch and Vanilla for your dear ones. Now online cake delivery in Hyderabad is become easy because of our same day cake delivery services.</p></br> <p>If you want to manifest your love to your dear ones in bold and beautiful way you can also choose from the best cakes in Hyderabad such as Cheese Cakes, Black Forest Cakes, Chocolate Truffle and even Photo Cakes and Designer Cakes for online delivery in Hyderabad city. All our cakes are baked by adding love and  multiplying the creativity so that only the best is what gets delivered to your  loved ones.</p></br> <p>Just  give us a call and be rest assured that we will be delivering the cake well on  time. These cakes are surely going to make your dear ones feel the love, care and affection which you always had in your hear but remained unexpressed.  Surprise you loved ones by availing our <a href=""/cakes"">online cake delivery service</a> so that your dear ones can feel that Hyderabad is way more than just Hyderabadi Biryaani. Book your order now and get online cake delivery in Hyderabad at comfort of your home.</p>",Send Cakes to Hyderabad - Online Cake Delivery in Hyderabad | Bookmyflowers,"Get online cake delivery in Hyderabad and celebrate your happiest moments. Here you can find Hyderabad's best birthday cake online, available in your favorite flavor. Book your cake order now!","best cakes in hyderabad, cakes online hyderabad, online cake delivery in hyderabad, cakes delivery in hyderabad, birthday cake delivery in hyderabad, birthday cakes in hyderabad"
0,22,Send Cakes to Chennai,"<h2>Online Cake Delivery in Chennai</h2> <p> When you are tied up in a hectic schedule and  it becomes almost impossible for you to steal a minute from you time frame. It  is your Anniversary and you are sure that you will not be able to make it on  time; your wife might be puffed with anger at the thought that you might have  forgotten your Anniversary. To save you from such an ordeal we have an <strong>online cake delivery in Chennai</strong>. With  Bookmyflowers you get to choose the <strong>best cakes in Chennai</strong> for all the occasions and you  can also order and <a href=""/cakes"">send cakes  online</a> in Chennai with our online delivery service. Our bakers are known to  bake the cake with an unmatched sweetness and love so that it tastes just  perfect.</p><br> <p>We  have cakes for occasions like <a href=""/valentines-day/gifts"">Valentine's Day</a>, Birthday, Wedding , Mother's Day  and Father's Day just to name a few. The flavors also range from your personal  favorite like Chocolate, Butterscotch, Vanilla and the exotic ones too like Red  Velvet Cake and other Cheese Cakes which is surely tingle your taste buds and  will make you crave for it more and more.With Bookmyflowers online cake delivery in Chennai  is possible at a lightning speed. We know that your loved one means more than  just an occasion.</p>",Send Cakes to Chennai - Buy Best Cakes Online for Delivery in Chennai | Bookmyflowers,"Dig for our exotic range of cakes and book your order to get online cake delivery in Chennai. We have wide range of Chennai special cakes in terms of size, flavour, eggless, designer etc.","online cake delivery in chennai, best cakes in chennai, cakes online chennai, cakes delivery in chennai, birthday cake delivery in chennai, birthday cakes in chennai"
0,27,Send Cakes to Kolkata,"<h2>Online Cake Delivery in Kolkata </h2><p>The rains of Kolkata can ruin the best of the occasion. If you find yourself stuck in such a situation you can order Kolkata Special Cakes online from Bookmyflowers. Make them believe that nothing can stop you from celebrating the occasion the way you want. Get a personalized message attached to it which can bring in the warmth and the reason to make you understand that it is cherished and treasured to the deepest core.</p></br><p>You can order cake online in Kolkata for both Egg and Eggless cakes as per your choice in flavors which are so huge that it becomes confusing for you to pick one of them. We have your personal favorites like Vanilla, Chocolate and Butterscotch or else you can also order from our <a href=""/designer-cakes"">special Designer cakes</a> and Photo Cakes.</p></br> <p>Our cakes are made by skilled and experienced bakers from the finest ingredients and they retain their charms and freshness for long. The cakes are renowned not only for their delicious tastes but also for their captivating and gorgeous looks. Order an online cake delivery in Kolkata through us and experience a whole new world of sumptuous and tempting cakes along with world class services. When you arrange a cake delivery online in Kolkata through us, you have chosen for the best services available out there. Our delivery services are renowned in the gifts delivery industry and we guarantee your cakes will be delivered on-time and in the most pristine of conditions.</p></br><h2>Online Cake Order in Kolkata</h2><p>With the considerable vegetarian population in the country, we also provide eggless cakes for online cake delivery in Kolkata. Check out the eggless versions of your favorite cakes at our online store. They are not only similar in their looks but taste as fabulous as the originals. You can book online cake order in Kolkata city from our web portal. </p> </br><p>Besides our range of fabulous and exclusive cakes we also provide specialty cakes for celebrations and occasions such as weddings, anniversaries and birthdays. So on the occasions of a loved one or family, have a surprise birthday cake delivery in Kolkata done right at midnight with our custom delivery services which include same-day delivery, next-day delivery and midnight delivery among others. You can also order anniversary cakes online in Kolkata and have them personalized with a photo of the loving couple. At Bookmyflowers.com you can also complement your online cake delivery in Kolkata with fresh flowers. We provide flowers for all occasions and they come in beautiful bouquets arranged by expert florists and gifts professionals. A floral bouquet will be a perfect accompaniment for your cake delivery in Kolkata.</p>","Buy Cakes Online in Kolkata, Same day Cake delivery in Kolkata",Order our Kolkata special Cakes online made for the people of Kolkata. You can get online cake delivery in Kolkata to any location in Kolkata city.,"cake delivery in kolkata, online cake delivery in kolkata , cakes in kolkata, online cake in kolkata, order cake in kolkata, online cake order in kolkata, order cake online in kolkata"
0,29,Send Cakes to Pune," <h2>Online cake delivery in Pune</h2><p>Bridge the geographical boundaries by being a part of every occasion with Bookmyflowers. We understand how your wife feels when her Birthday is around the corner in Pune and you are out on a business tour. Buy <strong>Pune Special Cake online</strong> for her by choosing the right flavor and delivering it at her doorstep, making her feel that even though you are not around but she still matters to you. You can get online cake delivery in Pune at midnight with our mid nigh cake delivery service in Pune. </p> </br> <p>Our special cakes have been baked to the right temperature so that they are just soft enough to make your wife feel that no amount of business meetings can let him forget you. You can order both egg and <a href=""/eggless-cakes"">eggless cakes online</a> and be assured that you will be getting a timely delivery of the Cake in Pune city. You can send special cakes like Designer and Photo Cakes or you can also choose from the usual favorites of Chocolate, Vanilla and Pineapple. Book your cake now to get online cake delivery in Pune at your place.</p> </br><p>Choose the one that best suits your taste and requirements, and place an order for online cake delivery in Pune. We guarantee your cake will reach you on-time and in the most pristine of conditions. When you arrange a cake delivery online in Pune through us, you have chosen for the best services available out there. Our delivery services are a byword in the industry and we also offer custom delivery services such as same-day delivery, fixed- time delivery and midnight delivery options.</p> </br><p>Cakes are also ideal for celebrations and events; they lend an air of festivity to any occasion. In fact, when it comes to celebrations, it would indeed be incomplete without cakes. So on the occasions of a loved one or family, order them online and arrange a cake delivery in Pune through our portal. We have for you a range of occasion based cakes such as <a href=""/cakes"">anniversary cakes</a>, wedding cakes and birthday cakes among others. Keeping in mind the huge vegetarian population of the country, we also provide <a href=""/eggless-cakes"">eggless cakes</a>. Check out the eggless version of your favorite cakes, they not only look the same but they taste as fabulous as the originals.</p> </br>At Bookmyflowers.com you can also complement your cake delivery in Pune with your favorite flowers. We provide fresh flowers for all occasions which come in beautiful bouquets arranged by expert florists and gifts professionals. </p>","Order cake online in Pune, Cake delivery in Pune",Online cake delivery in Pune in your budgeted price. Order your favorite cake Online in Pune.,"cake delivery in pune, online cake delivery in pune, order cake online pune, online cakes in pune, send cakes to pune, cake delivery online in pune, online cake order in pune"
0,24,Send Cakes to Gurgaon,"<h2>Online Cake Delivery in Gurgaon</h2><p>You might have seen the usual circle and square cake but at Bookmyflowers Gurgaon special online cake will be delighting you with Barbies and two tier cakes. With Bookmyflowers you can get online cake delivery in Gurgaon city for any kind of celebration. If you have a dear one putting up in Gurgaon and it becomes impossible for you to beat the traffic and make it to his/her most important occasion get online delivery of our Gurgaon Special Cake which can make them feel that distance can't fade the love that you have for her. The taste and the preference of the people of Gurgaon are kept in mind while baking the finest cake.</p> </br><p>You can also choose to have our very special Photo Cakes which can absolutely sweep your loved one off their feet.  You can <a href=""/eggless-cakes"">send eggless cakes</a> to your loved ones depending on their choice. All the world class ingredients are used to bake this cake so that only the best quality cakes can be delivered to your loved ones living in Gurgaon. We ensure a timely delivery of all these online cakes in Gurgaon be it at a time specified by you or midnight delivery. So book your order now four our finest cake and get online cake delivery in Gurgaon at comfort of your home</p>","Order Cakes online in Gurgaon , Cake Delivery in Gurgaon","Get online cake delivery in Gurgoan at your doorstep. Find best quality cakes online in Gurgaon at Bookmyflowers and celebrate your lovely moments of birthday, anniversary and wedding ceremony occasion.","cakes in gurgaon, cake in gurgaon, online cake delivery in gurgaon, cake order in gurgaon, order cake online gurgaon, cake delivery in gurgaon, best birthday cake in gurgaon"
0,90,Gifts for Him,"<h2>Buy Online Gifts for him</h2><p>A gift for someone you love is one of the most beautiful things in this world. The emotions involved, the thoughts behind it and the preparations make it all priceless.  So when it comes to choosing an online gift for him, go for the very best. Bookmyflowers offer you an amazing array of gift items for him.From flowers to perfumes and the latest shades to the ultimate gift combos for him, we have the most ideal love gifts sucha s <a href=""/valentines-day/gifts"">valentine gifts </a>for him for Valentine's day occasion.</p> </br><p>When it comes to matters of the heart, there is no better way than flowers to convey your message. Roses, a true symbol of grace and elegance, are perfect as a token of appreciation or admiration for the special someone in your life. You can try out our Assorted Roses or the Blush, a charming bunch of Colorful Roses (3 Yellow, 3 Pink, and 3 Red) with green fillers and tied with a pink ribbon. There are also other various flowers to suit your requirements.</p> </br><p>Sunglasses makes a great compliment to his fashion sense, try the Rockford shades available in both yellow and black. Pamper him with the ultimate choices of perfumes which include products from Adidas, Calvin Klein and Davidoff amongst others. Or make your own personal statement with the personalized key chains and locket mirrors. When it comes to gifting for occasions like <a href=""/birthday/gifts"">Birthday gifts </a>for him, our combos like the flowers and cakes are just perfect.Order these gifts online now and have them shipped to any destination of your choice.</p>","Best gifts for him, Unique gifts and flowers for men - Bookmyflowers","Best gifts for him: Looking for gifts for him. Checkout our collection to choose suitable gift for him like flowers, chocolates, personalized gift etc.","flowers for him,best gift for him,cheap gifts for men,unique gifts for men, gift for boyfriend"
0,89,Best Gifts For Her," <h2>Buy Online gifts for her </h2><p>A gift for your beloved can be a difficult choice to make but we at Bookmyflowers have made it easier for you by bringing you a whole range of the choicest gifts for her which include a selection of flowers to the choicest of perfumes. We have got great gift ideas for women.  Be it for mothers, girlfriends, wives and friends, you are sure to find the best online gifts for her on different occasions such as birthday, anniversary, <a href=""/mothers-day/gifts"">gifts for Mother's day</a> and Valentine's day.</p></br><p>There is no better way than flowers that best convey your emotions and regarding the matters of the heart. So, look no further, send a beautiful Pink Perfection <a href=""/roses"">Bunch of Roses</a>, an attractive bunch of twelve pink roses along with green fillers and tied with a pink ribbon. This pretty in pink bouquet is the perfect gift for girlfriend and will overwhelm her senses. Literally bring on the cheer with this combo of a bunch of 12 orange roses and a celebration pack of chocolates from Cadbury. Or you can gift her the finest of perfumes from our collection that includes the best from renowned international brands such as Nina Ricci, Elizabeth Arden and Benetton amongst others. They will make a most suitable gift for her.</p></br> <p>Celebrate every occasion in a grand way with our special arrangement, the Candles of Joy which is a basket arrangement of twenty four red roses, two candles and a 500 grams chocolate cake. It is a must send for any occasion. The choices available here will simply spoil her to no end.</p>","Best gifts for her, Gift ideas for Women and girls - Bookmyflowers",Gifts for her:  Looking for perfect gift for idea for girls. Discover our list of items that you can gift her and save your valuable time.,"flowers for her,best gifts for her,valentine gifts for her, online gifts for her,gift for girlfriend,gifts for ladies"
0,91,Best Gifts For Husband,"<h2>Online Gifts for husband </h2><p>Add more spice and joy to your married life with a special gift for your husband. Husbands love to be the centre of your attention, so shower your love and affections by sending him a lovely gift from our exclusive collection of anniversary, valentine,<a href=""/birthday/gifts-for-husband""> birthday gifts for husband</a> at Bookmyflowers. From a wide variety of flowers to the exclusive combo of chocolates and roses, we have the best gift ideas for him.</p> <p> Say what is in your heart with flowers. Make a statement with the Perfect Match, a lovely bouquet of a cute bunch of 12 yellow lilies in a non-woven matching sheet. You can also pick up our Bring on the cheer, a combo bunch of 12 orange roses and a celebration pack of chocolates from Cadbury. These gifts are just perfect for the special man in your life.</p> </br><p>Special occasions demand special and the right gifts. Whatever be the occasion, whether it is his birthday or you are looking for an <a href=""/anniversary/gifts-for-husband"">anniversary gift for husband</a>, you are sure to find the right choice at our online store. The Candles of Joy is a basket arrangement of twenty four red roses, two candles and a 500 grams chocolate cake and makes the ideal accompaniment for any celebration.Try out all these wonderful <a href=""/gifts-for-him"">gifts for him</a> at our online store. Simply book them and have it sent to a destination of your choice without any hassles. Surprise your dear husband with a stunning choice from our unique gift ideas.</p>","Gifts for husband, Surprise birthday gifts for husband - Bookmyflowers","Find unique collection of flowers, gifts and birthday cake for your husband. Buy and gift them to show your feelings on different occasions","anniversary gifts idea for husband, birthday ideas for husband, gifts for husband birthday, surprise gifts for husband"
0,95,Best Gift For Wife,"<h2> Best Gifts for Wife Online</h2><p>Married couples need to express their love for each other as well. In the hustle and bustle of life when you don't have much time for romance, things can get redundant. So spark up your love life with the ultimate Anniversary, Valentine, and <a href=""/birthday/gifts-for-wife"">birthday gifts for wife</a>. Bookmyflowers offer you an amazing range of the finest gift ideas for wife which include a variety of flowers, cakes, chocolates and other fascinating combos.So what are you waiting for?  Log on to our site and order best gift for wife online now. Our professional <a href=""/gifts"">online gift delivery</a> services will ensure your order reach your doorsteps in minimum time.</p> </br><p>For a spectacular gift, check out the special Combo Bunch  which is a bunch of 12 Mix coloured roses (3 pink, 3 yellow, 2 red and 2 white) with green fillers in blue paper packing and tied up with ribbons (pink and red), 2 Cadbury chocolates (fruit n nuts and silk) and  a 200gms Ferrero Rocher chocolates. It is not only a visual delight but a delightful treat for the tongue too. Let your love speak out with the Big Hugs, which is a lovely combination of exquisite anthuriums & orchids in a non-woven matching paper sheet.Celebrate your love together with the finest <a href=""/gifts-for-her"">gifts for her</a>. Try our special arrangement, the Candles of Joy which is a basket arrangement of twenty four red roses, two candles and a 500 grams chocolate cake. This combination of lovely flowers and a delicious cake added with candles is the ultimate symbol of celebration.At Bookmyflowers.com you can find best gift for wife in single click with lowest price.</p>","Flowers and Romantic gift for wife on her birthday, anniversary - Bookmyflowers",We offer you best online gifts for your wife ranging from flower bouquet to karwa chauth and birthday gifts for wife. Order best gift for wife now!,"gifts for wife, best gift for wife ,romantic gift for wife, best birthday gift for wife, online gift for wife, gift idea for wife"
0,86,Best Gifts For Dad,"<h2>Best Online gifts for Dad</h2><p>Fathers are just wonderful in a million different ways but we do not sing their praises as often as we should. There are plenty of reasons to thank him as he's the hero you need, and for always going the extra mile for you.  And what better way to express your gratitude then with special gifts for Dad. Yes, you can make your dad happy by giving him a unique gift that will bring a big smile on his face. At Bookmyflowers, we have for you an amazing range of the most suitable gifts for dad ranging from the prettiest bouquet of flowers to exotic <a href=""/fathers-day/gifts"">Father's day gift</a> combos. We have it all.</p> </br><p>Nothing conveys your love more than flowers, and roses are the way to one's heart. So gift your dad a Divine Style, which is a lovely Bunch of 12 Yellow and 10 White Roses with green fillers. Or opt for the Assorted Roses Bunch which is an absolute favourite! This bouquet is a hand-tied bunch of twenty Mix Roses, especially created to bring a delightful smile on your father's face. When it comes to special occasions and whether you checking out <a href=""/anniversary/gifts-for-parents"">anniversary gifts for him</a> or looking for a unique present for his birthday, the Candles of Joy is a perfect arrangement. Your dad deserves a special treat on this special occasion, and with our range of assorted gift ideas for him you're sure to have the ideal present for the number one man at home.</p>","Flowers and gifts for dad on his birthday, fathers day - Bookmyflowers","Discover best gifts, flowers and birthday cakes online for your dad. Send gifts to your dad on fatherï¿½s day.","gifts for father,best gifts for dad,birthday gifts for dad,gift ideas for father"
0,92,Best Gifts For Mom,"<h2>Best Online Gift for Mom</h2><p>Mothers are the backbone of every family.  They were there for you in the thickest of times and when you need a shoulder to cry open.  Mothers always seem to know what you need even before you asked or wished, they are special.  It is time to show your appreciation for all the sacrifices she made with a gift that conveys your gratitude and love. A gift for mom is a special one and the choices to make can be rather difficult.</p></br><p>At Bookmyflowers we have an amazing array of the perfect birthday, anniversary and <a href=""/mothers-day/gifts"">Mother's day gifts</a> for mom ranging from the prettiest bouquet of flowers to amazing gift combos of chocolates and roses. Try the special Combo which is a bunch of 12 mix color roses with green fillers in a blue paper packing with 2 Cadbury chocolates and 200gms Ferrero Rocher chocolates. This will melt her heart just like the chocolates melt in the mouth. Or you can present her with the Simplicity, a bouquet of mixed Roses with green fillers wrapped in pink ribbon. It is the perfect way of expressing an everlasting love and a classic expression of affection! </p> </br><p>When it comes to anniversaries or if you are searching for a suitable <a href=""/mothers-day/gift-hampers"">gift for Mother's day</a>, you are sure to find the right gifts here with our unique gift ideas for women. Just order them online and have them delivered to any destination of your choice. Bring a smile to the most important woman in your life</p>","Flowers and gifts for mom on her birthday, mothers day - Bookmyflowers","Looking for flowers, birthday gifts, mother day gifts for mom.  We have the list of items that you can buy online for your mother at cheap prices.","Gifts for mom, best gift for mom, online gifts for mom, birthday gifts for mom , buy gifts for mom , order gifts for mom,"
0,125,Personalized Gifts Online,"<h2>Buy Personalized Gifts Online in India</h2><p>Personalized gifts have a way of telling that how special is the other person to you. It tells you that someone has put his heart and mind in gifting you something so beautiful that you are always going to treasure and remember it for a lifetime. At Bookmyflowers we have a huge range of personalized gifts online to buy such as personalized mug gifts, key chains, cushion covers and many more to list.</p></br> <p>At times personalized gifts narrate a story of the times you were together and how beautifully you had spent it at others it just reminds you of that someone special. You can buy and send personalized gifts online in India for any occasion. So these gifts are meant for that special someone who precious to you and you can&rsquo;t afford to lose them.</p> </br> <p> At Bookmyflowers we allow you to  make this personalization a lot easier with our range of online personalized  gifts which can order and send from any part of the India. We also like to ensure that the gifts reach your loved ones on time making them a little nostalgic and wishing if you were a part of this occasion. We have a range of <a href=""/birthday/personalized-gifts"">personalized Birthday gifts</a> too which can make your dear ones feel a little exceptional than the others around on their Birthday. If you buy personalized gifts than your gifts can be treated as a special gifts. So book your personalized gifts online order now!</p>",Buy Personalized Gifts Online in India - Bookmyflowers,"Buy personalized gifts online with unique design and latest trends such as personalized mug, photo cushion, personal canvas, rock frame etc.","Personalized gifts India, Personalized gifts online India, Personalized Gift Ideas, Personalized Gifts Online, Buy personalized gifts, Send personalized gifts online,"
7,82,Birthday Gifts Online,"<h2>Buy and send birthday gifts online in India</h2><p>At times you so wish that with a simple look you could have guessed what is inside the box so that you don't have to go through the impatience of tearing down the wrapper, opening the box and meeting your lovely surprise. Such is the magic of a Birthday Gift send by someone, that you are just brimming with excitement. So you can buy best Birthday Gift with a nice sweet thought behind it, it can be a an exotic bunch of<a href=""/birthday/flowers""> birthday flowers</a> which is quite freshly adorned with dew drops to make it glisten like diamond.</p></br><p>Bookmyflowers are known to have been blessed with such creativity that the varied gift choices we have is surely going to make you pick the most suitable for your loved ones. It can be an elegant assortment of colorful bouquets, fresh cakes and <a href=""/birthday/personalized-gifts"">personalized birthday gifts</a> that you can buy to make their days of day to be extraordinarily special. Birthdays are meant for midnight online delivery so we ensure that we do the same and you can also send Birthday Cakes on a specified time as well. Attach a personalized Birthday Card along with your gift to express the love in your heart.</p></br><p>Birthdays are cherished occasions for everyone and people celebrate the day with lots of festivities and joy. It is almost the most joyous occasion in the year with parties, cakes and gifts. But the only problem lies in selecting the right gifts for a loved one as birthdays are very important occasions and not meant to be taken lightly. Our online birthday gifts are a reflection of how much we love and treasure the birthday celebrant. The birthday gifts are tokens of love and affection and they must let our best wishes and admiration show. And for this reason Bookmyflowers brings for you a whole range of exclusive birthday gifts online to showcase your care and affection for a loved one. Our list of birthday gift items range from delectable cakes and chocolates to perfumes and jewelry among others. You can also find personalized birthday gift items such as photo frames, key chains, lockets, coffee mugs and printed cushions. Whether you are looking for <a href=""/birthday/gifts-for-husband"">birthday gifts for husband</a> or birthday gifts for wife, you are sure to find the right choice of gifts at our online store.</p> </br><p>Order your birthday gifts online today and have it delivered to your dear ones on their birthdays. Another advantage we have over other sites is that you can also complement your birthday gifts with flowers of your choice at our online store. We are a renowned florist with years of exceptional service in the gifts delivery business. We provide delivery services to both domestic and international destinations, and we ensure the on-time and pristine delivery of your birthday gifts.</p>",Buy and send best birthday gifts Online in India - Bookmyflowers,Send Birthday gifts at the comfort of your own home. Buy online Birthday Gifts from Bookmyflowers for your friends and families and get online delivery at your doorstep.,"Birthday Gifts, Best Birthday Gifts, Birthday Gifts Online, Send Birthday Gifts Online, Online Birthday Gifts Delivery, Birthday Gifts Delivery in India, Buy Birthday Gifts"
2,82,Anniversary Gifts Online,"<h2>Buy and send anniversary gifts online in India</h2><p>Buy anniversary gifts online for your loved ones on their anniversary day and who doesn't like little surprise gifts on their anniversary? <a href=""/anniversary/flowers"">Anniversary flowers</a> are no doubt the best anniversary gifts for your significant other. And when they receive a gorgeous bouquet of favourite flowers on his/her anniversary day, it would definitely be the best surprise for them.</p><br/> <p>At Bookmyflowers, we will provide you a dazzling array of anniversary gifts online India. Here, one can choose and <b>send anniversary gifts online</b> anywhere in India from huge varieties of anniversary gifts including distinct types of flowers such as lilies, roses, dahlias, daisies and even orchids. We also offers other ranges of <b>anniversary gifts online in India</b>; All those are needed to be carefully buy from collection of the best <a href=""/anniversary/flowers"">wedding anniversary gifts online</a> and categorized them on our website. At an affordable price, you can buy and send any anniversary gifts online across the India and we will make sure that your selected online anniversary gifts reaches to your loved ones in record time at their door step.</p><br/> <p>If you want to <b>buy anniversary gift online</b>, we would urge you to have a look at our site and select some of the most unique and amazing anniversary gifts to make any of your family member, friend and life partner feel really special on his/her anniversary. What's more, we also provide you the option to send anniversary gifts online in any location in India with ease! </p>","Send anniversary Gifts Online , Buy best marriage anniversary gifts",Let her feel special as you gift her flowers and chocolates on your marriage anniversary. See the best marriage anniversary gifts to send online.,"anniversary gifts online, send anniversary gifts online, anniversary gift,wedding anniversary gift,marriage anniversary gifts,best anniversary gifts,anniversary gift ideas"
148,82,Wedding Gifts Online ,"<h2>Buy Best Wedding Gifts , Flowers and Cakes Online</h2><p>Weddings are tight knots which are further tightened to strengthen the bond between two individuals who are destined to stay together. â€˜Soul mates' as we call them, who walk this beautiful journey despite the  jumbled up emotions of anxiety, nervousness, confusion and fear except one thing which wins them all - â€˜LOVE'. So if your dear ones are going to strike the wedding bells, it is time to send them a <strong>perfect wedding gift</strong> which can brace up the oblivious love between both of them. </p></br><p>You can <a href=""/anniversary/personalized-gifts"">send personalized wedding gift</a> to the couple from Bookmyflowers to bring them closer to each other. Celebrate the occasion with pomp and show because this is the day which they will be cherishing for the rest of their lives. Get an <a href=""/photo-cakes"">online delivery of a Photo Cake</a> which can sweeten up the event and their friends, families and relatives shower them with countless blessings.</p>","Buy best wedding flowers, wedding cakes and gifts online in India - Bookmyflowers","We have the best wedding collection of flowers, cakes and gifts for you at low cost. Choose and buy online and get deliver to your doorstep.","Wedding Flowers Online,Send Wedding Gifts To India,best wedding cakes,buy wedding cakes online"
132,82,Romantic Gifts Online,"<h2>Buy Romantic Gifts online</h2><p>Some things in life can never be explained especially emotions, they are the toughest part to handle and romance is one such emotion. Bookmyflowers have added a whole new meaning to romance by coming up with an array of online romantic gifts which gives the finest meaning to the expression of love. So be it your <a href=""/valentines-day/gifts"">lovely Valentine's Day</a> or Wedding Anniversary our connoisseurs have handpicked some of the best romantic gifts to woo your loved ones.</p> </br><p>You can easily buy and send a <a href=""/valentines-day/gifts"">romantic gift</a> which doesn't hurt your pocket and also ensures a timely delivery at your loved one's doorstep so that they can understand the importance they have in your heart. We have ample of choices to choose from so that you find the perfect gift for your loved ones. Our online delivery of romantic gifts will ensure that your love has no limits and it will keep increasing with passage of time.</p>","Buy and Send romantic flowers, gifts and chocolates online - Bookmyflowers","Show your romantic mood to your partner with our romantic collection of flowers, bouquet, cakes and chocolates. Order your item online just now!","romantic flowers,romantic rose flowers,romantic gifts,romantic chocolates,love gifts for her,romantic,gifts for girlfriend,romantic gifts for him"
4,82,Best Baby Shower Gifts,"<h2>Online Gifts for New Born Baby</h2><p>Memories come and go but there is one memory which never fades away, the first cry of a new born baby. It's time for celebration and nobody would want to miss it and for all such occasions Bookmyflowers have cute little gifts to welcome the new member of the family. Our gifts have been quite tenderly chosen for the tiny tort so that they are cuddly soft just like them. You can <a href=""/gifts"">order gifts online</a> for the new born baby.</p></br> <p>You can send the cute little teddy bear, <a href=""/flowers-with-chocolates"">chocolates and flowers</a> which can be the perfect gift for the new born baby. You can also send a combo of the gifts like flowers and teddy bear or chocolates and cakes so that you can give a sweet start to the new tiny torts life. Get an online delivery of these gifts if you are not able to make it to the ceremony so that no matter whether you are there or not but your presence is always felt by the warm wishes that you have sent through your gift.</p>",Buy online gifts for new born baby - Bookmyflowers,Congratulate your friends and relatives for new born baby with flowers and gifts. Buy and send it online with countless blessings.,"gifts for new born baby,new born baby gifts,new baby gift ideas"
110,82,Housewarming Gifts Online,"<h2>Buy Housewarming Gifts , Flowers and Cakes Online</h2><p>You home has the perfect reel of memories which as you roll down will never fail to gift you an emotion which is so true, so pure and so sweet that it will be missed badly in the years to come. You therefore knit and celebrate this beautiful web of memories through Housewarming. Get an online Housewarming gift to give a perfect start to your new life. Send a bunch of sparkling new flowers cuddled together with a ribbon which will spread warmth, togetherness and happiness in your home. These flowers are sure to liven up your living room and fill it with an unmatched freshness. </p></br><p>Bookmyflowers is known to have been blessed with the best Housewarming <a href=""anniversary/romantic-gifts"">gifts and flowers online</a> that will celebrate the moment in the best way possible. We can also deliver Housewarming gifts at a time specified by you. The gifts are quite thoughtfully chosen by our connoisseurs so that it can exhibit the quantum of joy that you have in your hearts. </p>",Best housewarming wishes with flowers and gifts - Bookmyflowers,We have awesome collection of housewarming gifts and flowers online. Browse our unique gift items and buy them today,"house warming wishes,house warming gifts,house warming flowers,gifts for housewarming"
0,100,Send Gifts to Delhi,"<h2>Online gift delivery in Delhi</h2><p>Delhi has a good mix of gifts and it becomes confusing for anybody to choose a gift which promises a smile on your dear ones face. Promises are the ones which forms the core of our existence at Bookmyflowers. We have picked all our gifts where our connoisseurs have spent ample amount of their thought an time to select the best for the occasion and with the online gift delivery in Delhi we are also able to <a href=""/gifts-to-delhi"">send gifts to Delhi</a> too.</p> </br><p>Our Gifts consists of some beautifully adorn baskets along with your favorite chocolates or some lovely hampers which are surely going to melt your dear ones heart. So when an important occasion is around the corner you have a reason to send online gifts to Delhi from the widest range of gifts that we have for your dear ones.</p></br><p>Occasions come and go but the bond that you share with your dear ones is eternal. With Mother's day around the corner it is time to surprise your Mom. Send <a href=""/mothers-day/gifts-to-delhi"">Mother's Day gift to Delhi</a> with our online gift delivery services and make her feel loved like never before. Make her feel that she holds a special place in your heart by choosing the best gift online in Delhi and send it with online delivery services.A gift is like a token of appreciation for the bond your share with your loved ones.You can also Send online <a href=""/rakhi-to-delhi"">Rakhi gifts to Delhi</a>, no matter whether it is a box full of chocolates or something more personalized, we all know that your brother wouldn't mind having either of them for this Rakhi.</p>",Send Gifts to Delhi - Online Gift Delivery in Delhi,Send gifts to Delhi: Book My Flowers facilitates to online send gifts to your loved ones in Delhi. Make your selection from affordable ranges of gifts to Delhi,"online gift delivery in Delhi, gifts delivery in Delhi, Delhi gifts delivery, online gift delivery Delhi"
0,105,Send Gifts to Mumbai,"<h2>Online Gifts Delivery In Mumbai</h2><p>Gifts are nothing but gestures to make your loved one feel a little special than usual. Get an <a href=""/gifts"">online gift delivery</a> in Mumbai and let your loved one catapult to the ninth cloud. Send exotic flowers along with chocolates which can be like a beautiful present for this Mother's Day and Rakhi. All the gifts have been quite carefully chosen to make it suitable for every occasion. All our gifts have been quite sensibly priced to make it affordable to every pocket. You can also make Mother's day a little relaxing for your Mom by letting them buy â€˜Specially for you' gift which has towels and candles to allow you relax on a particular day.</p> </br> <p>With two such important occasions lurking around it becomes imperative for you to send them extremely special this season. Send perfect <a href=""/mothers-day/gifts-to-mumbai"">Mother's day gift to Mumbai</a> which might comprise of an elegant piece of jewelry, showpiece or perfect coffee mugs to their home to make them feel on top of the world. Chocolate Hampers, Lucky Bamboo or coffee mugs is what you can <a href=""/rakhi-to-mumbai"">send Rakhi gift to Mumbai</a> and make him feel that behind those small fights was hidden love for each other.</p>",Send Gifts to Mumbai - Online Gifts Delivery In Mumbai,"Online Gifts Delivery in Mumbai: Book My Flowers is a well known online gifts delivery service provider in Mumbai, offers exclusive range of gifts online","online gifts delivery in Mumbai, online gifts Mumbai, online gifts delivery Mumbai"
0,99,Send Gifts to Chennai,"<h2>Online Gift delivery in Chennai</h2><p>Express your feelings on different occasions by sending a gifts online in your city Chennai to your near and dear one's.Whether you are near or far, with our online gift delivery services in Chennai you can get deliver your gifts easily.Your Mother has always been too busy to beautify her home, this Mother's day give her an extra reason by sending her beautiful showpiece to liven up her home. Send her online Mother's Day gifts to Chennai and make her feel that there is not a single day when you don't miss her. For all the fights that you have with your brother send<a href=""/rakhi-to-chennai""> Rakhi gifts to Chennai</a> and make him feel that you will always stand by him during the toughest of times. Occasions are moments to enjoy and you should be doing it to the fullest on Mother's Day and Rakhi.</p>",Send Gifts to Chennai - Online Gift Shop in Chennai | Bookmyflowers.com,Bookmyflowers provides efficient online gift delivery in Chennai at your doorstep. Pick any of your gift online and avail express gift delivery services in Chennai,"online gift delivery Chennai, online gift delivery in Chennai, gift delivery in Chennai, gift delivery online Chennai, gift shop in Chennai"
0,96,Send Gifts To Ahmedabad,"<h2>Online Gifts Delivery in Ahmedabad</h2><p>Gift is all you need to express the unexpressed. Give voice to the embedded feelings of your heart and showcase it by getting an online gift delivery done to your loved ones with Bookmyflowers. An elegant piece of jewelry, showpiece, lucky bamboo, chocolates or any other gift you can send it on Mother's Day and Rakhi .You can also get an <a href=""/gifts"">online gifts delivery</a> done to Ahmedabad for your friends, families and relatives. Be it chocolates online, lucky bamboo, coffee mugs or any other gift you can gift them to your Mother and brother and let them know that life has been special because of these two very important people in the world. Send <a href=""/mothers-day/gifts-to-ahmedabad"">Mothers day gift in Ahmedabad</a> and let them feel that without them life wouldn't have been so enjoyable.</p> </br><p>You can make your brother feel a little happy this Rakhi by sending him a basket full of chocolates and making him believe that you have always loved him. All our gifts have been quite affordable to suit every budget and have been hand wrapped with special care and affection to get a sense of deep rooted connection that you have with your dear ones. With our strong distribution network you can now send <a href=""/rakhi-to-ahmedabad"">rakhi gifts to Ahmedabad</a> online and be rest assured that it will be reaching your loved ones within a blink of an eye.</p>",Send Gifts to Ahmedabad - Online Gift Delivery Ahmedabad,Send gifts to Ahmedabad: Now it becomes easy to send gifts to ahmedabad online! Book My Flowers allows anyone to easily send gifts to ahmedabad for your dear ones,"send gifts ahmedabad, send gifts to ahmedabad, send gifts in ahmedabad"
0,106,Send Gifts to Pune,"<h2>Online gifts delivery to Pune</h2>  <p>Breaking the monotony of the city starting from Delhi, Mumbai, Bangalore and now Pune, Bookmyflowers have cast their magical spell of love, care and affection by having an <strong>online gift delivery to Pune</strong>. So if you have a friend, relative or a family whom you want to wish, you now can celebrate the moment by picking selected gifts and deliver online which is sure to bring a smile on her face. Be it a box full of <a href=""/birthday/chocolates"">chocolates</a> or some gorgeous hamper which she might be yearning for.</p> </br><p>All our gifts are being creatively designed to make every gift distinct from the other so that every gift has its own story to be told. It is time to celebrate every occasion larger than life be it an Anniversary, Birthday, <a href=""/valentines-day/gifts"">Valentine's Day</a> or any other occasion and now yo can send gifts online to pune to make him/her feel special. Celebrate it with full fun and gaiety and make her rejoice the moment to the fullest.</p></br> <p>You still remember how earnestly your mother has always yearned for jewelry and she couldn't ever have enough of it. Send <a href=""/mothers-day/gifts-to-pune"">Mother's Day gifts to Pune</a> and make your mother feel that you always knew what she wants. Rakhi, as an occasion also seems a few buttons away so make sure that your brother gets the perfect online Rakhi gifts this season. Send <a href=""/rakhi-to-pune"">Rakhi gifts to Pune</a> and make your brother feel that you will always love and care for her. All our gifts have been hand wrapped so that the moment somebody opens it he/she should feel the importance they hold in your life. Book your order now to get online gift delivery in Pune.</p>",Send Gifts to Pune - Online Gift Delivery in Pune | Bookmyflowers.com,"Online gift delivery in Pune: Bookmyflowers is one of the most trusted online gift delivery portals in Pune, provides efficient delivery of gift in across Pune online.","online gift delivery in Pune, online gift delivery Pune, Pune online gift delivery, gifts to Pune , send gifts to Pune, online gifts to Pune"
0,101,Send Gifts to Gurgaon,"<h2>Online Gifts Delivery Gurgaon</h2><p>Reaching from one point of Gurgaon to the other one can really get you nuts so for all these moments and more online gift delivery to Gurgaon is like the obvious choice. Send a Lucky Bamboo to your colleague to express your heart felt wishes for the season and couple it up with chocolates. Surprise your loved one who is living in Gurgaon with online delivery of gifts and make them feel that you cannot forget their most important day. You can send lanterns to your Mom to make her home the sweetest in the world. Send <a href=""/mothers-day/gifts-to-gurgaon"">Mother's day gift to Gurgaon</a> and surprise her with a range of unique gifts online.</p> </br><p>All the gifts that we have will fit in your budget as they have been quite reasonably priced for it to become unaffordable. You can also send a table top Ganesha to make to bring good luck and prosperity in their home. Send <a href=""/rakhi-to-gurgaon"">Raki gifts online to Gurgaon</a> by gifting them a basket full of cookies which he can gorge down to fill his stomach.You can get an online gift delivery done in Pune, Chennai, Bangalore, Mumbai, Delhi and many more to list down so that ordering and sending gifts online become an easier task. We ensure a timely delivery of all our gift products in Gurgaon city so that the preciousness of the occasion is maintained.</p>",Send Gifts to Gurgaon - Online Gift Delivery In Gurgaon | Bookmyflowers.com,Look for online gift delivery services in Gurgaon! Bookmyflowers is a well known online gift delivery portal in Gurgaon region. Book your online gift delivery now.,"online gift delivery in Gurgaon, gift delivery online in Gurgaon, Gurgaon gift delivery, online gift delivery Gurgaon"
7,82,Birthday Gifts Online,"<h2>Buy and send birthday gifts online in India</h2><p>At times you so wish that with a simple look you could have guessed what is inside the box so that you don't have to go through the impatience of tearing down the wrapper, opening the box and meeting your lovely surprise. Such is the magic of a Birthday Gift send by someone, that you are just brimming with excitement. So you can buy best Birthday Gift with a nice sweet thought behind it, it can be a an exotic bunch of<a href=""/birthday/flowers""> birthday flowers</a> which is quite freshly adorned with dew drops to make it glisten like diamond.</p></br><p>Bookmyflowers are known to have been blessed with such creativity that the varied gift choices we have is surely going to make you pick the most suitable for your loved ones. It can be an elegant assortment of colorful bouquets, fresh cakes and <a href=""/birthday/personalized-gifts"">personalized birthday gifts</a> that you can buy to make their days of day to be extraordinarily special. Birthdays are meant for midnight online delivery so we ensure that we do the same and you can also send Birthday Cakes on a specified time as well. Attach a personalized Birthday Card along with your gift to express the love in your heart.</p></br><p>Birthdays are cherished occasions for everyone and people celebrate the day with lots of festivities and joy. It is almost the most joyous occasion in the year with parties, cakes and gifts. But the only problem lies in selecting the right gifts for a loved one as birthdays are very important occasions and not meant to be taken lightly. Our online birthday gifts are a reflection of how much we love and treasure the birthday celebrant. The birthday gifts are tokens of love and affection and they must let our best wishes and admiration show. And for this reason Bookmyflowers brings for you a whole range of exclusive birthday gifts online to showcase your care and affection for a loved one. Our list of birthday gift items range from delectable cakes and chocolates to perfumes and jewelry among others. You can also find personalized birthday gift items such as photo frames, key chains, lockets, coffee mugs and printed cushions. Whether you are looking for <a href=""/birthday/gifts-for-husband"">birthday gifts for husband</a> or birthday gifts for wife, you are sure to find the right choice of gifts at our online store.</p> </br><p>Order your birthday gifts online today and have it delivered to your dear ones on their birthdays. Another advantage we have over other sites is that you can also complement your birthday gifts with flowers of your choice at our online store. We are a renowned florist with years of exceptional service in the gifts delivery business. We provide delivery services to both domestic and international destinations, and we ensure the on-time and pristine delivery of your birthday gifts.</p>",Buy and send best birthday gifts Online in India - Bookmyflowers,Send Birthday gifts at the comfort of your own home. Buy online Birthday Gifts from Bookmyflowers for your friends and families and get online delivery at your doorstep.,"Birthday Gifts, Best Birthday Gifts, Birthday Gifts Online, Send Birthday Gifts Online, Online Birthday Gifts Delivery, Birthday Gifts Delivery in India, Buy Birthday Gifts"
2,82,Anniversary Gifts Online,"<h2>Buy and send anniversary gifts online in India</h2><p>Buy anniversary gifts online for your loved ones on their anniversary day and who doesn't like little surprise gifts on their anniversary? <a href=""/anniversary/flowers"">Anniversary flowers</a> are no doubt the best anniversary gifts for your significant other. And when they receive a gorgeous bouquet of favourite flowers on his/her anniversary day, it would definitely be the best surprise for them.</p><br/> <p>At Bookmyflowers, we will provide you a dazzling array of anniversary gifts online India. Here, one can choose and <b>send anniversary gifts online</b> anywhere in India from huge varieties of anniversary gifts including distinct types of flowers such as lilies, roses, dahlias, daisies and even orchids. We also offers other ranges of <b>anniversary gifts online in India</b>; All those are needed to be carefully buy from collection of the best <a href=""/anniversary/flowers"">wedding anniversary gifts online</a> and categorized them on our website. At an affordable price, you can buy and send any anniversary gifts online across the India and we will make sure that your selected online anniversary gifts reaches to your loved ones in record time at their door step.</p><br/> <p>If you want to <b>buy anniversary gift online</b>, we would urge you to have a look at our site and select some of the most unique and amazing anniversary gifts to make any of your family member, friend and life partner feel really special on his/her anniversary. What's more, we also provide you the option to send anniversary gifts online in any location in India with ease! </p>","Send anniversary Gifts Online , Buy best marriage anniversary gifts",Let her feel special as you gift her flowers and chocolates on your marriage anniversary. See the best marriage anniversary gifts to send online.,"anniversary gifts online, send anniversary gifts online, anniversary gift,wedding anniversary gift,marriage anniversary gifts,best anniversary gifts,anniversary gift ideas"
148,82,Wedding Gifts Online ,"<h2>Buy Best Wedding Gifts , Flowers and Cakes Online</h2><p>Weddings are tight knots which are further tightened to strengthen the bond between two individuals who are destined to stay together. â€˜Soul mates' as we call them, who walk this beautiful journey despite the  jumbled up emotions of anxiety, nervousness, confusion and fear except one thing which wins them all - â€˜LOVE'. So if your dear ones are going to strike the wedding bells, it is time to send them a <strong>perfect wedding gift</strong> which can brace up the oblivious love between both of them. </p></br><p>You can <a href=""/anniversary/personalized-gifts"">send personalized wedding gift</a> to the couple from Bookmyflowers to bring them closer to each other. Celebrate the occasion with pomp and show because this is the day which they will be cherishing for the rest of their lives. Get an <a href=""/photo-cakes"">online delivery of a Photo Cake</a> which can sweeten up the event and their friends, families and relatives shower them with countless blessings.</p>","Buy best wedding flowers, wedding cakes and gifts online in India - Bookmyflowers","We have the best wedding collection of flowers, cakes and gifts for you at low cost. Choose and buy online and get deliver to your doorstep.","Wedding Flowers Online,Send Wedding Gifts To India,best wedding cakes,buy wedding cakes online"
132,82,Romantic Gifts Online,"<h2>Buy Romantic Gifts online</h2><p>Some things in life can never be explained especially emotions, they are the toughest part to handle and romance is one such emotion. Bookmyflowers have added a whole new meaning to romance by coming up with an array of online romantic gifts which gives the finest meaning to the expression of love. So be it your <a href=""/valentines-day/gifts"">lovely Valentine's Day</a> or Wedding Anniversary our connoisseurs have handpicked some of the best romantic gifts to woo your loved ones.</p> </br><p>You can easily buy and send a <a href=""/valentines-day/gifts"">romantic gift</a> which doesn't hurt your pocket and also ensures a timely delivery at your loved one's doorstep so that they can understand the importance they have in your heart. We have ample of choices to choose from so that you find the perfect gift for your loved ones. Our online delivery of romantic gifts will ensure that your love has no limits and it will keep increasing with passage of time.</p>","Buy and Send romantic flowers, gifts and chocolates online - Bookmyflowers","Show your romantic mood to your partner with our romantic collection of flowers, bouquet, cakes and chocolates. Order your item online just now!","romantic flowers,romantic rose flowers,romantic gifts,romantic chocolates,love gifts for her,romantic,gifts for girlfriend,romantic gifts for him"
80,49,Get Well Soon Flowers & Gifts,"<h2>Get well soon Flowers Delivery Online</h2><p>Wish a quick recovery to your loved one by sending a fresh bunch or <a href=""/flowers"">bouquet of flowers</a> which have been naturally embellished with dew drops to make your dear ones feel that they have been specially plucked from the gardens to liven up your dear ones room. Get an online delivery of fresh flowers from Bookmyflowers to make your loved one understand that how badly you want him/her to be all hale and hearty. A bunch of colorful tulips and the exotic Gerberas can be a nice pick for your loved one.</p></br><p>All our flowers are arranged by our florists who have had the desired expertise in brightening up your dear one's life from time in immemorial and these colors will surely add some vibrancy into your dear one's life. You can now order and send flowers to your loved ones to ensure that they get well soon.</p>",Order and Send get well soon flowers and gift baskets online - Bookmyflowers,"Order and send your well wishes with get well soon flowers, gift baskets online to show how caring you are for him or her.","get well soon flowers,get well soon gifts,get well soon gift baskets"
140,49,Sympathy Flowers Online,"<h2>Sympathy and Funeral Flowers online</h2><p>Show your dear one's that their presence will always be missed no matter whether they are far or near. <a href=""/flower-bouquets"">Send a nice bouquet</a> of white Lilies or Daisies from Bookmyflowers to showcase your deepest sentiment that they will always be remembered in their thoughts. You can buy, order and send these sympathy flowers on the day occasion.</p></br><p>Our florists compile only the freshest of flowers together which are beautifully hand tied and wrapped with a protective sheet of paper so that they remain as fresh as the dew drop. You can also pin a handwritten message which says â€˜Your memories will never fade out'.</p>","Buy sympathy flowers bouquet, funeral flowers online - Bookmyflowers",Buy sympathy and funeral flowers and send them online to express your sympathy to grieving friends and relatives.,"sympathy flowers,sympathy flowers Bouquete,funeral flowers"
4,82,Best Baby Shower Gifts,"<h2>Online Gifts for New Born Baby</h2><p>Memories come and go but there is one memory which never fades away, the first cry of a new born baby. It's time for celebration and nobody would want to miss it and for all such occasions Bookmyflowers have cute little gifts to welcome the new member of the family. Our gifts have been quite tenderly chosen for the tiny tort so that they are cuddly soft just like them. You can <a href=""/gifts"">order gifts online</a> for the new born baby.</p></br> <p>You can send the cute little teddy bear, <a href=""/flowers-with-chocolates"">chocolates and flowers</a> which can be the perfect gift for the new born baby. You can also send a combo of the gifts like flowers and teddy bear or chocolates and cakes so that you can give a sweet start to the new tiny torts life. Get an online delivery of these gifts if you are not able to make it to the ceremony so that no matter whether you are there or not but your presence is always felt by the warm wishes that you have sent through your gift.</p>",Buy online gifts for new born baby - Bookmyflowers,Congratulate your friends and relatives for new born baby with flowers and gifts. Buy and send it online with countless blessings.,"gifts for new born baby,new born baby gifts,new baby gift ideas"
138,49,Sorry Flowers Online,"<h2>Send I am Sorry Flowers and Gifts Online</h2><p>â€˜Why should I' and â€˜Why can't you' can be brought together by supplementing it with â€˜I am sorry'. If â€˜I Love You' can commence a relation then â€˜I am sorry' can continue it further. Send the perfect <strong>sorry flowers online</strong> to let your loved ones feel that the relationship you share matter more than the ego. After all it takes a whole lifetime to build the relationship and just seconds to break it. Avail the <a href=""/"">best flowers online</a> and let your dear ones feel that you love them way more to let them go.</p></br><p>With Bookmyflowers, you can send the perfect apology flowers to win them back. A sparkling bunch of Lilies or an exotic bunch of <a href=""/mixed-flowers"">mix flowers</a> can be carefully brought together to express your sincerity towards the relationship. Personalize it with a greeting card and pen down your heartfelt emotions to make your dear ones feel that despite all the fights and quarrel, the magnitude of love you have for them.</p>","Send sorry flowers and gifts online, Apology flowers delivery - Bookmyflowers",I m sorry flowers online:  send your heartfelt apology to say sorry with flowers and gifts basket.,"I am sorry flowers, Sorry flowers,Sorry gifts,Sorryï¿½chocolates,Sorry ï¿½cake"
110,82,Housewarming Gifts Online,"<h2>Buy Housewarming Gifts , Flowers and Cakes Online</h2><p>You home has the perfect reel of memories which as you roll down will never fail to gift you an emotion which is so true, so pure and so sweet that it will be missed badly in the years to come. You therefore knit and celebrate this beautiful web of memories through Housewarming. Get an online Housewarming gift to give a perfect start to your new life. Send a bunch of sparkling new flowers cuddled together with a ribbon which will spread warmth, togetherness and happiness in your home. These flowers are sure to liven up your living room and fill it with an unmatched freshness. </p></br><p>Bookmyflowers is known to have been blessed with the best Housewarming <a href=""anniversary/romantic-gifts"">gifts and flowers online</a> that will celebrate the moment in the best way possible. We can also deliver Housewarming gifts at a time specified by you. The gifts are quite thoughtfully chosen by our connoisseurs so that it can exhibit the quantum of joy that you have in your hearts. </p>",Best housewarming wishes with flowers and gifts - Bookmyflowers,We have awesome collection of housewarming gifts and flowers online. Browse our unique gift items and buy them today,"house warming wishes,house warming gifts,house warming flowers,gifts for housewarming"
120,82,New Year Gifts Online,"<h2>Send New Year Gifts to India online</h2><p>The arrival of the New Year is just around the corner and it is time for resolutions, new beginnings and the heavy rush shopping for new year gifts and presents. The tradition of giving and receiving gifts is an integral part of every festival, and so it is also with New Year's Day. On this   occasion we present gifts for new year as grand as possible to our family members, friends and relatives and make their new year begin on a sweet note</p><p>We proudly present one of the most exclusive collections of new year gifts online, ranging from   Gift Hampers, flower combos, sweets and chocolates, to other exciting gift ideas. They are handpicked and refined to best suit your needs and requirements so as to make the occasion extra special.Gift giving is the best way to heal up sour relations and develop a feeling of togetherness and express our love for someone whom you care. That is why it is best said with flowers and presents.  Convey your New Year wishes with a special arrangement from our exclusive line of <a href=""/flower-bouquets"">flower bunches</a>, new year flower basket arrangements, glass vase arrangements, designer bouquets and roses. Say it with our exquisite combo featuring a pretty bunch of twelve Red Roses, wrapped in cellophane and a half kilogram Pineapple Cake.</p><p>This year make the occasion memorable for all, do not miss out any of your friends and send New Year gifts to India and abroad to all your loved ones. We cater to both domestic and international destinations.</p>","Send New Year gifts to India, Happy New Year Gifts Online, Best Gifts for New Year",Send New Year wishes to your loved ones by sending New Year gifts online along with cakes and flowers. We provide online new year gifts delivery to all the major cities of India.,"new year gifts online, send new year gifts to india, send new year gifts online, buy new year gifts, new year gifts for husband, new year gift for wife, new year gift for boyfriend, new year gift for girlfriend, new year gift for kids"
42,82,Diwali Gifts Online,"<h2>Diwali Gifts Online Shopping in India</h2><p>Diwali is a festival which has deep symbolism of victory of good over evil and light over darkness. It is a festival which marks the return of Lord Rama from a 14 year long exile which is why people light up diyas, candles and lamps to honor the return of the king. The old customs and traditions are followed religiously even today. To keep up with the tradition, Bookmyflowers presents a wide variety of gifts for Diwali to bring the festive mood to the occasion.</p><h2>Best Diwali Gift Hampers Online</h2><p>From popular gifts hampers to sweets to crackers, we have them all. Some of our bestselling <a href=""/diwali/gift-hampers"">Diwali gift hamper</a> features sweets, dry fruits and international branded chocolates among others. These hampers are ideal gifts to be given to your loved one during the occasion. Our online portal also has stylish diyas and candles available in different sizes and patterns which are well complemented with sweets and chocolates to sweeten up the occasion.</p><h2>Online Sweets and Dry Fruit Gift pack for Diwali</h2><p>Dry fruits have been long been given as gifts during several festive occasion. The beautiful packaging of the dry fruits in fancy boxes makes it the perfect gift to be given during the occasion. You can pick from cashews, raisins, almonds and pistachios to name a few. For different festive seasons, chocolates have also been gifted by many to their loved ones. We have a unique range of homemade chocolates which are packed in elegant boxes and are given as gifts for Diwali to your friends and families.Sweets are important for every Indian festival so you will find a range of <a href=""/diwali/sweets"">Diwali sweets online</a> which ranges from Kaju Katli, Motichoor Laddoos, Doda Barfi, Rasgullas, Soan Papdi and more. All our sweets are made using the finest quality of products so the best is what gets delivered to your doorstep. All you need to do is order sweets online and it will be delivered to your loved ones home on time.At Bookmyflowers, we have been delivering gifts for years and our fabulous on time delivery of products makes us the most preferred brand in the industry. To make the task of ordering even more convenient, we have come up with custom delivery services which allows you to deliver gifts the same day, next day and even at midnight too.</p><h2>Diwali Gift Ideas for Corporates in 2017 </h2><p>Diwali is also considered to be the Hindu New year, hence many businessmen and industrialist get into new ventures. It is also a time when offices give Diwali gifts to their employees and clients to build a bond which is both stronger and better. Bookmyflowers have also come up with an exciting range of Diwali gifts for corporates which consists of leather notepads, hookahs and Diwali sweets hamper among others.Besides sweets, chocolates have also been a perfect corporate gift to be given to employees during Diwali. Our online portal features delectable combos of dryfruits and chocolates to share the joy with employees. Complement it with idols of Lakshmi and Ganesha to make it an appropriate gift hamper to be given to employees. Beautifying homes have been an important feature during Diwali, hence many offices prefer giving a combo of diyas and candles so that they can brighten their homes during the festive season.</p>","Buy Diwali Gifts Online, Send Diwali Gifts to India, Best Gifts for Diwali",Send Diwali Gifts to India from Bookmyflowers to wish a happy Diwali your dear ones. Buy Diwali Gifts online at lowest price. Order best gifts for Diwali now!,"diwali gifts online, buy diwali gifts online, send diwali gifts to india, happy diwali gifts, best gifts for diwali, online gifts for diwali , buy gifts for diwali, diwali gifts shopping in india"
112,82,Karwa Chauth Gifts Online,"<h2>Best Karwa Chauth Gifts for Wife in India</h2><p>Manifest your love and admiration for your wife with an exclusive collection of karwa chauth gifts that are sure to make her feel special and give her an out of the world feeling. Every married woman of the country religiously undergoes this tough fasts from sunrise to moonrise without a single drop of water. This is the toughest fast in the Hindu festival where the wife expresses her extreme devotion for her husband. You might find it hard to look for a perfect karwa chauth special gift, hence Bookmyflowers have come up with karwa chauth gifts for wife which are sure to mesmerize her.As it is customary, traditional gifts have a larger appeal than the rest and so we have come up with a range of traditional karwa chauth gifts for wife to gift it to your beloved wife.</p> </br><h2>Karva Chauth pooja thali items</h2><p>Send karwa chauth pooja thali items along with the richly adorned thalis which are sure to make her feel special. You can buy these karva chauth thali items online at lowest price with home delivery options. You can also send it as karwa chauth gift for mother in law anywhere in India.We have a range of delectable cakes and chocolate hampers too which is sure to delight her. Treat her with some irresistible chocolates with chocolates like Ferrero Rocher, Cadbury's, Lindt and many more to list down. Chocolates will be a nice way to express your love for your wife.</p></br><h2>Send Karwa Chauth Gifts Online in India and Abroad </h2><p>There are some exciting combos of spa hampers and skin lotions which will be an ideal way to spoil and pamper her, this karwa chauth season. You can team it up with fresh flowers which comes in exciting arrangements from our florists using their year of expertise.All our online karwa chauth gifts are hand delivered to over 350+cities where we have even covered several international destinations too. You can send karwa chauth gifts online to USA, UK, and Philippines to name a few. To make it easier for all our customers, we have also come up with flexible delivery options which allows you to send karwa chauth gifts online same day, next day and even midnight deliveries too. Our 20 years of rich experience allows us to send gifts on time and that too in superb condition.</p></br><p>Karwa Chauth is a one-day festival celebrated in India in which married women fast from sunrise to moonrise and offer prayers for their husbands. The fast is kept 9 days before the festival of Diwali. The festival falls on the fourth day after the full moon, in the Hindu calendar month of Kartik. Sometimes, unmarried women too observe the fast for their fiancÃ©s or desired husbands. Karwa Chauth is considered one of the most important fasts observed by the married Hindu women. On this day the women pray for the welfare and long life of their husbands.</p></br>  <p>The festival has cultural and social significance too; it is a special occasion for people to gather and socialize with friends and family, and exchange gifts. The gifts exchanged on karwa chauth occasion reflect joy, splendor, brightness and happiness of a married life.</p></br><p>If you want the best gift for Karwa Chauth this year then our online portal will definitely be of the utmost help. From traditional gifts such as thalis to exquisite earrings and luxurious gift hampers to exclusive Karwa Chauth gifts for mother in law, you will find the desired choice of yours here. Women can also buy karwa chauth gifts for husbands. Present your loved one a luxurious treat to pamper her. It will make the perfect Karwa Chauth gift for your wife. Our Khadi Gift Tray is an elegant combo of 3 different hair conditioners cleanser, body massage oil and a gorgeous necklace. Order your Karwa Chauth gifts online and have it delivered to any destination in the country.</p>","Buy / Send Karwa Chauth Gifts Online for Wife, Mother in Law | Bookmyflowers",Karwa Chauth Gifts Online - Buy / Send karwa chauth gifts online for wife on this auspicious day. We have also collection of sargi gifts of karwa chauth for mother in law.,"karwa chauth gifts for wife, karwa chauth gifts online, best gifts for karwa chauth, karwa chauth gifts for mother in law, karwa chauth gift items, karwa chauth puja thali, karwa chauth gift for husband, best karwa chauth gifts"
145,82,Valentine's Day Gifts Online,"<h2>Selectively Chosen Valentine’s Gifts Online  from Bookmyflowers</h2><p>It is time to get into the mood of love and romance. It doesn’t matter whether you are single or are a blessed couple, Valentine’s Day is a perfect day to celebrate your love with your significant other. It is quite difficult to come up with gifts that showcase how much you care and love the other person. Therefore, to help you out Bookmyflowers brings to you selectively chosen valentine gifts online for your loved ones. Personalized valentine gifts are always a big hit as <a href=""/valentines-day/gifts-for-wife"">valentine gifts for wife</a> because it makes her feel how best you understand them. Personalized coffee mugs, photo frames and lamps are some of the classic choices for Valentine’s Day gifts. Send a box of chocolates along which will be an ultimate delight for your loved one.</p><h2>Exclusive Valentine gifts for him</h2><p>Chocolates reign supreme as a perfect valentine gift for him on this occasion. A basket consisting of a selective assortment of international branded chocolates will be a treat for everyone. You can choose to go for selected chocolates such as Ferrero Rocher, Snickers, Mars, Cadbury’s and other delectable chocolates to list down. These are the best chosen <a href=""/valentines-day/gifts-for-husband"">valentine gift for husband</a> as men are fond of relishing chocolates during the valentine season. </p> <h2>Online shopping for Valentine’s gifts made easier with Bookmyflowers</h2><p>Bookmyflowers is a reputed brand name in the industry and has been serving its customers for more than 6 years. Our splendid range of online valentine gifts has impressed many. Our flexible delivery services with easy payment option makes us the most preferred brand name in the industry. Our widespread reach across national and international borders has helped us in reaching out to more and more customers. Our exceptional and timely delivery of gifts for Valentine’s Day has built trust and confidence amongst our customers.</p><h2>Valentine’s Day Flowers Delivery Online</h2><p>Valentine’s Day is a day for all the Romeos and Juliet’s to manifest and scream out aloud that they are and will be in love. Love has its own special meaning for some love just happens, for some others it is inevitably lost and there are also some others who believe that love happened at the very first sight. When the season of love is around the corner it is time to get the best valentine gift for your loved ones. So it is time for you to surprise your loved ones with a surprise valentine bouquet delivery and we at Bookmyflowers would like to take pride in delivering the perfect gift at their doorstep.</p><p>Beautiful bouquets of roses or a choice of her favourite flower is sure delight her on the occasion. You can brighten up her mornings with a bunch of red roses which are considered to be time honoured <a href=""/valentines-day/flowers"">flowers for Valentine’s Day</a>. Red Roses not only carries more meaning but are an ultimate symbol of undying romance.You can also go for the non-traditional valentine gifts online like “Engraved Golden Rose,” “Personalized Love Contract” and “Love in a bottle” which are the kind of gifts a woman would love to receive. These unique romantic valentine gifts are sure to steal your girlfriend’s heart away.</p>","Send Valentine Gifts online, Gifts for Valentine’s Day India",Bookmyflowers offers you best valentine gifts online. Find a perfect gifts for Valentine's Day with free delivery anywhere in India.,"valentine gifts, valentine’s day gifts, valentine gift, valentines day gifts, valentine gifts online, online valentine gifts, gifts for valentines day, gifts for valentine, send valentines day gift, valentine gift delivery"
118,82,Mother's Day Gifts,"<h2>Online Mother's day Gifts and flowers</h2><p>All this while she has been a multitasking Super-hero it is time for you to pamper and spoil her little bit. This Mother’s day celebrate the occasion by mothering her. Order an online <a href=""/mothers-day/flowers-with-cake"">Mother’s day cake</a> from Bookmyflowers and celebrate it with your Mother. Ask her to pull up her feet , sit back and relax to let her know that even the smallest of hands can make your day a memorable one.You want your plan to be just perfect so be it something as simple as flowers but you would still want to choose only the best one’s to make the perfect Mother’s day bunch. Keep all your worries at bay since our florists understand that you don’t want to go wrong so they carefully hand pick this special <a href=""/mothers-day/flowers"">Mother’s day flower</a> bunch for you to gift it to your Mother.</p> <p>The freshening up of the day should be well compensated with emotional quotient so you can choose to personalize a Mother's day gift because your Mom would definitely love your creativity and thoughtfulness that you have put into it. <a href=""/mothers-day/personalized-mugs"">Buy personalized Mother's day mug</a> online with a beautiful photo of the two of you to recycle all the nostalgic memories that is attached to it.</p><p>Since you are too young you might be reminded of things at the eleventh hour and for all such moments we have same day delivery service. You can get an online delivery done in Delhi, Mumbai, Bangalore, Jaipur, Agra, Chennai and many more to list down. This will ease up your tension and you will be able to surprise your Mum in the most beautiful way. We will make sure that you never run out of best <a href=""/mothers-day/gift-hampers"">Mothers day gifts hampers online</a> to make her feel like a ‘Queen’.</p>",Mother's Day Gifts Online - Buy/Send Best Gifts for Mother to India | Bookmyflowers.com,"Find the Best Mother's Day Gifts 2017 Online from bookmyflowers.com. Buy / Send Unique Gifts for Mother, Mother in Law to India at Best Price. Free Shipping in India!","mother's day gifts, buy gifts for mother's day, send mothers day gifts online, gifts for mothers day, send mothers day gifts to india, unique mother's day gifts, best mothers day gifts"
37,82,Christmas Gifts Online,"<h2>Buy Christmas Gifts Online in India </h2><p>Christmas is here again and it is time to bring out the decorations and lights. From carols, to nativity scenes and home cooked roast dinners, it is one of the most wonderful times of the year. Add to the festive cheer with lots of songs, flowers and Christmas gifts. Gift giving has always been a major tradition of the festival. On this occasion we have for you an amazing range of gift ideas on Christmas from large to small, frugal to extravagant, and simple to grandiose. Our online store features a variety of Christmas Gift Hampers Santa Claus Toys and Christmas flowers among many others to make this holiday season a grand and memorable experience.</p> </br> <p>For your Christmas flower arrangements, our Christmas Star in Bucket is the ideal offering. Decorate your house with our potted Mexican Flame Leaf. This ravishing red Poinsettia plant wrapped with red jute ribbons will be just perfect for your interiors.And Christmas won't be just right without a tree. Our Delight your Christmas is a 1 feet tall fully decorated tree meant just for the occasion.Go green this year with our Joy to the World nativity scene, this novelty gift set is made of eco-friendly materials with the rag hut, green and beige moss, raffia mat roof and clay figurines all set on a wooden tray.Make the occasion special by sharing the love, joy and warmth of this special day. Order your Christmas gifts online and have them delivered to your doorsteps in time for the festival.</p>","Best Christmas gifts for kids, Send and buy Christmas gifts in India - Bookmyflowers","Christmas Gifts Online : Buy and send all kind of Christmas gifts, Christmas tree, plants for Christmas, soft toys at one place with discounted price.","christmas gifts, christmas gifts for kids, best christmas gifts, christmas gifts online, buy christmas gifts online, unique christmas gifts"
77,82,Friendship Day Gifts Online,"<h2>Online Friendship day gifts, Flower and Chocolates</h2><p>Friendship Day celebrations take place on the first Sunday of August every year. Initially created by the greeting card industry, it has now grown gradually and gained popularity. Today Friendship Day is celebrated in large number of countries including India. On this day people celebrate the bonds of friendship and spend time with their friends and express love for them.  The occasion is usually marked by the exchange of gifts like Friendship Day flowers, cards, wrist bands and chocolates.</p><p>If you are searching for the perfect gifts for friendship day then our online portal will make a fine destination. We have an amazing and varied range of exclusive items meant just for the occasion. From friendship day chocolates to unique gift combos, our selection is sure to fulfill your desires.</p> <p>Cakes compliment any occasion and they are just ideal to add an air of celebrations. Percent your friends with our faboulous Triple Chocolate Cake 1kg and make their day.  Crafted from the finest chocolates by skilled bakers, this cake is an absolute favorite. Or try the amazing <a href=""anniversary/romantic-gifts"">flower combos</a> to deliver a special message. You cannot ever go wrong with the Perfect Fulfillment combo which is a bunch of 8 Pink/blue <a href=""/orchids"">orchids</a> wrapped in paper packing and it comes along with a 500gm chocolate cake.Send friendship day gifts for your best friend online and have them delivered to a destination of your choice. We offer customized delivery services, and your gifts will reach their destinations intact and on time.</p>","Best friendship day gifts, flower and chocolates for friends - Bookmyflowers",Explore our best friendship say gifts ideas online to make your friendship day memorable. We have latest and stylist collection of gifts for boys and girls for friendship day occasion.,"friendship day gifts for best friend, gifts for friendship day, friendship day flowers, friendship day chocolates, friendship day gifts online, friendship day flowers online, send friendship day gifts"
149,82,"Flowers, Gifts for Women's day","<h2>Online Gifts and Flowers for Women's day</h2><p>At Bookmyflowers we believe in â€˜Mission Possible' where we would do anything to see that gorgeous smile on their face, It is like a hard to beat feeling. So before we shower them <a href=""/mothers-day/gift-hampers"">Mother's day gifts</a> let us celebrate her role as a woman first. This Women's Day it is time to send Women's day gifts to all those women who have been a source of inspiration for you. Send them a nice bunch of fresh Women's day flowers to let them feel the sweet fragrance they spread in our lives making us live each day as lively as we can.</p> </br><p>Send her Women's day special <a href=""/gifts"">gifts online</a> to surprise her and to let her know that that she is the special one. Therefore you can send from the Women's day special niche that we have carved out especially for her. With the strong logistical support that we have we are sure to get all the online delivery well on time to make them feel that life is worth living because we have her.</br>","Online Gifts for womens day ,Buy Women day flowers in India","Buy Women's day gifts, flowers and cakes Online to celebrate this day with the lady who played an important role in your success.","Women's day gifts, Flowers for womens day, womens day flowers"
44,82,Fathers Day Gifts Online,"<h2>Give Your Dad a Reason to Smile with Wonderful Father’s Day Gifts</h2>
<p>A father is not just a word but a relation that depicts a bundle of responsibilities, commitments and efforts to think about the welfare of the family at all times. Mother is the one who brings us on this Earth but a father is also the person who gives up his comfort and desires to offer his child the best of everything. It is not possible to describe the importance of a father in words but we can simply make our dad feel special through the exciting range of father’s day gifts. People send father’s day presents to their dad in the testimony of this strong relationship that has always stood rock solid during the toughest times. Book My Flowers, an online gifting store respects this spirit of a father with its wide collection of gifts for father’s day that can help in celebrating the fatherhood in the most enticing manner. You can gift anything from a bouquet of flowers to cakes, gift hampers to <a href=""/fathers-day/personalized-gifts"">personalised father’s day gifts</a> to make your dad feel privileged and honoured.</p>
<h2>Looking For a Perfect Father’s Day Gifts? Try Out These Cool Gifts for Dads</h2>
<p>People who are looking to celebrate the father’s day with unique gifts for dad need to visit this online gifting store without wasting any time further. You can find <a href=""/fathers-day/flowers"">fathers day flowers online</a> which can be delivered anywhere in India and abroad in a hassle free manner. Choose radiant flowers such as roses, tulips, lilies, carnations, sunflowers, chrysanthemums, daisies and others that can be the excellent father’s day gifts from daughter or son. Not just flowers, you can offer yummy cakes, house hold plants, gift hampers, personalised gifts and other beautiful presents for dad with just a simple click of a mouse only. You can further send father’s day unique gifts to your father, father-in-law, grandfather or any other father figures to honour the fatherhood. For a special treat to your foodie father, there is a wide range of cakes that are built for the occasion and can be delivered freshly anywhere in India and abroad. You can order mouth-watering <a href=""/fathers-day/cakes"">fathers day cakes online</a> that are available in the flavours such as Black Forest Cake, <a href=""/mixed-fruit-cakes"">Fruits Cake</a>, Red Velvet Cake, Chocolate Cake, Butterscotch Cake, <a href=""/vanilla-cakes"">Vanilla Cake</a> and a lot more. Sending a luscious cake among them with a bunch of blooming flowers can serve as one of the best gifts for father-in-law, father or grandfather. It will surely bring a smile on their face and will take your relationship to a new level. People who have a hectic schedule and does not have time for searching gifts at the local market can <a href=""/gifts-for-dad"">send gift for father online</a> through the help of <a href=""/"">Book My Flowers gifting store</a>. Additionally, there is a spectacular range of personalised gifts that form the backbone of exceptional father’s day gift ideas for the global customers. Now, people can choose any gifts for their dad depending on their pocket size and choice and can quickly order father’s day gifts online to celebrate the occasion.<br><br>
Get your flowers, gifts, house hold plants, gift hampers, personalised gifts and father’s day cakes online in a trouble free manner through the online gifting store. It can help you deliver cool gifts for dads to anywhere in India and other countries through the help of its international gift delivery services. So, make this father’s day special for your dad by buying something extraordinary for him that can cheer up his spirits instantly.</p>
",Father's Day Gifts - Buy or Send Best Gifts for Father/Dad Online to India,Buy / send fathers day gifts online from bookmyflowers.com. Explore best father's day gift ideas and choose unique presents for dad online. ? Free Shipping in India ? Best Price,"Father’s day gifts, gift for father’s day, online father’s day gifts, best father’s day gifts, Father's Day Presents, Gifts for Dad, Presents for Dad"
0,131,Send Rakhi to India,"<h2>Send Rakhi Online and Celebrate the Festival with pomp and show</h2><p>Tell you sibling how much you love them by giving them gifts which are thoughtfully chosen by experts for the occasion. Preparations for the festival of Rakshabandhan start well in advance and after a thorough market research, the designers work hard to come up with some of the traditional designs for the occasion. One can shop from a popular range of zardosi, rudraksh, mauli, pearls and kundan rakhis. You can send rakhi online with utmost ease with the help of our impeccable delivery options.</p><h2>Minimize the distance, Send Rakhi Gifts to India with our Express Delivery Option</h2><p>Distances has never been a problem for us, with the advanced logistics that we are blessed with, you can send rakhi to practically any destination possible. You can shop for popular gift combos and hampers which comprises of some delectable sweets prepared using the finest quality of ingredients. Besides sweets, we have come up with a pack of relishing chocolates too. You can send rakhi gifts to India and international destinations to make your loved one smile.</p><p>Customers usually have the concern of having limited choices when they have to shop for their brother but not anymore since we have come up with gifts for brothers which will sweep them off their feet. Shop for dry fruit hampers, neck tie combo, grooming sets, perfumes, pen sets and much more to delight your brother on the occasion. Complement the gifts with rakhi and <a href=""/rakhi-for-brother"">send rakhi for brother</a> with the help of our express delivery options. The online portal has gone ahead and have even come up with special Lumba rakhi to celebrate the bond with both brother and sister-in-law. You can send these lumba sets with dry fruits to make the occasion memorable for your loved ones.</p><p>Flowers have always come as an ultimate delight for your sister. She is always more than impressed to have a premium bunch of flowers being delivered to you on the occasion of Rakshabandhan. How about sending flowers as an ultimate <a href=""/rakhi/gifts-for-sister"">rakhi gift for your sister</a> to make her feel special. We have even showcased chocolates, sweets and other personalized gift items which turns out to be equally great gift for the occasion. To keep the essence of the festival the online portal has even come up rakhi puja thali which makes it easier for sisters to offer their prayers.</p><p>Bookmyflowers, is a premium brand which has been delivering gifts, cakes and flowers for every occasion for more than 20 years. The quality of gifts that we deliver has let us win the trust and confidence of the customers. To ensure that customers have the convenience of delivering gifts on the occasion of Rakshabandhan, the online portal has come up with flexible delivery option which allow you to send gift the same day, next day and even at a fixed time. All the gifts are beautifully packed and are delivered at your doorstep in the most pristine conditions.</p><h2>Online Rakhi Store: Buy and Send Rakhi Online in India</h2><p>Bookmyflowers is a great platform through which you can easily send Rakhi to India and make the festival of Rakhi unforgettable for your beloved brother. We offer you an exclusive range of <a href=""/rakhi/gift-hampers"">Rakhi gift hampers</a> to celebrate the festival of love and togetherness of two siblings. This occasion is cherished all over the world and strengthens the chaste bond of affection shared between a brother and a sister. Buy rakhi online from bookmyflowers.com and have it delivered to your brother for Rakshabandhan. We help you to send Rakhi online to India for your beloved brother who is staying miles away from you. So, what are you waiting for? Hurry up and choose from the exotic range of <a href=""/rakhi/designer-rakhi"">designer Rakhis</a>, and flowers at our online rakhi store to make the auspicious festival of Rakhi a truly memorable experience for both you and your brother.</p><p>A strong and a meaningful <a href=""/rakhi"">rakhi thread</a> of promise is tied and sealed with a knot on Rakhi. A durable bond of love beautifully mingled with naughtiness of gifting, both brothers and sisters wait quite eagerly to pounce on the Rakhi gift that has been secretly kept by their side. At Bookmyflowers, each and every Rakhi and gift of ours have been designed and wrapped in the most enticing manner that will make your brother or sisters tear it open with excitement. </p><p>So if you want to re-live those moments of trivial fights with your brother or sister even when you are quite far away then you send Rakhi online through us. At our online rakhi store, you can club his /her favorite sweet along with it to tell her that behind these trivial fights is your sweet hidden love. Our rakhi store features countless varieties of Rakhi starting from cartoon Rakhi for your little brother to Mauli Rakhi, Silver Rakhi, <a href=""/rakhi/kundan-rakhi"">Kundan Rakhi</a> and Pearl Rakhi for your elder brother. When it comes to your sweet little sister we have everything starting from handbags, jewelry, perfumes, teddy bear, divinity gifts, spa hampers and many more to list.</p><p>We will not let you miss either your Brother or sister this Rakhi as you can now send Rakhi to India along with the gifts from any part of the globe and we will ensure that it reaches on time for the festival. Buy rakhi online at our rakhi store and complement your rakhi gifts with flowers. Just pick our Rakhi gift hampers, flowers etc and send rakhi to India online and connect with your dear brother on the beautiful festival of bonding and eternal love. Let your brother and sister feel more loved because it doesn’t matter how far they are but we have bridged the distance and preserved the warmth of the relationship.</p>",Rakhi Online Shopping - Buy/Send Rakhi Gifts to India | Online Rakhi Delivery,"Buy/Send rakhi gifts online to India with free delivery. Rakhi online shopping for brother in India from Bookmyflowers.com. Select unique rakhis including designer rakhi, gold & silver Rakhi and more.","buy rakhi gifts online, online rakhi send, rakhi gift, online rakhi shopping, online rakhi store, send rakhi to India, send rakhi gifts online, best rakhi gifts, rakhi gift ideas"
144,82,Send Flowers to USA,"<h2>Flower delivery in USA</h2><p>With your childhood friend you have shared everything your Birthday, first day at school, college, work and so on and now that dear friend of yours has shifted to USA. Wouldn't you like to delight her with a perfect surprise on her Birthday? With Bookmyflowers we have a florists have handpicked some of the fresh flowers to make it a perfect bunch or bouquet to be delivered within or outside USA.</p></br><p>With Bookmyflowers you can get an online <strong>flower delivery in USA</strong> which has some of the exotic ones to make it to the lot. You can choose to have a bunch of orange, lavender, yellow and <a href=""/rose-day/flowers"">red roses</a> to choose from which can be placed in their living room to freshen up their mood. So no matter how far is your dear ones be it even beyond USA we still ensure a timely delivery of all these flowers to your loved ones.</p>","Send flowers to USA, flower delivery in USA - Bookmyflowers",Find flower delivery in USA. Bookmyflowers allow you to send flowers to USA from our online flower store at discounted price.,"flowers to USA,send flowers to USA, online flowers delivery in USA"
143,82,Send Flowers to UK,<h2>Flower delivery to UK</h2><p>With the technological advancement you can easily talk your heart out with a person sitting on the other side of the globe but when it comes to expressing your feelings Bookmyflowers can come to your rescue. Whatever be the place we can get a <strong>flower delivery in UK </strong>or outside. All the flowers are specially plucked from the garden so that when they reach your loved ones it gives them the freshness which they might have never experienced.</p></br> <p>If there is a particular favorite you are looking for you can choose from the wide variety that we have for him or her. Personalize it with a message card which says the world of feelings you have always kept inside your heart but could never express it in words. All these flowers are gorgeously wrapped with a protective paper so that not even single flowers get spoilt.</p>,"Send flowers to UK, flower delivery in UK - Bookmyflowers",Now you can send flowers to UK on any occasion with Bookmyflowers Online flower delivery service across India.,"flowers to UK,send flowers to UK,online flowers delivery in UK"
30,82,Send Flowers to Canada,"<h2>Send Flowers to Canada</h2><p>Send flowers to Canada to a friend with whom you had a fight last night; it is time to tell her that you are sorry for what you have done. Make her feel special with a whole variety of flowers which you can send to Canada from Bookmyflowers helping you to bring back your long lost friend. All these flowers have been specially plucked for some important occasions like Birthday, Anniversary, Wedding and many more to list.</p> </br><p>We have a variety of flowers starting from your personal favorite Roses to Lilies to Gerberas so that they can make a perfect bunch or <a href=""/flower-bouquets"">bouquet of flowers</a> for an occasion which is so special for your dear ones. You have the benefit of having a variety which is made available at a affordable price range.</p>","Send flowers to Canada, flower delivery in Canada - Bookmyflowers",Bookmyflowers deliver online flowers in Canada to your near and dear ones on all occasions. At Bookmyflowers you can send flowers with same day home delivery option.,"flowers to Canada,send flowers to Canada,online flowers delivery in Canada"
3,82,Send Flowers to Australia,"<h2>Flower delivery in Australia</h2><p>Occasions are for every place and Australia is no exception. Mesmerize you loved one's in Australia with a bunch of freshly tied blooms which has the perfect fragrance to freshen up your day, <a href=""/"">Send a flower bunch</a> to your loved ones on their important occasion be it Birthday or Anniversary to make them feel that every occasion requires a perfect gift. The best flowers to form as the perfect gift for your loved ones.</p></br> <p>With Bookmyflowers you can order and send flowers with a handwritten message which says and explicitly expresses all the feelings that you have in you. All these flowers are the chosen ones to be the right gift for the one you love. A bunch of velvety crimson roses is sure to make you sweep off your feet and celebrate the occasion like never before.</p>","Send flowers to Australia, Flowers Delivery in Australia- Bookmyflowers",We provide the best online flower delivery services in Australia.Bookmyflowers help you to send flowers to Australia with same day or next day delivery options.,"flowers to Australia,send flowers to Australia,online flowers delivery in Australia"
142,82,Send Flowers to UAE,"<h2>Send Flowers to UAE</h2><p>UAE will now seem closer to you get a bunch of <a href=""/"">online flower delivery</a> done with Bookmyflowers where our florists are known to pick the best flowers. It is time for you to express your deepest of emotions with a bunch of flowers which have been blessed with their own sweet aroma making your loved one feel more loved. All these flowers are hand tied to cuddle together with a protective sheet so that they remain farm fresh.</p> </br><p>You can get a bunch of <a href=""/roses"">fresh Roses</a> delivered to your dear ones to make them feel how special they are in your life. You get to choose from the variety of combos we have for you and that too at an affordable price. Personalize the gift with a handwritten message which says the world of feelings and wishes you have for them in your heart.</p>","Send flowers to UAE, Flower Delivery in UAE - Bookmyflowers","Send flowers to your friends, relatives and family members in UAE Avail our online fresh flower delivery service in UAE","flowers to UAE,send flowers to UAE,online flowers delivery in UAE"
136,82,Send Flowers to Singapore,<h2>Flower delivery in Singapore</h2><p>Bookmyflowers have successfully broken all the geographical boundaries and have made their way to Singapore as well. If you have a dear one whose day you want to celebrate in the most extraordinary way possible send them a glamorous bunch of these flowers whose scent can mesmerize you totally with its sheer elegance and beauty.</p></br><p>It is time that you explain the deepest of emotion and personalize it a little bit with a message that can speak of your thoughts that you always had but could never express. You can send flowers in different colors so that your loved one feels how special they feel at the sight of it.</p>,"Send Flowers to Singapore, Flowers to Singapore from India",Do you need to send flowers to your friend or family member residing in Singapore? Contact us and be sure of on time delivery of flowers to any part of Singapore.,"send flowers to singapore, flowers to singapore from india, flowers delivery to singapore"
114,82,Send Flowers to Malaysia,"<h2>Flower delivery in Malaysia</h2><p>Flowers have a magical spell on almost everybody. It is time to cast the same spell on the people of Malaysia. With Bookmyflowers you can send a nice bunch of flower which has been gorgeously packed with a protective sheet so that it doesn't spoil the look and feel of all the flowers. These flowers have a way of spraying its own scented fragrance which can leave you completely spell bound.</p><p>You can get an online delivery of all the flowers at your doorstep. So that it can reach your loved one at the time of the occasion. We have international delivery in Germany, Australia, UAE and UK too so that you don't have to worry about the distances of your loved ones.</p>","Send flowers to Malaysia, flower delivery in Malaysia - Bookmyflowers",Send flowers to Malaysia .Express your feelings with online flowers delivery in Malaysia and show your love and gratitude.,"flowers to Malaysia,send flowers to Malaysia,online flowers delivery in Malaysia"
