SKU,Product Name,egg/eggless,variant,description,price
CAKE00115,Truffle Cake ,"CAKE00115,CAKE10570","CAKE00115,CAKE0091,CAKE9799",Truffle Cake Half Kg <strong>(Packet of Candles & Knife come along with cake)</strong>,799
CAKE0091,Truffle Cake ,"CAKE00115,CAKE10570","CAKE00115,CAKE0091,CAKE9799",Truffle Cake 1kg <strong>(Packet of Candles & Knife come along with cake)</strong>,1149
CAKE9799,Truffle Cake ,"CAKE00115,CAKE10570","CAKE00115,CAKE0091,CAKE9799",Truffle Cake 2kg <strong>(Packet of Candles & Knife come along with cake)</strong>,2149
CAKE10570,Truffle Cake  ,"CAKE00115,CAKE10570","CAKE10570,CAKE10571,CAKE10572",Truffle Cake Half Kg Eggless <strong>(Packet of Candles & Knife come along with cake)</strong>,849
CAKE10571,Truffle Cake  ,"CAKE00115,CAKE10570","CAKE10570,CAKE10571,CAKE10572",Truffle Cake 1kg Eggless <strong>(Packet of Candles & Knife come along with cake)</strong>,1199
CAKE10572,Truffle Cake  ,"CAKE00115,CAKE10570","CAKE10570,CAKE10571,CAKE10572",Truffle Cake 2kg Eggless <strong>(Packet of Candles & Knife come along with cake)</strong>,2199
CAKE11415,Belgian Choco Cake ,"CAKE11417,CAKE12347","CAKE11417,CAKE11415,CAKE11413",Belgian Choco Cream Cake 1kg. <strong>(Packet of Candles & Knife come along with cake)</strong>,1599
CAKE12344,Belgian Choco Cake  ,"CAKE11417,CAKE12347","CAKE12347,CAKE12344,CAKE12351",Belgian Choco Cream Cake 1kg Eggless. <strong>(Packet of Candles & Knife come along with cake)</strong>,1649
CAKE11413,Belgian Choco Cake ,"CAKE11417,CAKE12347","CAKE11417,CAKE11415,CAKE11413",Belgian Choco Cream Cake 2kg. <strong>(Packet of Candles & Knife come along with cake)</strong>,2799
CAKE12351,Belgian Choco Cake  ,"CAKE11417,CAKE12347","CAKE12347,CAKE12344,CAKE12351",Belgian Choco Cream Cake 2kg Eggless. <strong>(Packet of Candles & Knife come along with cake)</strong>,2849
CAKE11417,Belgian Choco Cake ,"CAKE11417,CAKE12347","CAKE11417,CAKE11415,CAKE11413",Belgian Choco Cream Cake Half kg. <strong>(Packet of Candles & Knife come along with cake)</strong>,1099
CAKE12347,Belgian Choco Cake  ,"CAKE11417,CAKE12347","CAKE12347,CAKE12344,CAKE12351",Belgian Choco Cream Cake Half kg Eggless. <strong>(Packet of Candles & Knife come along with cake)</strong>,1149
CAKE11421,Fresh Ultimate Happiness Cake ,"CAKE11421,CAKE12331","CAKE11421,CAKE11420",Fresh Ultimate Happiness Cream Cake 1kg. <strong>(Packet of Candles & Knife come along with cake)</strong>,1599
CAKE12331,Fresh Ultimate Happiness Cake  ,"CAKE11421,CAKE12331","CAKE12331,CAKE12329",Fresh Ultimate Happiness Cream Cake 1kg Eggless.<strong>(Packet of Candles & Knife come along with cake)</strong>,1649
CAKE11420,Fresh Ultimate Happiness Cake ,"CAKE11421,CAKE12331","CAKE11421,CAKE11420",Fresh Ultimate Happiness Cream Cake 2kg. <strong>(Packet of Candles & Knife come along with cake)</strong>,2799
CAKE12329,Fresh Ultimate Happiness Cake  ,"CAKE11421,CAKE12331","CAKE12331,CAKE12329",Fresh Ultimate Happiness Cream Cake 2kg Eggless. <strong>(Packet of Candles & Knife come along with cake)</strong>,2849
CAKE11460,Exotic Blackforest Cake ,"CAKE11462,CAKE11009","CAKE11462,CAKE11460,CAKE11459",Exotic Blackforest Cream Cake 1kg. <strong>(Packet of Candles & Knife come along with cake)</strong>,1499
CAKE11014,Exotic Blackforest Cake  ,"CAKE11462,CAKE11009","CAKE11009,CAKE11014,CAKE11012",Exotic Blackforest Cream Cake 1kg Eggless. <strong>(Packet of Candles & Knife come along with cake)</strong>,1549
CAKE11459,Exotic Blackforest Cake ,"CAKE11462,CAKE11009","CAKE11462,CAKE11460,CAKE11459",Exotic Blackforest Cream Cake 2kg. <strong>(Packet of Candles & Knife come along with cake)</strong>,2699
CAKE11012,Exotic Blackforest Cake  ,"CAKE11462,CAKE11009","CAKE11009,CAKE11014,CAKE11012",Exotic Blackforest Cream Cake 2kg Eggless. <strong>(Packet of Candles & Knife come along with cake)</strong>,2749
CAKE11462,Exotic Blackforest Cake ,"CAKE11462,CAKE11009","CAKE11462,CAKE11460,CAKE11459",Exotic Blackforest Cream Cake Half kg. <strong>(Packet of Candles & Knife come along with cake)</strong>,999
CAKE11009,Exotic Blackforest Cake  ,"CAKE11462,CAKE11009","CAKE11009,CAKE11014,CAKE11012",Exotic Blackforest Cream Cake Half kg Eggless. <strong>(Packet of Candles & Knife come along with cake)</strong>,1049
CAKE11432,Choco Celebration Cake ,"CAKE11488,CAKE12338","CAKE11488,CAKE11432,CAKE11429",Chocolate Cream Cake 1kg. <strong>(Packet of Candles & Knife come along with cake)</strong>,1499
CAKE12336,Choco Celebration Cake  ,"CAKE11488,CAKE12338","CAKE12338,CAKE12336,CAKE12327",Chocolate Cream Cake 1kg Eggless. <strong>(Packet of Candles & Knife come along with cake)</strong>,1549
CAKE11429,Choco Celebration Cake ,"CAKE11488,CAKE12338","CAKE11488,CAKE11432,CAKE11429",Chocolate Cream Cake 2kg. <strong>(Packet of Candles & Knife come along with cake)</strong>,2699
CAKE12327,Choco Celebration Cake  ,"CAKE11488,CAKE12338","CAKE12338,CAKE12336,CAKE12327",Chocolate Cream Cake 2kg Eggless. <strong>(Packet of Candles & Knife come along with cake)</strong>,2749
CAKE11488,Choco Celebration Cake ,"CAKE11488,CAKE12338","CAKE11488,CAKE11432,CAKE11429",Chocolate Cream Cake Half kg. <strong>(Packet of Candles & Knife come along with cake)</strong>,999
CAKE12338,Choco Celebration Cake  ,"CAKE11488,CAKE12338","CAKE12338,CAKE12336,CAKE12327",Chocolate Cream Cake Half kg Eggless. <strong>(Packet of Candles & Knife come along with cake)</strong>,1049
CAKE11493,Rich Truffle Cake ,"CAKE11496,CAKE11005","CAKE11496,CAKE11493,CAKE11490",Rich Chocolate Truffle Cake 1kg. (Full of cherries on top with 2017 number candles) <strong>(Packet of Candles & Knife come along with cake)</strong>,1499
CAKE11018,Rich Truffle Cake  ,"CAKE11496,CAKE11005","CAKE11005,CAKE11018,CAKE11016",Rich Chocolate Truffle Cake 1kg Eggless. (Full of cherries on top with 2017 number candles) <strong>(Packet of Candles & Knife come along with cake)</strong>,1549
CAKE11490,Rich Truffle Cake ,"CAKE11496,CAKE11005","CAKE11496,CAKE11493,CAKE11490",Rich Chocolate Truffle Cake 2kg. (Full of cherries on top & 2017 Numbers Candle)<strong>(Packet of Candles & Knife come along with cake)</strong>,2699
CAKE11016,Rich Truffle Cake  ,"CAKE11496,CAKE11005","CAKE11005,CAKE11018,CAKE11016",Rich Chocolate Truffle Cake 2kg Eggless. (Full of cherries on top with 2017 number candles)<strong>(Packet of Candles & Knife come along with cake)</strong>,2749
CAKE11496,Rich Truffle Cake ,"CAKE11496,CAKE11005","CAKE11496,CAKE11493,CAKE11490",Rich Chocolate Truffle Cake Half kg. (Full of cherries on top with 2017 number candles)<strong>(Packet of Candles & Knife come along with cake)</strong>,1099
CAKE11005,Rich Truffle Cake  ,"CAKE11496,CAKE11005","CAKE11005,CAKE11018,CAKE11016",Rich Chocolate Truffle Cake Half kg Eggless. (Full of cherries on top with 2017 number candles) <strong>(Packet of Candles & Knife come along with cake)</strong>,1149
CAKE12224,Chocolaty Birthday Cake ,"CAKE12123,CAKE10817","CAKE12123,CAKE12224,CAKE12222",Chocolaty Birthday Cream Cake 1kg. <strong>(Packet of Candles & Knife come along with cake)</strong>,1499
CAKE10823,Chocolaty Birthday Cake  ,"CAKE12123,CAKE10817","CAKE10817,CAKE10823,CAKE10821",Chocolaty Birthday Cream Cake 1kg Eggless. <strong>(Packet of Candles & Knife come along with cake)</strong>,1549
CAKE12222,Chocolaty Birthday Cake ,"CAKE12123,CAKE10817","CAKE12123,CAKE12224,CAKE12222",Chocolaty Birthday Cream Cake 2kg. <strong>(Packet of Candles & Knife come along with cake)</strong>,2699
CAKE10821,Chocolaty Birthday Cake  ,"CAKE12123,CAKE10817","CAKE10817,CAKE10823,CAKE10821",Chocolaty Birthday Cream Cake 2kg Eggless. <strong>(Packet of Candles & Knife come along with cake)</strong>,2749
CAKE12123,Chocolaty Birthday Cake ,"CAKE12123,CAKE10817","CAKE12123,CAKE12224,CAKE12222",Chocolaty Birthday Cream Cake Half kg. <strong>(Packet of Candles & Knife come along with cake)</strong>,999
CAKE10817,Chocolaty Birthday Cake  ,"CAKE12123,CAKE10817","CAKE10817,CAKE10823,CAKE10821",Chocolaty Birthday Cream Cake Half kg Eggless. <strong>(Packet of Candles & Knife come along with cake)</strong>,1049
CAKE12166,Chocolate Cake With Red Flowers ,"CAKE12166,CAKE11053","CAKE12166,CAKE12164",Chocolate Cake With Red Flowers 1kg. <strong>(Packet of Candles & Knife come along with cake)</strong>,1599
CAKE11053,Chocolate Cake With Red Flowers  ,"CAKE12166,CAKE11053","CAKE11053,CAKE11059",Chocolate Cake With Red Flowers 1kg Eggless. <strong>(Packet of Candles & Knife come along with cake)</strong>,1649
CAKE12164,Chocolate Cake With Red Flowers ,"CAKE12166,CAKE11053","CAKE12166,CAKE12164",Chocolate Cake With Red Flowers 2kg. <strong>(Packet of Candles & Knife come along with cake)</strong>,2799
CAKE11059,Chocolate Cake With Red Flowers  ,"CAKE12166,CAKE11053","CAKE11053,CAKE11059",Chocolate Cake With Red Flowers 2kg Eggless. <strong>(Packet of Candles & Knife come along with cake)</strong>,2849
CAKE12206,Heart Shape Designer Cake ,"CAKE12206,CAKE10785","CAKE12206,CAKE12203","Heart Shape Designer Fondant Cake 1kg. (If there is no information on flavour from customer, kindly treat chocolate truffle as the default flavour). <strong>(Packet of Candles & Knife come along with cake)</strong>",1899
CAKE10785,Heart Shape Designer Cake  ,"CAKE12206,CAKE10785","CAKE10785,CAKE10791","Heart Shape Designer Fondant Cake 1kg Eggless. (If there is no information on flavour from customer, kindly treat chocolate truffle as the default flavour). <strong>(Packet of Candles & Knife come along with cake)</strong>",1949
CAKE12203,Heart Shape Designer Cake ,"CAKE12206,CAKE10785","CAKE12206,CAKE12203","Heart Shape Designer Fondant Cake 2kg. (If there is no information on flavour from customer, kindly treat chocolate truffle as the default flavour). <strong>(Packet of Candles & Knife come along with cake)</strong>",3549
CAKE10791,Heart Shape Designer Cake  ,"CAKE12206,CAKE10785","CAKE10785,CAKE10791","Heart Shape Designer Fondant Cake 2kg Eggless. (If there is no information on flavour from customer, kindly treat chocolate truffle as the default flavour). <strong>(Packet of Candles & Knife come along with cake)</strong>",3649
CAKE12216,Lovely Heart Shape Cake ,"CAKE12219,CAKE10814","CAKE12219,CAKE12216,CAKE12214","Lovely Heart Shape Cake 1kg. (If there is no information on flavour from customer, kindly treat chocolate truffle as the default flavour). <strong>(Packet of Candles & Knife come along with cake)</strong>",1599
CAKE10812,Lovely Heart Shape Cake  ,"CAKE12219,CAKE10814","CAKE10814,CAKE10812,CAKE10792","Lovely Heart Shape Cake 1kg Eggless. (If there is no information on flavour from customer, kindly treat chocolate truffle as the default flavour). <strong>(Packet of Candles & Knife come along with cake)</strong>",1649
CAKE12214,Lovely Heart Shape Cake ,"CAKE12219,CAKE10814","CAKE12219,CAKE12216,CAKE12214","Lovely Heart Shape Cake 2kg. (If there is no information on flavour from customer, kindly treat chocolate truffle as the default flavour). <strong>(Packet of Candles & Knife come along with cake)</strong>",2799
CAKE10792,Lovely Heart Shape Cake  ,"CAKE12219,CAKE10814","CAKE10814,CAKE10812,CAKE10792","Lovely Heart Shape Cake 2kg Eggless. (If there is no information on flavour from customer, kindly treat chocolate truffle as the default flavour). <strong>(Packet of Candles & Knife come along with cake)</strong>",2849
CAKE12219,Lovely Heart Shape Cake ,"CAKE12219,CAKE10814","CAKE12219,CAKE12216,CAKE12214","Lovely Heart Shape Cake Half kg. (If there is no information on flavour from customer, kindly treat chocolate truffle as the default flavour). <strong>(Packet of Candles & Knife come along with cake)</strong>",1099
CAKE10814,Lovely Heart Shape Cake  ,"CAKE12219,CAKE10814","CAKE10814,CAKE10812,CAKE10792","Lovely Heart Shape Cake Half kg Eggless. (If there is no information on flavour from customer, kindly treat chocolate truffle as the default flavour). <strong>(Packet of Candles & Knife come along with cake)</strong>",1149
CAKE12250,Hot Red Valentine Heart Cake ,"CAKE12250,CAKE10799","CAKE12250,CAKE12248",Hot Red Heart Chocolate Fondant Cake 1kg. <strong>(Packet of Candles & Knife come along with cake)</strong>,1899
CAKE10799,Hot Red Valentine Heart Cake  ,"CAKE12250,CAKE10799","CAKE10799,CAKE10797",Hot Red Heart Chocolate Fondant Cake 1kg Eggless. <strong>(Packet of Candles & Knife come along with cake)</strong>,1949
CAKE12248,Hot Red Valentine Heart Cake ,"CAKE12250,CAKE10799","CAKE12250,CAKE12248",Hot Red Heart Chocolate Fondant Cake 2kg. <strong>(Packet of Candles & Knife come along with cake)</strong>,3549
CAKE10797,Hot Red Valentine Heart Cake  ,"CAKE12250,CAKE10799","CAKE10799,CAKE10797",Hot Red Heart Chocolate fondant Cake 2kg Eggless. <strong>(Packet of Candles & Knife come along with cake)</strong>,3649
CAKE12393,Butter Scotch Delight Cake ,"CAKE12391,CAKE12719","CAKE12391,CAKE12393,CAKE12381",Butter Scotch Delight Cream Cake 1kg. <strong>(Packet of Candles & Knife come along with cake)</strong>,1499
CAKE12710,Butter Scotch Delight Cake  ,"CAKE12391,CAKE12719","CAKE12719,CAKE12710,CAKE12708",Butter Scotch Delight Cream Cake 1kg Eggless. <strong>(Packet of Candles & Knife come along with cake)</strong>,1549
CAKE12381,Butter Scotch Delight Cake ,"CAKE12391,CAKE12719","CAKE12391,CAKE12393,CAKE12381",Butter Scotch Delight Cream Cake 2kg. <strong>(Packet of Candles & Knife come along with cake)</strong>,2699
CAKE12708,Butter Scotch Delight Cake  ,"CAKE12391,CAKE12719","CAKE12719,CAKE12710,CAKE12708",Butter Scotch Delight Cream Cake 2kg Eggless. <strong>(Packet of Candles & Knife come along with cake)</strong>,2749
CAKE12391,Butter Scotch Delight Cake ,"CAKE12391,CAKE12719","CAKE12391,CAKE12393,CAKE12381",Butter Scotch Delight Cream Cake Half kg. <strong>(Packet of Candles & Knife come along with cake)</strong>,999
CAKE12719,Butter Scotch Delight Cake  ,"CAKE12391,CAKE12719","CAKE12719,CAKE12710,CAKE12708",Butter Scotch Delight Cream Cake Half kg Eggless. <strong>(Packet of Candles & Knife come along with cake)</strong>,1049
CAKE14455,Chocolate Photo Cake ,"CAKE14455,CAKE14459","CAKE14455,CAKE14456",Chocolate Photo Cake 1kg <strong>(Packet of Candles & Knife come along with cake)</strong>,1699
CAKE14459,Chocolate Photo Cake  ,"CAKE14455,CAKE14459","CAKE14459,CAKE14460",Chocolate Photo Cake 1kg Eggless <strong>(Packet of Candles & Knife come along with cake)</strong>,1749
CAKE14456,Chocolate Photo Cake ,"CAKE14455,CAKE14459","CAKE14455,CAKE14456",Chocolate Photo Cake 2kg <strong>(Packet of Candles & Knife come along with cake)</strong>,2899
CAKE14460,Chocolate Photo Cake  ,"CAKE14455,CAKE14459","CAKE14459,CAKE14460",Chocolate Photo Cake 2kg Eggless <strong>(Packet of Candles & Knife come along with cake)</strong>,2949
CAKE14457,Chocolate Photo Cake ,"CAKE14455,CAKE14459","CAKE14455,CAKE14456",Chocolate Photo Cake 3kg <strong>(Packet of Candles & Knife come along with cake)</strong>,4449
CAKE14461,Chocolate Photo Cake  ,"CAKE14455,CAKE14459","CAKE14459,CAKE14460",Chocolate Photo Cake 3kg Eggless <strong>(Packet of Candles & Knife come along with cake)</strong>,4499
CAKE14434,Black Forest Photo Cake ,"CAKE14434,CAKE14471","CAKE14434,CAKE14466",Black Forest Photo Cake 1kg <strong>(Packet of Candles & Knife come along with cake)</strong>,1699
CAKE14471,Black Forest Photo Cake  ,"CAKE14434,CAKE14471","CAKE14471,CAKE14469",Black Forest Photo Cake 1kg Eggless <strong>(Packet of Candles & Knife come along with cake)</strong>,1749
CAKE14466,Black Forest Photo Cake ,"CAKE14434,CAKE14471","CAKE14434,CAKE14466",Black Forest Photo Cake 2kg <strong>(Packet of Candles & Knife come along with cake)</strong>,2899
CAKE14469,Black Forest Photo Cake  ,"CAKE14434,CAKE14471","CAKE14471,CAKE14469",Black Forest Photo Cake 2kg Eggless <strong>(Packet of Candles & Knife come along with cake)</strong>,2949
CAKE14463,Black Forest Photo Cake ,"CAKE14434,CAKE14471","CAKE14434,CAKE14466",Black Forest Photo Cake 3kg <strong>(Packet of Candles & Knife come along with cake)</strong>,4449
CAKE14475,Black Forest Photo Cake  ,"CAKE14434,CAKE14471","CAKE14471,CAKE14469",Black Forest Photo Cake 3kg Eggless <strong>(Packet of Candles & Knife come along with cake)</strong>,4499
CAKE14479,Vanilla Photo Cake,"CAKE14479,CAKE14492","CAKE14479,CAKE14477",Vanilla Photo Cake1kg <strong>(Packet of Candles & Knife come along with cake)</strong>,1699
CAKE14492,Vanilla Photo Cake ,"CAKE14479,CAKE14492","CAKE14492,CAKE14593",Vanilla Photo Cake1kg Eggless <strong>(Packet of Candles & Knife come along with cake)</strong>,1749
CAKE14477,Vanilla Photo Cake,"CAKE14479,CAKE14492","CAKE14479,CAKE14477",Vanilla Photo Cake2kg <strong>(Packet of Candles & Knife come along with cake)</strong>,2899
CAKE14593,Vanilla Photo Cake ,"CAKE14479,CAKE14492","CAKE14492,CAKE14593",Vanilla Photo Cake2kg Eggless <strong>(Packet of Candles & Knife come along with cake)</strong>,2949
CAKE14493,Vanilla Photo Cake,"CAKE14479,CAKE14492","CAKE14479,CAKE14477",Vanilla Photo Cake3kg <strong>(Packet of Candles & Knife come along with cake)</strong>,4449
CAKE14578,Vanilla Photo Cake ,"CAKE14479,CAKE14492","CAKE14492,CAKE14593",Vanilla Photo Cake3kg Eggless <strong>(Packet of Candles & Knife come along with cake)</strong>,4499
CAKE14474,Chocolaty Indulgence ,"CAKE14474,CAKE14450","CAKE14474,CAKE14495",Chocolate Cream Cake 1kg <strong>(Packet of Candles & Knife come along with cake)</strong>,1499
CAKE14450,Chocolaty Indulgence  ,"CAKE14474,CAKE14450","CAKE14450,CAKE14441",Chocolate Cream Cake 1kg Eggless <strong>(Packet of Candles & Knife come along with cake)</strong>,1549
CAKE14495,Chocolaty Indulgence ,"CAKE14474,CAKE14450","CAKE14474,CAKE14495",Chocolate Cream Cake 2kg <strong>(Packet of Candles & Knife come along with cake)</strong>,2699
CAKE14441,Chocolaty Indulgence  ,"CAKE14474,CAKE14450","CAKE14450,CAKE14441",Chocolate Cream Cake 2kg Eggless <strong>(Packet of Candles & Knife come along with cake)</strong>,2749
CAKE14494,Chocolaty Indulgence ,"CAKE14474,CAKE14450","CAKE14474,CAKE14495",Chocolate Cream Cake 3kg <strong>(Packet of Candles & Knife come along with cake)</strong>,3949
CAKE14439,Chocolaty Indulgence  ,"CAKE14474,CAKE14450","CAKE14450,CAKE14441",Chocolate Cream Cake 3kg Eggless <strong>(Packet of Candles & Knife come along with cake)</strong>,3999
CAKE14467,Floral Cake  ,"CAKE14484,CAKE14491","CAKE14491,CAKE14490",Floral Fondant Cake 3kg Eggless (Chocolate Truffle). <strong>(Packet of Candles & Knife come along with cake)</strong>,4699
CAKE14484,Floral Cake ,"CAKE14484,CAKE14491","CAKE14484,CAKE14489",Floral Fondant Cake 1kg (Chocolate Truffle). <strong>(Packet of Candles & Knife come along with cake)</strong>,1899
CAKE14491,Floral Cake  ,"CAKE14484,CAKE14491","CAKE14491,CAKE14490",Floral Fondant Cake 1kg Eggless (Chocolate Truffle). <strong>(Packet of Candles & Knife come along with cake)</strong>,1949
CAKE14489,Floral Cake ,"CAKE14484,CAKE14491","CAKE14484,CAKE14489",Floral Fondant Cake 2kg (Chocolate Truffle). <strong>(Packet of Candles & Knife come along with cake)</strong>,3549
CAKE14490,Floral Cake  ,"CAKE14484,CAKE14491","CAKE14491,CAKE14490",Floral Fondant Cake 2kg Eggless (Chocolate Truffle). <strong>(Packet of Candles & Knife come along with cake)</strong>,3649
CAKE14488,Floral Cake ,"CAKE14484,CAKE14491","CAKE14484,CAKE14489",Floral Fondant Cake 3kg (Chocolate Truffle). <strong>(Packet of Candles & Knife come along with cake)</strong>,4899
CAKE14497,Kit Kat Cake ,"CAKE14497,CAKE14499","CAKE14497,CAKE14496",Kit Kat Chocolate Cream Cake 1kg <strong>(Packet of Candles & Knife come along with cake)</strong>,1899
CAKE14499,Kit Kat Cake  ,"CAKE14497,CAKE14499","CAKE14499,CAKE14503",Kit Kat Chocolate Cream Cake 1kg Eggless <strong>(Packet of Candles & Knife come along with cake)</strong>,1899
CAKE14496,Kit Kat Cake ,"CAKE14497,CAKE14499","CAKE14497,CAKE14496",Kit Kat Chocolate Cream Cake 2kg <strong>(Packet of Candles & Knife come along with cake)</strong>,3499
CAKE14503,Kit Kat Cake  ,"CAKE14497,CAKE14499","CAKE14499,CAKE14503",Kit Kat Chocolate Cream Cake 2kg Eggless <strong>(Packet of Candles & Knife come along with cake)</strong>,3499
CAKE14501,Kit Kat Cake ,"CAKE14497,CAKE14499","CAKE14497,CAKE14496",Kit Kat Chocolate Cream Cake 3kg <strong>(Packet of Candles & Knife come along with cake)</strong>,4699
CAKE14527,Kit Kat Cake  ,"CAKE14497,CAKE14499","CAKE14499,CAKE14503",Kit Kat Chocolate Cream Cake 3kg Eggless <strong>(Packet of Candles & Knife come along with cake)</strong>,4899
CAKE14528,Royal Crunch Cake ,"CAKE14530,CAKE14532","CAKE14530,CAKE14528,CAKE14534",Royal Crunch Chocolate Truffle Cake 1kg <strong>(Packet of Candles & Knife come along with cake)</strong>,1599
CAKE14518,Royal Crunch Cake  ,"CAKE14530,CAKE14532","CAKE14532,CAKE14518,CAKE14516",Royal Crunch Chocolate Truffle Cake 1kg Eggless <strong>(Packet of Candles & Knife come along with cake)</strong>,1649
CAKE14534,Royal Crunch Cake ,"CAKE14530,CAKE14532","CAKE14530,CAKE14528,CAKE14534",Royal Crunch Chocolate Truffle Cake 2kg <strong>(Packet of Candles & Knife come along with cake)</strong>,2799
CAKE14516,Royal Crunch Cake  ,"CAKE14530,CAKE14532","CAKE14532,CAKE14518,CAKE14516",Royal Crunch Chocolate Truffle Cake 2kg Eggless <strong>(Packet of Candles & Knife come along with cake)</strong>,2849
CAKE14530,Royal Crunch Cake ,"CAKE14530,CAKE14532","CAKE14530,CAKE14528,CAKE14534",Royal Crunch Chocolate Truffle Cake Half kg <strong>(Packet of Candles & Knife come along with cake)</strong>,1099
CAKE14532,Royal Crunch Cake  ,"CAKE14530,CAKE14532","CAKE14532,CAKE14518,CAKE14516",Royal Crunch Chocolate Truffle Cake Half kg Eggless <strong>(Packet of Candles & Knife come along with cake)</strong>,1149
CAKE14536,Anniversary Photo Cake ,"CAKE14536,CAKE14545","CAKE14536,CAKE14542","Anniversary Photo Cake 1kg (If there is no information on flavour from customer, kindly treat chocolate truffle as the default flavour).",1699
CAKE14545,Anniversary Photo Cake  ,"CAKE14536,CAKE14545","CAKE14545,CAKE14544","Anniversary Photo Cake 1kg Eggless (If there is no information on flavour from customer, kindly treat chocolate truffle as the default flavour).",1749
CAKE14542,Anniversary Photo Cake ,"CAKE14536,CAKE14545","CAKE14536,CAKE14542","Anniversary Photo Cake 2kg (If there is no information on flavour from customer, kindly treat chocolate truffle as the default flavour).",2899
CAKE14544,Anniversary Photo Cake  ,"CAKE14536,CAKE14545","CAKE14545,CAKE14544","Anniversary Photo Cake 2kg Eggless (If there is no information on flavour from customer, kindly treat chocolate truffle as the default flavour).",2949
CAKE14540,Anniversary Photo Cake ,"CAKE14536,CAKE14545","CAKE14536,CAKE14542","Anniversary Photo Cake 3kg (If there is no information on flavour from customer, kindly treat chocolate truffle as the default flavour).",4449
CAKE14546,Anniversary Photo Cake  ,"CAKE14536,CAKE14545","CAKE14545,CAKE14544","Anniversary Photo Cake 3kg Eggless (If there is no information on flavour from customer, kindly treat chocolate truffle as the default flavour).",4499
CAKE14565,Happy Birthday Photo Cake ,"CAKE14565,CAKE14510","CAKE14565,CAKE14564","Happy Birthday Photo Cake 1kg (If there is no information on flavour from customer, kindly treat chocolate truffle as the default flavour).",1699
CAKE14510,Happy Birthday Photo Cake  ,"CAKE14565,CAKE14510","CAKE14510,CAKE14508","Happy Birthday Photo Cake 1kg Eggless (If there is no information on flavour from customer, kindly treat chocolate truffle as the default flavour).",1749
CAKE14564,Happy Birthday Photo Cake ,"CAKE14565,CAKE14510","CAKE14565,CAKE14564","Happy Birthday Photo Cake 2kg (If there is no information on flavour from customer, kindly treat chocolate truffle as the default flavour).",2899
CAKE14508,Happy Birthday Photo Cake  ,"CAKE14565,CAKE14510","CAKE14510,CAKE14508","Happy Birthday Photo Cake 2kg Eggless (If there is no information on flavour from customer, kindly treat chocolate truffle as the default flavour).",2949
CAKE14506,Happy Birthday Photo Cake ,"CAKE14565,CAKE14510","CAKE14565,CAKE14564","Happy Birthday Photo Cake 3kg (If there is no information on flavour from customer, kindly treat chocolate truffle as the default flavour).",4449
CAKE14514,Happy Birthday Photo Cake  ,"CAKE14565,CAKE14510","CAKE14510,CAKE14508","Happy Birthday Photo Cake 3kg Eggless (If there is no information on flavour from customer, kindly treat chocolate truffle as the default flavour).",4499
CAKE14568,Yummy Vanilla Photo Cake ,"CAKE14568,CAKE14558","CAKE14568,CAKE14574",Yummy Vanilla Photo Cake 1kg <strong>(Packet of Candles & Knife come along with cake)</strong>,1699
CAKE14558,Yummy Vanilla Photo Cake  ,"CAKE14568,CAKE14558","CAKE14558,CAKE14556",Yummy Vanilla Photo Cake 1kg Eggless <strong>(Packet of Candles & Knife come along with cake)</strong>,1749
CAKE14574,Yummy Vanilla Photo Cake ,"CAKE14568,CAKE14558","CAKE14568,CAKE14574",Yummy Vanilla Photo Cake 2kg <strong>(Packet of Candles & Knife come along with cake)</strong>,2899
CAKE14556,Yummy Vanilla Photo Cake  ,"CAKE14568,CAKE14558","CAKE14558,CAKE14556",Yummy Vanilla Photo Cake 2kg Eggless <strong>(Packet of Candles & Knife come along with cake)</strong>,2949
CAKE14572,Yummy Vanilla Photo Cake ,"CAKE14568,CAKE14558","CAKE14568,CAKE14574",Yummy Vanilla Photo Cake 3kg <strong>(Packet of Candles & Knife come along with cake)</strong>,4449
CAKE14562,Yummy Vanilla Photo Cake  ,"CAKE14568,CAKE14558","CAKE14558,CAKE14556",Yummy Vanilla Photo Cake 3kg Eggless <strong>(Packet of Candles & Knife come along with cake)</strong>,4499
CAKE14582,Butterscotch Delight Photo Cake ,"CAKE14582,CAKE14584","CAKE14582,CAKE14580",Butterscotch Delight Photo Cake 1kg <strong>(Packet of Candles & Knife come along with cake)</strong>,1699
CAKE14584,Butterscotch Delight Photo Cake  ,"CAKE14582,CAKE14584","CAKE14584,CAKE14589",Butterscotch Delight Photo Cake 1kg Eggless <strong>(Packet of Candles & Knife come along with cake)</strong>,1749
CAKE14580,Butterscotch Delight Photo Cake ,"CAKE14582,CAKE14584","CAKE14582,CAKE14580",Butterscotch Delight Photo Cake 2kg <strong>(Packet of Candles & Knife come along with cake)</strong>,2899
CAKE14589,Butterscotch Delight Photo Cake  ,"CAKE14582,CAKE14584","CAKE14584,CAKE14589",Butterscotch Delight Photo Cake 2kg Eggless <strong>(Packet of Candles & Knife come along with cake)</strong>,2949
CAKE14585,Butterscotch Delight Photo Cake ,"CAKE14582,CAKE14584","CAKE14582,CAKE14580",Butterscotch Delight Photo Cake 3kg <strong>(Packet of Candles & Knife come along with cake)</strong>,4449
CAKE14587,Butterscotch Delight Photo Cake  ,"CAKE14582,CAKE14584","CAKE14584,CAKE14589",Butterscotch Delight Photo Cake 3kg Eggless <strong>(Packet of Candles & Knife come along with cake)</strong>,4499
CAKE14615,Photo Cake Chocolate Sponge ,"CAKE14615,CAKE14596","CAKE14615,CAKE14614",Photo Cake Chocolate Sponge 1kg <strong>(Packet of Candles & Knife come along with cake)</strong>,1699
CAKE14596,Photo Cake Chocolate Sponge  ,"CAKE14615,CAKE14596","CAKE14596,CAKE14602",Photo Cake Chocolate Sponge 1kg Eggless <strong>(Packet of Candles & Knife come along with cake)</strong>,1749
CAKE14614,Photo Cake Chocolate Sponge ,"CAKE14615,CAKE14596","CAKE14615,CAKE14614",Photo Cake Chocolate Sponge 2kg <strong>(Packet of Candles & Knife come along with cake)</strong>,2899
CAKE14602,Photo Cake Chocolate Sponge  ,"CAKE14615,CAKE14596","CAKE14596,CAKE14602",Photo Cake Chocolate Sponge 2kg Eggless <strong>(Packet of Candles & Knife come along with cake)</strong>,2949
CAKE14598,Photo Cake Chocolate Sponge ,"CAKE14615,CAKE14596","CAKE14615,CAKE14614",Photo Cake Chocolate Sponge 3kg <strong>(Packet of Candles & Knife come along with cake)</strong>,4449
CAKE14600,Photo Cake Chocolate Sponge  ,"CAKE14615,CAKE14596","CAKE14596,CAKE14602",Photo Cake Chocolate Sponge 3kg Eggless <strong>(Packet of Candles & Knife come along with cake)</strong>,4499
CAKE14604,Butterscotch Photo Cake ,"CAKE14604,CAKE14549","CAKE14604,CAKE14610",Butterscotch Photo Cake 1kg <strong>(Packet of Candles & Knife come along with cake)</strong>,1699
CAKE14549,Butterscotch Photo Cake  ,"CAKE14604,CAKE14549","CAKE14549,CAKE14554",Butterscotch Photo Cake 1kg Eggless <strong>(Packet of Candles & Knife come along with cake)</strong>,1749
CAKE14610,Butterscotch Photo Cake ,"CAKE14604,CAKE14549","CAKE14604,CAKE14610",Butterscotch Photo Cake 2kg <strong>(Packet of Candles & Knife come along with cake)</strong>,2899
CAKE14554,Butterscotch Photo Cake  ,"CAKE14604,CAKE14549","CAKE14549,CAKE14554",Butterscotch Photo Cake 2kg Eggless <strong>(Packet of Candles & Knife come along with cake)</strong>,2949
CAKE14608,Butterscotch Photo Cake ,"CAKE14604,CAKE14549","CAKE14604,CAKE14610",Butterscotch Photo Cake 3kg <strong>(Packet of Candles & Knife come along with cake)</strong>,4449
CAKE14552,Butterscotch Photo Cake  ,"CAKE14604,CAKE14549","CAKE14549,CAKE14554",Butterscotch Photo Cake 3kg Eggless <strong>(Packet of Candles & Knife come along with cake)</strong>,4499
CAKE15333,Scrumptious pineapple cake ,"CAKE15335,CAKE15329","CAKE15335,CAKE15333,CAKE15331",Scrumptious pineapple Cream Cake 1kg <strong>(Packet of Candles & Knife come along with cake)</strong>,1499
CAKE15342,Scrumptious pineapple cake  ,"CAKE15335,CAKE15329","CAKE15329,CAKE15342,CAKE15340",Scrumptious pineapple Eggless Cream Cake 1kg <strong>(Packet of Candles & Knife come along with cake)</strong>,1549
CAKE15331,Scrumptious pineapple cake ,"CAKE15335,CAKE15329","CAKE15335,CAKE15333,CAKE15331",Scrumptious pineapple Cream Cake 2kg <strong>(Packet of Candles & Knife come along with cake)</strong>,2699
CAKE15340,Scrumptious pineapple cake  ,"CAKE15335,CAKE15329","CAKE15329,CAKE15342,CAKE15340",Scrumptious pineapple Eggless Cream Cake 2kg <strong>(Packet of Candles & Knife come along with cake)</strong>,2749
CAKE15335,Scrumptious pineapple cake ,"CAKE15335,CAKE15329","CAKE15335,CAKE15333,CAKE15331",Scrumptious pineapple Cream Cake half kg <strong>(Packet of Candles & Knife come along with cake)</strong>,999
CAKE15329,Scrumptious pineapple cake  ,"CAKE15335,CAKE15329","CAKE15329,CAKE15342,CAKE15340",Scrumptious pineapple Eggless Cream Cake half kg <strong>(Packet of Candles & Knife come along with cake)</strong>,1049
CAKE15272,Love for chocolate cake ,"CAKE15337,CAKE15268","CAKE15337,CAKE15272,CAKE15270",Love for chocolate Cream Cake 1kg <strong>(Packet of Candles & Knife come along with cake)</strong>,1499
CAKE15281,Love for chocolate cake  ,"CAKE15337,CAKE15268","CAKE15268,CAKE15281,CAKE15279",Love for chocolate Eggless Cream Cake 1kg <strong>(Packet of Candles & Knife come along with cake)</strong>,1549
CAKE15270,Love for chocolate cake ,"CAKE15337,CAKE15268","CAKE15337,CAKE15272,CAKE15270",Love for chocolate Cream Cake 2kg <strong>(Packet of Candles & Knife come along with cake)</strong>,2699
CAKE15279,Love for chocolate cake  ,"CAKE15337,CAKE15268","CAKE15268,CAKE15281,CAKE15279",Love for chocolate Eggless Cream Cake 2kg <strong>(Packet of Candles & Knife come along with cake)</strong>,2749
CAKE15337,Love for chocolate cake ,"CAKE15337,CAKE15268","CAKE15337,CAKE15272,CAKE15270",Love for chocolate Cream Cake half kg <strong>(Packet of Candles & Knife come along with cake)</strong>,999
CAKE15268,Love for chocolate cake  ,"CAKE15337,CAKE15268","CAKE15268,CAKE15281,CAKE15279",Love for chocolate Eggless Cream Cake half kg <strong>(Packet of Candles & Knife come along with cake)</strong>,1049
CAKE149,Oval Blackforest Spell ,"CAKE149,CAKE12559","CAKE149,CAKE152",Oval Blackforest Spell Cream Cake 1kg <strong>(Packet of Candles & Knife come along with cake)</strong>,1499
CAKE12559,Oval Blackforest Spell  ,"CAKE149,CAKE12559","CAKE12559,CAKE12560",Oval Blackforest Spell Cream Cake 1kg Eggless. <strong>(Packet of Candles & Knife come along with cake)</strong>,1549
CAKE152,Oval Blackforest Spell ,"CAKE149,CAKE12559","CAKE149,CAKE152",Oval Blackforest Spell Cream Cake 2kg <strong>(Packet of Candles & Knife come along with cake)</strong>,2699
CAKE12560,Oval Blackforest Spell  ,"CAKE149,CAKE12559","CAKE12559,CAKE12560",Oval Blackforest Spell Cream Cake 2kg Eggless. <strong>(Packet of Candles & Knife come along with cake)</strong>,2749
CAKE151,Oval Blackforest Spell ,"CAKE149,CAKE12559","CAKE149,CAKE152",Oval Blackforest Spell Cream Cake 3kg <strong>(Packet of Candles & Knife come along with cake)</strong>,3949
CAKE12561,Oval Blackforest Spell  ,"CAKE149,CAKE12559","CAKE12559,CAKE12560",Oval Blackforest Spell Cream Cake 3kg Eggless. <strong>(Packet of Candles & Knife come along with cake)</strong>,3999
CAKE16019,Personalized Cakelicious Day ,"CAKE16019,CAKE16017","CAKE16019,CAKE16022",Personalized Pineapple Cake <strong>(Packet of Candles & Knife come along with cake)</strong>,1699
CAKE16017,Personalized Cakelicious Day  ,"CAKE16019,CAKE16017","CAKE16017,CAKE16016",Personalized Pineapple Cake <strong>(Packet of Candles & Knife come along with cake)</strong>,1749
CAKE16022,Personalized Cakelicious Day ,"CAKE16019,CAKE16017","CAKE16019,CAKE16022",Personalized Pineapple Cake <strong>(Packet of Candles & Knife come along with cake)</strong>,2899
CAKE16016,Personalized Cakelicious Day  ,"CAKE16019,CAKE16017","CAKE16017,CAKE16016",Personalized Pineapple Cake <strong>(Packet of Candles & Knife come along with cake)</strong>,2949
CAKE16021,Personalized Cakelicious Day ,"CAKE16019,CAKE16017","CAKE16019,CAKE16022",Personalized Pineapple Cake <strong>(Packet of Candles & Knife come along with cake)</strong>,4449
CAKE16018,Personalized Cakelicious Day  ,"CAKE16019,CAKE16017","CAKE16017,CAKE16016",Personalized Pineapple Cake <strong>(Packet of Candles & Knife come along with cake)</strong>,4499
CAKE16077,Personalized Creamy Lusciousness ,"CAKE16077,CAKE16074","CAKE16077,CAKE16072",Personalized Vanilla Cake <strong>(Packet of Candles & Knife come along with cake)</strong>,1699
CAKE16074,Personalized Creamy Lusciousness  ,"CAKE16077,CAKE16074","CAKE16074,CAKE16075",Personalized Vanilla Cake <strong>(Packet of Candles & Knife come along with cake)</strong>,1749
CAKE16072,Personalized Creamy Lusciousness ,"CAKE16077,CAKE16074","CAKE16077,CAKE16072",Personalized Vanilla Cake <strong>(Packet of Candles & Knife come along with cake)</strong>,2899
CAKE16075,Personalized Creamy Lusciousness  ,"CAKE16077,CAKE16074","CAKE16074,CAKE16075",Personalized Vanilla Cake <strong>(Packet of Candles & Knife come along with cake)</strong>,2949
CAKE16073,Personalized Creamy Lusciousness ,"CAKE16077,CAKE16074","CAKE16077,CAKE16072",Personalized Vanilla Cake <strong>(Packet of Candles & Knife come along with cake)</strong>,4449
CAKE16076,Personalized Creamy Lusciousness  ,"CAKE16077,CAKE16074","CAKE16074,CAKE16075",Personalized Vanilla Cake <strong>(Packet of Candles & Knife come along with cake)</strong>,4499
CAKE16257,Personalized Love For Cake ,"CAKE16257,CAKE16263","CAKE16257,CAKE16259",Personalized Pineapple Cake <strong>(Packet of Candles & Knife come along with cake)</strong>,1699
CAKE16263,Personalized Love For Cake  ,"CAKE16257,CAKE16263","CAKE16263,CAKE16265",Personalized Pineapple Cake <strong>(Packet of Candles & Knife come along with cake)</strong>,1749
CAKE16259,Personalized Love For Cake ,"CAKE16257,CAKE16263","CAKE16257,CAKE16259",Personalized Pineapple Cake <strong>(Packet of Candles & Knife come along with cake)</strong>,2899
CAKE16265,Personalized Love For Cake  ,"CAKE16257,CAKE16263","CAKE16263,CAKE16265",Personalized Pineapple Cake <strong>(Packet of Candles & Knife come along with cake)</strong>,2949
CAKE16261,Personalized Love For Cake ,"CAKE16257,CAKE16263","CAKE16257,CAKE16259",Personalized Pineapple Cake <strong>(Packet of Candles & Knife come along with cake)</strong>,4449
CAKE16267,Personalized Love For Cake  ,"CAKE16257,CAKE16263","CAKE16263,CAKE16265",Personalized Pineapple Cake <strong>(Packet of Candles & Knife come along with cake)</strong>,4499
CAKE16258,Personalized Delight ,"CAKE16258,CAKE16264","CAKE16258,CAKE16260",Personalized Pineapple Cake <strong>(Packet of Candles & Knife come along with cake)</strong>,1699
CAKE16264,Personalized Delight  ,"CAKE16258,CAKE16264","CAKE16264,CAKE16266",Personalized Pineapple Cake <strong>(Packet of Candles & Knife come along with cake)</strong>,1749
CAKE16260,Personalized Delight ,"CAKE16258,CAKE16264","CAKE16258,CAKE16260",Personalized Pineapple Cake <strong>(Packet of Candles & Knife come along with cake)</strong>,2899
CAKE16266,Personalized Delight  ,"CAKE16258,CAKE16264","CAKE16264,CAKE16266",Personalized Pineapple Cake <strong>(Packet of Candles & Knife come along with cake)</strong>,2949
CAKE16262,Personalized Delight ,"CAKE16258,CAKE16264","CAKE16258,CAKE16260",Personalized Pineapple Cake <strong>(Packet of Candles & Knife come along with cake)</strong>,4449
CAKE16268,Personalized Delight  ,"CAKE16258,CAKE16264","CAKE16264,CAKE16266",Personalized Pineapple Cake <strong>(Packet of Candles & Knife come along with cake)</strong>,4499
CAKE16290,Personalized Incredibly Delicious ,"CAKE16290,CAKE16276","CAKE16290,CAKE16292",Personalized Vanilla Cake <strong>(Packet of Candles & Knife come along with cake)</strong>,1699
CAKE16276,Personalized Incredibly Delicious  ,"CAKE16290,CAKE16276","CAKE16276,CAKE16278",Personalized Vanilla Cake <strong>(Packet of Candles & Knife come along with cake)</strong>,1749
CAKE16292,Personalized Incredibly Delicious ,"CAKE16290,CAKE16276","CAKE16290,CAKE16292",Personalized Vanilla Cake <strong>(Packet of Candles & Knife come along with cake)</strong>,2899
CAKE16278,Personalized Incredibly Delicious  ,"CAKE16290,CAKE16276","CAKE16276,CAKE16278",Personalized Vanilla Cake <strong>(Packet of Candles & Knife come along with cake)</strong>,2949
CAKE16274,Personalized Incredibly Delicious ,"CAKE16290,CAKE16276","CAKE16290,CAKE16292",Personalized Vanilla Cake <strong>(Packet of Candles & Knife come along with cake)</strong>,4449
CAKE16280,Personalized Incredibly Delicious  ,"CAKE16290,CAKE16276","CAKE16276,CAKE16278",Personalized Vanilla Cake <strong>(Packet of Candles & Knife come along with cake)</strong>,4499
CAKE16283,Personalized Craving For More ,"CAKE16283,CAKE16269","CAKE16283,CAKE16285",Personalized Chocolate Cake <strong>(Packet of Candles & Knife come along with cake)</strong>,1699
CAKE16269,Personalized Craving For More  ,"CAKE16283,CAKE16269","CAKE16269,CAKE16270",Personalized Chocolate Cake <strong>(Packet of Candles & Knife come along with cake)</strong>,1749
CAKE16285,Personalized Craving For More ,"CAKE16283,CAKE16269","CAKE16283,CAKE16285",Personalized Chocolate Cake <strong>(Packet of Candles & Knife come along with cake)</strong>,2899
CAKE16270,Personalized Craving For More  ,"CAKE16283,CAKE16269","CAKE16269,CAKE16270",Personalized Chocolate Cake <strong>(Packet of Candles & Knife come along with cake)</strong>,2949
CAKE16287,Personalized Craving For More ,"CAKE16283,CAKE16269","CAKE16283,CAKE16285",Personalized Chocolate Cake <strong>(Packet of Candles & Knife come along with cake)</strong>,4449
CAKE16272,Personalized Craving For More  ,"CAKE16283,CAKE16269","CAKE16269,CAKE16270",Personalized Chocolate Cake <strong>(Packet of Candles & Knife come along with cake)</strong>,4499
CAKE16284,Personalized Chocolate Delicacy ,"CAKE16284,CAKE16295","CAKE16284,CAKE16286",Personalized Chocolate Cake <strong>(Packet of Candles & Knife come along with cake)</strong>,1699
CAKE16295,Personalized Chocolate Delicacy  ,"CAKE16284,CAKE16295","CAKE16295,CAKE16271",Personalized Chocolate Cake <strong>(Packet of Candles & Knife come along with cake)</strong>,1749
CAKE16286,Personalized Chocolate Delicacy ,"CAKE16284,CAKE16295","CAKE16284,CAKE16286",Personalized Chocolate Cake <strong>(Packet of Candles & Knife come along with cake)</strong>,2899
CAKE16271,Personalized Chocolate Delicacy  ,"CAKE16284,CAKE16295","CAKE16295,CAKE16271",Personalized Chocolate Cake <strong>(Packet of Candles & Knife come along with cake)</strong>,2949
CAKE16294,Personalized Chocolate Delicacy ,"CAKE16284,CAKE16295","CAKE16284,CAKE16286",Personalized Chocolate Cake <strong>(Packet of Candles & Knife come along with cake)</strong>,4449
CAKE16254,Personalized Chocolate Delicacy  ,"CAKE16284,CAKE16295","CAKE16295,CAKE16271",Personalized Chocolate Cake <strong>(Packet of Candles & Knife come along with cake)</strong>,4499
CAKE16289,Personalized Cake Fantasy ,"CAKE16289,CAKE16275","CAKE16289,CAKE16291",Personalized Pineapple Cake <strong>(Packet of Candles & Knife come along with cake)</strong>,1699
CAKE16275,Personalized Cake Fantasy  ,"CAKE16289,CAKE16275","CAKE16275,CAKE16277",Personalized Pineapple Cake <strong>(Packet of Candles & Knife come along with cake)</strong>,1749
CAKE16291,Personalized Cake Fantasy ,"CAKE16289,CAKE16275","CAKE16289,CAKE16291",Personalized Pineapple Cake <strong>(Packet of Candles & Knife come along with cake)</strong>,2899
CAKE16277,Personalized Cake Fantasy  ,"CAKE16289,CAKE16275","CAKE16275,CAKE16277",Personalized Pineapple Cake <strong>(Packet of Candles & Knife come along with cake)</strong>,2949
CAKE16293,Personalized Cake Fantasy ,"CAKE16289,CAKE16275","CAKE16289,CAKE16291",Personalized Pineapple Cake <strong>(Packet of Candles & Knife come along with cake)</strong>,4449
CAKE16279,Personalized Cake Fantasy  ,"CAKE16289,CAKE16275","CAKE16275,CAKE16277",Personalized Pineapple Cake <strong>(Packet of Candles & Knife come along with cake)</strong>,4499
CAKE17717,Chocolate Frenzy Diwali Cake ,"CAKE17717,CAKE17723","CAKE17717,CAKE17715",Chocolate Frenzy Diwali Cream Cake 1kg (Chocolate base Cream Cake with a chocolate flavor),1499
CAKE17723,Chocolate Frenzy Diwali Cake  ,"CAKE17717,CAKE17723","CAKE17723,CAKE17707",Chocolate Frenzy Diwali Cream Cake 1kg Eggless 1kg Eggless(Chocolate base Cream Cake with a chocolate flavor),1549
CAKE17715,Chocolate Frenzy Diwali Cake ,"CAKE17717,CAKE17723","CAKE17717,CAKE17715",Chocolate Frenzy Diwali Cream Cake 2kg (Chocolate base Cream Cake with a chocolate flavor),2699
CAKE17707,Chocolate Frenzy Diwali Cake  ,"CAKE17717,CAKE17723","CAKE17723,CAKE17707",Chocolate Frenzy Diwali Cream Cake 2kg Eggless 2kg Eggless(Chocolate base Cream Cake with a chocolate flavor),2749
CAKE17724,Chocolate Frenzy Diwali Cake ,"CAKE17717,CAKE17723","CAKE17717,CAKE17715",Chocolate Frenzy Diwali Cream Cake 3kg (Chocolate base Cream Cake with a chocolate flavor),3949
CAKE17714,Chocolate Frenzy Diwali Cake  ,"CAKE17717,CAKE17723","CAKE17723,CAKE17707",Chocolate Frenzy Diwali Cream Cake 3kg Eggless 3kg Eggless(Chocolate base Cream Cake with a chocolate flavor),3999
CAKE10496,Gift A Heart Cake ,"CAKE10496,CAKE11656","CAKE10496,CAKE10494","Gift A Heart Fondant Cake 2kg. (If there is no information on flavour from customer, kindly treat chocolate truffle as the default flavour). <strong>(Please add packet of Candles & Knife along with Cake)</strong>",3549
CAKE11656,Gift A Heart Cake  ,"CAKE10496,CAKE11656","CAKE11656,CAKE11655","Gift A Heart Fondant Cake 2kg Eggless. (If there is no information on flavour from customer, kindly treat chocolate truffle as the default flavour). <strong>(Please add packet of Candles & Knife along with Cake)</strong>",3649
CAKE10494,Gift A Heart Cake ,"CAKE10496,CAKE11656","CAKE10496,CAKE10494","Gift A Heart Fondant Cake 3kg. (If there is no information on flavour from customer, kindly treat chocolate truffle as the default flavour). <strong>(Please add packet of Candles & Knife along with Cake)</strong>",4899
CAKE11655,Gift A Heart Cake  ,"CAKE10496,CAKE11656","CAKE11656,CAKE11655","Gift A Heart Fondant Cake 3kg Eggless. (If there is no information on flavour from customer, kindly treat chocolate truffle as the default flavour). <strong>(Please add packet of Candles & Knife along with Cake)</strong>",4699
CAKE6049,Cherry Blackforest Cake ,"CAKE6048,CAKE12537","CAKE6048,CAKE6049,CAKE6056",Cherry Blackforest Cream Cake 1kg <strong>(Please add packet of Candles & Knife along with Cake)</strong>,1499
CAKE12532,Cherry Blackforest Cake  ,"CAKE6048,CAKE12537","CAKE12537,CAKE12532,CAKE12533",Cherry Blackforest Cream Cake 1kg Eggless. <strong>(Please add packet of Candles & Knife along with Cake)</strong>,1549
CAKE6056,Cherry Blackforest Cake ,"CAKE6048,CAKE12537","CAKE6048,CAKE6049,CAKE6056",Cherry Blackforest Cream Cake 2kg <strong>(Please add packet of Candles & Knife along with Cake)</strong>,2699
CAKE12533,Cherry Blackforest Cake  ,"CAKE6048,CAKE12537","CAKE12537,CAKE12532,CAKE12533",Cherry Blackforest Cream Cake 2kg Eggless. <strong>(Please add packet of Candles & Knife along with Cake)</strong>,2749
CAKE6048,Cherry Blackforest Cake ,"CAKE6048,CAKE12537","CAKE6048,CAKE6049,CAKE6056",Cherry Blackforest Cream Cake Half kg <strong>(Please add packet of Candles & Knife along with Cake)</strong>,999
CAKE12537,Cherry Blackforest Cake  ,"CAKE6048,CAKE12537","CAKE12537,CAKE12532,CAKE12533",Cherry Blackforest Cream Cake Half kg Eggless. <strong>(Please add packet of Candles & Knife along with Cake)</strong>,1049
CAKE6060,Pineapple Round Cake ,"CAKE6062,CAKE12581","CAKE6062,CAKE6060,CAKE6061",Pineapple Round Cream Cake 1kg <strong>(Please add packet of Candles & Knife along with Cake)</strong>,1499
CAKE12582,Pineapple Round Cake  ,"CAKE6062,CAKE12581","CAKE12581,CAKE12582,CAKE12583",Pineapple Round Cream Cake 1kg Eggless. <strong>(Please add packet of Candles & Knife along with Cake)</strong>,1549
CAKE6061,Pineapple Round Cake ,"CAKE6062,CAKE12581","CAKE6062,CAKE6060,CAKE6061",Pineapple Round Cream Cake 2kg <strong>(Please add packet of Candles & Knife along with Cake)</strong>,2699
CAKE12583,Pineapple Round Cake  ,"CAKE6062,CAKE12581","CAKE12581,CAKE12582,CAKE12583",Pineapple Round Cream Cake 2kg Eggless. <strong>(Please add packet of Candles & Knife along with Cake)</strong>,2749
CAKE6062,Pineapple Round Cake ,"CAKE6062,CAKE12581","CAKE6062,CAKE6060,CAKE6061",Pineapple Round Cream Cake Half kg <strong>(Please add packet of Candles & Knife along with Cake)</strong>,999
CAKE12581,Pineapple Round Cake  ,"CAKE6062,CAKE12581","CAKE12581,CAKE12582,CAKE12583",Pineapple Round Cream Cake Half kg Eggless. <strong>(Please add packet of Candles & Knife along with Cake)</strong>,1049
CAKE6055,Blackforest Paradise Cake ,"CAKE6054,CAKE12534","CAKE6054,CAKE6055,CAKE6052",Blackforest Paradise Cream Cake 1kg <strong>(Please add packet of Candles & Knife along with Cake)</strong>,1499
CAKE12535,Blackforest Paradise Cake  ,"CAKE6054,CAKE12534","CAKE12534,CAKE12535,CAKE12580",Blackforest Paradise Cream Cake 1kg Eggless. <strong>(Please add packet of Candles & Knife along with Cake)</strong>,1549
CAKE6052,Blackforest Paradise Cake ,"CAKE6054,CAKE12534","CAKE6054,CAKE6055,CAKE6052",Blackforest Paradise Cream Cake 2kg <strong>(Please add packet of Candles & Knife along with Cake)</strong>,2699
CAKE12580,Blackforest Paradise Cake  ,"CAKE6054,CAKE12534","CAKE12534,CAKE12535,CAKE12580",Blackforest Paradise Cream Cake 2kg Eggless. <strong>(Please add packet of Candles & Knife along with Cake)</strong>,2749
CAKE6054,Blackforest Paradise Cake ,"CAKE6054,CAKE12534","CAKE6054,CAKE6055,CAKE6052",Blackforest Paradise Cream Cake Half kg <strong>(Please add packet of Candles & Knife along with Cake)</strong>,999
CAKE12534,Blackforest Paradise Cake  ,"CAKE6054,CAKE12534","CAKE12534,CAKE12535,CAKE12580",Blackforest Paradise Cream Cake Half kg Eggless. <strong>(Please add packet of Candles & Knife along with Cake)</strong>,1049
CAKE6066,Rich Velvety Chocolate Cake ,"CAKE6059,CAKE12567","CAKE6059,CAKE6066,CAKE6067",Rich Velvety Chocolate Cream Cake 1kg <strong>(Please add packet of Candles & Knife along with Cake)</strong>,1499
CAKE12568,Rich Velvety Chocolate Cake  ,"CAKE6059,CAKE12567","CAKE12567,CAKE12568,CAKE12569",Rich Velvety Chocolate Cream Cake 1kg Eggless. <strong>(Please add packet of Candles & Knife along with Cake)</strong>,1549
CAKE6067,Rich Velvety Chocolate Cake ,"CAKE6059,CAKE12567","CAKE6059,CAKE6066,CAKE6067",Rich Velvety Chocolate Cream Cake 2kg <strong>(Please add packet of Candles & Knife along with Cake)</strong>,2699
CAKE12569,Rich Velvety Chocolate Cake  ,"CAKE6059,CAKE12567","CAKE12567,CAKE12568,CAKE12569",Rich Velvety Chocolate Cream Cake 2kg Eggless. <strong>(Please add packet of Candles & Knife along with Cake)</strong>,2749
CAKE6059,Rich Velvety Chocolate Cake ,"CAKE6059,CAKE12567","CAKE6059,CAKE6066,CAKE6067",Rich Velvety Chocolate Cream Cake Half kg <strong>(Please add packet of Candles & Knife along with Cake)</strong>,999
CAKE12567,Rich Velvety Chocolate Cake  ,"CAKE6059,CAKE12567","CAKE12567,CAKE12568,CAKE12569",Rich Velvety Chocolate Cream Cake Half kg Eggless. <strong>(Please add packet of Candles & Knife along with Cake)</strong>,1049
CAKE6073,Rectangular Butterscotch Treat ,"CAKE6072,CAKE12566","CAKE6072,CAKE6073,CAKE6068",Rectangular Butterscotch Treat Cream Cake 1kg <strong>(Please add packet of Candles & Knife along with Cake)</strong>,1499
CAKE12602,Rectangular Butterscotch Treat  ,"CAKE6072,CAKE12566","CAKE12566,CAKE12602,CAKE12603",Rectangular Butterscotch Treat Cream Cake 1kg Eggless. <strong>(Please add packet of Candles & Knife along with Cake)</strong>,1549
CAKE6068,Rectangular Butterscotch Treat ,"CAKE6072,CAKE12566","CAKE6072,CAKE6073,CAKE6068",Rectangular Butterscotch Treat Cream Cake 2kg <strong>(Please add packet of Candles & Knife along with Cake)</strong>,2699
CAKE12603,Rectangular Butterscotch Treat  ,"CAKE6072,CAKE12566","CAKE12566,CAKE12602,CAKE12603",Rectangular Butterscotch Treat Cream Cake 2kg Eggless. <strong>(Please add packet of Candles & Knife along with Cake)</strong>,2749
CAKE6072,Rectangular Butterscotch Treat ,"CAKE6072,CAKE12566","CAKE6072,CAKE6073,CAKE6068",Rectangular Butterscotch Treat Cream Cake Half kg <strong>(Please add packet of Candles & Knife along with Cake)</strong>,999
CAKE12566,Rectangular Butterscotch Treat  ,"CAKE6072,CAKE12566","CAKE12566,CAKE12602,CAKE12603",Rectangular Butterscotch Treat Cream Cake Half kg Eggless. <strong>(Please add packet of Candles & Knife along with Cake)</strong>,1049
CAKE6094,Butterscotch Round Cake ,"CAKE6099,CAKE12590","CAKE6099,CAKE6094,CAKE6096",Butterscotch Round Cream Cake 1kg <strong>(Please add packet of Candles & Knife along with Cake)</strong>,1499
CAKE12591,Butterscotch Round Cake  ,"CAKE6099,CAKE12590","CAKE12590,CAKE12591,CAKE12584",Butterscotch Round Cream Cake 1kg Eggless. <strong>(Please add packet of Candles & Knife along with Cake)</strong>,1549
CAKE6096,Butterscotch Round Cake ,"CAKE6099,CAKE12590","CAKE6099,CAKE6094,CAKE6096",Butterscotch Round Cream Cake 2kg <strong>(Please add packet of Candles & Knife along with Cake)</strong>,2699
CAKE12584,Butterscotch Round Cake  ,"CAKE6099,CAKE12590","CAKE12590,CAKE12591,CAKE12584",Butterscotch Round Cream Cake 2kg Eggless. <strong>(Please add packet of Candles & Knife along with Cake)</strong>,2749
CAKE6099,Butterscotch Round Cake ,"CAKE6099,CAKE12590","CAKE6099,CAKE6094,CAKE6096",Butterscotch Round Cream Cake Half kg <strong>(Please add packet of Candles & Knife along with Cake)</strong>,999
CAKE12590,Butterscotch Round Cake  ,"CAKE6099,CAKE12590","CAKE12590,CAKE12591,CAKE12584",Butterscotch Round Cream Cake Half kg Eggless. <strong>(Please add packet of Candles & Knife along with Cake)</strong>,1049
CAKE6085,Chocolatey Drops of Pride Cake ,"CAKE6086,CAKE11845","CAKE6086,CAKE6085,CAKE6084",Chocolatey Drops of Pride Cream Cake 1kg <strong>(Please add packet of Candles & Knife along with Cake)</strong>,1499
CAKE11836,Chocolatey Drops of Pride Cake  ,"CAKE6086,CAKE11845","CAKE11845,CAKE11836,CAKE11837",Chocolatey Drops of Pride Cream Cake 1kg Eggless. <strong>(Please add packet of Candles & Knife along with Cake)</strong>,1549
CAKE6084,Chocolatey Drops of Pride Cake ,"CAKE6086,CAKE11845","CAKE6086,CAKE6085,CAKE6084",Chocolatey Drops of Pride Cream Cake 2kg <strong>(Please add packet of Candles & Knife along with Cake)</strong>,2699
CAKE11837,Chocolatey Drops of Pride Cake  ,"CAKE6086,CAKE11845","CAKE11845,CAKE11836,CAKE11837",Chocolatey Drops of Pride Cream Cake 2kg Eggless. <strong>(Please add packet of Candles & Knife along with Cake)</strong>,2749
CAKE6086,Chocolatey Drops of Pride Cake ,"CAKE6086,CAKE11845","CAKE6086,CAKE6085,CAKE6084",Chocolatey Drops of Pride Cream Cake Half kg <strong>(Please add packet of Candles & Knife along with Cake)</strong>,999
CAKE11845,Chocolatey Drops of Pride Cake  ,"CAKE6086,CAKE11845","CAKE11845,CAKE11836,CAKE11837",Chocolatey Drops of Pride Cream Cake Half kg Eggless. <strong>(Please add packet of Candles & Knife along with Cake)</strong>,1049
CAKE6069,Gift of Enchantment Cake ,"CAKE6071,CAKE11838","CAKE6071,CAKE6069,CAKE6079",Gift of Enchantment Chocolate Cream Cake 1kg <strong>(Please add packet of Candles & Knife along with Cake)</strong>,1499
CAKE11839,Gift of Enchantment Cake  ,"CAKE6071,CAKE11838","CAKE11838,CAKE11839,CAKE11832",Gift of Enchantment Chocolate Cream Cake 1kg Eggless. <strong>(Please add packet of Candles & Knife along with Cake)</strong>,1549
CAKE6079,Gift of Enchantment Cake ,"CAKE6071,CAKE11838","CAKE6071,CAKE6069,CAKE6079",Gift of Enchantment Chocolate Cream Cake 2kg <strong>(Please add packet of Candles & Knife along with Cake)</strong>,2699
CAKE11832,Gift of Enchantment Cake  ,"CAKE6071,CAKE11838","CAKE11838,CAKE11839,CAKE11832",Gift of Enchantment Chocolate Cream Cake 2kg Eggless. <strong>(Please add packet of Candles & Knife along with Cake)</strong>,2749
CAKE6071,Gift of Enchantment Cake ,"CAKE6071,CAKE11838","CAKE6071,CAKE6069,CAKE6079",Gift of Enchantment Chocolate Cream Cake Half kg <strong>(Please add packet of Candles & Knife along with Cake)</strong>,999
CAKE11838,Gift of Enchantment Cake  ,"CAKE6071,CAKE11838","CAKE11838,CAKE11839,CAKE11832",Gift of Enchantment Chocolate Cream Cake Half kg Eggless. <strong>(Please add packet of Candles & Knife along with Cake)</strong>,1049
CAKE6105,Butterscotch Bonanza Cake ,"CAKE6104,CAKE11768","CAKE6104,CAKE6105,CAKE6112",Butterscotch Bonanza Cream Cake 1kg <strong>(Please add packet of Candles & Knife along with Cake)</strong>,1499
CAKE11770,Butterscotch Bonanza Cake  ,"CAKE6104,CAKE11768","CAKE11768,CAKE11770,CAKE11758",Butterscotch Bonanza Cream Cake 1kg Eggless. <strong>(Please add packet of Candles & Knife along with Cake)</strong>,1549
CAKE6112,Butterscotch Bonanza Cake ,"CAKE6104,CAKE11768","CAKE6104,CAKE6105,CAKE6112",Butterscotch Bonanza Cream Cake 2kg <strong>(Please add packet of Candles & Knife along with Cake)</strong>,2699
CAKE11758,Butterscotch Bonanza Cake  ,"CAKE6104,CAKE11768","CAKE11768,CAKE11770,CAKE11758",Butterscotch Bonanza Cream Cake 2kg Eggless. <strong>(Please add packet of Candles & Knife along with Cake)</strong>,2749
CAKE6104,Butterscotch Bonanza Cake ,"CAKE6104,CAKE11768","CAKE6104,CAKE6105,CAKE6112",Butterscotch Bonanza Cream Cake Half kg <strong>(Please add packet of Candles & Knife along with Cake)</strong>,999
CAKE11768,Butterscotch Bonanza Cake  ,"CAKE6104,CAKE11768","CAKE11768,CAKE11770,CAKE11758",Butterscotch Bonanza Cream Cake Half kg Eggless. <strong>(Please add packet of Candles & Knife along with Cake)</strong>,1049
CAKE6120,Rich Chocolate Splash Cake ,"CAKE6123,CAKE11759","CAKE6123,CAKE6120,CAKE6121",Rich Chocolate Splash Cream Cake 1kg <strong>(Please add packet of Candles & Knife along with Cake)</strong>,1499
CAKE11760,Rich Chocolate Splash Cake  ,"CAKE6123,CAKE11759","CAKE11759,CAKE11760,CAKE11762",Rich Chocolate Splash Cream Cake 1kg Eggless. <strong>(Please add packet of Candles & Knife along with Cake)</strong>,1549
CAKE6121,Rich Chocolate Splash Cake ,"CAKE6123,CAKE11759","CAKE6123,CAKE6120,CAKE6121",Rich Chocolate Splash Cream Cake 2kg <strong>(Please add packet of Candles & Knife along with Cake)</strong>,2699
CAKE11762,Rich Chocolate Splash Cake  ,"CAKE6123,CAKE11759","CAKE11759,CAKE11760,CAKE11762",Rich Chocolate Splash Cream Cake 2kg Eggless. <strong>(Please add packet of Candles & Knife along with Cake)</strong>,2749
CAKE6123,Rich Chocolate Splash Cake ,"CAKE6123,CAKE11759","CAKE6123,CAKE6120,CAKE6121",Rich Chocolate Splash Cream Cake Half kg <strong>(Please add packet of Candles & Knife along with Cake)</strong>,999
CAKE11759,Rich Chocolate Splash Cake  ,"CAKE6123,CAKE11759","CAKE11759,CAKE11760,CAKE11762",Rich Chocolate Splash Cream Cake Half kg Eggless. <strong>(Please add packet of Candles & Knife along with Cake)</strong>,1049
CAKE6122,Butterscotch Mountain Cake ,"CAKE6115,CAKE11790","CAKE6115,CAKE6122,CAKE6133",Butterscotch Mountain Cream Cake 1kg <strong>(Please add packet of Candles & Knife along with Cake)</strong>,1499
CAKE11792,Butterscotch Mountain Cake  ,"CAKE6115,CAKE11790","CAKE11790,CAKE11792,CAKE11794",Butterscotch Mountain Cream Cake 1kg Eggless. <strong>(Please add packet of Candles & Knife along with Cake)</strong>,1549
CAKE6133,Butterscotch Mountain Cake ,"CAKE6115,CAKE11790","CAKE6115,CAKE6122,CAKE6133",Butterscotch Mountain Cream Cake 2kg <strong>(Please add packet of Candles & Knife along with Cake)</strong>,2699
CAKE11794,Butterscotch Mountain Cake  ,"CAKE6115,CAKE11790","CAKE11790,CAKE11792,CAKE11794",Butterscotch Mountain Cream Cake 2kg Eggless. <strong>(Please add packet of Candles & Knife along with Cake)</strong>,2749
CAKE6115,Butterscotch Mountain Cake ,"CAKE6115,CAKE11790","CAKE6115,CAKE6122,CAKE6133",Butterscotch Mountain Cream Cake Half kg <strong>(Please add packet of Candles & Knife along with Cake)</strong>,999
CAKE11790,Butterscotch Mountain Cake  ,"CAKE6115,CAKE11790","CAKE11790,CAKE11792,CAKE11794",Butterscotch Mountain Cream Cake Half kg Eggless. <strong>(Please add packet of Candles & Knife along with Cake)</strong>,1049
CAKE6145,Web Of Happiness Cake ,"CAKE6147,CAKE11824","CAKE6147,CAKE6145,CAKE6146","Web Of Happiness Cake 1kg (If there is no information on flavour from customer, kindly treat Chocolate Truffle as the default flavour). <strong>(Please add packet of Candles & Knife along with cake)</strong>",1499
CAKE11825,Web Of Happiness Cake  ,"CAKE6147,CAKE11824","CAKE11824,CAKE11825,CAKE11816","Web Of Happiness Cake 1kg Eggless. (If there is no information on flavour from customer, kindly treat Chocolate Truffle as the default flavour). <strong>(Please add packet of Candles & Knife along with cake)</strong>",1549
CAKE6146,Web Of Happiness Cake ,"CAKE6147,CAKE11824","CAKE6147,CAKE6145,CAKE6146","Web Of Happiness Cake 2kg (If there is no information on flavour from customer, kindly treat Chocolate Truffle as the default flavour). <strong>(Please add packet of Candles & Knife along with cake)</strong>",2699
CAKE11816,Web Of Happiness Cake  ,"CAKE6147,CAKE11824","CAKE11824,CAKE11825,CAKE11816","Web Of Happiness Cake 2kg Eggless. (If there is no information on flavour from customer, kindly treat Chocolate Truffle as the default flavour). <strong>(Please add packet of Candles & Knife along with cake)</strong>",2749
CAKE6147,Web Of Happiness Cake ,"CAKE6147,CAKE11824","CAKE6147,CAKE6145,CAKE6146","Web Of Happiness Cake Half kg (If there is no information on flavour from customer, kindly treat Chocolate Truffle as the default flavour). <strong>(Please add packet of Candles & Knife along with cake)</strong>",999
CAKE11824,Web Of Happiness Cake  ,"CAKE6147,CAKE11824","CAKE11824,CAKE11825,CAKE11816","Web Of Happiness Cake Half kg Eggless. (If there is no information on flavour from customer, kindly treat Chocolate Truffle as the default flavour). <strong>(Please add packet of Candles & Knife along with cake)</strong>",1049
CAKE6128,Chocolate Galore Cake ,"CAKE6127,CAKE11787","CAKE6127,CAKE6128,CAKE6125",Chocolate Galore Cream Cake 1kg <strong>(Please add packet of Candles & Knife along with Cake)</strong>,1499
CAKE11820,Chocolate Galore Cake  ,"CAKE6127,CAKE11787","CAKE11787,CAKE11820,CAKE11822",Chocolate Galore Cream Cake 1kg Eggless. <strong>(Please add packet of Candles & Knife along with Cake)</strong>,1549
CAKE6125,Chocolate Galore Cake ,"CAKE6127,CAKE11787","CAKE6127,CAKE6128,CAKE6125",Chocolate Galore Cream Cake 2kg <strong>(Please add packet of Candles & Knife along with Cake)</strong>,2699
CAKE11822,Chocolate Galore Cake  ,"CAKE6127,CAKE11787","CAKE11787,CAKE11820,CAKE11822",Chocolate Galore Cream Cake 2kg Eggless. <strong>(Please add packet of Candles & Knife along with Cake)</strong>,2749
CAKE6127,Chocolate Galore Cake ,"CAKE6127,CAKE11787","CAKE6127,CAKE6128,CAKE6125",Chocolate Galore Cream Cake Half kg <strong>(Please add packet of Candles & Knife along with Cake)</strong>,999
CAKE11787,Chocolate Galore Cake  ,"CAKE6127,CAKE11787","CAKE11787,CAKE11820,CAKE11822",Chocolate Galore Cream Cake Half kg Eggless. <strong>(Please add packet of Candles & Knife along with Cake)</strong>,1049
CAKE6142,Blackforest Divine Cake ,"CAKE6144,CAKE12562","CAKE6144,CAKE6142,CAKE6050",Blackforest Divine Cream Cake 1kg <strong>(Please add packet of Candles & Knife along with Cake)</strong>,1499
CAKE12558,Blackforest Divine Cake  ,"CAKE6144,CAKE12562","CAKE12562,CAKE12558,CAKE12536",Blackforest Divine Cream Cake 1kg Eggless. <strong>(Please add packet of Candles & Knife along with Cake)</strong>,1549
CAKE6050,Blackforest Divine Cake ,"CAKE6144,CAKE12562","CAKE6144,CAKE6142,CAKE6050",Blackforest Divine Cream Cake 2kg <strong>(Please add packet of Candles & Knife along with Cake)</strong>,2699
CAKE12536,Blackforest Divine Cake  ,"CAKE6144,CAKE12562","CAKE12562,CAKE12558,CAKE12536",Blackforest Divine Cream Cake 2kg Eggless. <strong>(Please add packet of Candles & Knife along with Cake)</strong>,2749
CAKE6144,Blackforest Divine Cake ,"CAKE6144,CAKE12562","CAKE6144,CAKE6142,CAKE6050",Blackforest Divine Cream Cake Half kg <strong>(Please add packet of Candles & Knife along with Cake)</strong>,999
CAKE12562,Blackforest Divine Cake  ,"CAKE6144,CAKE12562","CAKE12562,CAKE12558,CAKE12536",Blackforest Divine Cream Cake Half kg Eggless. <strong>(Please add packet of Candles & Knife along with Cake)</strong>,1049
CAKE6159,Special Heart Chocolate Cake ,"CAKE6159,CAKE12054","CAKE6159,CAKE6158",Heart Chocolate Cream Cake 1kg <strong>(Please add packet of Candles & Knife along with Cake)</strong>,1499
CAKE12054,Special Heart Chocolate Cake  ,"CAKE6159,CAKE12054","CAKE12054,CAKE12047",Heart Chocolate Cream Cake 1kg Eggless. <strong>(Please add packet of Candles & Knife along with Cake)</strong>,1549
CAKE6158,Special Heart Chocolate Cake ,"CAKE6159,CAKE12054","CAKE6159,CAKE6158",Heart Chocolate Cream Cake 2kg <strong>(Please add packet of Candles & Knife along with Cake)</strong>,2699
CAKE12047,Special Heart Chocolate Cake  ,"CAKE6159,CAKE12054","CAKE12054,CAKE12047",Heart Chocolate Cream Cake 2kg Eggless. <strong>(Please add packet of Candles & Knife along with Cake)</strong>,2749
CAKE6160,Butter Cream Chocolate Cake ,"CAKE6163,CAKE11958","CAKE6163,CAKE6160,CAKE6236",Butter Cream Chocolate Cream Cake 1kg <strong>(Please add packet of Candles & Knife along with Cake)</strong>,1599
CAKE11959,Butter Cream Chocolate Cake  ,"CAKE6163,CAKE11958","CAKE11958,CAKE11959,CAKE11933",Butter Cream Chocolate Cream Cake 1kg Eggless. <strong>(Please add packet of Candles & Knife along with Cake)</strong>,1649
CAKE6236,Butter Cream Chocolate Cake ,"CAKE6163,CAKE11958","CAKE6163,CAKE6160,CAKE6236",Butter Cream Chocolate Cream Cake 2kg <strong>(Please add packet of Candles & Knife along with Cake)</strong>,2799
CAKE11933,Butter Cream Chocolate Cake  ,"CAKE6163,CAKE11958","CAKE11958,CAKE11959,CAKE11933",Butter Cream Chocolate Cream Cake 2kg Eggless. <strong>(Please add packet of Candles & Knife along with Cake)</strong>,2849
CAKE6163,Butter Cream Chocolate Cake ,"CAKE6163,CAKE11958","CAKE6163,CAKE6160,CAKE6236",Butter Cream Chocolate Cream Cake Half kg <strong>(Please add packet of Candles & Knife along with Cake)</strong>,1099
CAKE11958,Butter Cream Chocolate Cake  ,"CAKE6163,CAKE11958","CAKE11958,CAKE11959,CAKE11933",Butter Cream Chocolate Cream Cake Half kg Eggless. <strong>(Please add packet of Candles & Knife along with Cake)</strong>,1149
CAKE6154,Yummy Black Forest Cake ,"CAKE6156,CAKE12089","CAKE6156,CAKE6154,CAKE6152",Yummy Black Forest Cream Cake 1kg <strong>(Please add packet of Candles & Knife along with Cake)</strong>,1499
CAKE11956,Yummy Black Forest Cake  ,"CAKE6156,CAKE12089","CAKE12089,CAKE11956,CAKE11957",Yummy Black Forest Cream Cake 1kg Eggless. <strong>(Please add packet of Candles & Knife along with Cake)</strong>,1549
CAKE6152,Yummy Black Forest Cake ,"CAKE6156,CAKE12089","CAKE6156,CAKE6154,CAKE6152",Yummy Black Forest Cream Cake 2kg <strong>(Please add packet of Candles & Knife along with Cake)</strong>,2699
CAKE11957,Yummy Black Forest Cake  ,"CAKE6156,CAKE12089","CAKE12089,CAKE11956,CAKE11957",Yummy Black Forest Cream Cake 2kg Eggless. <strong>(Please add packet of Candles & Knife along with Cake)</strong>,2749
CAKE6156,Yummy Black Forest Cake ,"CAKE6156,CAKE12089","CAKE6156,CAKE6154,CAKE6152",Yummy Black Forest Cream Cake Half kg <strong>(Please add packet of Candles & Knife along with Cake)</strong>,999
CAKE12089,Yummy Black Forest Cake  ,"CAKE6156,CAKE12089","CAKE12089,CAKE11956,CAKE11957",Yummy Black Forest Cream Cake Half kg Eggless. <strong>(Please add packet of Candles & Knife along with Cake)</strong>,1049
CAKE6153,Stellar Chocolate Cake ,"CAKE6155,CAKE12015","CAKE6155,CAKE6153,CAKE6151",Stellar Chocolate Cream Cake 1kg <strong>(Please add packet of Candles & Knife along with Cake)</strong>,1499
CAKE12050,Stellar Chocolate Cake  ,"CAKE6155,CAKE12015","CAKE12015,CAKE12050,CAKE12051",Stellar Chocolate Cream Cake 1kg Eggless. <strong>(Please add packet of Candles & Knife along with Cake)</strong>,1549
CAKE6151,Stellar Chocolate Cake ,"CAKE6155,CAKE12015","CAKE6155,CAKE6153,CAKE6151",Stellar Chocolate Cream Cake 2kg <strong>(Please add packet of Candles & Knife along with Cake)</strong>,2699
CAKE12051,Stellar Chocolate Cake  ,"CAKE6155,CAKE12015","CAKE12015,CAKE12050,CAKE12051",Stellar Chocolate Cream Cake 2kg Eggless. <strong>(Please add packet of Candles & Knife along with Cake)</strong>,2749
CAKE6155,Stellar Chocolate Cake ,"CAKE6155,CAKE12015","CAKE6155,CAKE6153,CAKE6151",Stellar Chocolate Cream Cake Half kg <strong>(Please add packet of Candles & Knife along with Cake)</strong>,999
CAKE12015,Stellar Chocolate Cake  ,"CAKE6155,CAKE12015","CAKE12015,CAKE12050,CAKE12051",Stellar Chocolate Cream Cake Half kg Eggless. <strong>(Please add packet of Candles & Knife along with Cake)</strong>,1049
CAKE6169,Chocolate Oreo Mousse Cake ,"CAKE6171,CAKE11346","CAKE6171,CAKE6169,CAKE6177",Chocolate Oreo Mousse Cream Cake 1kg <strong>(Please add packet of Candles & Knife along with Cake)</strong>,1499
CAKE11397,Chocolate Oreo Mousse Cake  ,"CAKE6171,CAKE11346","CAKE11346,CAKE11397,CAKE11400",Chocolate Oreo Mousse Cream Cake 1kg Eggless. <strong>(Please add packet of Candles & Knife along with Cake)</strong>,1549
CAKE6177,Chocolate Oreo Mousse Cake ,"CAKE6171,CAKE11346","CAKE6171,CAKE6169,CAKE6177",Chocolate Oreo Mousse Cream Cake 2kg <strong>(Please add packet of Candles & Knife along with Cake)</strong>,2699
CAKE11400,Chocolate Oreo Mousse Cake  ,"CAKE6171,CAKE11346","CAKE11346,CAKE11397,CAKE11400",Chocolate Oreo Mousse Cream Cake 2kg Eggless. <strong>(Please add packet of Candles & Knife along with Cake)</strong>,2749
CAKE6171,Chocolate Oreo Mousse Cake ,"CAKE6171,CAKE11346","CAKE6171,CAKE6169,CAKE6177",Chocolate Oreo Mousse Cream Cake Half kg <strong>(Please add packet of Candles & Knife along with Cake)</strong>,999
CAKE11346,Chocolate Oreo Mousse Cake  ,"CAKE6171,CAKE11346","CAKE11346,CAKE11397,CAKE11400",Chocolate Oreo Mousse Cream Cake Half kg Eggless. <strong>(Please add packet of Candles & Knife along with Cake)</strong>,1049
CAKE6164,Chocolaty Truffle ,"CAKE6150,CAKE11383","CAKE6150,CAKE6164,CAKE6161",Chocolaty Truffle Cake 1kg <strong>(Please add packet of Candles & Knife along with cake)</strong>,1499
CAKE11386,Chocolaty Truffle  ,"CAKE6150,CAKE11383","CAKE11383,CAKE11386,CAKE11389",Chocolaty Truffle Cake 1kg Eggless. <strong>(Please add packet of Candles & Knife along with cake)</strong>,1549
CAKE6161,Chocolaty Truffle ,"CAKE6150,CAKE11383","CAKE6150,CAKE6164,CAKE6161",Chocolaty Truffle Cake 2kg <strong>(Please add packet of Candles & Knife along with cake)</strong>,2699
CAKE11389,Chocolaty Truffle  ,"CAKE6150,CAKE11383","CAKE11383,CAKE11386,CAKE11389",Chocolaty Truffle Cake 2kg Eggless. <strong>(Please add packet of Candles & Knife along with cake)</strong>,2749
CAKE6150,Chocolaty Truffle ,"CAKE6150,CAKE11383","CAKE6150,CAKE6164,CAKE6161",Chocolaty Truffle Cake Half kg <strong>(Please add packet of Candles & Knife along with cake)</strong>,999
CAKE11383,Chocolaty Truffle  ,"CAKE6150,CAKE11383","CAKE11383,CAKE11386,CAKE11389",Chocolaty Truffle Cake Half kg Eggless. <strong>(Please add packet of Candles & Knife along with cake)</strong>,1049
CAKE6194,Desirable Rose Cake ,"CAKE6194,CAKE12090","CAKE6194,CAKE6191",Desirable Rose Chocolate Fondant Cake 1kg <strong>(Please add packet of Candles & Knife along with Cake)</strong>,1899
CAKE12090,Desirable Rose Cake  ,"CAKE6194,CAKE12090","CAKE12090,CAKE12091",Desirable Rose Chocolate Fondant Cake 1kg Eggless. <strong>(Please add packet of Candles & Knife along with Cake)</strong>,1949
CAKE6191,Desirable Rose Cake ,"CAKE6194,CAKE12090","CAKE6194,CAKE6191",Desirable Rose Chocolate Fondant Cake 2kg <strong>(Please add packet of Candles & Knife along with Cake)</strong>,3549
CAKE12091,Desirable Rose Cake  ,"CAKE6194,CAKE12090","CAKE12090,CAKE12091",Desirable Rose Chocolate Fondant Cake 2kg Eggless. <strong>(Please add packet of Candles & Knife along with Cake)</strong>,3649
CAKE6193,Love in abundunce Valentine cake ,"CAKE6179,CAKE12026","CAKE6179,CAKE6193,CAKE6190",Love In Abundance Chocolate Cream Cake 1kg <strong>(Please add packet of Candles & Knife along with Cake)</strong>,1599
CAKE12027,Love in abundunce Valentine cake  ,"CAKE6179,CAKE12026","CAKE12026,CAKE12027,CAKE12028",Love In Abundance Chocolate Cream Cake 1kg Eggless. <strong>(Please add packet of Candles & Knife along with Cake)</strong>,1649
CAKE6190,Love in abundunce Valentine cake ,"CAKE6179,CAKE12026","CAKE6179,CAKE6193,CAKE6190",Love In Abundance Chocolate Cream Cake 2kg <strong>(Please add packet of Candles & Knife along with Cake)</strong>,2799
CAKE12028,Love in abundunce Valentine cake  ,"CAKE6179,CAKE12026","CAKE12026,CAKE12027,CAKE12028",Love In Abundance Chocolate Cream Cake 2kg Eggless. <strong>(Please add packet of Candles & Knife along with Cake)</strong>,2849
CAKE6179,Love in abundunce Valentine cake ,"CAKE6179,CAKE12026","CAKE6179,CAKE6193,CAKE6190",Love In Abundance Chocolate Cream Cake Half kg <strong>(Please add packet of Candles & Knife along with Cake)</strong>,1099
CAKE12026,Love in abundunce Valentine cake  ,"CAKE6179,CAKE12026","CAKE12026,CAKE12027,CAKE12028",Love In Abundance Chocolate Cream Cake Half kg Eggless. <strong>(Please add packet of Candles & Knife along with Cake)</strong>,1149
CAKE6167,Yummy Special Chocolate Rambo Cake ,"CAKE6168,CAKE12086","CAKE6168,CAKE6167,CAKE6166",Yummy Chocolate Rambo Cream Cake 1kg <strong>(Please add packet of Candles & Knife along with Cake)</strong>,1499
CAKE12087,Yummy Special Chocolate Rambo Cake  ,"CAKE6168,CAKE12086","CAKE12086,CAKE12087,CAKE12088",Yummy Chocolate Rambo Cream Cake 1kg Eggless. <strong>(Please add packet of Candles & Knife along with Cake)</strong>,1549
CAKE6166,Yummy Special Chocolate Rambo Cake ,"CAKE6168,CAKE12086","CAKE6168,CAKE6167,CAKE6166",Yummy Chocolate Rambo Cream Cake 2kg <strong>(Please add packet of Candles & Knife along with Cake)</strong>,2699
CAKE12088,Yummy Special Chocolate Rambo Cake  ,"CAKE6168,CAKE12086","CAKE12086,CAKE12087,CAKE12088",Yummy Chocolate Rambo Cream Cake 2kg Eggless. <strong>(Please add packet of Candles & Knife along with Cake)</strong>,2749
CAKE6168,Yummy Special Chocolate Rambo Cake ,"CAKE6168,CAKE12086","CAKE6168,CAKE6167,CAKE6166",Yummy Chocolate Rambo Cream Cake Half kg <strong>(Please add packet of Candles & Knife along with Cake)</strong>,999
CAKE12086,Yummy Special Chocolate Rambo Cake  ,"CAKE6168,CAKE12086","CAKE12086,CAKE12087,CAKE12088",Yummy Chocolate Rambo Cream Cake Half kg Eggless. <strong>(Please add packet of Candles & Knife along with Cake)</strong>,1049
CAKE6199,Musical Cake ,"CAKE6200,CAKE12031","CAKE6200,CAKE6199,CAKE6183","Musical Cake 1kg (If there is no information on flavour from customer, kindly treat Chocolate Truffle as the default flavour). <strong>(Please add packet of Candles & Knife along with cake)</strong>",1499
CAKE12032,Musical Cake  ,"CAKE6200,CAKE12031","CAKE12031,CAKE12032,CAKE12033","Musical Cake 1kg Eggless. (If there is no information on flavour from customer, kindly treat Chocolate Truffle as the default flavour). <strong>(Please add packet of Candles & Knife along with cake)</strong>",1549
CAKE6183,Musical Cake ,"CAKE6200,CAKE12031","CAKE6200,CAKE6199,CAKE6183","Musical Cake 2kg (If there is no information on flavour from customer, kindly treat Chocolate Truffle as the default flavour). <strong>(Please add packet of Candles & Knife along with cake)</strong>",2699
CAKE12033,Musical Cake  ,"CAKE6200,CAKE12031","CAKE12031,CAKE12032,CAKE12033","Musical Cake 2kg Eggless. (If there is no information on flavour from customer, kindly treat Chocolate Truffle as the default flavour). <strong>(Please add packet of Candles & Knife along with cake)</strong>",2749
CAKE6200,Musical Cake ,"CAKE6200,CAKE12031","CAKE6200,CAKE6199,CAKE6183","Musical Cake Half kg (If there is no information on flavour from customer, kindly treat Chocolate Truffle as the default flavour). <strong>(Please add packet of Candles & Knife along with cake)</strong>",999
CAKE12031,Musical Cake  ,"CAKE6200,CAKE12031","CAKE12031,CAKE12032,CAKE12033","Musical Cake Half kg Eggless. (If there is no information on flavour from customer, kindly treat Chocolate Truffle as the default flavour). <strong>(Please add packet of Candles & Knife along with cake)</strong>",1049
CAKE6202,Pineapple Relish Cake ,"CAKE6204,CAKE12059","CAKE6204,CAKE6202,CAKE6213",Pineapple Relish Cream Cake 1kg <strong>(Please add packet of Candles & Knife along with Cake)</strong>,1499
CAKE12055,Pineapple Relish Cake  ,"CAKE6204,CAKE12059","CAKE12059,CAKE12055,CAKE12056",Pineapple Relish Cream Cake 1kg Eggless. <strong>(Please add packet of Candles & Knife along with Cake)</strong>,1549
CAKE6213,Pineapple Relish Cake ,"CAKE6204,CAKE12059","CAKE6204,CAKE6202,CAKE6213",Pineapple Relish Cream Cake 2kg <strong>(Please add packet of Candles & Knife along with Cake)</strong>,2699
CAKE12056,Pineapple Relish Cake  ,"CAKE6204,CAKE12059","CAKE12059,CAKE12055,CAKE12056",Pineapple Relish Cream Cake 2kg Eggless. <strong>(Please add packet of Candles & Knife along with Cake)</strong>,2749
CAKE6204,Pineapple Relish Cake ,"CAKE6204,CAKE12059","CAKE6204,CAKE6202,CAKE6213",Pineapple Relish Cream Cake Half kg <strong>(Please add packet of Candles & Knife along with Cake)</strong>,999
CAKE12059,Pineapple Relish Cake  ,"CAKE6204,CAKE12059","CAKE12059,CAKE12055,CAKE12056",Pineapple Relish Cream Cake Half kg Eggless. <strong>(Please add packet of Candles & Knife along with Cake)</strong>,1049
CAKE6210,Creamy Sphere Cake ,"CAKE6211,CAKE12057","CAKE6211,CAKE6210,CAKE6198","Creamy Sphere Cake 1kg (If there is no information on flavour from customer, kindly treat chocolate truffle as the default flavour). <strong>(Please add packet of Candles & Knife along with cake)</strong>",1499
CAKE12058,Creamy Sphere Cake  ,"CAKE6211,CAKE12057","CAKE12057,CAKE12058,CAKE12110","Creamy Sphere Cake 1kg Eggless. (If there is no information on flavour from customer, kindly treat chocolate truffle as the default flavour). <strong>(Please add packet of Candles & Knife along with cake)</strong>",1549
CAKE6198,Creamy Sphere Cake ,"CAKE6211,CAKE12057","CAKE6211,CAKE6210,CAKE6198","Creamy Sphere Cake 2kg (If there is no information on flavour from customer, kindly treat chocolate truffle as the default flavour). <strong>(Please add packet of Candles & Knife along with cake)</strong>",2699
CAKE12110,Creamy Sphere Cake  ,"CAKE6211,CAKE12057","CAKE12057,CAKE12058,CAKE12110","Creamy Sphere Cake 2kg Eggless. (If there is no information on flavour from customer, kindly treat chocolate truffle as the default flavour). <strong>(Please add packet of Candles & Knife along with cake)</strong>",2749
CAKE6211,Creamy Sphere Cake ,"CAKE6211,CAKE12057","CAKE6211,CAKE6210,CAKE6198","Creamy Sphere Cake Half kg (If there is no information on flavour from customer, kindly treat chocolate truffle as the default flavour). <strong>(Please add packet of Candles & Knife along with cake)</strong>",999
CAKE12057,Creamy Sphere Cake  ,"CAKE6211,CAKE12057","CAKE12057,CAKE12058,CAKE12110","Creamy Sphere Cake Half kg Eggless. (If there is no information on flavour from customer, kindly treat chocolate truffle as the default flavour). <strong>(Please add packet of Candles & Knife along with cake)</strong>",1049
CAKE6217,Choco Chip Cake ,"CAKE6219,CAKE11372","CAKE6219,CAKE6217,CAKE6209",Chocolate Cream Cake 1kg <strong>(Please add packet of Candles & Knife along with Cake)</strong>,1499
CAKE11357,Choco Chip Cake  ,"CAKE6219,CAKE11372","CAKE11372,CAKE11357,CAKE11359",Chocolate Cream Cake 1kg Eggless. <strong>(Please add packet of Candles & Knife along with Cake)</strong>,1549
CAKE6209,Choco Chip Cake ,"CAKE6219,CAKE11372","CAKE6219,CAKE6217,CAKE6209",Chocolate Cream Cake 2kg <strong>(Please add packet of Candles & Knife along with Cake)</strong>,2699
CAKE11359,Choco Chip Cake  ,"CAKE6219,CAKE11372","CAKE11372,CAKE11357,CAKE11359",Chocolate Cream Cake 2kg Eggless. <strong>(Please add packet of Candles & Knife along with Cake)</strong>,2749
CAKE6219,Choco Chip Cake ,"CAKE6219,CAKE11372","CAKE6219,CAKE6217,CAKE6209",Chocolate Cream Cake Half kg <strong>(Please add packet of Candles & Knife along with Cake)</strong>,999
CAKE11372,Choco Chip Cake  ,"CAKE6219,CAKE11372","CAKE11372,CAKE11357,CAKE11359",Chocolate Cream Cake Half kg Eggless. <strong>(Please add packet of Candles & Knife along with Cake)</strong>,1049
CAKE6216,Orange Trickle Cake ,"CAKE6218,CAKE12085","CAKE6218,CAKE6216,CAKE6208",Orange Trickle Cream Cake 1kg <strong>(Please add packet of Candles & Knife along with Cake)</strong>,1499
CAKE12078,Orange Trickle Cake  ,"CAKE6218,CAKE12085","CAKE12085,CAKE12078,CAKE12079",Orange Trickle Cream Cake 1kg Eggless. <strong>(Please add packet of Candles & Knife along with Cake)</strong>,1549
CAKE6208,Orange Trickle Cake ,"CAKE6218,CAKE12085","CAKE6218,CAKE6216,CAKE6208",Orange Trickle Cream Cake 2kg <strong>(Please add packet of Candles & Knife along with Cake)</strong>,2699
CAKE12079,Orange Trickle Cake  ,"CAKE6218,CAKE12085","CAKE12085,CAKE12078,CAKE12079",Orange Trickle Cream Cake 2kg Eggless. <strong>(Please add packet of Candles & Knife along with Cake)</strong>,2749
CAKE6218,Orange Trickle Cake ,"CAKE6218,CAKE12085","CAKE6218,CAKE6216,CAKE6208",Orange Trickle Cream Cake Half kg <strong>(Please add packet of Candles & Knife along with Cake)</strong>,999
CAKE12085,Orange Trickle Cake  ,"CAKE6218,CAKE12085","CAKE12085,CAKE12078,CAKE12079",Orange Trickle Cream Cake Half kg Eggless. <strong>(Please add packet of Candles & Knife along with Cake)</strong>,1049
CAKE6225,Crunchy Chocolate Cake ,"CAKE6227,CAKE12035","CAKE6227,CAKE6225,CAKE6223",Crunchy Chocolate Cream Cake 1kg <strong>(Please add packet of Candles & Knife along with Cake)</strong>,1599
CAKE12036,Crunchy Chocolate Cake  ,"CAKE6227,CAKE12035","CAKE12035,CAKE12036,CAKE12037",Crunchy Chocolate Cream Cake 1kg Eggless. <strong>(Please add packet of Candles & Knife along with Cake)</strong>,1649
CAKE6223,Crunchy Chocolate Cake ,"CAKE6227,CAKE12035","CAKE6227,CAKE6225,CAKE6223",Crunchy Chocolate Cream Cake 2kg <strong>(Please add packet of Candles & Knife along with Cake)</strong>,2799
CAKE12037,Crunchy Chocolate Cake  ,"CAKE6227,CAKE12035","CAKE12035,CAKE12036,CAKE12037",Crunchy Chocolate Cream Cake 2kg Eggless. <strong>(Please add packet of Candles & Knife along with Cake)</strong>,2849
CAKE6227,Crunchy Chocolate Cake ,"CAKE6227,CAKE12035","CAKE6227,CAKE6225,CAKE6223",Crunchy Chocolate Cream Cake Half kg <strong>(Please add packet of Candles & Knife along with Cake)</strong>,1099
CAKE12035,Crunchy Chocolate Cake  ,"CAKE6227,CAKE12035","CAKE12035,CAKE12036,CAKE12037",Crunchy Chocolate Cream Cake Half kg Eggless. <strong>(Please add packet of Candles & Knife along with Cake)</strong>,1149
CAKE6214,Checkmate Cake ,"CAKE6215,CAKE11980","CAKE6215,CAKE6214,CAKE6221",Chocolate Cream Cake 1kg <strong>(Please add packet of Candles & Knife along with Cake)</strong>,1499
CAKE11981,Checkmate Cake  ,"CAKE6215,CAKE11980","CAKE11980,CAKE11981,CAKE11982",Chocolate Cream Cake 1kg Eggless. <strong>(Please add packet of Candles & Knife along with Cake)</strong>,1549
CAKE6221,Checkmate Cake ,"CAKE6215,CAKE11980","CAKE6215,CAKE6214,CAKE6221",Chocolate Cream Cake 2kg <strong>(Please add packet of Candles & Knife along with Cake)</strong>,2699
CAKE11982,Checkmate Cake  ,"CAKE6215,CAKE11980","CAKE11980,CAKE11981,CAKE11982",Chocolate Cream Cake 2kg Eggless. <strong>(Please add packet of Candles & Knife along with Cake)</strong>,2749
CAKE6215,Checkmate Cake ,"CAKE6215,CAKE11980","CAKE6215,CAKE6214,CAKE6221",Chocolate Cream Cake Half kg <strong>(Please add packet of Candles & Knife along with Cake)</strong>,999
CAKE11980,Checkmate Cake  ,"CAKE6215,CAKE11980","CAKE11980,CAKE11981,CAKE11982",Chocolate Cream Cake Half kg Eggless. <strong>(Please add packet of Candles & Knife along with Cake)</strong>,1049
CAKE6880,Chocolate Walnut Truffle ,"CAKE6842,CAKE11391","CAKE6842,CAKE6880,CAKE6879",Chocolate Walnut Truffle Cake 1kg <strong>(Please add packet of Candles & Knife along with cake)</strong>,1599
CAKE11379,Chocolate Walnut Truffle  ,"CAKE6842,CAKE11391","CAKE11391,CAKE11379,CAKE11380",Chocolate Walnut Truffle Cake 1kg Eggless. <strong>(Please add packet of Candles & Knife along with cake)</strong>,1649
CAKE6879,Chocolate Walnut Truffle ,"CAKE6842,CAKE11391","CAKE6842,CAKE6880,CAKE6879",Chocolate Walnut Truffle Cake 2kg <strong>(Please add packet of Candles & Knife along with cake)</strong>,2799
CAKE11380,Chocolate Walnut Truffle  ,"CAKE6842,CAKE11391","CAKE11391,CAKE11379,CAKE11380",Chocolate Walnut Truffle Cake 2kg Eggless. <strong>(Please add packet of Candles & Knife along with cake)</strong>,2849
CAKE6842,Chocolate Walnut Truffle ,"CAKE6842,CAKE11391","CAKE6842,CAKE6880,CAKE6879",Chocolate Walnut Truffle Cake Half kg <strong>(Please add packet of Candles & Knife along with cake)</strong>,1099
CAKE11391,Chocolate Walnut Truffle  ,"CAKE6842,CAKE11391","CAKE11391,CAKE11379,CAKE11380",Chocolate Walnut Truffle Cake Half kg Eggless. <strong>(Please add packet of Candles & Knife along with cake)</strong>,1149
CAKE6845,Wicked Cake ,"CAKE6845,CAKE11515","CAKE6845,CAKE6849","Cricket Pitch Cake 1kg (If there is no information on flavour from customer, kindly treat Chocolate Truffle as the default flavour). <strong>(Please add packet of Candles & Knife along with cake)</strong>",1899
CAKE11515,Wicked Cake  ,"CAKE6845,CAKE11515","CAKE11515,CAKE11516","Cricket Pitch Cake 1kg Eggless. (If there is no information on flavour from customer, kindly treat Chocolate Truffle as the default flavour). <strong>(Please add packet of Candles & Knife along with cake)</strong>",1949
CAKE6849,Wicked Cake ,"CAKE6845,CAKE11515","CAKE6845,CAKE6849","Cricket Pitch Cake 2kg (If there is no information on flavour from customer, kindly treat Chocolate Truffle as the default flavour). <strong>(Please add packet of Candles & Knife along with cake)</strong>",3549
CAKE11516,Wicked Cake  ,"CAKE6845,CAKE11515","CAKE11515,CAKE11516","Cricket Pitch Cake 2kg Eggless. (If there is no information on flavour from customer, kindly treat Chocolate Truffle as the default flavour). <strong>(Please add packet of Candles & Knife along with cake)</strong>",3649
CAKE6848,Wicked Cake ,"CAKE6845,CAKE11515","CAKE6845,CAKE6849","Cricket Pitch Cake 3kg (If there is no information on flavour from customer, kindly treat Chocolate Truffle as the default flavour). <strong>(Please add packet of Candles & Knife along with cake)</strong>",4899
CAKE11561,Wicked Cake  ,"CAKE6845,CAKE11515","CAKE11515,CAKE11516","Cricket Pitch Cake 3kg Eggless. (If there is no information on flavour from customer, kindly treat Chocolate Truffle as the default flavour). <strong>(Please add packet of Candles & Knife along with cake)</strong>",4699
CAKE6875,Rich Fruit Cake ,"CAKE6876,CAKE11227","CAKE6876,CAKE6875,CAKE6874",Rich Fruit Vanilla Cream Cake 1kg <strong>(Please add packet of Candles & Knife along with Cake)</strong>,1599
CAKE11228,Rich Fruit Cake  ,"CAKE6876,CAKE11227","CAKE11227,CAKE11228,CAKE11220",Rich Fruit Vanilla Cream Cake 1kg Eggless. <strong>(Please add packet of Candles & Knife along with Cake)</strong>,1649
CAKE6874,Rich Fruit Cake ,"CAKE6876,CAKE11227","CAKE6876,CAKE6875,CAKE6874",Rich Fruit Vanilla Cream Cake 2kg <strong>(Please add packet of Candles & Knife along with Cake)</strong>,2799
CAKE11220,Rich Fruit Cake  ,"CAKE6876,CAKE11227","CAKE11227,CAKE11228,CAKE11220",Rich Fruit Vanilla Cream Cake 2kg Eggless. <strong>(Please add packet of Candles & Knife along with Cake)</strong>,2849
CAKE6876,Rich Fruit Cake ,"CAKE6876,CAKE11227","CAKE6876,CAKE6875,CAKE6874",Rich Fruit Vanilla Cream Cake Half kg <strong>(Please add packet of Candles & Knife along with Cake)</strong>,1099
CAKE11227,Rich Fruit Cake  ,"CAKE6876,CAKE11227","CAKE11227,CAKE11228,CAKE11220",Rich Fruit Vanilla Cream Cake Half kg Eggless. <strong>(Please add packet of Candles & Knife along with Cake)</strong>,1149
CAKE6897,Pineapple Gateaux ,"CAKE6898,CAKE11243","CAKE6898,CAKE6897,CAKE6892",Pineapple Gateaux Cream Cake 1kg <strong>(Please add packet of Candles & Knife along with Cake)</strong>,1499
CAKE11230,Pineapple Gateaux  ,"CAKE6898,CAKE11243","CAKE11243,CAKE11230,CAKE11277",Pineapple Gateaux Cream Cake 1kg Eggless. <strong>(Please add packet of Candles & Knife along with Cake)</strong>,1549
CAKE6892,Pineapple Gateaux ,"CAKE6898,CAKE11243","CAKE6898,CAKE6897,CAKE6892",Pineapple Gateaux Cream Cake 2kg <strong>(Please add packet of Candles & Knife along with Cake)</strong>,2699
CAKE11277,Pineapple Gateaux  ,"CAKE6898,CAKE11243","CAKE11243,CAKE11230,CAKE11277",Pineapple Gateaux Cream Cake 2kg Eggless. <strong>(Please add packet of Candles & Knife along with Cake)</strong>,2749
CAKE6898,Pineapple Gateaux ,"CAKE6898,CAKE11243","CAKE6898,CAKE6897,CAKE6892",Pineapple Gateaux Cream Cake Half kg <strong>(Please add packet of Candles & Knife along with Cake)</strong>,999
CAKE11243,Pineapple Gateaux  ,"CAKE6898,CAKE11243","CAKE11243,CAKE11230,CAKE11277",Pineapple Gateaux Cream Cake Half kg Eggless. <strong>(Please add packet of Candles & Knife along with Cake)</strong>,1049
CAKE6926,White Forest Cake ,"CAKE6927,CAKE11262","CAKE6927,CAKE6926,CAKE6925",Vanilla & White Chocolate Cream Cake 1kg <strong>(Please add packet of Candles & Knife along with Cake)</strong>,1499
CAKE11297,White Forest Cake  ,"CAKE6927,CAKE11262","CAKE11262,CAKE11297,CAKE11299",Vanilla & White Chocolate Cream Cake 1kg Eggless. <strong>(Please add packet of Candles & Knife along with Cake)</strong>,1549
CAKE6925,White Forest Cake ,"CAKE6927,CAKE11262","CAKE6927,CAKE6926,CAKE6925",Vanilla & White Chocolate Cream Cake 2kg <strong>(Please add packet of Candles & Knife along with Cake)</strong>,2699
CAKE11299,White Forest Cake  ,"CAKE6927,CAKE11262","CAKE11262,CAKE11297,CAKE11299",Vanilla & White Chocolate Cream Cake 2kg Eggless. <strong>(Please add packet of Candles & Knife along with Cake)</strong>,2749
CAKE6927,White Forest Cake ,"CAKE6927,CAKE11262","CAKE6927,CAKE6926,CAKE6925",Vanilla & White Chocolate Cream Cake Half kg <strong>(Please add packet of Candles & Knife along with Cake)</strong>,999
CAKE11262,White Forest Cake  ,"CAKE6927,CAKE11262","CAKE11262,CAKE11297,CAKE11299",Vanilla & White Chocolate Cream Cake Half kg Eggless. <strong>(Please add packet of Candles & Knife along with Cake)</strong>,1049
CAKE7055,Pooh Tigger Cake ,"CAKE7055,CAKE10607","CAKE7055,CAKE7053","Pooh Tigger Fondant Cake 2kg (If there is no information on flavour from customer, kindly treat chocolate truffle as the default flavour). <strong>(Please add packet of Candles & Knife along with Cake)</strong>",3549
CAKE10607,Pooh Tigger Cake  ,"CAKE7055,CAKE10607","CAKE10607,CAKE10601","Pooh Tigger Fondant Cake 2kg Eggless. (If there is no information on flavour from customer, kindly treat chocolate truffle as the default flavour). <strong>(Please add packet of Candles & Knife along with Cake)</strong>",3649
CAKE7053,Pooh Tigger Cake ,"CAKE7055,CAKE10607","CAKE7055,CAKE7053","Pooh Tigger Fondant Cake 3kg (If there is no information on flavour from customer, kindly treat chocolate truffle as the default flavour). <strong>(Please add packet of Candles & Knife along with Cake)</strong>",4899
CAKE10601,Pooh Tigger Cake  ,"CAKE7055,CAKE10607","CAKE10607,CAKE10601","Pooh Tigger Fondant Cake 3kg Eggless. (If there is no information on flavour from customer, kindly treat chocolate truffle as the default flavour). <strong>(Please add packet of Candles & Knife along with Cake)</strong>",4699
CAKE7141,Gym Cake ,"CAKE7141,CAKE10914","CAKE7141,CAKE7146","Gym Fondant Cake 2kg (If there is no information on flavour from customer, kindly treat chocolate truffle as the default flavour). <strong>(Please add packet of Candles & Knife along with Cake)</strong>",3549
CAKE10914,Gym Cake  ,"CAKE7141,CAKE10914","CAKE10914,CAKE10908","Gym Fondant Cake 2kg Eggless. (If there is no information on flavour from customer, kindly treat chocolate truffle as the default flavour). <strong>(Please add packet of Candles & Knife along with Cake)</strong>",3649
CAKE7146,Gym Cake ,"CAKE7141,CAKE10914","CAKE7141,CAKE7146","Gym Fondant Cake 3kg (If there is no information on flavour from customer, kindly treat chocolate truffle as the default flavour). <strong>(Please add packet of Candles & Knife along with Cake)</strong>",4899
CAKE10908,Gym Cake  ,"CAKE7141,CAKE10914","CAKE10914,CAKE10908","Gym Fondant Cake 3kg Eggless. (If there is no information on flavour from customer, kindly treat chocolate truffle as the default flavour). <strong>(Please add packet of Candles & Knife along with Cake)</strong>",4699
CAKE7212,Stylish Lamborghini Cake ,"CAKE7212,CAKE12503","CAKE7212,CAKE7211","Stylish Lamborghini Fondant Cake 2kg (If there is no information on flavour from customer, kindly treat chocolate truffle as the default flavour). <strong>(Please add packet of Candles & Knife along with Cake)</strong>",3549
CAKE12503,Stylish Lamborghini Cake  ,"CAKE7212,CAKE12503","CAKE12503,CAKE12504","Stylish Lamborghini Fondant Cake 2kg Eggless. (If there is no information on flavour from customer, kindly treat chocolate truffle as the default flavour). <strong>(Please add packet of Candles & Knife along with Cake)</strong>",3649
CAKE7211,Stylish Lamborghini Cake ,"CAKE7212,CAKE12503","CAKE7212,CAKE7211","Stylish Lamborghini Fondant Cake 3kg (If there is no information on flavour from customer, kindly treat chocolate truffle as the default flavour). <strong>(Please add packet of Candles & Knife along with Cake)</strong>",4899
CAKE12504,Stylish Lamborghini Cake  ,"CAKE7212,CAKE12503","CAKE12503,CAKE12504","Stylish Lamborghini Fondant Cake 3kg Eggless. (If there is no information on flavour from customer, kindly treat chocolate truffle as the default flavour). <strong>(Please add packet of Candles & Knife along with Cake)</strong>",4699
CAKE7247,Gorgeous Cake ,"CAKE7247,CAKE12293","CAKE7247,CAKE7245","Gorgeous Fondant Cake 2kg (If there is no information on flavour from customer, kindly treat chocolate truffle as the default flavour). <strong>(Please add packet of Candles & Knife along with Cake)</strong>",3549
CAKE12293,Gorgeous Cake  ,"CAKE7247,CAKE12293","CAKE12293,CAKE12295","Gorgeous Fondant Cake 2kg Eggless. (If there is no information on flavour from customer, kindly treat chocolate truffle as the default flavour). <strong>(Please add packet of Candles & Knife along with Cake)</strong>",3649
CAKE7245,Gorgeous Cake ,"CAKE7247,CAKE12293","CAKE7247,CAKE7245","Gorgeous Fondant Cake 3kg (If there is no information on flavour from customer, kindly treat chocolate truffle as the default flavour). <strong>(Please add packet of Candles & Knife along with Cake)</strong>",4899
CAKE12295,Gorgeous Cake  ,"CAKE7247,CAKE12293","CAKE12293,CAKE12295","Gorgeous Fondant Cake 3kg Eggless. (If there is no information on flavour from customer, kindly treat chocolate truffle as the default flavour). <strong>(Please add packet of Candles & Knife along with Cake)</strong>",4699
CAKE7256,Hello Kitty Birthday Cake ,"CAKE7256,CAKE11752","CAKE7256,CAKE7255","Hello Kitty Birthday Fondant Cake 2kg (If there is no information on flavour from customer, kindly treat chocolate truffle as the default flavour). <strong>(Please add packet of Candles & Knife along with Cake)</strong>",3549
CAKE11752,Hello Kitty Birthday Cake  ,"CAKE7256,CAKE11752","CAKE11752,CAKE11797","Hello Kitty Birthday Fondant Cake 2kg Eggless. (If there is no information on flavour from customer, kindly treat chocolate truffle as the default flavour). <strong>(Please add packet of Candles & Knife along with Cake)</strong>",3649
CAKE7255,Hello Kitty Birthday Cake ,"CAKE7256,CAKE11752","CAKE7256,CAKE7255","Hello Kitty Birthday Fondant Cake 3kg (If there is no information on flavour from customer, kindly treat chocolate truffle as the default flavour). <strong>(Please add packet of Candles & Knife along with Cake)</strong>",4899
CAKE11797,Hello Kitty Birthday Cake  ,"CAKE7256,CAKE11752","CAKE11752,CAKE11797","Hello Kitty Birthday Fondant Cake 3kg Eggless. (If there is no information on flavour from customer, kindly treat chocolate truffle as the default flavour). <strong>(Please add packet of Candles & Knife along with Cake)</strong>",4699
CAKE7395,Fish Cake ,"CAKE7395,CAKE11898","CAKE7395,CAKE7393","Fish Fondant Cake 2kg (If there is no information on flavour from customer, kindly treat chocolate truffle as the default flavour). <strong>(Please add packet of Candles & Knife along with Cake)</strong>",3549
CAKE11898,Fish Cake  ,"CAKE7395,CAKE11898","CAKE11898,CAKE11899","Fish Fondant Cake 2kg Eggless. (If there is no information on flavour from customer, kindly treat chocolate truffle as the default flavour). <strong>(Please add packet of Candles & Knife along with Cake)</strong>",3649
CAKE7393,Fish Cake ,"CAKE7395,CAKE11898","CAKE7395,CAKE7393","Fish Fondant Cake 3kg (If there is no information on flavour from customer, kindly treat chocolate truffle as the default flavour). <strong>(Please add packet of Candles & Knife along with Cake)</strong>",4899
CAKE11899,Fish Cake  ,"CAKE7395,CAKE11898","CAKE11898,CAKE11899","Fish Fondant Cake 3kg Eggless. (If there is no information on flavour from customer, kindly treat chocolate truffle as the default flavour). <strong>(Please add packet of Candles & Knife along with Cake)</strong>",4699
CAKE7409,Delicious Butterscotch Cake ,"CAKE7410,CAKE12429","CAKE7410,CAKE7409,CAKE7404",Delicious Butterscotch Cream Cake 1kg <strong>(Please add packet of Candles & Knife along with Cake)</strong>,1499
CAKE12414,Delicious Butterscotch Cake  ,"CAKE7410,CAKE12429","CAKE12429,CAKE12414,CAKE12416",Delicious Butterscotch Cream Cake 1kg Eggless. <strong>(Please add packet of Candles & Knife along with Cake)</strong>,1549
CAKE7404,Delicious Butterscotch Cake ,"CAKE7410,CAKE12429","CAKE7410,CAKE7409,CAKE7404",Delicious Butterscotch Cream Cake 2kg <strong>(Please add packet of Candles & Knife along with Cake)</strong>,2699
CAKE12416,Delicious Butterscotch Cake  ,"CAKE7410,CAKE12429","CAKE12429,CAKE12414,CAKE12416",Delicious Butterscotch Cream Cake 2kg Eggless. <strong>(Please add packet of Candles & Knife along with Cake)</strong>,2749
CAKE7410,Delicious Butterscotch Cake ,"CAKE7410,CAKE12429","CAKE7410,CAKE7409,CAKE7404",Delicious Butterscotch Cream Cake Half kg <strong>(Please add packet of Candles & Knife along with Cake)</strong>,999
CAKE12429,Delicious Butterscotch Cake  ,"CAKE7410,CAKE12429","CAKE12429,CAKE12414,CAKE12416",Delicious Butterscotch Cream Cake Half kg Eggless. <strong>(Please add packet of Candles & Knife along with Cake)</strong>,1049
CAKE8021,Tiramisu Cake ,"CAKE8023,CAKE11387","CAKE8023,CAKE8021,CAKE8118",Tiramisu Cream Cake 1kg <strong>(Please add packet of Candles & Knife along with Cake)</strong>,1599
CAKE11390,Tiramisu Cake  ,"CAKE8023,CAKE11387","CAKE11387,CAKE11390,CAKE11392",Tiramisu Cream Cake 1kg Eggless. <strong>(Please add packet of Candles & Knife along with Cake)</strong>,1649
CAKE8118,Tiramisu Cake ,"CAKE8023,CAKE11387","CAKE8023,CAKE8021,CAKE8118",Tiramisu Cream Cake 2kg <strong>(Please add packet of Candles & Knife along with Cake)</strong>,2799
CAKE11392,Tiramisu Cake  ,"CAKE8023,CAKE11387","CAKE11387,CAKE11390,CAKE11392",Tiramisu Cream Cake 2kg Eggless. <strong>(Please add packet of Candles & Knife along with Cake)</strong>,2849
CAKE8023,Tiramisu Cake ,"CAKE8023,CAKE11387","CAKE8023,CAKE8021,CAKE8118",Tiramisu Cream Cake Half kg <strong>(Please add packet of Candles & Knife along with Cake)</strong>,1099
CAKE11387,Tiramisu Cake  ,"CAKE8023,CAKE11387","CAKE11387,CAKE11390,CAKE11392",Tiramisu Cream Cake Half kg Eggless. <strong>(Please add packet of Candles & Knife along with Cake)</strong>,1149
CAKE8024,My Dad Cake ,"CAKE8024,CAKE10708","CAKE8024,CAKE8022","My Dad Fondant Cake 2kg (If there is no information on flavour from customer, kindly treat chocolate truffle as the default flavour). <strong>(Please add packet of Candles & Knife along with Cake)</strong>",3549
CAKE10708,My Dad Cake  ,"CAKE8024,CAKE10708","CAKE10708,CAKE10692","My Dad Fondant Cake 2kg Eggless. (If there is no information on flavour from customer, kindly treat chocolate truffle as the default flavour). <strong>(Please add packet of Candles & Knife along with Cake)</strong>",3649
CAKE8022,My Dad Cake ,"CAKE8024,CAKE10708","CAKE8024,CAKE8022","My Dad Fondant Cake 3kg (If there is no information on flavour from customer, kindly treat chocolate truffle as the default flavour). <strong>(Please add packet of Candles & Knife along with Cake)</strong>",4899
CAKE10692,My Dad Cake  ,"CAKE8024,CAKE10708","CAKE10708,CAKE10692","My Dad Fondant Cake 3kg Eggless. (If there is no information on flavour from customer, kindly treat chocolate truffle as the default flavour). <strong>(Please add packet of Candles & Knife along with Cake)</strong>",4699
CAKE8061,Lemon Vanilla Cake ,"CAKE8063,CAKE11358","CAKE8063,CAKE8061,CAKE8059",Lemon Vanilla Cream Cake 1kg <strong>(Please add packet of Candles & Knife along with Cake)</strong>,1599
CAKE11360,Lemon Vanilla Cake  ,"CAKE8063,CAKE11358","CAKE11358,CAKE11360,CAKE11363",Lemon Vanilla Cream Cake 1kg Eggless. <strong>(Please add packet of Candles & Knife along with Cake)</strong>,1649
CAKE8059,Lemon Vanilla Cake ,"CAKE8063,CAKE11358","CAKE8063,CAKE8061,CAKE8059",Lemon Vanilla Cream Cake 2kg <strong>(Please add packet of Candles & Knife along with Cake)</strong>,2799
CAKE11363,Lemon Vanilla Cake  ,"CAKE8063,CAKE11358","CAKE11358,CAKE11360,CAKE11363",Lemon Vanilla Cream Cake 2kg Eggless. <strong>(Please add packet of Candles & Knife along with Cake)</strong>,2849
CAKE8063,Lemon Vanilla Cake ,"CAKE8063,CAKE11358","CAKE8063,CAKE8061,CAKE8059",Lemon Vanilla Cream Cake Half kg <strong>(Please add packet of Candles & Knife along with Cake)</strong>,1099
CAKE11358,Lemon Vanilla Cake  ,"CAKE8063,CAKE11358","CAKE11358,CAKE11360,CAKE11363",Lemon Vanilla Cream Cake Half kg Eggless. <strong>(Please add packet of Candles & Knife along with Cake)</strong>,1149
CAKE11123,Super Dad Designer Cake  ,"CAKE8064,CAKE11130","CAKE11130,CAKE11132","Super Dad Designer Fondant Cake 3kg Eggless. (If there is no information on flavour from customer, kindly treat chocolate truffle as the default flavour). <strong>(Please add packet of Candles & Knife along with Cake)</strong>",4699
CAKE8064,Super Dad Designer Cake ,"CAKE8064,CAKE11130","CAKE8064,CAKE8062","Super Dad Designer Fondant Cake 1kg (If there is no information on flavour from customer, kindly treat chocolate truffle as the default flavour). <strong>(Please add packet of Candles & Knife along with Cake)</strong>",1899
CAKE11130,Super Dad Designer Cake  ,"CAKE8064,CAKE11130","CAKE11130,CAKE11132","Super Dad Designer Fondant Cake 1kg Eggless. (If there is no information on flavour from customer, kindly treat chocolate truffle as the default flavour). <strong>(Please add packet of Candles & Knife along with Cake)</strong>",1949
CAKE8062,Super Dad Designer Cake ,"CAKE8064,CAKE11130","CAKE8064,CAKE8062","Super Dad Designer Fondant Cake 2kg (If there is no information on flavour from customer, kindly treat chocolate truffle as the default flavour). <strong>(Please add packet of Candles & Knife along with Cake)</strong>",3549
CAKE11132,Super Dad Designer Cake  ,"CAKE8064,CAKE11130","CAKE11130,CAKE11132","Super Dad Designer Fondant Cake 2kg Eggless. (If there is no information on flavour from customer, kindly treat chocolate truffle as the default flavour). <strong>(Please add packet of Candles & Knife along with Cake)</strong>",3649
CAKE8060,Super Dad Designer Cake ,"CAKE8064,CAKE11130","CAKE8064,CAKE8062","Super Dad Designer Fondant Cake 3kg (If there is no information on flavour from customer, kindly treat chocolate truffle as the default flavour). <strong>(Please add packet of Candles & Knife along with Cake)</strong>",4899
CAKE8045,Fudge Brownie Cake ,"CAKE8048,CAKE11365","CAKE8048,CAKE8045,CAKE8043",Fudge Brownie Cake 1kg <strong>(Please add packet of Candles & Knife along with cake)</strong>,1599
CAKE11352,Fudge Brownie Cake  ,"CAKE8048,CAKE11365","CAKE11365,CAKE11352,CAKE11344",Fudge Brownie Cake 1kg Eggless. <strong>(Please add packet of Candles & Knife along with cake)</strong>,1649
CAKE8043,Fudge Brownie Cake ,"CAKE8048,CAKE11365","CAKE8048,CAKE8045,CAKE8043",Fudge Brownie Cake 2kg <strong>(Please add packet of Candles & Knife along with cake)</strong>,2799
CAKE11344,Fudge Brownie Cake  ,"CAKE8048,CAKE11365","CAKE11365,CAKE11352,CAKE11344",Fudge Brownie Cake 2kg Eggless. <strong>(Please add packet of Candles & Knife along with cake)</strong>,2849
CAKE8048,Fudge Brownie Cake ,"CAKE8048,CAKE11365","CAKE8048,CAKE8045,CAKE8043",Fudge Brownie Cake Half kg <strong>(Please add packet of Candles & Knife along with cake)</strong>,1099
CAKE11365,Fudge Brownie Cake  ,"CAKE8048,CAKE11365","CAKE11365,CAKE11352,CAKE11344",Fudge Brownie Cake Half kg Eggless. <strong>(Please add packet of Candles & Knife along with cake)</strong>,1149
CAKE8166,Chocolate Venom Cake ,"CAKE8169,CAKE11163","CAKE8169,CAKE8166,CAKE8163",Chocolate Venom Cream Cake 1kg <strong>(Please add packet of Candles & Knife along with Cake)</strong>,1599
CAKE11164,Chocolate Venom Cake  ,"CAKE8169,CAKE11163","CAKE11163,CAKE11164,CAKE11165",Chocolate Venom Cream Cake 1kg Eggless. <strong>(Please add packet of Candles & Knife along with Cake)</strong>,1649
CAKE8163,Chocolate Venom Cake ,"CAKE8169,CAKE11163","CAKE8169,CAKE8166,CAKE8163",Chocolate Venom Cream Cake 2kg <strong>(Please add packet of Candles & Knife along with Cake)</strong>,2799
CAKE11165,Chocolate Venom Cake  ,"CAKE8169,CAKE11163","CAKE11163,CAKE11164,CAKE11165",Chocolate Venom Cream Cake 2kg Eggless. <strong>(Please add packet of Candles & Knife along with Cake)</strong>,2849
CAKE8169,Chocolate Venom Cake ,"CAKE8169,CAKE11163","CAKE8169,CAKE8166,CAKE8163",Chocolate Venom Cream Cake Half kg <strong>(Please add packet of Candles & Knife along with Cake)</strong>,1099
CAKE11163,Chocolate Venom Cake  ,"CAKE8169,CAKE11163","CAKE11163,CAKE11164,CAKE11165",Chocolate Venom Cream Cake Half kg Eggless. <strong>(Please add packet of Candles & Knife along with Cake)</strong>,1149
CAKE8096,Snickers Cake ,"CAKE8081,CAKE11144","CAKE8081,CAKE8096,CAKE8094",Snickers Cream Cake (Chocolate Cream Cake With Peanut Nougat Filling) 1kg <strong>(Please add packet of Candles & Knife along with Cake)</strong>,1499
CAKE11174,Snickers Cake  ,"CAKE8081,CAKE11144","CAKE11144,CAKE11174,CAKE11167",Snickers Cream Cake (Chocolate Cream Cake With Peanut Nougat Filling) 1kg Eggless. <strong>(Please add packet of Candles & Knife along with Cake)</strong>,1549
CAKE8094,Snickers Cake ,"CAKE8081,CAKE11144","CAKE8081,CAKE8096,CAKE8094",Snickers Cream Cake (Chocolate Cream Cake With Peanut Nougat Filling) 2kg <strong>(Please add packet of Candles & Knife along with Cake)</strong>,2699
CAKE11167,Snickers Cake  ,"CAKE8081,CAKE11144","CAKE11144,CAKE11174,CAKE11167",Snickers Cream Cake (Chocolate Cream Cake With Peanut Nougat Filling) 2kg Eggless. <strong>(Please add packet of Candles & Knife along with Cake)</strong>,2749
CAKE8081,Snickers Cake ,"CAKE8081,CAKE11144","CAKE8081,CAKE8096,CAKE8094",Snickers Cream Cake (Chocolate Cream Cake With Peanut Nougat Filling) Half kg <strong>(Please add packet of Candles & Knife along with Cake)</strong>,999
CAKE11144,Snickers Cake  ,"CAKE8081,CAKE11144","CAKE11144,CAKE11174,CAKE11167",Snickers Cream Cake (Chocolate Cream Cake With Peanut Nougat Filling) Half kg Eggless. <strong>(Please add packet of Candles & Knife along with Cake)</strong>,1049
CAKE8090,Crunchy Coco Cake ,"CAKE8100,CAKE11147","CAKE8100,CAKE8090,CAKE8087",Chocolate Truffle Cake With Caramelized Walnuts 1kg <strong>(Please add packet of Candles & Knife along with cake)</strong>,1499
CAKE11149,Crunchy Coco Cake  ,"CAKE8100,CAKE11147","CAKE11147,CAKE11149,CAKE11143",Chocolate Truffle Cake With Caramelized Walnuts 1kg Eggless. <strong>(Please add packet of Candles & Knife along with cake)</strong>,1549
CAKE8087,Crunchy Coco Cake ,"CAKE8100,CAKE11147","CAKE8100,CAKE8090,CAKE8087",Chocolate Truffle Cake With Caramelized Walnuts 2kg <strong>(Please add packet of Candles & Knife along with cake)</strong>,2699
CAKE11143,Crunchy Coco Cake  ,"CAKE8100,CAKE11147","CAKE11147,CAKE11149,CAKE11143",Chocolate Truffle Cake With Caramelized Walnuts 2kg Eggless. <strong>(Please add packet of Candles & Knife along with cake)</strong>,2749
CAKE8100,Crunchy Coco Cake ,"CAKE8100,CAKE11147","CAKE8100,CAKE8090,CAKE8087",Chocolate Truffle Cake With Caramelized Walnuts Half kg <strong>(Please add packet of Candles & Knife along with cake)</strong>,999
CAKE11147,Crunchy Coco Cake  ,"CAKE8100,CAKE11147","CAKE11147,CAKE11149,CAKE11143",Chocolate Truffle Cake With Caramelized Walnuts Half kg Eggless. <strong>(Please add packet of Candles & Knife along with cake)</strong>,1049
CAKE8126,Chocolate Chip Cake ,"CAKE8114,CAKE11150","CAKE8114,CAKE8126",Chocolate Chip Truffle Cake 2kg <strong>(Please add packet of Candles & Knife along with cake)</strong>,2699
CAKE11152,Chocolate Chip Cake  ,"CAKE8114,CAKE11150","CAKE11150,CAKE11152",Chocolate Chip Truffle Cake 2kg Eggless. <strong>(Please add packet of Candles & Knife along with cake)</strong>,2749
CAKE8114,Chocolate Chip Cake ,"CAKE8114,CAKE11150","CAKE8114,CAKE8126",Chocolate Chip Truffle Cake Half kg <strong>(Please add packet of Candles & Knife along with cake)</strong>,999
CAKE11150,Chocolate Chip Cake  ,"CAKE8114,CAKE11150","CAKE11150,CAKE11152",Chocolate Chip Truffle Cake Half kg Eggless. <strong>(Please add packet of Candles & Knife along with cake)</strong>,1049
CAKE8108,Black Forest Gateau ,"CAKE8122,CAKE11153","CAKE8122,CAKE8108,CAKE8106",Black Forest Gateau Cream Cake 1kg <strong>(Please add packet of Candles & Knife along with Cake)</strong>,1499
CAKE11145,Black Forest Gateau  ,"CAKE8122,CAKE11153","CAKE11153,CAKE11145,CAKE11146",Black Forest Gateau Cream Cake 1kg Eggless. <strong>(Please add packet of Candles & Knife along with Cake)</strong>,1549
CAKE8106,Black Forest Gateau ,"CAKE8122,CAKE11153","CAKE8122,CAKE8108,CAKE8106",Black Forest Gateau Cream Cake 2kg <strong>(Please add packet of Candles & Knife along with Cake)</strong>,2699
CAKE11146,Black Forest Gateau  ,"CAKE8122,CAKE11153","CAKE11153,CAKE11145,CAKE11146",Black Forest Gateau Cream Cake 2kg Eggless. <strong>(Please add packet of Candles & Knife along with Cake)</strong>,2749
CAKE8122,Black Forest Gateau ,"CAKE8122,CAKE11153","CAKE8122,CAKE8108,CAKE8106",Black Forest Gateau Cream Cake Half kg <strong>(Please add packet of Candles & Knife along with Cake)</strong>,999
CAKE11153,Black Forest Gateau  ,"CAKE8122,CAKE11153","CAKE11153,CAKE11145,CAKE11146",Black Forest Gateau Cream Cake Half kg Eggless. <strong>(Please add packet of Candles & Knife along with Cake)</strong>,1049
CAKE8137,Special Butterscotch Cake ,"CAKE8129,CAKE11678","CAKE8129,CAKE8137,CAKE8136",Butterscotch Cream Cake 1kg <strong>(Please add packet of Candles & Knife along with Cake)</strong>,1499
CAKE11670,Special Butterscotch Cake  ,"CAKE8129,CAKE11678","CAKE11678,CAKE11670,CAKE11672",Butterscotch Cream Cake 1kg Eggless. <strong>(Please add packet of Candles & Knife along with Cake)</strong>,1549
CAKE8136,Special Butterscotch Cake ,"CAKE8129,CAKE11678","CAKE8129,CAKE8137,CAKE8136",Butterscotch Cream Cake 2kg <strong>(Please add packet of Candles & Knife along with Cake)</strong>,2699
CAKE11672,Special Butterscotch Cake  ,"CAKE8129,CAKE11678","CAKE11678,CAKE11670,CAKE11672",Butterscotch Cream Cake 2kg Eggless. <strong>(Please add packet of Candles & Knife along with Cake)</strong>,2749
CAKE8129,Special Butterscotch Cake ,"CAKE8129,CAKE11678","CAKE8129,CAKE8137,CAKE8136",Butterscotch Cream Cake Half kg <strong>(Please add packet of Candles & Knife along with Cake)</strong>,999
CAKE11678,Special Butterscotch Cake  ,"CAKE8129,CAKE11678","CAKE11678,CAKE11670,CAKE11672",Butterscotch Cream Cake Half kg Eggless. <strong>(Please add packet of Candles & Knife along with Cake)</strong>,1049
CAKE8139,Blueberry Cake ,"CAKE8141,CAKE11675","CAKE8141,CAKE8139,CAKE8147",Blueberry Cream Cake 1kg <strong>(Please add packet of Candles & Knife along with Cake)</strong>,1599
CAKE11676,Blueberry Cake  ,"CAKE8141,CAKE11675","CAKE11675,CAKE11676,CAKE11677",Blueberry Cream Cake 1kg Eggless. <strong>(Please add packet of Candles & Knife along with Cake)</strong>,1649
CAKE8147,Blueberry Cake ,"CAKE8141,CAKE11675","CAKE8141,CAKE8139,CAKE8147",Blueberry Cream Cake 2kg <strong>(Please add packet of Candles & Knife along with Cake)</strong>,2799
CAKE11677,Blueberry Cake  ,"CAKE8141,CAKE11675","CAKE11675,CAKE11676,CAKE11677",Blueberry Cream Cake 2kg Eggless. <strong>(Please add packet of Candles & Knife along with Cake)</strong>,2849
CAKE8141,Blueberry Cake ,"CAKE8141,CAKE11675","CAKE8141,CAKE8139,CAKE8147",Blueberry Cream Cake Half kg <strong>(Please add packet of Candles & Knife along with Cake)</strong>,1099
CAKE11675,Blueberry Cake  ,"CAKE8141,CAKE11675","CAKE11675,CAKE11676,CAKE11677",Blueberry Cream Cake Half kg Eggless. <strong>(Please add packet of Candles & Knife along with Cake)</strong>,1149
CAKE8151,Special Blackforest Cake ,"CAKE8153,CAKE11681","CAKE8153,CAKE8151,CAKE8145",Blackforest Cream Cake 1kg.(Full of cherries on top with 2017 number candles) <strong>(Please add packet of Candles & Knife along with Cake)</strong>,1499
CAKE11683,Special Blackforest Cake  ,"CAKE8153,CAKE11681","CAKE11681,CAKE11683,CAKE11684",Blackforest Cream Cake 1kg Eggless. (Full of cherries on top with 2017 number candles)<strong>(Please add packet of Candles & Knife along with Cake)</strong>,1549
CAKE8145,Special Blackforest Cake ,"CAKE8153,CAKE11681","CAKE8153,CAKE8151,CAKE8145",Blackforest Cream Cake 2kg.(Full of cherries on top with 2017 number candles) <strong>(Please add packet of Candles & Knife along with Cake)</strong>,2699
CAKE11684,Special Blackforest Cake  ,"CAKE8153,CAKE11681","CAKE11681,CAKE11683,CAKE11684",Blackforest Cream Cake 2kg Eggless. (Full of cherries on top with 2017 number candles) <strong>(Please add packet of Candles & Knife along with Cake)</strong>,2749
CAKE8153,Special Blackforest Cake ,"CAKE8153,CAKE11681","CAKE8153,CAKE8151,CAKE8145",Blackforest Cream Cake Half kg. (Full of cherries on top with 2017 number candles)<strong>(Please add packet of Candles & Knife along with Cake)</strong>,999
CAKE11681,Special Blackforest Cake  ,"CAKE8153,CAKE11681","CAKE11681,CAKE11683,CAKE11684",Blackforest Cream Cake Half kg Eggless. (Full of cherries on top with 2017 number candles)<strong>(Please add packet of Candles & Knife along with Cake)</strong>,1049
CAKE8148,With love to Doctor ,"CAKE8148,CAKE11654","CAKE8148,CAKE8157","With love, to Doctor Fondant Cake 1kg (If there is no information on flavour from customer, kindly treat chocolate truffle as the default flavour). <strong>(Please add packet of Candles & Knife along with Cake)</strong>",1899
CAKE11654,With love to Doctor  ,"CAKE8148,CAKE11654","CAKE11654,CAKE11679","With love, to Doctor Fondant Cake 1kg Eggless. (If there is no information on flavour from customer, kindly treat chocolate truffle as the default flavour). <strong>(Please add packet of Candles & Knife along with Cake)</strong>",1949
CAKE8157,With love to Doctor ,"CAKE8148,CAKE11654","CAKE8148,CAKE8157","With love, to Doctor Fondant Cake 2kg (If there is no information on flavour from customer, kindly treat chocolate truffle as the default flavour). <strong>(Please add packet of Candles & Knife along with Cake)</strong>",3549
CAKE11679,With love to Doctor  ,"CAKE8148,CAKE11654","CAKE11654,CAKE11679","With love, to Doctor Fondant Cake 2kg Eggless. (If there is no information on flavour from customer, kindly treat chocolate truffle as the default flavour). <strong>(Please add packet of Candles & Knife along with Cake)</strong>",3649
CAKE8175,Choco Truffle Cake ,"CAKE8176,CAKE11716","CAKE8176,CAKE8175,CAKE8174",Choco Truffle Cake 1kg <strong>(Please add packet of Candles & Knife along with cake)</strong>,1499
CAKE11718,Choco Truffle Cake  ,"CAKE8176,CAKE11716","CAKE11716,CAKE11718,CAKE11720",Choco Truffle Cake 1kg Eggless. <strong>(Please add packet of Candles & Knife along with cake)</strong>,1549
CAKE8174,Choco Truffle Cake ,"CAKE8176,CAKE11716","CAKE8176,CAKE8175,CAKE8174",Choco Truffle Cake 2kg <strong>(Please add packet of Candles & Knife along with cake)</strong>,2699
CAKE11720,Choco Truffle Cake  ,"CAKE8176,CAKE11716","CAKE11716,CAKE11718,CAKE11720",Choco Truffle Cake 2kg Eggless. <strong>(Please add packet of Candles & Knife along with cake)</strong>,2749
CAKE8176,Choco Truffle Cake ,"CAKE8176,CAKE11716","CAKE8176,CAKE8175,CAKE8174",Choco Truffle Cake Half kg <strong>(Please add packet of Candles & Knife along with cake)</strong>,999
CAKE11716,Choco Truffle Cake  ,"CAKE8176,CAKE11716","CAKE11716,CAKE11718,CAKE11720",Choco Truffle Cake Half kg Eggless. <strong>(Please add packet of Candles & Knife along with cake)</strong>,1049
CAKE8179,Coffee Walnut Cake ,"CAKE8179,CAKE11712","CAKE8179,CAKE8178",Coffee Walnut Cream Cake 1kg <strong>(Please add packet of Candles & Knife along with Cake)</strong>,1599
CAKE11712,Coffee Walnut Cake  ,"CAKE8179,CAKE11712","CAKE11712,CAKE11713",Coffee Walnut Cream Cake 1kg Eggless. <strong>(Please add packet of Candles & Knife along with Cake)</strong>,1649
CAKE8178,Coffee Walnut Cake ,"CAKE8179,CAKE11712","CAKE8179,CAKE8178",Coffee Walnut Cream Cake 2kg <strong>(Please add packet of Candles & Knife along with Cake)</strong>,2799
CAKE11713,Coffee Walnut Cake  ,"CAKE8179,CAKE11712","CAKE11712,CAKE11713",Coffee Walnut Cream Cake 2kg Eggless. <strong>(Please add packet of Candles & Knife along with Cake)</strong>,2849
CAKE8190,Chocolate Walnut Cake ,"CAKE8191,CAKE11695","CAKE8191,CAKE8190,CAKE8189",Chocolate Truffle Walnut Cake 1kg <strong>(Please add packet of Candles & Knife along with cake)</strong>,1599
CAKE11696,Chocolate Walnut Cake  ,"CAKE8191,CAKE11695","CAKE11695,CAKE11696,CAKE11697",Chocolate Truffle Walnut Cake 1kg Eggless. <strong>(Please add packet of Candles & Knife along with cake)</strong>,1649
CAKE8189,Chocolate Walnut Cake ,"CAKE8191,CAKE11695","CAKE8191,CAKE8190,CAKE8189",Chocolate Truffle Walnut Cake 2kg <strong>(Please add packet of Candles & Knife along with cake)</strong>,2799
CAKE11697,Chocolate Walnut Cake  ,"CAKE8191,CAKE11695","CAKE11695,CAKE11696,CAKE11697",Chocolate Truffle Walnut Cake 2kg Eggless. <strong>(Please add packet of Candles & Knife along with cake)</strong>,2849
CAKE8191,Chocolate Walnut Cake ,"CAKE8191,CAKE11695","CAKE8191,CAKE8190,CAKE8189",Chocolate Truffle Walnut Cake Half kg <strong>(Please add packet of Candles & Knife along with cake)</strong>,1099
CAKE11695,Chocolate Walnut Cake  ,"CAKE8191,CAKE11695","CAKE11695,CAKE11696,CAKE11697",Chocolate Truffle Walnut Cake Half kg Eggless. <strong>(Please add packet of Candles & Knife along with cake)</strong>,1149
CAKE8183,Chocolate Flower Cake ,"CAKE8184,CAKE11691","CAKE8184,CAKE8183,CAKE8182",Chocolate Truffle Flower Cake 1kg <strong>(Please add packet of Candles & Knife along with cake)</strong>,1599
CAKE11726,Chocolate Flower Cake  ,"CAKE8184,CAKE11691","CAKE11691,CAKE11726,CAKE11728",Chocolate Truffle Flower Cake 1kg Eggless. <strong>(Please add packet of Candles & Knife along with cake)</strong>,1649
CAKE8182,Chocolate Flower Cake ,"CAKE8184,CAKE11691","CAKE8184,CAKE8183,CAKE8182",Chocolate Truffle Flower Cake 2kg <strong>(Please add packet of Candles & Knife along with cake)</strong>,2799
CAKE11728,Chocolate Flower Cake  ,"CAKE8184,CAKE11691","CAKE11691,CAKE11726,CAKE11728",Chocolate Truffle Flower Cake 2kg Eggless. <strong>(Please add packet of Candles & Knife along with cake)</strong>,2849
CAKE8184,Chocolate Flower Cake ,"CAKE8184,CAKE11691","CAKE8184,CAKE8183,CAKE8182",Chocolate Truffle Flower Cake Half kg <strong>(Please add packet of Candles & Knife along with cake)</strong>,1099
CAKE11691,Chocolate Flower Cake  ,"CAKE8184,CAKE11691","CAKE11691,CAKE11726,CAKE11728",Chocolate Truffle Flower Cake Half kg Eggless. <strong>(Please add packet of Candles & Knife along with cake)</strong>,1149
CAKE8220,Manhattan Mania Cake ,"CAKE8194,CAKE11193","CAKE8194,CAKE8220,CAKE8228",Manhattan Mania Chocolate Cream Cake 1kg <strong>(Please add packet of Candles & Knife along with Cake)</strong>,1599
CAKE11194,Manhattan Mania Cake  ,"CAKE8194,CAKE11193","CAKE11193,CAKE11194,CAKE11195",Manhattan Mania Chocolate Cream Cake 1kg Eggless. <strong>(Please add packet of Candles & Knife along with Cake)</strong>,1649
CAKE8228,Manhattan Mania Cake ,"CAKE8194,CAKE11193","CAKE8194,CAKE8220,CAKE8228",Manhattan Mania Chocolate Cream Cake 2kg <strong>(Please add packet of Candles & Knife along with Cake)</strong>,2799
CAKE11195,Manhattan Mania Cake  ,"CAKE8194,CAKE11193","CAKE11193,CAKE11194,CAKE11195",Manhattan Mania Chocolate Cream Cake 2kg Eggless. <strong>(Please add packet of Candles & Knife along with Cake)</strong>,2849
CAKE8194,Manhattan Mania Cake ,"CAKE8194,CAKE11193","CAKE8194,CAKE8220,CAKE8228",Manhattan Mania Chocolate Cream Cake Half kg <strong>(Please add packet of Candles & Knife along with Cake)</strong>,1099
CAKE11193,Manhattan Mania Cake  ,"CAKE8194,CAKE11193","CAKE11193,CAKE11194,CAKE11195",Manhattan Mania Chocolate Cream Cake Half kg Eggless. <strong>(Please add packet of Candles & Knife along with Cake)</strong>,1149
CAKE8199,Fondant Hat Cake ,"CAKE8199,CAKE12778","CAKE8199,CAKE8200","Fondant Hat Fondant Cake 2kg (If there is no information on flavour from customer, kindly treat chocolate truffle as the default flavour). <strong>(Please add packet of Candles & Knife along with Cake)</strong>",3549
CAKE12778,Fondant Hat Cake  ,"CAKE8199,CAKE12778","CAKE12778,CAKE12779","Fondant Hat Fondant Cake 2kg Eggless. (If there is no information on flavour from customer, kindly treat chocolate truffle as the default flavour). <strong>(Please add packet of Candles & Knife along with Cake)</strong>",3649
CAKE8200,Fondant Hat Cake ,"CAKE8199,CAKE12778","CAKE8199,CAKE8200","Fondant Hat Fondant Cake 3kg (If there is no information on flavour from customer, kindly treat chocolate truffle as the default flavour). <strong>(Please add packet of Candles & Knife along with Cake)</strong>",4899
CAKE12779,Fondant Hat Cake  ,"CAKE8199,CAKE12778","CAKE12778,CAKE12779","Fondant Hat Fondant Cake 3kg Eggless. (If there is no information on flavour from customer, kindly treat chocolate truffle as the default flavour). <strong>(Please add packet of Candles & Knife along with Cake)</strong>",4699
CAKE8202,The Green Tie Cake For DAD ,"CAKE8202,CAKE12784","CAKE8202,CAKE8203","The Green Tie Fondant Cake For DAD 2kg (If there is no information on flavour from customer, kindly treat chocolate truffle as the default flavour). <strong>(Please add packet of Candles & Knife along with Cake)</strong>",3549
CAKE12784,The Green Tie Cake For DAD  ,"CAKE8202,CAKE12784","CAKE12784,CAKE12786","The Green Tie Fondant Cake For DAD 2kg Eggless. (If there is no information on flavour from customer, kindly treat chocolate truffle as the default flavour). <strong>(Please add packet of Candles & Knife along with Cake)</strong>",3649
CAKE8203,The Green Tie Cake For DAD ,"CAKE8202,CAKE12784","CAKE8202,CAKE8203","The Green Tie Fondant Cake For DAD 3kg (If there is no information on flavour from customer, kindly treat chocolate truffle as the default flavour). <strong>(Please add packet of Candles & Knife along with Cake)</strong>",4899
CAKE12786,The Green Tie Cake For DAD  ,"CAKE8202,CAKE12784","CAKE12784,CAKE12786","The Green Tie Fondant Cake For DAD 3kg Eggless. (If there is no information on flavour from customer, kindly treat chocolate truffle as the default flavour). <strong>(Please add packet of Candles & Knife along with Cake)</strong>",4699
CAKE8249,Dark Chocolate ,"CAKE8208,CAKE11714","CAKE8208,CAKE8249,CAKE8247",Dark Chocolate Cream Cake 1kg <strong>(Please add packet of Candles & Knife along with Cake)</strong>,1499
CAKE11715,Dark Chocolate  ,"CAKE8208,CAKE11714","CAKE11714,CAKE11715,CAKE11318",Dark Chocolate Cream Cake 1kg Eggless. <strong>(Please add packet of Candles & Knife along with Cake)</strong>,1549
CAKE8247,Dark Chocolate ,"CAKE8208,CAKE11714","CAKE8208,CAKE8249,CAKE8247",Dark Chocolate Cream Cake 2kg <strong>(Please add packet of Candles & Knife along with Cake)</strong>,2699
CAKE11318,Dark Chocolate  ,"CAKE8208,CAKE11714","CAKE11714,CAKE11715,CAKE11318",Dark Chocolate Cream Cake 2kg Eggless. <strong>(Please add packet of Candles & Knife along with Cake)</strong>,2749
CAKE8208,Dark Chocolate ,"CAKE8208,CAKE11714","CAKE8208,CAKE8249,CAKE8247",Dark Chocolate Cream Cake Half kg <strong>(Please add packet of Candles & Knife along with Cake)</strong>,999
CAKE11714,Dark Chocolate  ,"CAKE8208,CAKE11714","CAKE11714,CAKE11715,CAKE11318",Dark Chocolate Cream Cake Half kg Eggless. <strong>(Please add packet of Candles & Knife along with Cake)</strong>,1049
CAKE12937,Pinki The Owl Cake  ,"CAKE8221,CAKE12936","CAKE12936,",Pinki The Owl Fondant Cake 3kg Eggless. (Chocolate Truffle). <strong>(Please add packet of Candles & Knife along with Cake)</strong>,4699
CAKE8221,Pinki The Owl Cake ,"CAKE8221,CAKE12936","CAKE8221,",Pinki The Owl Fondant Cake 2kg (Chocolate Truffle). <strong>(Please add packet of Candles & Knife along with Cake)</strong>,3549
CAKE12936,Pinki The Owl Cake  ,"CAKE8221,CAKE12936","CAKE12936,",Pinki The Owl Fondant Cake 2kg Eggless. (Chocolate Truffle). <strong>(Please add packet of Candles & Knife along with Cake)</strong>,3649
CAKE8246,Tiramisu ,"CAKE8246,CAKE11094","CAKE8246,CAKE8244",Tiramisu Cream Cake 1kg <strong>(Please add packet of Candles & Knife along with Cake)</strong>,1599
CAKE11094,Tiramisu  ,"CAKE8246,CAKE11094","CAKE11094,CAKE11085",Tiramisu Cream Cake 1kg Eggless. <strong>(Please add packet of Candles & Knife along with Cake)</strong>,1649
CAKE8244,Tiramisu ,"CAKE8246,CAKE11094","CAKE8246,CAKE8244",Tiramisu Cream Cake 2kg <strong>(Please add packet of Candles & Knife along with Cake)</strong>,2799
CAKE11085,Tiramisu  ,"CAKE8246,CAKE11094","CAKE11094,CAKE11085",Tiramisu Cream Cake 2kg Eggless. <strong>(Please add packet of Candles & Knife along with Cake)</strong>,2849
CAKE8242,Tiramisu ,"CAKE8246,CAKE11094","CAKE8246,CAKE8244",Tiramisu Cream Cake 3kg <strong>(Please add packet of Candles & Knife along with Cake)</strong>,3649
CAKE11086,Tiramisu  ,"CAKE8246,CAKE11094","CAKE11094,CAKE11085",Tiramisu Cream Cake 3kg Eggless. <strong>(Please add packet of Candles & Knife along with Cake)</strong>,3699
CAKE8254,Special Fresh Fruit Cake ,"CAKE8256,CAKE11320","CAKE8256,CAKE8254,CAKE8252",Vanilla Fresh Fruit Cream Cake 1kg <strong>(Please add packet of Candles & Knife along with Cake)</strong>,1599
CAKE11321,Special Fresh Fruit Cake  ,"CAKE8256,CAKE11320","CAKE11320,CAKE11321,CAKE11313",Vanilla Fresh Fruit Cream Cake 1kg Eggless. <strong>(Please add packet of Candles & Knife along with Cake)</strong>,1649
CAKE8252,Special Fresh Fruit Cake ,"CAKE8256,CAKE11320","CAKE8256,CAKE8254,CAKE8252",Vanilla Fresh Fruit Cream Cake 2kg <strong>(Please add packet of Candles & Knife along with Cake)</strong>,2799
CAKE11313,Special Fresh Fruit Cake  ,"CAKE8256,CAKE11320","CAKE11320,CAKE11321,CAKE11313",Vanilla Fresh Fruit Cream Cake 2kg Eggless. <strong>(Please add packet of Candles & Knife along with Cake)</strong>,2849
CAKE8256,Special Fresh Fruit Cake ,"CAKE8256,CAKE11320","CAKE8256,CAKE8254,CAKE8252",Vanilla Fresh Fruit Cream Cake Half kg <strong>(Please add packet of Candles & Knife along with Cake)</strong>,1099
CAKE11320,Special Fresh Fruit Cake  ,"CAKE8256,CAKE11320","CAKE11320,CAKE11321,CAKE11313",Vanilla Fresh Fruit Cream Cake Half kg Eggless. <strong>(Please add packet of Candles & Knife along with Cake)</strong>,1149
CAKE8267,Octopus Cake ,"CAKE8267,CAKE12948","CAKE8267,CAKE8268",Octopus Fondant Cake 2kg (Chocolate Truffle). <strong>(Please add packet of Candles & Knife along with Cake)</strong>,3549
CAKE12948,Octopus Cake  ,"CAKE8267,CAKE12948","CAKE12948,CAKE12943",Octopus Fondant Cake 2kg Eggless. (Chocolate Truffle). <strong>(Please add packet of Candles & Knife along with Cake)</strong>,3649
CAKE8268,Octopus Cake ,"CAKE8267,CAKE12948","CAKE8267,CAKE8268",Octopus Fondant Cake 3kg (Chocolate Truffle). <strong>(Please add packet of Candles & Knife along with Cake)</strong>,4899
CAKE12943,Octopus Cake  ,"CAKE8267,CAKE12948","CAKE12948,CAKE12943",Octopus Fondant Cake 3kg Eggless. (Chocolate Truffle). <strong>(Please add packet of Candles & Knife along with Cake)</strong>,4699
CAKE8270,Chocolate Truffle Royale Cake ,"CAKE8270,CAKE11067","CAKE8270,CAKE8263",Chocolate Truffle Royale Cake 1kg <strong>(Please add packet of Candles & Knife along with cake)</strong>,1499
CAKE11067,Chocolate Truffle Royale Cake  ,"CAKE8270,CAKE11067","CAKE11067,CAKE11068",Chocolate Truffle Royale Cake 1kg Eggless. <strong>(Please add packet of Candles & Knife along with cake)</strong>,1549
CAKE8263,Chocolate Truffle Royale Cake ,"CAKE8270,CAKE11067","CAKE8270,CAKE8263",Chocolate Truffle Royale Cake 2kg <strong>(Please add packet of Candles & Knife along with cake)</strong>,2699
CAKE11068,Chocolate Truffle Royale Cake  ,"CAKE8270,CAKE11067","CAKE11067,CAKE11068",Chocolate Truffle Royale Cake 2kg Eggless. <strong>(Please add packet of Candles & Knife along with cake)</strong>,2749
CAKE8262,Chocolate Truffle Royale Cake ,"CAKE8270,CAKE11067","CAKE8270,CAKE8263",Chocolate Truffle Royale Cake 3kg <strong>(Please add packet of Candles & Knife along with cake)</strong>,3949
CAKE11070,Chocolate Truffle Royale Cake  ,"CAKE8270,CAKE11067","CAKE11067,CAKE11068",Chocolate Truffle Royale Cake 3kg Eggless. <strong>(Please add packet of Candles & Knife along with cake)</strong>,3999
CAKE8053,Chocolate Truffle Royale ,"CAKE8055,CAKE11368","CAKE8055,CAKE8053,CAKE8051",Chocolate Truffle Royale Cake 1kg <strong>(Please add packet of Candles & Knife along with cake)</strong>,1499
CAKE11370,Chocolate Truffle Royale  ,"CAKE8055,CAKE11368","CAKE11368,CAKE11370,CAKE11373",Chocolate Truffle Royale Cake 1kg Eggless. <strong>(Please add packet of Candles & Knife along with cake)</strong>,1549
CAKE8051,Chocolate Truffle Royale ,"CAKE8055,CAKE11368","CAKE8055,CAKE8053,CAKE8051",Chocolate Truffle Royale Cake 2kg <strong>(Please add packet of Candles & Knife along with cake)</strong>,2699
CAKE11373,Chocolate Truffle Royale  ,"CAKE8055,CAKE11368","CAKE11368,CAKE11370,CAKE11373",Chocolate Truffle Royale Cake 2kg Eggless. <strong>(Please add packet of Candles & Knife along with cake)</strong>,2749
CAKE8055,Chocolate Truffle Royale ,"CAKE8055,CAKE11368","CAKE8055,CAKE8053,CAKE8051",Chocolate Truffle Royale Cake Half kg <strong>(Please add packet of Candles & Knife along with cake)</strong>,999
CAKE11368,Chocolate Truffle Royale  ,"CAKE8055,CAKE11368","CAKE11368,CAKE11370,CAKE11373",Chocolate Truffle Royale Cake Half kg Eggless. <strong>(Please add packet of Candles & Knife along with cake)</strong>,1049
CAKE8311,Lemony Lemon Cake ,"CAKE8313,CAKE11336","CAKE8313,CAKE8311,CAKE8302",Lemony Lemon Cream Cake 1kg <strong>(Please add packet of Candles & Knife along with Cake)</strong>,1599
CAKE11338,Lemony Lemon Cake  ,"CAKE8313,CAKE11336","CAKE11336,CAKE11338,CAKE11340",Lemony Lemon Cream Cake 1kg Eggless. <strong>(Please add packet of Candles & Knife along with Cake)</strong>,1649
CAKE8302,Lemony Lemon Cake ,"CAKE8313,CAKE11336","CAKE8313,CAKE8311,CAKE8302",Lemony Lemon Cream Cake 2kg <strong>(Please add packet of Candles & Knife along with Cake)</strong>,2799
CAKE11340,Lemony Lemon Cake  ,"CAKE8313,CAKE11336","CAKE11336,CAKE11338,CAKE11340",Lemony Lemon Cream Cake 2kg Eggless. <strong>(Please add packet of Candles & Knife along with Cake)</strong>,2849
CAKE8313,Lemony Lemon Cake ,"CAKE8313,CAKE11336","CAKE8313,CAKE8311,CAKE8302",Lemony Lemon Cream Cake Half kg <strong>(Please add packet of Candles & Knife along with Cake)</strong>,1099
CAKE11336,Lemony Lemon Cake  ,"CAKE8313,CAKE11336","CAKE11336,CAKE11338,CAKE11340",Lemony Lemon Cream Cake Half kg Eggless. <strong>(Please add packet of Candles & Knife along with Cake)</strong>,1149
CAKE8418,Tabby Cat Cake ,"CAKE8418,CAKE12906","CAKE8418,CAKE8407","Tabby Cat Fondant Cake 2kg (If there is no information on flavour from customer, kindly treat chocolate truffle as the default flavour). <strong>(Please add packet of Candles & Knife along with Cake)</strong>",3549
CAKE12906,Tabby Cat Cake  ,"CAKE8418,CAKE12906","CAKE12906,CAKE12907","Tabby Cat Fondant Cake 2kg Eggless. (If there is no information on flavour from customer, kindly treat chocolate truffle as the default flavour). <strong>(Please add packet of Candles & Knife along with Cake)</strong>",3649
CAKE8407,Tabby Cat Cake ,"CAKE8418,CAKE12906","CAKE8418,CAKE8407","Tabby Cat Fondant Cake 3kg (If there is no information on flavour from customer, kindly treat chocolate truffle as the default flavour). <strong>(Please add packet of Candles & Knife along with Cake)</strong>",4899
CAKE12907,Tabby Cat Cake  ,"CAKE8418,CAKE12906","CAKE12906,CAKE12907","Tabby Cat Fondant Cake 3kg Eggless. (If there is no information on flavour from customer, kindly treat chocolate truffle as the default flavour). <strong>(Please add packet of Candles & Knife along with Cake)</strong>",4699
CAKE8423,Mouthwatering Batman Cake ,"CAKE8423,CAKE11017","CAKE8423,CAKE8424",Mouthwatering Batman Fondant Cake 2kg (Chocolate Truffle). <strong>(Please add packet of Candles & Knife along with Cake)</strong>,3549
CAKE11017,Mouthwatering Batman Cake  ,"CAKE8423,CAKE11017","CAKE11017,CAKE11015",Mouthwatering Batman Fondant Cake 2kg Eggless. (Chocolate Truffle). <strong>(Please add packet of Candles & Knife along with Cake)</strong>,3649
CAKE8424,Mouthwatering Batman Cake ,"CAKE8423,CAKE11017","CAKE8423,CAKE8424",Mouthwatering Batman Fondant Cake 3kg (Chocolate Truffle). <strong>(Please add packet of Candles & Knife along with Cake)</strong>,4899
CAKE11015,Mouthwatering Batman Cake  ,"CAKE8423,CAKE11017","CAKE11017,CAKE11015",Mouthwatering Batman Fondant Cake 3kg Eggless. (Chocolate Truffle). <strong>(Please add packet of Candles & Knife along with Cake)</strong>,4699
CAKE8436,Scrat Cake ,"CAKE8436,CAKE10856","CAKE8436,CAKE8438","Scrat Fondant Cake 2kg (If there is no information on flavour from customer, kindly treat chocolate truffle as the default flavour). <strong>(Please add packet of Candles & Knife along with Cake)</strong>",3549
CAKE10856,Scrat Cake  ,"CAKE8436,CAKE10856","CAKE10856,CAKE10874","Scrat Fondant Cake 2kg Eggless. (If there is no information on flavour from customer, kindly treat chocolate truffle as the default flavour). <strong>(Please add packet of Candles & Knife along with Cake)</strong>",3649
CAKE8438,Scrat Cake ,"CAKE8436,CAKE10856","CAKE8436,CAKE8438","Scrat Fondant Cake 3kg (If there is no information on flavour from customer, kindly treat chocolate truffle as the default flavour). <strong>(Please add packet of Candles & Knife along with Cake)</strong>",4899
CAKE10874,Scrat Cake  ,"CAKE8436,CAKE10856","CAKE10856,CAKE10874","Scrat Fondant Cake 3kg Eggless. (If there is no information on flavour from customer, kindly treat chocolate truffle as the default flavour). <strong>(Please add packet of Candles & Knife along with Cake)</strong>",4699
CAKE8452,Cute Heart Shape Cake ,"CAKE8450,CAKE10982","CAKE8450,CAKE8452,CAKE8454",Cute Heart Shape Chocolate Truffle Cake 1kg <strong>(Please add packet of Candles & Knife along with cake)</strong>,1499
CAKE10981,Cute Heart Shape Cake  ,"CAKE8450,CAKE10982","CAKE10982,CAKE10981,CAKE10984",Cute Heart Shape Chocolate Truffle Cake 1kg Eggless. <strong>(Please add packet of Candles & Knife along with cake)</strong>,1549
CAKE8454,Cute Heart Shape Cake ,"CAKE8450,CAKE10982","CAKE8450,CAKE8452,CAKE8454",Cute Heart Shape Chocolate Truffle Cake 2kg <strong>(Please add packet of Candles & Knife along with cake)</strong>,2699
CAKE10984,Cute Heart Shape Cake  ,"CAKE8450,CAKE10982","CAKE10982,CAKE10981,CAKE10984",Cute Heart Shape Chocolate Truffle Cake 2kg Eggless. <strong>(Please add packet of Candles & Knife along with cake)</strong>,2749
CAKE8450,Cute Heart Shape Cake ,"CAKE8450,CAKE10982","CAKE8450,CAKE8452,CAKE8454",Cute Heart Shape Chocolate Truffle Cake Half kg <strong>(Please add packet of Candles & Knife along with cake)</strong>,999
CAKE10982,Cute Heart Shape Cake  ,"CAKE8450,CAKE10982","CAKE10982,CAKE10981,CAKE10984",Cute Heart Shape Chocolate Truffle Cake Half kg Eggless. <strong>(Please add packet of Candles & Knife along with cake)</strong>,1049
CAKE8478,Kicking Po Cake ,"CAKE8478,CAKE10851","CAKE8478,CAKE8480","Kicking Po Fondant Cake 2kg (If there is no information on flavour from customer, kindly treat chocolate truffle as the default flavour). <strong>(Please add packet of Candles & Knife along with Cake)</strong>",3549
CAKE10851,Kicking Po Cake  ,"CAKE8478,CAKE10851","CAKE10851,CAKE10848","Kicking Po Fondant Cake 2kg Eggless. (If there is no information on flavour from customer, kindly treat chocolate truffle as the default flavour). <strong>(Please add packet of Candles & Knife along with Cake)</strong>",3649
CAKE8480,Kicking Po Cake ,"CAKE8478,CAKE10851","CAKE8478,CAKE8480","Kicking Po Fondant Cake 3kg (If there is no information on flavour from customer, kindly treat chocolate truffle as the default flavour). <strong>(Please add packet of Candles & Knife along with Cake)</strong>",4899
CAKE10848,Kicking Po Cake  ,"CAKE8478,CAKE10851","CAKE10851,CAKE10848","Kicking Po Fondant Cake 3kg Eggless. (If there is no information on flavour from customer, kindly treat chocolate truffle as the default flavour). <strong>(Please add packet of Candles & Knife along with Cake)</strong>",4699
CAKE8502,Kit Kat Shaped Cake ,"CAKE8502,CAKE10972","CAKE8502,CAKE8504",Kit Kat Shaped Fondant Cake 2kg (Chocolate Truffle). <strong>(Please add packet of Candles & Knife along with Cake)</strong>,3549
CAKE10972,Kit Kat Shaped Cake  ,"CAKE8502,CAKE10972","CAKE10972,CAKE10975",Kit Kat Shaped Fondant Cake 2kg Eggless. (Chocolate Truffle). <strong>(Please add packet of Candles & Knife along with Cake)</strong>,3649
CAKE8504,Kit Kat Shaped Cake ,"CAKE8502,CAKE10972","CAKE8502,CAKE8504",Kit Kat Shaped Fondant Cake 3kg (Chocolate Truffle). <strong>(Please add packet of Candles & Knife along with Cake)</strong>,4899
CAKE10975,Kit Kat Shaped Cake  ,"CAKE8502,CAKE10972","CAKE10972,CAKE10975",Kit Kat Shaped Fondant Cake 3kg Eggless. (Chocolate Truffle). <strong>(Please add packet of Candles & Knife along with Cake)</strong>,4699
CAKE12956,Princess Cake  ,"CAKE8526,CAKE12942","CAKE12942,CAKE12956",Princess Fondant Cake 3kg Eggless. (Chocolate Truffle). <strong>(Please add packet of Candles & Knife along with Cake)</strong>,4699
CAKE8526,Princess Cake ,"CAKE8526,CAKE12942","CAKE8526,CAKE8529",Princess Fondant Cake 2kg (Chocolate Truffle). <strong>(Please add packet of Candles & Knife along with Cake)</strong>,3549
CAKE12942,Princess Cake  ,"CAKE8526,CAKE12942","CAKE12942,CAKE12956",Princess Fondant Cake 2kg Eggless. (Chocolate Truffle). <strong>(Please add packet of Candles & Knife along with Cake)</strong>,3649
CAKE8529,Princess Cake ,"CAKE8526,CAKE12942","CAKE8526,CAKE8529",Princess Fondant Cake 3 kg (Chocolate Truffle). <strong>(Please add packet of Candles & Knife along with Cake)</strong>,4899
CAKE8533,Minions with balloons ,"CAKE8533,CAKE10815","CAKE8533,CAKE8518",Minions with balloons Fondant Cake 2kg (Chocolate Truffle). <strong>(Please add packet of Candles & Knife along with Cake)</strong>,3549
CAKE10815,Minions with balloons  ,"CAKE8533,CAKE10815","CAKE10815,CAKE10786",Minions with balloons Fondant Cake 2kg Eggless. (Chocolate Truffle). <strong>(Please add packet of Candles & Knife along with Cake)</strong>,3649
CAKE8518,Minions with balloons ,"CAKE8533,CAKE10815","CAKE8533,CAKE8518",Minions with balloons Fondant Cake 3kg (Chocolate Truffle). <strong>(Please add packet of Candles & Knife along with Cake)</strong>,4899
CAKE10786,Minions with balloons  ,"CAKE8533,CAKE10815","CAKE10815,CAKE10786",Minions with balloons Fondant Cake 3kg Eggless. (Chocolate Truffle). <strong>(Please add packet of Candles & Knife along with Cake)</strong>,4699
CAKE8577,Heart Chocolate Cake ,"CAKE8575,CAKE11046","CAKE8575,CAKE8577,CAKE8579",Heart Chocolate Cream Cake 1kg <strong>(Please add packet of Candles & Knife along with Cake)</strong>,1499
CAKE11044,Heart Chocolate Cake  ,"CAKE8575,CAKE11046","CAKE11046,CAKE11044,CAKE11054",Heart Chocolate Cream Cake 1kg Eggless. <strong>(Please add packet of Candles & Knife along with Cake)</strong>,1549
CAKE8579,Heart Chocolate Cake ,"CAKE8575,CAKE11046","CAKE8575,CAKE8577,CAKE8579",Heart Chocolate Cream Cake 2kg <strong>(Please add packet of Candles & Knife along with Cake)</strong>,2699
CAKE11054,Heart Chocolate Cake  ,"CAKE8575,CAKE11046","CAKE11046,CAKE11044,CAKE11054",Heart Chocolate Cream Cake 2kg Eggless. <strong>(Please add packet of Candles & Knife along with Cake)</strong>,2749
CAKE8575,Heart Chocolate Cake ,"CAKE8575,CAKE11046","CAKE8575,CAKE8577,CAKE8579",Heart Chocolate Cream Cake Half kg <strong>(Please add packet of Candles & Knife along with Cake)</strong>,999
CAKE11046,Heart Chocolate Cake  ,"CAKE8575,CAKE11046","CAKE11046,CAKE11044,CAKE11054",Heart Chocolate Cream Cake Half kg Eggless. <strong>(Please add packet of Candles & Knife along with Cake)</strong>,1049
CAKE12062,Fresh Vanilla Cake  ,"CAKE8621,CAKE12063","CAKE12063,CAKE12062,CAKE12073",Vanilla Cake 1Kg Eggless. <strong>(Please add packet of Candles & Knife along with cake)</strong>,1049
CAKE12063,Fresh Vanilla Cake  ,"CAKE8621,CAKE12063","CAKE12063,CAKE12062,CAKE12073",Vanilla Cake Half kg Eggless. <strong>(Please add packet of Candles & Knife along with cake)</strong>,649
CAKE12073,Fresh Vanilla Cake  ,"CAKE8621,CAKE12063","CAKE12063,CAKE12062,CAKE12073",Vanilla Cake 2Kg Eggless. <strong>(Please add packet of Candles & Knife along with cake)</strong>,1999
CAKE8621,Fresh Vanilla Cake ,"CAKE8621,CAKE12063","CAKE8621,CAKE8624,CAKE8623",Vanilla Cake Half kg <strong>(Please add packet of Candles & Knife along with cake)</strong>,599
CAKE8623,Fresh Vanilla Cake ,"CAKE8621,CAKE12063","CAKE8621,CAKE8624,CAKE8623",Vanilla Cake 2Kg <strong>(Please add packet of Candles & Knife along with cake)</strong>,1949
CAKE8624,Fresh Vanilla Cake ,"CAKE8621,CAKE12063","CAKE8621,CAKE8624,CAKE8623",Vanilla Cake 1Kg <strong>(Please add packet of Candles & Knife along with cake)</strong>,999
CAKE12101,Black Forest Cake  ,"CAKE8626,CAKE12101","CAKE12101,",Black Forest Cake Half kg Eggless. <strong>(Please add packet of Candles & Knife along with cake)</strong>,849
CAKE8626,Black Forest Cake ,"CAKE8626,CAKE12101","CAKE8626,",Black Forest Cake Half kg <strong>(Please add packet of Candles & Knife along with cake)</strong>,799
CAKE12060,Blackforest Cake  ,"CAKE8625,CAKE12061","CAKE12061,CAKE12060",Blackforest Cake 2kg Eggless. <strong>(Please add packet of Candles & Knife along with cake)</strong>,2199
CAKE12061,Blackforest Cake  ,"CAKE8625,CAKE12061","CAKE12061,CAKE12060",Blackforest Cake 1kg Eggless. <strong>(Please add packet of Candles & Knife along with cake)</strong>,1199
CAKE8620,Blackforest Cake ,"CAKE8625,CAKE12061","CAKE8625,CAKE8620",Blackforest Cake 2kg <strong>(Please add packet of Candles & Knife along with cake)</strong>,2149
CAKE8625,Blackforest Cake ,"CAKE8625,CAKE12061","CAKE8625,CAKE8620",Blackforest Cake 1kg <strong>(Please add packet of Candles & Knife along with cake)</strong>,1149
CAKE12096,Heart Shape Truffle Cake  ,"CAKE8627,CAKE12098","CAKE12098,CAKE12096",Heart Shape Truffle Cake 2Kg Eggless. <strong>(Please add packet of Candles & Knife along with cake)</strong>,2199
CAKE12098,Heart Shape Truffle Cake  ,"CAKE8627,CAKE12098","CAKE12098,CAKE12096",Heart Shape Truffle Cake 1Kg Eggless. <strong>(Please add packet of Candles & Knife along with cake)</strong>,1199
CAKE8627,Heart Shape Truffle Cake ,"CAKE8627,CAKE12098","CAKE8627,CAKE8630",Heart Shape Truffle Cake 1Kg <strong>(Please add packet of Candles & Knife along with cake)</strong>,1149
CAKE8630,Heart Shape Truffle Cake ,"CAKE8627,CAKE12098","CAKE8627,CAKE8630",Heart Shape Truffle Cake 2Kg <strong>(Please add packet of Candles & Knife along with cake)</strong>,2149
CAKE8639, Photo Cake Vanilla Sponge,"CAKE8639,CAKE12774","CAKE8639,CAKE8642",1kg Photo Cake Vanilla Sponge. <strong>(Please add packet of Candles & Knife along with cake)</strong>,1699
CAKE12774, Photo Cake Vanilla Sponge ,"CAKE8639,CAKE12774","CAKE12774,CAKE12777",1kg Photo Cake Vanilla Sponge Eggless. <strong>(Please add packet of Candles & Knife along with cake)</strong>,1749
CAKE8642, Photo Cake Vanilla Sponge,"CAKE8639,CAKE12774","CAKE8639,CAKE8642",2kg Photo Cake Vanilla Sponge. <strong>(Please add packet of Candles & Knife along with cake)</strong>,2899
CAKE12777, Photo Cake Vanilla Sponge ,"CAKE8639,CAKE12774","CAKE12774,CAKE12777",2kg Photo Cake Vanilla Sponge Eggless. <strong>(Please add packet of Candles & Knife along with cake)</strong>,2949
CAKE8654, Photo Cake Vanilla Sponge,"CAKE8639,CAKE12774","CAKE8639,CAKE8642",3kg Photo Cake Vanilla Sponge. <strong>(Please add packet of Candles & Knife along with cake)</strong>,4449
CAKE12776, Photo Cake Vanilla Sponge ,"CAKE8639,CAKE12774","CAKE12774,CAKE12777",3kg Photo Cake Vanilla Sponge Eggless. <strong>(Please add packet of Candles & Knife along with cake)</strong>,4499
CAKE8644, Photo Cake,"CAKE8644,CAKE12804","CAKE8644,CAKE8650","1kg Photo Cake. (If there is no information on flavour from customer, kindly treat chocolate truffle as the default flavour).<strong>(Please add packet of Candles & Knife along with cake)</strong>",1699
CAKE12804, Photo Cake ,"CAKE8644,CAKE12804","CAKE12804,CAKE12808","1kg Photo Cake Eggless. (If there is no information on flavour from customer, kindly treat chocolate truffle as the default flavour).<strong>(Please add packet of Candles & Knife along with cake)</strong>",1749
CAKE8650, Photo Cake,"CAKE8644,CAKE12804","CAKE8644,CAKE8650","2kg Photo Cake. (If there is no information on flavour from customer, kindly treat chocolate truffle as the default flavour).<strong>(Please add packet of Candles & Knife along with cake)</strong>",2899
CAKE12808, Photo Cake ,"CAKE8644,CAKE12804","CAKE12804,CAKE12808","2kg Photo Cake Eggless. (If there is no information on flavour from customer, kindly treat chocolate truffle as the default flavour). <strong>(Please add packet of Candles & Knife along with cake)</strong>",2949
CAKE8648, Photo Cake,"CAKE8644,CAKE12804","CAKE8644,CAKE8650","3kg Photo Cake. (If there is no information on flavour from customer, kindly treat chocolate truffle as the default flavour).<strong>(Please add packet of Candles & Knife along with cake)</strong>",4449
CAKE12807, Photo Cake ,"CAKE8644,CAKE12804","CAKE12804,CAKE12808","3kg Photo Cake Eggless. (If there is no information on flavour from customer, kindly treat chocolate truffle as the default flavour).<strong>(Please add packet of Candles & Knife along with cake)</strong>",4499
CAKE8658, Pineapple Photo Cake,"CAKE8658,CAKE12770","CAKE8658,CAKE8656",1kg Pineapple Photo Cake. <strong>(Please add packet of Candles & Knife along with cake)</strong>,1699
CAKE12770, Pineapple Photo Cake ,"CAKE8658,CAKE12770","CAKE12770,CAKE12769",1kg Pineapple Photo Cake Eggless. <strong>(Please add packet of Candles & Knife along with cake)</strong>,1749
CAKE8656, Pineapple Photo Cake,"CAKE8658,CAKE12770","CAKE8658,CAKE8656",2kg Pineapple Photo Cake. <strong>(Please add packet of Candles & Knife along with cake)</strong>,2899
CAKE12769, Pineapple Photo Cake ,"CAKE8658,CAKE12770","CAKE12770,CAKE12769",2kg Pineapple Photo Cake Eggless. <strong>(Please add packet of Candles & Knife along with cake)</strong>,2949
CAKE8696, Pineapple Photo Cake,"CAKE8658,CAKE12770","CAKE8658,CAKE8656",3kg Pineapple Photo Cake. <strong>(Please add packet of Candles & Knife along with cake)</strong>,4449
CAKE12772, Pineapple Photo Cake ,"CAKE8658,CAKE12770","CAKE12770,CAKE12769",3kg Pineapple Photo Cake Eggless. <strong>(Please add packet of Candles & Knife along with cake)</strong>,4499
CAKE8660,Rose Cake ,"CAKE8660,CAKE12480","CAKE8660,CAKE8661",Red Rose Chocolate Fondant Cake 1kg <strong>(Please add packet of Candles & Knife along with Cake)</strong>,1899
CAKE12480,Rose Cake  ,"CAKE8660,CAKE12480","CAKE12480,CAKE12478",Red Rose Chocolate Fontant Cake 1kg Eggless. <strong>(Please add packet of Candles & Knife along with Cake)</strong>,1949
CAKE8661,Rose Cake ,"CAKE8660,CAKE12480","CAKE8660,CAKE8661",Red Rose Chocolate Fondant Cake 2kg <strong>(Please add packet of Candles & Knife along with Cake)</strong>,3549
CAKE12478,Rose Cake  ,"CAKE8660,CAKE12480","CAKE12480,CAKE12478",Red Rose Chocolate Fondant Cake 2kg Eggless. <strong>(Please add packet of Candles & Knife along with Cake)</strong>,3649
CAKE8680,Baby Doll Cake ,"CAKE8680,CAKE11527","CAKE8680,CAKE8682",Baby Doll Fondant Cake 2kg (Chocolate Truffle). <strong>(Please add packet of Candles & Knife along with Cake)</strong>,3549
CAKE11527,Baby Doll Cake  ,"CAKE8680,CAKE11527","CAKE11527,CAKE11533",Baby Doll Fondant Cake 2kg Eggless. (Chocolate Truffle). <strong>(Please add packet of Candles & Knife along with Cake)</strong>,3649
CAKE8682,Baby Doll Cake ,"CAKE8680,CAKE11527","CAKE8680,CAKE8682",Baby Doll Fondant Cake 3kg (Chocolate Truffle). <strong>(Please add packet of Candles & Knife along with Cake)</strong>,4899
CAKE11533,Baby Doll Cake  ,"CAKE8680,CAKE11527","CAKE11527,CAKE11533",Baby Doll Fondant Cake 3kg Eggless. (Chocolate Truffle). <strong>(Please add packet of Candles & Knife along with Cake)</strong>,4699
CAKE8708,Delicious Chocolate Photo Cake ,"CAKE8708,CAKE12788","CAKE8708,CAKE8704",Delicious Chocolate Photo Cake 1kg. <strong>(Please add packet of Candles & Knife along with cake)</strong>,1699
CAKE12788,Delicious Chocolate Photo Cake  ,"CAKE8708,CAKE12788","CAKE12788,CAKE12756",Delicious Chocolate Photo Cake 1kg Eggless. <strong>(Please add packet of Candles & Knife along with cake)</strong>,1749
CAKE8704,Delicious Chocolate Photo Cake ,"CAKE8708,CAKE12788","CAKE8708,CAKE8704",Delicious Chocolate Photo Cake 2kg. <strong>(Please add packet of Candles & Knife along with cake)</strong>,2899
CAKE12756,Delicious Chocolate Photo Cake  ,"CAKE8708,CAKE12788","CAKE12788,CAKE12756",Delicious Chocolate Photo Cake 2kg Eggless. <strong>(Please add packet of Candles & Knife along with cake)</strong>,2949
CAKE8702,Delicious Chocolate Photo Cake ,"CAKE8708,CAKE12788","CAKE8708,CAKE8704",Delicious Chocolate Photo Cake 3kg. <strong>(Please add packet of Candles & Knife along with cake)</strong>,4449
CAKE12754,Delicious Chocolate Photo Cake  ,"CAKE8708,CAKE12788","CAKE12788,CAKE12756",Delicious Chocolate Photo Cake 3kg Eggless. <strong>(Please add packet of Candles & Knife along with cake)</strong>,4499
CAKE8700, Photo Cake Pineapple,"CAKE8700,CAKE12771","CAKE8700,CAKE8698",1kg Photo Cake Pineapple. <strong>(Please add packet of Candles & Knife along with cake)</strong>,1699
CAKE12771, Photo Cake Pineapple ,"CAKE8700,CAKE12771","CAKE12771,CAKE12785",1kg Photo Cake Pineapple Eggless. <strong>(Please add packet of Candles & Knife along with cake)</strong>,1749
CAKE8698, Photo Cake Pineapple,"CAKE8700,CAKE12771","CAKE8700,CAKE8698",2kg Photo Cake Pineapple. <strong>(Please add packet of Candles & Knife along with cake)</strong>,2899
CAKE12785, Photo Cake Pineapple ,"CAKE8700,CAKE12771","CAKE12771,CAKE12785",2kg Photo Cake Pineapple Eggless. <strong>(Please add packet of Candles & Knife along with cake)</strong>,2949
CAKE8692, Photo Cake Pineapple,"CAKE8700,CAKE12771","CAKE8700,CAKE8698",3kg Photo Cake Pineapple. <strong>(Please add packet of Candles & Knife along with cake)</strong>,4449
CAKE12783, Photo Cake Pineapple ,"CAKE8700,CAKE12771","CAKE12771,CAKE12785",3kg Photo Cake Pineapple Eggless. <strong>(Please add packet of Candles & Knife along with cake)</strong>,4499
CAKE8717,Italian Almond Cake ,"CAKE8717,CAKE11510","CAKE8717,CAKE8719",Italian Almond Vanilla Cream Cake 1kg <strong>(Please add packet of Candles & Knife along with Cake)</strong>,1599
CAKE11510,Italian Almond Cake  ,"CAKE8717,CAKE11510","CAKE11510,CAKE11507",Italian Almond Vanilla Cream Cake 1kg Eggless. <strong>(Please add packet of Candles & Knife along with Cake)</strong>,1649
CAKE8719,Italian Almond Cake ,"CAKE8717,CAKE11510","CAKE8717,CAKE8719",Italian Almond Vanilla Cream Cake 2kg <strong>(Please add packet of Candles & Knife along with Cake)</strong>,2799
CAKE11507,Italian Almond Cake  ,"CAKE8717,CAKE11510","CAKE11510,CAKE11507",Italian Almond Vanilla Cream Cake 2kg Eggless. <strong>(Please add packet of Candles & Knife along with Cake)</strong>,2849
CAKE8734,Italian Almond Cake ,"CAKE8717,CAKE11510","CAKE8717,CAKE8719",Italian Almond Vanilla Cream Cake 3kg <strong>(Please add packet of Candles & Knife along with Cake)</strong>,3949
CAKE11494,Italian Almond Cake  ,"CAKE8717,CAKE11510","CAKE11510,CAKE11507",Italian Almond Vanilla Cream Cake 3kg Eggless. <strong>(Please add packet of Candles & Knife along with Cake)</strong>,3999
CAKE11179,Pink Flower Heart Cake  ,"CAKE8718,CAKE11177","CAKE11177,CAKE11176","Pink Flower Heart Cream Cake 3kg Eggless. (If there is no information on flavour from customer, kindly treat chocolate truffle as the default flavour). <strong>(Please add packet of Candles & Knife along with Cake)</strong>",3999
CAKE8718,Pink Flower Heart Cake ,"CAKE8718,CAKE11177","CAKE8718,CAKE8710","Pink Flower Heart Cream Cake 1kg. (If there is no information on flavour from customer, kindly treat chocolate truffle as the default flavour). <strong>(Please add packet of Candles & Knife along with Cake)</strong>",1599
CAKE11177,Pink Flower Heart Cake  ,"CAKE8718,CAKE11177","CAKE11177,CAKE11176","Pink Flower Heart Cream Cake 1kg Eggless. (If there is no information on flavour from customer, kindly treat chocolate truffle as the default flavour). <strong>(Please add packet of Candles & Knife along with Cake)</strong>",1649
CAKE8710,Pink Flower Heart Cake ,"CAKE8718,CAKE11177","CAKE8718,CAKE8710","Pink Flower Heart Cream Cake 2kg. (If there is no information on flavour from customer, kindly treat chocolate truffle as the default flavour). <strong>(Please add packet of Candles & Knife along with Cake)</strong>",2799
CAKE11176,Pink Flower Heart Cake  ,"CAKE8718,CAKE11177","CAKE11177,CAKE11176","Pink Flower Heart Cream Cake 2kg Eggless. (If there is no information on flavour from customer, kindly treat chocolate truffle as the default flavour). <strong>(Please add packet of Candles & Knife along with Cake)</strong>",2849
CAKE8741,Pink Flower Heart Cake ,"CAKE8718,CAKE11177","CAKE8718,CAKE8710","Pink Flower Heart Cream Cake 3kg. (If there is no information on flavour from customer, kindly treat chocolate truffle as the default flavour). <strong>(Please add packet of Candles & Knife along with Cake)</strong>",3949
CAKE8721,Joy Of Love Cake ,"CAKE8739,CAKE11491","CAKE8739,CAKE8721,CAKE8724",Joy Of Love Vanilla Cream Cake 1kg <strong>(Please add packet of Candles & Knife along with Cake)</strong>,1599
CAKE11461,Joy Of Love Cake  ,"CAKE8739,CAKE11491","CAKE11491,CAKE11461,CAKE11454",Joy Of Love Vanilla Cream Cake 1kg Eggless. <strong>(Please add packet of Candles & Knife along with Cake)</strong>,1649
CAKE8724,Joy Of Love Cake ,"CAKE8739,CAKE11491","CAKE8739,CAKE8721,CAKE8724",Joy Of Love Vanilla Cream Cake 2kg <strong>(Please add packet of Candles & Knife along with Cake)</strong>,2799
CAKE11454,Joy Of Love Cake  ,"CAKE8739,CAKE11491","CAKE11491,CAKE11461,CAKE11454",Joy Of Love Vanilla Cream Cake 2kg Eggless. <strong>(Please add packet of Candles & Knife along with Cake)</strong>,2849
CAKE8739,Joy Of Love Cake ,"CAKE8739,CAKE11491","CAKE8739,CAKE8721,CAKE8724",Joy Of Love Vanilla Cream Cake Half kg <strong>(Please add packet of Candles & Knife along with Cake)</strong>,1099
CAKE11491,Joy Of Love Cake  ,"CAKE8739,CAKE11491","CAKE11491,CAKE11461,CAKE11454",Joy Of Love Vanilla Cream Cake Half kg Eggless. <strong>(Please add packet of Candles & Knife along with Cake)</strong>,1149
CAKE8748,Fruit Of Forest ,"CAKE8746,CAKE11522","CAKE8746,CAKE8748,CAKE8750",Vanilla Fruit Cream Cake 1kg <strong>(Please add packet of Candles & Knife along with Cake)</strong>,1599
CAKE11520,Fruit Of Forest  ,"CAKE8746,CAKE11522","CAKE11522,CAKE11520,CAKE11525",Vanilla Fruit Cream Cake 1kg Eggless. <strong>(Please add packet of Candles & Knife along with Cake)</strong>,1649
CAKE8750,Fruit Of Forest ,"CAKE8746,CAKE11522","CAKE8746,CAKE8748,CAKE8750",Vanilla Fruit Cream Cake 2kg <strong>(Please add packet of Candles & Knife along with Cake)</strong>,2799
CAKE11525,Fruit Of Forest  ,"CAKE8746,CAKE11522","CAKE11522,CAKE11520,CAKE11525",Vanilla Fruit Cream Cake 2kg Eggless. <strong>(Please add packet of Candles & Knife along with Cake)</strong>,2849
CAKE8746,Fruit Of Forest ,"CAKE8746,CAKE11522","CAKE8746,CAKE8748,CAKE8750",Vanilla Fruit Cream Cake Half kg <strong>(Please add packet of Candles & Knife along with Cake)</strong>,1099
CAKE11522,Fruit Of Forest  ,"CAKE8746,CAKE11522","CAKE11522,CAKE11520,CAKE11525",Vanilla Fruit Cream Cake Half kg Eggless. <strong>(Please add packet of Candles & Knife along with Cake)</strong>,1149
CAKE8757,Honey Forgive Me ,"CAKE8757,CAKE11485","CAKE8757,CAKE8760",Honey Forgive Me Vanilla Cream Cake 1kg <strong>(Please add packet of Candles & Knife along with Cake)</strong>,1599
CAKE11485,Honey Forgive Me  ,"CAKE8757,CAKE11485","CAKE11485,CAKE11504",Honey Forgive Me Vanilla Cream Cake 1kg Eggless. <strong>(Please add packet of Candles & Knife along with Cake)</strong>,1649
CAKE8760,Honey Forgive Me ,"CAKE8757,CAKE11485","CAKE8757,CAKE8760",Honey Forgive Me Vanilla Cream Cake 2kg <strong>(Please add packet of Candles & Knife along with Cake)</strong>,2799
CAKE11504,Honey Forgive Me  ,"CAKE8757,CAKE11485","CAKE11485,CAKE11504",Honey Forgive Me Vanilla Cream Cake 2kg Eggless. <strong>(Please add packet of Candles & Knife along with Cake)</strong>,2849
CAKE8711,Honey Forgive Me ,"CAKE8757,CAKE11485","CAKE8757,CAKE8760",Honey Forgive Me Vanilla Cream Cake 3kg <strong>(Please add packet of Candles & Knife along with Cake)</strong>,3949
CAKE11501,Honey Forgive Me  ,"CAKE8757,CAKE11485","CAKE11485,CAKE11504",Honey Forgive Me Vanilla Cream Cake 3kg Eggless. <strong>(Please add packet of Candles & Knife along with Cake)</strong>,3999
CAKE8789,Red Velvet Heart Cake ,"CAKE8789,CAKE11121","CAKE8789,CAKE8786",Red Velvet Heart Cream Cake 1kg. <strong>(Please add packet of Candles & Knife along with Cake)</strong>,1599
CAKE11121,Red Velvet Heart Cake  ,"CAKE8789,CAKE11121","CAKE11121,CAKE11136",Red Velvet Heart Cream Cake 1kg Eggless. <strong>(Please add packet of Candles & Knife along with Cake)</strong>,1649
CAKE8786,Red Velvet Heart Cake ,"CAKE8789,CAKE11121","CAKE8789,CAKE8786",Red Velvet Heart Cream Cake 2kg. <strong>(Please add packet of Candles & Knife along with Cake)</strong>,2799
CAKE11136,Red Velvet Heart Cake  ,"CAKE8789,CAKE11121","CAKE11121,CAKE11136",Red Velvet Heart Cream Cake 2kg Eggless. <strong>(Please add packet of Candles & Knife along with Cake)</strong>,2849
CAKE8889,Red Velvet Heart Cake ,"CAKE8789,CAKE11121","CAKE8789,CAKE8786",Red Velvet Heart Cream Cake 3kg. <strong>(Please add packet of Candles & Knife along with Cake)</strong>,3949
CAKE11134,Red Velvet Heart Cake  ,"CAKE8789,CAKE11121","CAKE11121,CAKE11136",Red Velvet Heart Cream Cake 3kg Eggless. <strong>(Please add packet of Candles & Knife along with Cake)</strong>,3999
CAKE11122,Red Heart love you Valentine cake  ,"CAKE8804,CAKE11156","CAKE11156,CAKE11120","Red Heart Love You Fondant Cake 3kg Eggless. (If there is no information on flavour from customer, kindly treat chocolate truffle as the default flavour). <strong>(Please add packet of Candles & Knife along with Cake)</strong>",4699
CAKE8804,Red Heart love you Valentine cake ,"CAKE8804,CAKE11156","CAKE8804,CAKE8800","Red Heart Love You Fondant Cake 1kg. (If there is no information on flavour from customer, kindly treat chocolate truffle as the default flavour). <strong>(Please add packet of Candles & Knife along with Cake)</strong>",1899
CAKE11156,Red Heart love you Valentine cake  ,"CAKE8804,CAKE11156","CAKE11156,CAKE11120","Red Heart Love You Fondant Cake 1kg Eggless. (If there is no information on flavour from customer, kindly treat chocolate truffle as the default flavour). <strong>(Please add packet of Candles & Knife along with Cake)</strong>",1949
CAKE8800,Red Heart love you Valentine cake ,"CAKE8804,CAKE11156","CAKE8804,CAKE8800","Red Heart Love You Fondant Cake 2kg. (If there is no information on flavour from customer, kindly treat chocolate truffle as the default flavour). <strong>(Please add packet of Candles & Knife along with Cake)</strong>",3549
CAKE11120,Red Heart love you Valentine cake  ,"CAKE8804,CAKE11156","CAKE11156,CAKE11120","Red Heart Love You Fondant Cake 2kg Eggless. (If there is no information on flavour from customer, kindly treat chocolate truffle as the default flavour). <strong>(Please add packet of Candles & Knife along with Cake)</strong>",3649
CAKE8782,Red Heart love you Valentine cake ,"CAKE8804,CAKE11156","CAKE8804,CAKE8800","Red Heart Love You Fondant Cake 3kg. (If there is no information on flavour from customer, kindly treat chocolate truffle as the default flavour). <strong>(Please add packet of Candles & Knife along with Cake)</strong>",4899
CAKE8772,Special Delicious Celebration Cake ,"CAKE8772,CAKE11435","CAKE8772,CAKE8807","Celebration Fondant Cake 1kg (If there is no information on flavour from customer, kindly treat chocolate truffle as the default flavour). <strong>(Please add packet of Candles & Knife along with Cake)</strong>",1899
CAKE11435,Special Delicious Celebration Cake  ,"CAKE8772,CAKE11435","CAKE11435,CAKE11433","Celebration Fondant Cake 1kg Eggless. (If there is no information on flavour from customer, kindly treat chocolate truffle as the default flavour). <strong>(Please add packet of Candles & Knife along with Cake)</strong>",1949
CAKE8807,Special Delicious Celebration Cake ,"CAKE8772,CAKE11435","CAKE8772,CAKE8807","Celebration Fondant Cake 2kg (If there is no information on flavour from customer, kindly treat chocolate truffle as the default flavour). <strong>(Please add packet of Candles & Knife along with Cake)</strong>",3549
CAKE11433,Special Delicious Celebration Cake  ,"CAKE8772,CAKE11435","CAKE11435,CAKE11433","Celebration Fondant Cake 2kg Eggless. (If there is no information on flavour from customer, kindly treat chocolate truffle as the default flavour). <strong>(Please add packet of Candles & Knife along with Cake)</strong>",3649
CAKE9010,Blue Berry Blues ,"CAKE9008,CAKE10678","CAKE9008,CAKE9010,CAKE9012",Blue Berry Blues Cream Cake 1kg <strong>(Please add packet of Candles & Knife along with Cake)</strong>,1599
CAKE10676,Blue Berry Blues  ,"CAKE9008,CAKE10678","CAKE10678,CAKE10676,CAKE10683",Blue Berry Blues Cream Cake 1kg Eggless. <strong>(Please add packet of Candles & Knife along with Cake)</strong>,1649
CAKE9012,Blue Berry Blues ,"CAKE9008,CAKE10678","CAKE9008,CAKE9010,CAKE9012",Blue Berry Blues Cream Cake 2kg <strong>(Please add packet of Candles & Knife along with Cake)</strong>,2799
CAKE10683,Blue Berry Blues  ,"CAKE9008,CAKE10678","CAKE10678,CAKE10676,CAKE10683",Blue Berry Blues Cream Cake 2kg Eggless. <strong>(Please add packet of Candles & Knife along with Cake)</strong>,2849
CAKE9008,Blue Berry Blues ,"CAKE9008,CAKE10678","CAKE9008,CAKE9010,CAKE9012",Blue Berry Blues Cream Cake Half kg <strong>(Please add packet of Candles & Knife along with Cake)</strong>,1099
CAKE10678,Blue Berry Blues  ,"CAKE9008,CAKE10678","CAKE10678,CAKE10676,CAKE10683",Blue Berry Blues Cream Cake Half kg Eggless. <strong>(Please add packet of Candles & Knife along with Cake)</strong>,1149
CAKE8849,Special Black Forest Cake ,"CAKE8876,CAKE10658","CAKE8876,CAKE8849,CAKE8853",Black Forest Cream Cake 1kg <strong>(Please add packet of Candles & Knife along with Cake)</strong>,1499
CAKE10664,Special Black Forest Cake  ,"CAKE8876,CAKE10658","CAKE10658,CAKE10664,CAKE10662",Black Forest Cream Cake 1kg Eggless. <strong>(Please add packet of Candles & Knife along with Cake)</strong>,1549
CAKE8853,Special Black Forest Cake ,"CAKE8876,CAKE10658","CAKE8876,CAKE8849,CAKE8853",Black Forest Cream Cake 2kg <strong>(Please add packet of Candles & Knife along with Cake)</strong>,2699
CAKE10662,Special Black Forest Cake  ,"CAKE8876,CAKE10658","CAKE10658,CAKE10664,CAKE10662",Black Forest Cream Cake 2kg Eggless. <strong>(Please add packet of Candles & Knife along with Cake)</strong>,2749
CAKE8876,Special Black Forest Cake ,"CAKE8876,CAKE10658","CAKE8876,CAKE8849,CAKE8853",Black Forest Cream Cake Half kg <strong>(Please add packet of Candles & Knife along with Cake)</strong>,999
CAKE10658,Special Black Forest Cake  ,"CAKE8876,CAKE10658","CAKE10658,CAKE10664,CAKE10662",Black Forest Cream Cake Half kg Eggless. <strong>(Please add packet of Candles & Knife along with Cake)</strong>,1049
CAKE8851,Scrumptitous Chocolate Flakes Cake ,"CAKE8855,CAKE11117","CAKE8855,CAKE8851,CAKE8862",Scrumptitous Chocolate Flakes Cream Cake 1kg. <strong>(Please add packet of Candles & Knife along with Cake)</strong>,1499
CAKE11110,Scrumptitous Chocolate Flakes Cake  ,"CAKE8855,CAKE11117","CAKE11117,CAKE11110,CAKE11108",Scrumptitous Chocolate Flakes Cream Cake 1kg Eggless. <strong>(Please add packet of Candles & Knife along with Cake)</strong>,1549
CAKE8862,Scrumptitous Chocolate Flakes Cake ,"CAKE8855,CAKE11117","CAKE8855,CAKE8851,CAKE8862",Scrumptitous Chocolate Flakes Cream Cake 2kg. <strong>(Please add packet of Candles & Knife along with Cake)</strong>,2699
CAKE11108,Scrumptitous Chocolate Flakes Cake  ,"CAKE8855,CAKE11117","CAKE11117,CAKE11110,CAKE11108",Scrumptitous Chocolate Flakes Cream Cake 2kg Eggless. <strong>(Please add packet of Candles & Knife along with Cake)</strong>,2749
CAKE8855,Scrumptitous Chocolate Flakes Cake ,"CAKE8855,CAKE11117","CAKE8855,CAKE8851,CAKE8862",Scrumptitous Chocolate Flakes Cream Cake Half kg. <strong>(Please add packet of Candles & Knife along with Cake)</strong>,999
CAKE11117,Scrumptitous Chocolate Flakes Cake  ,"CAKE8855,CAKE11117","CAKE11117,CAKE11110,CAKE11108",Scrumptitous Chocolate Flakes Cream Cake Half kg Eggless. <strong>(Please add packet of Candles & Knife along with Cake)</strong>,1049
CAKE8864,Special Chocolate Cake ,"CAKE8883,CAKE11430","CAKE8883,CAKE8864,CAKE8868",Chocolate Cream Cake 1kg <strong>(Please add packet of Candles & Knife along with Cake)</strong>,1499
CAKE10668,Special Chocolate Cake  ,"CAKE8883,CAKE11430","CAKE11430,CAKE10668,CAKE10660",Chocolate Cream Cake 1kg Eggless. <strong>(Please add packet of Candles & Knife along with Cake)</strong>,1549
CAKE8868,Special Chocolate Cake ,"CAKE8883,CAKE11430","CAKE8883,CAKE8864,CAKE8868",Chocolate Cream Cake 2kg <strong>(Please add packet of Candles & Knife along with Cake)</strong>,2699
CAKE10660,Special Chocolate Cake  ,"CAKE8883,CAKE11430","CAKE11430,CAKE10668,CAKE10660",Chocolate Cream Cake 2kg Eggless. <strong>(Please add packet of Candles & Knife along with Cake)</strong>,2749
CAKE8883,Special Chocolate Cake ,"CAKE8883,CAKE11430","CAKE8883,CAKE8864,CAKE8868",Chocolate Cream Cake Half kg <strong>(Please add packet of Candles & Knife along with Cake)</strong>,999
CAKE11430,Special Chocolate Cake  ,"CAKE8883,CAKE11430","CAKE11430,CAKE10668,CAKE10660",Chocolate Cream Cake Half kg Eggless. <strong>(Please add packet of Candles & Knife along with Cake)</strong>,1049
CAKE8933,Special Vanilla Cake ,"CAKE8930,CAKE11411","CAKE8930,CAKE8933,CAKE8910",Vanilla Cream Cake 1kg <strong>(Please add packet of Candles & Knife along with Cake)</strong>,1499
CAKE11414,Special Vanilla Cake  ,"CAKE8930,CAKE11411","CAKE11411,CAKE11414,CAKE11412",Vanilla Cream Cake 1kg Eggless. <strong>(Please add packet of Candles & Knife along with Cake)</strong>,1549
CAKE8910,Special Vanilla Cake ,"CAKE8930,CAKE11411","CAKE8930,CAKE8933,CAKE8910",Vanilla Cream Cake 2kg <strong>(Please add packet of Candles & Knife along with Cake)</strong>,2699
CAKE11412,Special Vanilla Cake  ,"CAKE8930,CAKE11411","CAKE11411,CAKE11414,CAKE11412",Vanilla Cream Cake 2kg Eggless. <strong>(Please add packet of Candles & Knife along with Cake)</strong>,2749
CAKE8930,Special Vanilla Cake ,"CAKE8930,CAKE11411","CAKE8930,CAKE8933,CAKE8910",Vanilla Cream Cake Half kg <strong>(Please add packet of Candles & Knife along with Cake)</strong>,999
CAKE11411,Special Vanilla Cake  ,"CAKE8930,CAKE11411","CAKE11411,CAKE11414,CAKE11412",Vanilla Cream Cake Half kg Eggless. <strong>(Please add packet of Candles & Knife along with Cake)</strong>,1049
CAKE8902,Special Photo Cake ,"CAKE8902,CAKE11407","CAKE8902,Special Photo Cake 3kg",Photo Cake 2kg <strong>(Please add packet of Candles & Knife along with cake)</strong>,2899
CAKE11407,Special Photo Cake  ,"CAKE8902,CAKE11407","CAKE11407,Special Photo Cake 3kg Eggless",Photo Cake 2kg Eggless. <strong>(Please add packet of Candles & Knife along with cake)</strong>,2949
CAKE8906,Special Photo Cake ,"CAKE8902,CAKE11407","CAKE8902,Special Photo Cake 3kg",Photo Cake 3kg <strong>(Please add packet of Candles & Knife along with cake)</strong>,4449
CAKE11425,Special Photo Cake  ,"CAKE8902,CAKE11407","CAKE11407,Special Photo Cake 3kg Eggless",Photo Cake 3kg Eggless. <strong>(Please add packet of Candles & Knife along with cake)</strong>,4499
CAKE8842,Soccer Cake ,"CAKE8842,CAKE12069","CAKE8842,Soccer Cake 2kg",Soccer Fondant Cake 2kg (Chocolate Truffle). <strong>(Please add packet of Candles & Knife along with Cake)</strong>,3549
CAKE12069,Soccer Cake  ,"CAKE8842,CAKE12069","CAKE12069,Soccer Cake 2kg Eggless",Soccer Fondant Cake 2kg Eggless. (Chocolate Truffle). <strong>(Please add packet of Candles & Knife along with Cake)</strong>,3649
CAKE8844,Soccer Cake ,"CAKE8842,CAKE12069","CAKE8842,Soccer Cake 2kg",Soccer Fondant Cake 3kg (Chocolate Truffle). <strong>(Please add packet of Candles & Knife along with Cake)</strong>,4899
CAKE12068,Soccer Cake  ,"CAKE8842,CAKE12069","CAKE12069,Soccer Cake 2kg Eggless",Soccer Fondant Cake 3kg Eggless. (Chocolate Truffle). <strong>(Please add packet of Candles & Knife along with Cake)</strong>,4699
CAKE8914,Headphone Shape Cake ,"CAKE8914,CAKE12070","CAKE8914,Headphone Shape Cake 3kg",Headphone Shape Fondant Cake 2kg (Chocolate Truffle). <strong>(Please add packet of Candles & Knife along with Cake)</strong>,3549
CAKE12070,Headphone Shape Cake  ,"CAKE8914,CAKE12070","CAKE12070,Headphone Shape Cake 3kg Eggless",Headphone Shape Fondant Cake 2kg Eggless. (Chocolate Truffle). <strong>(Please add packet of Candles & Knife along with Cake)</strong>,3649
CAKE8918,Headphone Shape Cake ,"CAKE8914,CAKE12070","CAKE8914,Headphone Shape Cake 3kg",Headphone Shape Fondant Cake 3kg (Chocolate Truffle). <strong>(Please add packet of Candles & Knife along with Cake)</strong>,4899
CAKE12076,Headphone Shape Cake  ,"CAKE8914,CAKE12070","CAKE12070,Headphone Shape Cake 3kg Eggless",Headphone Shape Fondant Cake 3kg Eggless. (Chocolate Truffle). <strong>(Please add packet of Candles & Knife along with Cake)</strong>,4699
CAKE8924,Wild Forest Cake ,"CAKE8919,CAKE11405","CAKE8919,CAKE8924,CAKE8892",Chocolate & Vanilla Fruit Cream Cake 1kg <strong>(Please add packet of Candles & Knife along with Cake)</strong>,1599
CAKE11403,Wild Forest Cake  ,"CAKE8919,CAKE11405","CAKE11405,CAKE11403,CAKE11409",Chocolate & Vanilla Fruit Cream Cake 1kg Eggless. <strong>(Please add packet of Candles & Knife along with Cake)</strong>,1649
CAKE8892,Wild Forest Cake ,"CAKE8919,CAKE11405","CAKE8919,CAKE8924,CAKE8892",Chocolate & Vanilla Fruit Cream Cake 2kg <strong>(Please add packet of Candles & Knife along with Cake)</strong>,2799
CAKE11409,Wild Forest Cake  ,"CAKE8919,CAKE11405","CAKE11405,CAKE11403,CAKE11409",Chocolate & Vanilla Fruit Cream Cake 2kg Eggless. <strong>(Please add packet of Candles & Knife along with Cake)</strong>,2849
CAKE8919,Wild Forest Cake ,"CAKE8919,CAKE11405","CAKE8919,CAKE8924,CAKE8892",Chocolate & Vanilla Fruit Cream Cake Half kg <strong>(Please add packet of Candles & Knife along with Cake)</strong>,1099
CAKE11405,Wild Forest Cake  ,"CAKE8919,CAKE11405","CAKE11405,CAKE11403,CAKE11409",Chocolate & Vanilla Fruit Cream Cake Half kg Eggless. <strong>(Please add packet of Candles & Knife along with Cake)</strong>,1149
CAKE8916,Chocolate For Lovers ,"CAKE8916,CAKE12689","CAKE8916,CAKE8920",Chocolate For Lovers Cream Cake 1kg <strong>(Please add packet of Candles & Knife along with Cake)</strong>,1899
CAKE12689,Chocolate For Lovers  ,"CAKE8916,CAKE12689","CAKE12689,CAKE12692",Chocolate For Lovers Cream Cake 1kg Eggless. <strong>(Please add packet of Candles & Knife along with Cake)</strong>,1949
CAKE8920,Chocolate For Lovers ,"CAKE8916,CAKE12689","CAKE8916,CAKE8920",Chocolate For Lovers Cream Cake 2kg <strong>(Please add packet of Candles & Knife along with Cake)</strong>,3549
CAKE12692,Chocolate For Lovers  ,"CAKE8916,CAKE12689","CAKE12689,CAKE12692",Chocolate For Lovers Cream Cake 2kg Eggless. <strong>(Please add packet of Candles & Knife along with Cake)</strong>,3649
CAKE9087,Brother In Arms Cake ,"CAKE9085,CAKE10673","CAKE9085,CAKE9087,CAKE9071","Alternate layers of dark chocolate and vanilla sponge Cream Cake, topped with fresh vanilla whipped cream and coated with a thick layer of dark chocolate Cream Cake 1kg <strong>(Please add packet of Candles & Knife along with Cake)</strong>",1599
CAKE10637,Brother In Arms Cake  ,"CAKE9085,CAKE10673","CAKE10673,CAKE10637,CAKE10639","Alternate layers of dark chocolate and vanilla sponge Cream Cake, topped with fresh vanilla whipped cream and coated with a thick layer of dark chocolate Cream Cake 1kg Eggless. <strong>(Please add packet of Candles & Knife along with Cake)</strong>",1649
CAKE9071,Brother In Arms Cake ,"CAKE9085,CAKE10673","CAKE9085,CAKE9087,CAKE9071","Alternate layers of dark chocolate and vanilla sponge Cream Cake, topped with fresh vanilla whipped cream and coated with a thick layer of dark chocolate Cream Cake 2kg <strong>(Please add packet of Candles & Knife along with Cake)</strong>",2799
CAKE10639,Brother In Arms Cake  ,"CAKE9085,CAKE10673","CAKE10673,CAKE10637,CAKE10639","Alternate layers of dark chocolate and vanilla sponge Cream Cake, topped with fresh vanilla whipped cream and coated with a thick layer of dark chocolate Cream Cake 2kg Eggless. <strong>(Please add packet of Candles & Knife along with Cake)</strong>",2849
CAKE9085,Brother In Arms Cake ,"CAKE9085,CAKE10673","CAKE9085,CAKE9087,CAKE9071","Alternate layers of dark chocolate and vanilla sponge Cream Cake, topped with fresh vanilla whipped cream and coated with a thick layer of dark chocolate Cream Cake Half kg <strong>(Please add packet of Candles & Knife along with Cake)</strong>",1099
CAKE10673,Brother In Arms Cake  ,"CAKE9085,CAKE10673","CAKE10673,CAKE10637,CAKE10639","Alternate layers of dark chocolate and vanilla sponge Cream Cake, topped with fresh vanilla whipped cream and coated with a thick layer of dark chocolate Cream Cake Half kg Eggless. <strong>(Please add packet of Candles & Knife along with Cake)</strong>",1149
CAKE8961,Soft Mickey Face Cake ,"CAKE8961,CAKE11063","CAKE8961,Soft Mickey Face Cake 3kg","Soft Mickey Face Fondant Cake 2kg. (If there is no information on flavour from customer, kindly treat chocolate truffle as the default flavour). <strong>(Please add packet of Candles & Knife along with Cake)</strong>",3549
CAKE11063,Soft Mickey Face Cake  ,"CAKE8961,CAKE11063","CAKE11063,Soft Mickey Face Cake 3kg Eggless","Soft Mickey Face Fondant Cake 2kg Eggless. (If there is no information on flavour from customer, kindly treat chocolate truffle as the default flavour). <strong>(Please add packet of Candles & Knife along with Cake)</strong>",3649
CAKE8957,Soft Mickey Face Cake ,"CAKE8961,CAKE11063","CAKE8961,Soft Mickey Face Cake 3kg","Soft Mickey Face Fondant Cake 3kg. (If there is no information on flavour from customer, kindly treat chocolate truffle as the default flavour). <strong>(Please add packet of Candles & Knife along with Cake)</strong>",4899
CAKE11061,Soft Mickey Face Cake  ,"CAKE8961,CAKE11063","CAKE11063,Soft Mickey Face Cake 3kg Eggless","Soft Mickey Face Fondant Cake 3kg Eggless. (If there is no information on flavour from customer, kindly treat chocolate truffle as the default flavour). <strong>(Please add packet of Candles & Knife along with Cake)</strong>",4699
CAKE8984,Chocolate Fruit Gateau ,"CAKE8980,CAKE10629","CAKE8980,CAKE8984,CAKE8975",Chocolate Fruit Gateau Cream Cake 1kg <strong>(Please add packet of Candles & Knife along with Cake)</strong>,1599
CAKE10627,Chocolate Fruit Gateau  ,"CAKE8980,CAKE10629","CAKE10629,CAKE10627,CAKE10633",Chocolate Fruit Gateau Cream Cake 1kg Eggless. <strong>(Please add packet of Candles & Knife along with Cake)</strong>,1649
CAKE8975,Chocolate Fruit Gateau ,"CAKE8980,CAKE10629","CAKE8980,CAKE8984,CAKE8975",Chocolate Fruit Gateau Cream Cake 2kg <strong>(Please add packet of Candles & Knife along with Cake)</strong>,2799
CAKE10633,Chocolate Fruit Gateau  ,"CAKE8980,CAKE10629","CAKE10629,CAKE10627,CAKE10633",Chocolate Fruit Gateau Cream Cake 2kg Eggless. <strong>(Please add packet of Candles & Knife along with Cake)</strong>,2849
CAKE8980,Chocolate Fruit Gateau ,"CAKE8980,CAKE10629","CAKE8980,CAKE8984,CAKE8975",Chocolate Fruit Gateau Cream Cake Half kg <strong>(Please add packet of Candles & Knife along with Cake)</strong>,1099
CAKE10629,Chocolate Fruit Gateau  ,"CAKE8980,CAKE10629","CAKE10629,CAKE10627,CAKE10633",Chocolate Fruit Gateau Cream Cake Half kg Eggless. <strong>(Please add packet of Candles & Knife along with Cake)</strong>,1149
CAKE8985,Creamy French Vanilla Cake ,"CAKE9002,CAKE11291","CAKE9002,CAKE8985,CAKE8981",Creamy French Vanilla Cream Cake 1kg. <strong>(Please add packet of Candles & Knife along with Cake)</strong>,1499
CAKE11286,Creamy French Vanilla Cake  ,"CAKE9002,CAKE11291","CAKE11291,CAKE11286,CAKE11285",Creamy French Vanilla Cream Cake 1kg Eggless. <strong>(Please add packet of Candles & Knife along with Cake)</strong>,1549
CAKE8981,Creamy French Vanilla Cake ,"CAKE9002,CAKE11291","CAKE9002,CAKE8985,CAKE8981",Creamy French Vanilla Cream Cake 2kg. <strong>(Please add packet of Candles & Knife along with Cake)</strong>,2699
CAKE11285,Creamy French Vanilla Cake  ,"CAKE9002,CAKE11291","CAKE11291,CAKE11286,CAKE11285",Creamy French Vanilla Cream Cake 2kg Eggless. <strong>(Please add packet of Candles & Knife along with Cake)</strong>,2749
CAKE9002,Creamy French Vanilla Cake ,"CAKE9002,CAKE11291","CAKE9002,CAKE8985,CAKE8981",Creamy French Vanilla Cream Cake Half kg. <strong>(Please add packet of Candles & Knife along with Cake)</strong>,999
CAKE11291,Creamy French Vanilla Cake  ,"CAKE9002,CAKE11291","CAKE11291,CAKE11286,CAKE11285",Creamy French Vanilla Cream Cake Half kg Eggless. <strong>(Please add packet of Candles & Knife along with Cake)</strong>,1049
CAKE9028,Deep Nutty Snickers Cake ,"CAKE9028,CAKE11240","CAKE9028,Deep Nutty Snickers Cake 3kg",Deep Nutty Snickers Fondant Cake 2kg. (Chocolate Truffle). <strong>(Please add packet of Candles & Knife along with Cake)</strong>,3549
CAKE11240,Deep Nutty Snickers Cake  ,"CAKE9028,CAKE11240","CAKE11240,Deep Nutty Snickers Cake 3kg Eggless",Deep Nutty Snickers Fondant Cake 2kg Eggless. (Chocolate Truffle). <strong>(Please add packet of Candles & Knife along with Cake)</strong>,3649
CAKE9020,Deep Nutty Snickers Cake ,"CAKE9028,CAKE11240","CAKE9028,Deep Nutty Snickers Cake 3kg",Deep Nutty Snickers Fondant Cake 3kg. (Chocolate Truffle). <strong>(Please add packet of Candles & Knife along with Cake)</strong>,4899
CAKE11238,Deep Nutty Snickers Cake  ,"CAKE9028,CAKE11240","CAKE11240,Deep Nutty Snickers Cake 3kg Eggless",Deep Nutty Snickers Fondant Cake 3kg Eggless. (Chocolate Truffle). <strong>(Please add packet of Candles & Knife along with Cake)</strong>,4699
CAKE9036,Excess Starbucks Cake ,"CAKE9036,CAKE12008","CAKE9036,Excess Starbucks Cake 3kg",Excess Starbucks Fondant Cake 2kg (Chocolate Truffle). <strong>(Please add packet of Candles & Knife along with Cake)</strong>,3549
CAKE12008,Excess Starbucks Cake  ,"CAKE9036,CAKE12008","CAKE12008,Excess Starbucks Cake 3kg Eggless",Excess Starbucks Fondant Cake 2kg Eggless. (Chocolate Truffle). <strong>(Please add packet of Candles & Knife along with Cake)</strong>,3649
CAKE9039,Excess Starbucks Cake ,"CAKE9036,CAKE12008","CAKE9036,Excess Starbucks Cake 3kg",Excess Starbucks Fondant Cake 3kg (Chocolate Truffle). <strong>(Please add packet of Candles & Knife along with Cake)</strong>,4899
CAKE11984,Excess Starbucks Cake  ,"CAKE9036,CAKE12008","CAKE12008,Excess Starbucks Cake 3kg Eggless",Excess Starbucks Fondant Cake 3kg Eggless. (Chocolate Truffle). <strong>(Please add packet of Candles & Knife along with Cake)</strong>,4699
CAKE9065,Splendid Cricket Bat Ball Cake ,"CAKE9065,CAKE12519","CAKE9065,Splendid Cricket Bat Ball Cake 3kg",Splendid Cricket Bat & Ball Fondant Cake 2kg. (Chocolate Truffle). <strong>(Please add packet of Candles & Knife along with Cake)</strong>,3549
CAKE12519,Splendid Cricket Bat Ball Cake  ,"CAKE9065,CAKE12519","CAKE12519,Splendid Cricket Bat Ball Cake 3kg Eggless",Splendid Cricket Bat & Ball Fondant Cake 2kg Eggless. (Chocolate Truffle). <strong>(Please add packet of Candles & Knife along with Cake)</strong>,3649
CAKE9052,Splendid Cricket Bat Ball Cake ,"CAKE9065,CAKE12519","CAKE9065,Splendid Cricket Bat Ball Cake 3kg",Splendid Cricket Bat & Ball Fondant Cake 3kg. (Chocolate Truffle). <strong>(Please add packet of Candles & Knife along with Cake)</strong>,4899
CAKE12518,Splendid Cricket Bat Ball Cake  ,"CAKE9065,CAKE12519","CAKE12519,Splendid Cricket Bat Ball Cake 3kg Eggless",Splendid Cricket Bat & Ball Fondant Cake 3kg Eggless. (Chocolate Truffle). <strong>(Please add packet of Candles & Knife along with Cake)</strong>,4699
CAKE9101,Smashing Badminton Court Cake ,"CAKE9101,CAKE11978","CAKE9101,Smashing Badminton Court Cake 3kg","Smashing Badminton Court Fondant Cake 2kg (If there is no information on flavour from customer, kindly treat chocolate truffle as the default flavour). <strong>(Please add packet of Candles & Knife along with Cake)</strong>",3549
CAKE11978,Smashing Badminton Court Cake  ,"CAKE9101,CAKE11978","CAKE11978,Smashing Badminton Court Cake 3kg Eggless","Smashing Badminton Court Fondant Cake 2kg Eggless. (If there is no information on flavour from customer, kindly treat chocolate truffle as the default flavour). <strong>(Please add packet of Candles & Knife along with Cake)</strong>",3649
CAKE9088,Smashing Badminton Court Cake ,"CAKE9101,CAKE11978","CAKE9101,Smashing Badminton Court Cake 3kg","Smashing Badminton Court Fondant Cake 3kg (If there is no information on flavour from customer, kindly treat chocolate truffle as the default flavour). <strong>(Please add packet of Candles & Knife along with Cake)</strong>",4899
CAKE11976,Smashing Badminton Court Cake  ,"CAKE9101,CAKE11978","CAKE11978,Smashing Badminton Court Cake 3kg Eggless","Smashing Badminton Court Fondant Cake 3kg Eggless. (If there is no information on flavour from customer, kindly treat chocolate truffle as the default flavour). <strong>(Please add packet of Candles & Knife along with Cake)</strong>",4699
CAKE9106,Forever Starbucks Cake ,"CAKE9106,CAKE11962","CAKE9106,Forever Starbucks Cake 3kg","Forever Starbucks Fondant Cake 2kg (If there is no information on flavour from customer, kindly treat chocolate truffle as the default flavour). <strong>(Please add packet of Candles & Knife along with Cake)</strong>",3549
CAKE11962,Forever Starbucks Cake  ,"CAKE9106,CAKE11962","CAKE11962,Forever Starbucks Cake 3kg Eggless","Forever Starbucks Fondant Cake 2kg Eggless. (If there is no information on flavour from customer, kindly treat chocolate truffle as the default flavour). <strong>(Please add packet of Candles & Knife along with Cake)</strong>",3649
CAKE9095,Forever Starbucks Cake ,"CAKE9106,CAKE11962","CAKE9106,Forever Starbucks Cake 3kg","Forever Starbucks Fondant Cake 3kg (If there is no information on flavour from customer, kindly treat chocolate truffle as the default flavour). <strong>(Please add packet of Candles & Knife along with Cake)</strong>",4899
CAKE11974,Forever Starbucks Cake  ,"CAKE9106,CAKE11962","CAKE11962,Forever Starbucks Cake 3kg Eggless","Forever Starbucks Fondant Cake 3kg Eggless. (If there is no information on flavour from customer, kindly treat chocolate truffle as the default flavour). <strong>(Please add packet of Candles & Knife along with Cake)</strong>",4699
CAKE9121,Designer Starbucks Cake ,"CAKE9121,CAKE11990","CAKE9121,Designer Starbucks Cake 3kg",Designer Starbucks Fondant Cake 2kg (Chocolate Truffle). <strong>(Please add packet of Candles & Knife along with Cake)</strong>,3549
CAKE11990,Designer Starbucks Cake  ,"CAKE9121,CAKE11990","CAKE11990,Designer Starbucks Cake 3kg Eggless",Designer Starbucks Fondant Cake 2kg Eggless. (Chocolate Truffle). <strong>(Please add packet of Candles & Knife along with Cake)</strong>,3649
CAKE9123,Designer Starbucks Cake ,"CAKE9121,CAKE11990","CAKE9121,Designer Starbucks Cake 3kg",Designer Starbucks Fondant Cake 3kg (Chocolate Truffle). <strong>(Please add packet of Candles & Knife along with Cake)</strong>,4899
CAKE11988,Designer Starbucks Cake  ,"CAKE9121,CAKE11990","CAKE11990,Designer Starbucks Cake 3kg Eggless",Designer Starbucks Fondant Cake 3kg Eggless. (Chocolate Truffle). <strong>(Please add packet of Candles & Knife along with Cake)</strong>,4699
CAKE9136,Facebook Customized Cake ,"CAKE9136,CAKE11708","CAKE9136,Facebook Customized Cake 3kg","Facebook Customized Fondant Cake 2kg. (If there is no information on flavour from customer, kindly treat chocolate truffle as the default flavour). <strong>(Please add packet of Candles & Knife along with Cake)</strong>",3549
CAKE11708,Facebook Customized Cake  ,"CAKE9136,CAKE11708","CAKE11708,Facebook Customized Cake 3kg Eggless","Facebook Customized Fondant Cake 2kg Eggless. (If there is no information on flavour from customer, kindly treat chocolate truffle as the default flavour). <strong>(Please add packet of Candles & Knife along with Cake)</strong>",3649
CAKE9131,Facebook Customized Cake ,"CAKE9136,CAKE11708","CAKE9136,Facebook Customized Cake 3kg","Facebook Customized Fondant Cake 3kg. (If there is no information on flavour from customer, kindly treat chocolate truffle as the default flavour). <strong>(Please add packet of Candles & Knife along with Cake)</strong>",4899
CAKE11701,Facebook Customized Cake  ,"CAKE9136,CAKE11708","CAKE11708,Facebook Customized Cake 3kg Eggless","Facebook Customized Fondant Cake 3kg Eggless. (If there is no information on flavour from customer, kindly treat chocolate truffle as the default flavour). <strong>(Please add packet of Candles & Knife along with Cake)</strong>",4699
CAKE9149,Heavenly Delights Cricket Cake ,"CAKE9149,CAKE11939","CAKE9149,","Heavenly Delights Cricket Fondant Cake 3kg (If there is no information on flavour from customer, kindly treat chocolate truffle as the default flavour). <strong>(Please add packet of Candles & Knife along with Cake)</strong>",4899
CAKE11939,Heavenly Delights Cricket Cake  ,"CAKE11939,CAKE9165","CAKE11939,","Heavenly Delights Cricket Fondant Cake 3kg Eggless. (If there is no information on flavour from customer, kindly treat chocolate truffle as the default flavour). <strong>(Please add packet of Candles & Knife along with Cake)</strong>",4699
CAKE9165,In Love With Panda Cake ,"CAKE9165,CAKE12656","CAKE9165,CAKE9166","In Love With Panda Fondant Cake 1kg (If there is no information on flavour from customer, kindly treat chocolate truffle as the default flavour). <strong>(Please add packet of Candles & Knife along with Cake)</strong>",1899
CAKE12656,In Love With Panda Cake  ,"CAKE9165,CAKE12656","CAKE12656,CAKE12624","In Love With Panda Fondant Cake 1kg Eggless. (If there is no information on flavour from customer, kindly treat chocolate truffle as the default flavour). <strong>(Please add packet of Candles & Knife along with Cake)</strong>",1949
CAKE9166,In Love With Panda Cake ,"CAKE9165,CAKE12656","CAKE9165,CAKE9166","In Love With Panda Fondant Cake 2kg (If there is no information on flavour from customer, kindly treat chocolate truffle as the default flavour). <strong>(Please add packet of Candles & Knife along with Cake)</strong>",3549
CAKE12624,In Love With Panda Cake  ,"CAKE9165,CAKE12656","CAKE12656,CAKE12624","In Love With Panda Fondant Cake 2kg Eggless. (If there is no information on flavour from customer, kindly treat chocolate truffle as the default flavour). <strong>(Please add packet of Candles & Knife along with Cake)</strong>",3649
CAKE9193,Chocolate Orange Cake ,"CAKE9193,CAKE10588","CAKE9193,CAKE9243",Chocolate Orange Cream Cake 1kg <strong>(Please add packet of Candles & Knife along with Cake)</strong>,1899
CAKE10588,Chocolate Orange Cake  ,"CAKE9193,CAKE10588","CAKE10588,CAKE10586",Chocolate Orange Cream Cake 1kg Eggless. <strong>(Please add packet of Candles & Knife along with Cake)</strong>,1949
CAKE9243,Chocolate Orange Cake ,"CAKE9193,CAKE10588","CAKE9193,CAKE9243",Chocolate Orange Cream Cake 2kg <strong>(Please add packet of Candles & Knife along with Cake)</strong>,3549
CAKE10586,Chocolate Orange Cake  ,"CAKE9193,CAKE10588","CAKE10588,CAKE10586",Chocolate Orange Cream Cake 2kg Eggless. <strong>(Please add packet of Candles & Knife along with Cake)</strong>,3649
CAKE11903,My Hero My Spiderman Cake  ,"CAKE9244,CAKE11891","CAKE11891,CAKE11890","My Hero My Spiderman Fondant Cake 3kg Eggless. (If there is no information on flavour from customer, kindly treat chocolate truffle as the default flavour). <strong>(Please add packet of Candles & Knife along with Cake)</strong>",4699
CAKE9244,My Hero My Spiderman Cake ,"CAKE9244,CAKE11891","CAKE9244,CAKE9246","My Hero My Spiderman Fondant Cake 1kg (If there is no information on flavour from customer, kindly treat chocolate truffle as the default flavour). <strong>(Please add packet of Candles & Knife along with Cake)</strong>",1899
CAKE11891,My Hero My Spiderman Cake  ,"CAKE9244,CAKE11891","CAKE11891,CAKE11890","My Hero My Spiderman Fondant Cake 1kg Eggless. (If there is no information on flavour from customer, kindly treat chocolate truffle as the default flavour). <strong>(Please add packet of Candles & Knife along with Cake)</strong>",1949
CAKE9246,My Hero My Spiderman Cake ,"CAKE9244,CAKE11891","CAKE9244,CAKE9246","My Hero My Spiderman Fondant Cake 2kg (If there is no information on flavour from customer, kindly treat chocolate truffle as the default flavour). <strong>(Please add packet of Candles & Knife along with Cake)</strong>",3549
CAKE11890,My Hero My Spiderman Cake  ,"CAKE9244,CAKE11891","CAKE11891,CAKE11890","My Hero My Spiderman Fondant Cake 2kg Eggless. (If there is no information on flavour from customer, kindly treat chocolate truffle as the default flavour). <strong>(Please add packet of Candles & Knife along with Cake)</strong>",3649
CAKE9248,My Hero My Spiderman Cake ,"CAKE9244,CAKE11891","CAKE9244,CAKE9246","My Hero My Spiderman Fondant Cake 3kg (If there is no information on flavour from customer, kindly treat chocolate truffle as the default flavour). <strong>(Please add packet of Candles & Knife along with Cake)</strong>",4899
CAKE9203,The Hearty Affair ,"CAKE9207,CAKE11910","CAKE9207,CAKE9203,CAKE9204",The Hearty Affair Chocolate Cream Cake 1kg <strong>(Please add packet of Candles & Knife along with Cake)</strong>,1499
CAKE11912,The Hearty Affair  ,"CAKE9207,CAKE11910","CAKE11910,CAKE11912,CAKE11911",The Hearty Affair Chocolate Cream Cake 1kg Eggless. <strong>(Please add packet of Candles & Knife along with Cake)</strong>,1549
CAKE9204,The Hearty Affair ,"CAKE9207,CAKE11910","CAKE9207,CAKE9203,CAKE9204",The Hearty Affair Chocolate Cream Cake 2kg <strong>(Please add packet of Candles & Knife along with Cake)</strong>,2699
CAKE11911,The Hearty Affair  ,"CAKE9207,CAKE11910","CAKE11910,CAKE11912,CAKE11911",The Hearty Affair Chocolate Cream Cake 2kg Eggless. <strong>(Please add packet of Candles & Knife along with Cake)</strong>,2749
CAKE9207,The Hearty Affair ,"CAKE9207,CAKE11910","CAKE9207,CAKE9203,CAKE9204",The Hearty Affair Chocolate Cream Cake Half kg <strong>(Please add packet of Candles & Knife along with Cake)</strong>,999
CAKE11910,The Hearty Affair  ,"CAKE9207,CAKE11910","CAKE11910,CAKE11912,CAKE11911",The Hearty Affair Chocolate Cream Cake Half kg Eggless. <strong>(Please add packet of Candles & Knife along with Cake)</strong>,1049
CAKE9208,Red Velvet Fresh Cream Cake ,"CAKE9220,CAKE10966","CAKE9220,CAKE9208,CAKE9236",Red Velvet Fresh Cream Cream Cake 1kg <strong>(Please add packet of Candles & Knife along with Cake)</strong>,1599
CAKE10965,Red Velvet Fresh Cream Cake  ,"CAKE9220,CAKE10966","CAKE10966,CAKE10965,CAKE10968",Red Velvet Fresh Cream Cream Cake 1kg Eggless. <strong>(Please add packet of Candles & Knife along with Cake)</strong>,1649
CAKE9236,Red Velvet Fresh Cream Cake ,"CAKE9220,CAKE10966","CAKE9220,CAKE9208,CAKE9236",Red Velvet Fresh Cream Cream Cake 2kg <strong>(Please add packet of Candles & Knife along with Cake)</strong>,2799
CAKE10968,Red Velvet Fresh Cream Cake  ,"CAKE9220,CAKE10966","CAKE10966,CAKE10965,CAKE10968",Red Velvet Fresh Cream Cream Cake 2kg Eggless. <strong>(Please add packet of Candles & Knife along with Cake)</strong>,2849
CAKE9220,Red Velvet Fresh Cream Cake ,"CAKE9220,CAKE10966","CAKE9220,CAKE9208,CAKE9236",Red Velvet Fresh Cream Cream Cake Half kg <strong>(Please add packet of Candles & Knife along with Cake)</strong>,1099
CAKE10966,Red Velvet Fresh Cream Cake  ,"CAKE9220,CAKE10966","CAKE10966,CAKE10965,CAKE10968",Red Velvet Fresh Cream Cream Cake Half kg Eggless. <strong>(Please add packet of Candles & Knife along with Cake)</strong>,1149
CAKE9224,Teachers Scotch Whisky Cake ,"CAKE9224,CAKE12505","CAKE9224,",Teachers Scotch Whisky Fondant Cake 3kg. (Chocolate Truffle). <strong>(Please add packet of Candles & Knife along with Cake)</strong>,4899
CAKE12505,Teachers Scotch Whisky Cake  ,"CAKE9224,CAKE12505","CAKE12505,",Teachers Scotch Whisky Fondant Cake 3kg Eggless. (Chocolate Truffle). <strong>(Please add packet of Candles & Knife along with Cake)</strong>,4699
CAKE9237,The Lovely Barbie Cake ,"CAKE9237,CAKE11869","CAKE9237,The Lovely Barbie Cake 3kg","The Lovely Barbie Fondant Cake 2kg (If there is no information on flavour from customer, kindly treat chocolate truffle as the default flavour). <strong>(Please add packet of Candles & Knife along with Cake)</strong>",3549
CAKE11869,The Lovely Barbie Cake  ,"CAKE9237,CAKE11869","CAKE11869,The Lovely Barbie Cake 3kg Eggless","The Lovely Barbie Fondant Cake 2kg Eggless. (If there is no information on flavour from customer, kindly treat chocolate truffle as the default flavour). <strong>(Please add packet of Candles & Knife along with Cake)</strong>",3649
CAKE9240,The Lovely Barbie Cake ,"CAKE9237,CAKE11869","CAKE9237,The Lovely Barbie Cake 3kg","The Lovely Barbie Fondant Cake 3kg (If there is no information on flavour from customer, kindly treat chocolate truffle as the default flavour). <strong>(Please add packet of Candles & Knife along with Cake)</strong>",4899
CAKE11882,The Lovely Barbie Cake  ,"CAKE9237,CAKE11869","CAKE11869,The Lovely Barbie Cake 3kg Eggless","The Lovely Barbie Fondant Cake 3kg Eggless. (If there is no information on flavour from customer, kindly treat chocolate truffle as the default flavour). <strong>(Please add packet of Candles & Knife along with Cake)</strong>",4699
CAKE9249,Exotic Pineapple Cake ,"CAKE9247,CAKE10590","CAKE9247,CAKE9249,CAKE9241",Exotic Pineapple Cream Cake 1kg <strong>(Please add packet of Candles & Knife along with Cake)</strong>,1499
CAKE10589,Exotic Pineapple Cake  ,"CAKE9247,CAKE10590","CAKE10590,CAKE10589,CAKE10582",Exotic Pineapple Cream Cake 1kg Eggless. <strong>(Please add packet of Candles & Knife along with Cake)</strong>,1549
CAKE9241,Exotic Pineapple Cake ,"CAKE9247,CAKE10590","CAKE9247,CAKE9249,CAKE9241",Exotic Pineapple Cream Cake 2kg <strong>(Please add packet of Candles & Knife along with Cake)</strong>,2699
CAKE10582,Exotic Pineapple Cake  ,"CAKE9247,CAKE10590","CAKE10590,CAKE10589,CAKE10582",Exotic Pineapple Cream Cake 2kg Eggless. <strong>(Please add packet of Candles & Knife along with Cake)</strong>,2749
CAKE9247,Exotic Pineapple Cake ,"CAKE9247,CAKE10590","CAKE9247,CAKE9249,CAKE9241",Exotic Pineapple Cream Cake Half kg <strong>(Please add packet of Candles & Knife along with Cake)</strong>,999
CAKE10590,Exotic Pineapple Cake  ,"CAKE9247,CAKE10590","CAKE10590,CAKE10589,CAKE10582",Exotic Pineapple Cream Cake Half kg Eggless. <strong>(Please add packet of Candles & Knife along with Cake)</strong>,1049
CAKE9211,Oreo Cake ,"CAKE9260,CAKE10598","CAKE9260,CAKE9211,CAKE9214",Oreo Chocolate Cream Cake 1kg <strong>(Please add packet of Candles & Knife along with Cake)</strong>,1599
CAKE10596,Oreo Cake  ,"CAKE9260,CAKE10598","CAKE10598,CAKE10596,CAKE10960",Oreo Chocolate Cream Cake 1kg Eggless. <strong>(Please add packet of Candles & Knife along with Cake)</strong>,1649
CAKE9214,Oreo Cake ,"CAKE9260,CAKE10598","CAKE9260,CAKE9211,CAKE9214",Oreo Chocolate Cream Cake 2kg <strong>(Please add packet of Candles & Knife along with Cake)</strong>,2799
CAKE10960,Oreo Cake  ,"CAKE9260,CAKE10598","CAKE10598,CAKE10596,CAKE10960",Oreo Chocolate Cream Cake 2kg Eggless. <strong>(Please add packet of Candles & Knife along with Cake)</strong>,2849
CAKE9260,Oreo Cake ,"CAKE9260,CAKE10598","CAKE9260,CAKE9211,CAKE9214",Oreo Chocolate Cream Cake Half kg <strong>(Please add packet of Candles & Knife along with Cake)</strong>,1099
CAKE10598,Oreo Cake  ,"CAKE9260,CAKE10598","CAKE10598,CAKE10596,CAKE10960",Oreo Chocolate Cream Cake Half kg Eggless. <strong>(Please add packet of Candles & Knife along with Cake)</strong>,1149
CAKE12491,Sweet Heart Shape Cake  ,"CAKE9216,CAKE12499","CAKE12499,CAKE12492","Sweet Heart Shape Fondant Cake 3kg Eggless. (If there is no information on flavour from customer, kindly treat chocolate truffle as the default flavour). <strong>(Please add packet of Candles & Knife along with Cake)</strong>",4699
CAKE9216,Sweet Heart Shape Cake ,"CAKE9216,CAKE12499","CAKE9216,CAKE9213","Sweet Heart Shape Fondant Cake 1kg. (If there is no information on flavour from customer, kindly treat chocolate truffle as the default flavour). <strong>(Please add packet of Candles & Knife along with Cake)</strong>",1899
CAKE12499,Sweet Heart Shape Cake  ,"CAKE9216,CAKE12499","CAKE12499,CAKE12492","Sweet Heart Shape Fondant Cake 1kg Eggless. (If there is no information on flavour from customer, kindly treat chocolate truffle as the default flavour). <strong>(Please add packet of Candles & Knife along with Cake)</strong>",1949
CAKE9213,Sweet Heart Shape Cake ,"CAKE9216,CAKE12499","CAKE9216,CAKE9213","Sweet Heart Shape Fondant Cake 2kg. (If there is no information on flavour from customer, kindly treat chocolate truffle as the default flavour). <strong>(Please add packet of Candles & Knife along with Cake)</strong>",3549
CAKE12492,Sweet Heart Shape Cake  ,"CAKE9216,CAKE12499","CAKE12499,CAKE12492","Sweet Heart Shape Fondant Cake 2kg Eggless. (If there is no information on flavour from customer, kindly treat chocolate truffle as the default flavour). <strong>(Please add packet of Candles & Knife along with Cake)</strong>",3649
CAKE9221,Sweet Heart Shape Cake ,"CAKE9216,CAKE12499","CAKE9216,CAKE9213","Sweet Heart Shape Fondant Cake 3kg. (If there is no information on flavour from customer, kindly treat chocolate truffle as the default flavour). <strong>(Please add packet of Candles & Knife along with Cake)</strong>",4899
CAKE9272,Special Delicious Coffee Cake ,"CAKE9270,CAKE10944","CAKE9270,CAKE9272,CAKE9291",Coffee Cream Cake 1kg <strong>(Please add packet of Candles & Knife along with Cake)</strong>,1599
CAKE10942,Special Delicious Coffee Cake  ,"CAKE9270,CAKE10944","CAKE10944,CAKE10942,CAKE10948",Coffee Cream Cake 1kg Eggless. <strong>(Please add packet of Candles & Knife along with Cake)</strong>,1649
CAKE9291,Special Delicious Coffee Cake ,"CAKE9270,CAKE10944","CAKE9270,CAKE9272,CAKE9291",Coffee Cream Cake 2kg <strong>(Please add packet of Candles & Knife along with Cake)</strong>,2799
CAKE10948,Special Delicious Coffee Cake  ,"CAKE9270,CAKE10944","CAKE10944,CAKE10942,CAKE10948",Coffee Cream Cake 2kg Eggless. <strong>(Please add packet of Candles & Knife along with Cake)</strong>,2849
CAKE9270,Special Delicious Coffee Cake ,"CAKE9270,CAKE10944","CAKE9270,CAKE9272,CAKE9291",Coffee Cream Cake Half kg <strong>(Please add packet of Candles & Knife along with Cake)</strong>,1099
CAKE10944,Special Delicious Coffee Cake  ,"CAKE9270,CAKE10944","CAKE10944,CAKE10942,CAKE10948",Coffee Cream Cake Half kg Eggless. <strong>(Please add packet of Candles & Knife along with Cake)</strong>,1149
CAKE9301,Special Orange Cake ,"CAKE9297,CAKE10946","CAKE9297,CAKE9301,CAKE9276",Orange Cream Cake 1kg <strong>(Please add packet of Candles & Knife along with Cake)</strong>,1599
CAKE10915,Special Orange Cake  ,"CAKE9297,CAKE10946","CAKE10946,CAKE10915,CAKE10917",Orange Cream Cake 1kg Eggless. <strong>(Please add packet of Candles & Knife along with Cake)</strong>,1649
CAKE9276,Special Orange Cake ,"CAKE9297,CAKE10946","CAKE9297,CAKE9301,CAKE9276",Orange Cream Cake 2kg <strong>(Please add packet of Candles & Knife along with Cake)</strong>,2799
CAKE10917,Special Orange Cake  ,"CAKE9297,CAKE10946","CAKE10946,CAKE10915,CAKE10917",Orange Cream Cake 2kg Eggless. <strong>(Please add packet of Candles & Knife along with Cake)</strong>,2849
CAKE9297,Special Orange Cake ,"CAKE9297,CAKE10946","CAKE9297,CAKE9301,CAKE9276",Orange Cream Cake Half kg <strong>(Please add packet of Candles & Knife along with Cake)</strong>,1099
CAKE10946,Special Orange Cake  ,"CAKE9297,CAKE10946","CAKE10946,CAKE10915,CAKE10917",Orange Cream Cake Half kg Eggless. <strong>(Please add packet of Candles & Knife along with Cake)</strong>,1149
CAKE9300,Tasty Facebook Cake ,"CAKE9300,CAKE11954","CAKE9300,CAKE9275",Tasty Facebook Fondant Cake 2kg (Chocolate Truffle). <strong>(Please add packet of Candles & Knife along with Cake)</strong>,3549
CAKE11954,Tasty Facebook Cake  ,"CAKE9300,CAKE11954","CAKE11954,CAKE11952",Tasty Facebook Fondant Cake 2kg Eggless. (Chocolate Truffle). <strong>(Please add packet of Candles & Knife along with Cake)</strong>,3649
CAKE9275,Tasty Facebook Cake ,"CAKE9300,CAKE11954","CAKE9300,CAKE9275",Tasty Facebook Fondant Cake 3kg (Chocolate Truffle). <strong>(Please add packet of Candles & Knife along with Cake)</strong>,4899
CAKE11952,Tasty Facebook Cake  ,"CAKE9300,CAKE11954","CAKE11954,CAKE11952",Tasty Facebook Fondant Cake 3kg Eggless. (Chocolate Truffle). <strong>(Please add packet of Candles & Knife along with Cake)</strong>,4699
CAKE9309,Techy iPhone Cake ,"CAKE9309,CAKE12470","CAKE9309,CAKE9316",Techy iPhone Fondant Cake 2kg. (Chocolate Truffle). <strong>(Please add packet of Candles & Knife along with Cake)</strong>,3549
CAKE12470,Techy iPhone Cake  ,"CAKE9309,CAKE12470","CAKE12470,CAKE12476",Techy iPhone Fondant Cake 2kg Eggless. (Chocolate Truffle). <strong>(Please add packet of Candles & Knife along with Cake)</strong>,3649
CAKE9316,Techy iPhone Cake ,"CAKE9309,CAKE12470","CAKE9309,CAKE9316",Techy iPhone Fondant Cake 3kg. (Chocolate Truffle). <strong>(Please add packet of Candles & Knife along with Cake)</strong>,4899
CAKE12476,Techy iPhone Cake  ,"CAKE9309,CAKE12470","CAKE12470,CAKE12476",Techy iPhone Fondant Cake 3kg Eggless. (Chocolate Truffle). <strong>(Please add packet of Candles & Knife along with Cake)</strong>,4699
CAKE9332,Special Delicious Vanilla Cake ,"CAKE9330,CAKE10941","CAKE9330,CAKE9332,CAKE9335",Vanilla Cream Cake 1kg <strong>(Please add packet of Candles & Knife along with Cake)</strong>,1499
CAKE10940,Special Delicious Vanilla Cake  ,"CAKE9330,CAKE10941","CAKE10941,CAKE10940,CAKE10952",Vanilla Cream Cake 1kg Eggless. <strong>(Please add packet of Candles & Knife along with Cake)</strong>,1549
CAKE9335,Special Delicious Vanilla Cake ,"CAKE9330,CAKE10941","CAKE9330,CAKE9332,CAKE9335",Vanilla Cream Cake 2kg <strong>(Please add packet of Candles & Knife along with Cake)</strong>,2699
CAKE10952,Special Delicious Vanilla Cake  ,"CAKE9330,CAKE10941","CAKE10941,CAKE10940,CAKE10952",Vanilla Cream Cake 2kg Eggless. <strong>(Please add packet of Candles & Knife along with Cake)</strong>,2749
CAKE9330,Special Delicious Vanilla Cake ,"CAKE9330,CAKE10941","CAKE9330,CAKE9332,CAKE9335",Vanilla Cream Cake Half kg <strong>(Please add packet of Candles & Knife along with Cake)</strong>,999
CAKE10941,Special Delicious Vanilla Cake  ,"CAKE9330,CAKE10941","CAKE10941,CAKE10940,CAKE10952",Vanilla Cream Cake Half kg Eggless. <strong>(Please add packet of Candles & Knife along with Cake)</strong>,1049
CAKE9323,Chocolate Ganache Cake ,"CAKE9320,CAKE10950","CAKE9320,CAKE9323,CAKE9326",Chocolate Ganache Cream Cake 1kg <strong>(Please add packet of Candles & Knife along with Cake)</strong>,1499
CAKE10955,Chocolate Ganache Cake  ,"CAKE9320,CAKE10950","CAKE10950,CAKE10955,CAKE10953",Chocolate Ganache Cream Cake 1kg Eggless. <strong>(Please add packet of Candles & Knife along with Cake)</strong>,1549
CAKE9326,Chocolate Ganache Cake ,"CAKE9320,CAKE10950","CAKE9320,CAKE9323,CAKE9326",Chocolate Ganache Cream Cake 2kg <strong>(Please add packet of Candles & Knife along with Cake)</strong>,2699
CAKE10953,Chocolate Ganache Cake  ,"CAKE9320,CAKE10950","CAKE10950,CAKE10955,CAKE10953",Chocolate Ganache Cream Cake 2kg Eggless. <strong>(Please add packet of Candles & Knife along with Cake)</strong>,2749
CAKE9320,Chocolate Ganache Cake ,"CAKE9320,CAKE10950","CAKE9320,CAKE9323,CAKE9326",Chocolate Ganache Cream Cake Half kg <strong>(Please add packet of Candles & Knife along with Cake)</strong>,999
CAKE10950,Chocolate Ganache Cake  ,"CAKE9320,CAKE10950","CAKE10950,CAKE10955,CAKE10953",Chocolate Ganache Cream Cake Half kg Eggless. <strong>(Please add packet of Candles & Knife along with Cake)</strong>,1049
CAKE9509,Vanilla Cake ,"CAKE9471,CAKE12864","CAKE9471,CAKE9509,CAKE9506",Vanilla Cream Cake 1kg. <strong>(Please add packet of Candles & Knife along with Cake)</strong>,1499
CAKE12862,Vanilla Cake  ,"CAKE9471,CAKE12864","CAKE12864,CAKE12862,CAKE12868",Vanilla Cream Cake 1kg Eggless. <strong>(Please add packet of Candles & Knife along with Cake)</strong>,1549
CAKE9506,Vanilla Cake ,"CAKE9471,CAKE12864","CAKE9471,CAKE9509,CAKE9506",Vanilla Cream Cake 2kg. <strong>(Please add packet of Candles & Knife along with Cake)</strong>,2699
CAKE12868,Vanilla Cake  ,"CAKE9471,CAKE12864","CAKE12864,CAKE12862,CAKE12868",Vanilla Cream Cake 2kg Eggless. <strong>(Please add packet of Candles & Knife along with Cake)</strong>,2749
CAKE9471,Vanilla Cake ,"CAKE9471,CAKE12864","CAKE9471,CAKE9509,CAKE9506",Vanilla Cream Cake Half kg. <strong>(Please add packet of Candles & Knife along with Cake)</strong>,999
CAKE12864,Vanilla Cake  ,"CAKE9471,CAKE12864","CAKE12864,CAKE12862,CAKE12868",Vanilla Cream Cake Half kg Eggless. <strong>(Please add packet of Candles & Knife along with Cake)</strong>,1049
CAKE9340,Fruit Chocolate Cake ,"CAKE9404,CAKE10889","CAKE9404,CAKE9340,CAKE9376",Fruit Chocolate Cream Cake 1kg <strong>(Please add packet of Candles & Knife along with Cake)</strong>,1599
CAKE10893,Fruit Chocolate Cake  ,"CAKE9404,CAKE10889","CAKE10889,CAKE10893,CAKE10891",Fruit Chocolate Cream Cake 1kg Eggless. <strong>(Please add packet of Candles & Knife along with Cake)</strong>,1649
CAKE9376,Fruit Chocolate Cake ,"CAKE9404,CAKE10889","CAKE9404,CAKE9340,CAKE9376",Fruit Chocolate Cream Cake 2kg <strong>(Please add packet of Candles & Knife along with Cake)</strong>,2799
CAKE10891,Fruit Chocolate Cake  ,"CAKE9404,CAKE10889","CAKE10889,CAKE10893,CAKE10891",Fruit Chocolate Cream Cake 2kg Eggless. <strong>(Please add packet of Candles & Knife along with Cake)</strong>,2849
CAKE9404,Fruit Chocolate Cake ,"CAKE9404,CAKE10889","CAKE9404,CAKE9340,CAKE9376",Fruit Chocolate Cream Cake Half kg <strong>(Please add packet of Candles & Knife along with Cake)</strong>,1099
CAKE10889,Fruit Chocolate Cake  ,"CAKE9404,CAKE10889","CAKE10889,CAKE10893,CAKE10891",Fruit Chocolate Cream Cake Half kg Eggless. <strong>(Please add packet of Candles & Knife along with Cake)</strong>,1149
CAKE9497,Coffee Cake ,"CAKE9493,CAKE10859","CAKE9493,CAKE9497,CAKE9501",Coffee Cream Cake 1kg <strong>(Please add packet of Candles & Knife along with Cake)</strong>,1599
CAKE10857,Coffee Cake  ,"CAKE9493,CAKE10859","CAKE10859,CAKE10857,CAKE10875",Coffee Cream Cake 1kg Eggless. <strong>(Please add packet of Candles & Knife along with Cake)</strong>,1649
CAKE9501,Coffee Cake ,"CAKE9493,CAKE10859","CAKE9493,CAKE9497,CAKE9501",Coffee Cream Cake 2kg <strong>(Please add packet of Candles & Knife along with Cake)</strong>,2799
CAKE10875,Coffee Cake  ,"CAKE9493,CAKE10859","CAKE10859,CAKE10857,CAKE10875",Coffee Cream Cake 2kg Eggless. <strong>(Please add packet of Candles & Knife along with Cake)</strong>,2849
CAKE9493,Coffee Cake ,"CAKE9493,CAKE10859","CAKE9493,CAKE9497,CAKE9501",Coffee Cream Cake Half kg <strong>(Please add packet of Candles & Knife along with Cake)</strong>,1099
CAKE10859,Coffee Cake  ,"CAKE9493,CAKE10859","CAKE10859,CAKE10857,CAKE10875",Coffee Cream Cake Half kg Eggless. <strong>(Please add packet of Candles & Knife along with Cake)</strong>,1149
CAKE9475,Happy Butterscotch Celebrations ,"CAKE9479,CAKE11663","CAKE9479,CAKE9475,CAKE9486",Happy Butterscotch Celebrations Cream Cake 1kg. <strong>(Please add packet of Candles & Knife along with Cake)</strong>,1499
CAKE11661,Happy Butterscotch Celebrations  ,"CAKE9479,CAKE11663","CAKE11663,CAKE11661,CAKE10771",Happy Butterscotch Celebrations Cream Cake 1kg Eggless. <strong>(Please add packet of Candles & Knife along with Cake)</strong>,1549
CAKE9486,Happy Butterscotch Celebrations ,"CAKE9479,CAKE11663","CAKE9479,CAKE9475,CAKE9486",Happy Butterscotch Celebrations Cream Cake 2kg. <strong>(Please add packet of Candles & Knife along with Cake)</strong>,2699
CAKE10771,Happy Butterscotch Celebrations  ,"CAKE9479,CAKE11663","CAKE11663,CAKE11661,CAKE10771",Happy Butterscotch Celebrations Cream Cake 2kg Eggless. <strong>(Please add packet of Candles & Knife along with Cake)</strong>,2749
CAKE9479,Happy Butterscotch Celebrations ,"CAKE9479,CAKE11663","CAKE9479,CAKE9475,CAKE9486",Happy Butterscotch Celebrations Cream Cake Half kg. <strong>(Please add packet of Candles & Knife along with Cake)</strong>,999
CAKE11663,Happy Butterscotch Celebrations  ,"CAKE9479,CAKE11663","CAKE11663,CAKE11661,CAKE10771",Happy Butterscotch Celebrations Cream Cake Half kg Eggless. <strong>(Please add packet of Candles & Knife along with Cake)</strong>,1049
CAKE9519,Red Hot Ferrari Car Cake ,"CAKE9519,CAKE11589","CAKE9519,CAKE9522",Red Hot Ferrari Car Fondant Cake 2kg (Chocolate Truffle). <strong>(Please add packet of Candles & Knife along with Cake)</strong>,3549
CAKE11589,Red Hot Ferrari Car Cake  ,"CAKE9519,CAKE11589","CAKE11589,CAKE11588",Red Hot Ferrari Car Fondant Cake 2kg Eggless. (Chocolate Truffle). <strong>(Please add packet of Candles & Knife along with Cake)</strong>,3649
CAKE9522,Red Hot Ferrari Car Cake ,"CAKE9519,CAKE11589","CAKE9519,CAKE9522",Red Hot Ferrari Car Fondant Cake 3kg (Chocolate Truffle). <strong>(Please add packet of Candles & Knife along with Cake)</strong>,4899
CAKE11588,Red Hot Ferrari Car Cake  ,"CAKE9519,CAKE11589","CAKE11589,CAKE11588",Red Hot Ferrari Car Fondant Cake 3kg Eggless. (Chocolate Truffle). <strong>(Please add packet of Candles & Knife along with Cake)</strong>,4699
CAKE9518,Yummy Chocolate Rambo Cake ,"CAKE9518,CAKE12801","CAKE9518,CAKE9527",Yummy Chocolate Rambo Cream Cake 1kg. <strong>(Please add packet of Candles & Knife along with Cake)</strong>,1499
CAKE12801,Yummy Chocolate Rambo Cake  ,"CAKE9518,CAKE12801","CAKE12801,CAKE12793",Yummy Chocolate Rambo Cream Cake 1kg Eggless. <strong>(Please add packet of Candles & Knife along with Cake)</strong>,1549
CAKE9527,Yummy Chocolate Rambo Cake ,"CAKE9518,CAKE12801","CAKE9518,CAKE9527",Yummy Chocolate Rambo Cream Cake 2kg. <strong>(Please add packet of Candles & Knife along with Cake)</strong>,2699
CAKE12793,Yummy Chocolate Rambo Cake  ,"CAKE9518,CAKE12801","CAKE12801,CAKE12793",Yummy Chocolate Rambo Cream Cake 2kg Eggless. <strong>(Please add packet of Candles & Knife along with Cake)</strong>,2749
CAKE9524,Yummy Chocolate Rambo Cake ,"CAKE9518,CAKE12801","CAKE9518,CAKE9527",Yummy Chocolate Rambo Cream Cake 3kg. <strong>(Please add packet of Candles & Knife along with Cake)</strong>,3599
CAKE12791,Yummy Chocolate Rambo Cake  ,"CAKE9518,CAKE12801","CAKE12801,CAKE12793",Yummy Chocolate Rambo Cream Cake 3kg Eggless. <strong>(Please add packet of Candles & Knife along with Cake)</strong>,3649
CAKE9704,Chocolate Mousse Cake ,"CAKE9704,CAKE11557","CAKE9704,CAKE9705",Chocolate Mousse Cream Cake 1kg <strong>(Please add packet of Candles & Knife along with Cake)</strong>,1599
CAKE11557,Chocolate Mousse Cake  ,"CAKE9704,CAKE11557","CAKE11557,CAKE11552",Chocolate Mousse Cream Cake 1kg Eggless. <strong>(Please add packet of Candles & Knife along with Cake)</strong>,1649
CAKE9705,Chocolate Mousse Cake ,"CAKE9704,CAKE11557","CAKE9704,CAKE9705",Chocolate Mousse Cream Cake 2kg <strong>(Please add packet of Candles & Knife along with Cake)</strong>,2799
CAKE11552,Chocolate Mousse Cake  ,"CAKE9704,CAKE11557","CAKE11557,CAKE11552",Chocolate Mousse Cream Cake 2kg Eggless. <strong>(Please add packet of Candles & Knife along with Cake)</strong>,2849
CAKE9708,Chocolate Mousse Cake ,"CAKE9704,CAKE11557","CAKE9704,CAKE9705",Chocolate Mousse Cream Cake 3kg <strong>(Please add packet of Candles & Knife along with Cake)</strong>,3599
CAKE11551,Chocolate Mousse Cake  ,"CAKE9704,CAKE11557","CAKE11557,CAKE11552",Chocolate Mousse Cream Cake 3kg Eggless. <strong>(Please add packet of Candles & Knife along with Cake)</strong>,3649
CAKE9593,Love Flower Cake ,"CAKE9593,CAKE10690","CAKE9593,CAKE9589",Love Flower Fondant Cake 2kg. (Chocolate Truffle). <strong>(Please add packet of Candles & Knife along with Cake)</strong>,3549
CAKE10690,Love Flower Cake  ,"CAKE9593,CAKE10690","CAKE10690,CAKE10689",Love Flower Fondant Cake 2kg Eggless. (Chocolate Truffle). <strong>(Please add packet of Candles & Knife along with Cake)</strong>,3649
CAKE9589,Love Flower Cake ,"CAKE9593,CAKE10690","CAKE9593,CAKE9589",Love Flower Fondant Cake 3kg. (Chocolate Truffle). <strong>(Please add packet of Candles & Knife along with Cake)</strong>,4899
CAKE10689,Love Flower Cake  ,"CAKE9593,CAKE10690","CAKE10690,CAKE10689",Love Flower Fondant Cake 3kg Eggless. (Chocolate Truffle). <strong>(Please add packet of Candles & Knife along with Cake)</strong>,4699
CAKE9586,Delicious Jack Daniels Cake ,"CAKE9586,CAKE12856","CAKE9586,CAKE9590",Delicious Jack Daniels Fondant Cake 2kg (Chocolate Truffle). <strong>(Please add packet of Candles & Knife along with Cake)</strong>,3549
CAKE12856,Delicious Jack Daniels Cake  ,"CAKE9586,CAKE12856","CAKE12856,CAKE12851",Delicious Jack Daniels Fondant Cake 2kg Eggless. (Chocolate Truffle). <strong>(Please add packet of Candles & Knife along with Cake)</strong>,3649
CAKE9590,Delicious Jack Daniels Cake ,"CAKE9586,CAKE12856","CAKE9586,CAKE9590",Delicious Jack Daniels Fondant Cake 3kg (Chocolate Truffle). <strong>(Please add packet of Candles & Knife along with Cake)</strong>,4899
CAKE12851,Delicious Jack Daniels Cake  ,"CAKE9586,CAKE12856","CAKE12856,CAKE12851",Delicious Jack Daniels Fondant Cake 3kg Eggless. (Chocolate Truffle). <strong>(Please add packet of Candles & Knife along with Cake)</strong>,4699
CAKE9625,iPhone 4s Cake ,"CAKE9625,CAKE10737","CAKE9625,CAKE9623",iPhone 4s Fondant Cake 2kg. (Chocolate Truffle). <strong>(Please add packet of Candles & Knife along with Cake)</strong>,3549
CAKE10737,iPhone 4s Cake  ,"CAKE9625,CAKE10737","CAKE10737,CAKE10743",iPhone 4s Fondant Cake 2kg Eggless. (Chocolate Truffle). <strong>(Please add packet of Candles & Knife along with Cake)</strong>,3649
CAKE9623,iPhone 4s Cake ,"CAKE9625,CAKE10737","CAKE9625,CAKE9623",iPhone 4s Fondant Cake 3kg. (Chocolate Truffle). <strong>(Please add packet of Candles & Knife along with Cake)</strong>,4899
CAKE10743,iPhone 4s Cake  ,"CAKE9625,CAKE10737","CAKE10737,CAKE10743",iPhone 4s Fondant Cake 3kg Eggless. (Chocolate Truffle). <strong>(Please add packet of Candles & Knife along with Cake)</strong>,4699
CAKE9641,Black Forest Delight ,"CAKE9649,CAKE12278","CAKE9649,CAKE9641,CAKE9748",Black Forest Delight Cream Cake 1kg. <strong>(Please add packet of Candles & Knife along with Cake)</strong>,1499
CAKE12277,Black Forest Delight  ,"CAKE9649,CAKE12278","CAKE12278,CAKE12277,CAKE12280",Black Forest Delight Cream Cake 1kg Eggless. <strong>(Please add packet of Candles & Knife along with Cake)</strong>,1549
CAKE9748,Black Forest Delight ,"CAKE9649,CAKE12278","CAKE9649,CAKE9641,CAKE9748",Black Forest Delight Cream Cake 2kg. <strong>(Please add packet of Candles & Knife along with Cake)</strong>,2699
CAKE12280,Black Forest Delight  ,"CAKE9649,CAKE12278","CAKE12278,CAKE12277,CAKE12280",Black Forest Delight Cream Cake 2kg Eggless. <strong>(Please add packet of Candles & Knife along with Cake)</strong>,2749
CAKE9649,Black Forest Delight ,"CAKE9649,CAKE12278","CAKE9649,CAKE9641,CAKE9748",Black Forest Delight Cream Cake Half kg. <strong>(Please add packet of Candles & Knife along with Cake)</strong>,999
CAKE12278,Black Forest Delight  ,"CAKE9649,CAKE12278","CAKE12278,CAKE12277,CAKE12280",Black Forest Delight Cream Cake Half kg Eggless. <strong>(Please add packet of Candles & Knife along with Cake)</strong>,1049
CAKE9697,Chocolate Nova Cake ,"CAKE9693,CAKE11554","CAKE9693,CAKE9697,CAKE9701",Chocolate Nova Cream Cake 1kg <strong>(Please add packet of Candles & Knife along with Cake)</strong>,1499
CAKE11553,Chocolate Nova Cake  ,"CAKE9693,CAKE11554","CAKE11554,CAKE11553,CAKE11517",Chocolate Nova Cream Cake 1kg Eggless. <strong>(Please add packet of Candles & Knife along with Cake)</strong>,1549
CAKE9701,Chocolate Nova Cake ,"CAKE9693,CAKE11554","CAKE9693,CAKE9697,CAKE9701",Chocolate Nova Cream Cake 2kg <strong>(Please add packet of Candles & Knife along with Cake)</strong>,2699
CAKE11517,Chocolate Nova Cake  ,"CAKE9693,CAKE11554","CAKE11554,CAKE11553,CAKE11517",Chocolate Nova Cream Cake 2kg Eggless. <strong>(Please add packet of Candles & Knife along with Cake)</strong>,2749
CAKE9693,Chocolate Nova Cake ,"CAKE9693,CAKE11554","CAKE9693,CAKE9697,CAKE9701",Chocolate Nova Cream Cake Half kg <strong>(Please add packet of Candles & Knife along with Cake)</strong>,999
CAKE11554,Chocolate Nova Cake  ,"CAKE9693,CAKE11554","CAKE11554,CAKE11553,CAKE11517",Chocolate Nova Cream Cake Half kg Eggless. <strong>(Please add packet of Candles & Knife along with Cake)</strong>,1049
CAKE9739,Black Forest with Cherry ,"CAKE9739,CAKE12279","CAKE9739,CAKE9737",Black Forest with Cherry Cream Cake 1kg. <strong>(Please add packet of Candles & Knife along with Cake)</strong>,1499
CAKE12279,Black Forest with Cherry  ,"CAKE9739,CAKE12279","CAKE12279,CAKE12273",Black Forest with Cherry Cream Cake 1kg Eggless. <strong>(Please add packet of Candles & Knife along with Cake)</strong>,1549
CAKE9737,Black Forest with Cherry ,"CAKE9739,CAKE12279","CAKE9739,CAKE9737",Black Forest with Cherry Cream Cake 2kg. <strong>(Please add packet of Candles & Knife along with Cake)</strong>,2699
CAKE12273,Black Forest with Cherry  ,"CAKE9739,CAKE12279","CAKE12279,CAKE12273",Black Forest with Cherry Cream Cake 2kg Eggless. <strong>(Please add packet of Candles & Knife along with Cake)</strong>,2749
CAKE9743,Black Forest with Cherry ,"CAKE9739,CAKE12279","CAKE9739,CAKE9737",Black Forest with Cherry Cream Cake 3kg. <strong>(Please add packet of Candles & Knife along with Cake)</strong>,3599
CAKE12272,Black Forest with Cherry  ,"CAKE9739,CAKE12279","CAKE12279,CAKE12273",Black Forest with Cherry Cream Cake 3kg Eggless. <strong>(Please add packet of Candles & Knife along with Cake)</strong>,3649
CAKE9756,Chocolaty Heart Cake ,"CAKE9756,CAKE11325","CAKE9756,CAKE9762",Chocolate Heart Cream Cake 1kg. <strong>(Please add packet of Candles & Knife along with Cake)</strong>,1499
CAKE11325,Chocolaty Heart Cake  ,"CAKE9756,CAKE11325","CAKE11325,CAKE11324",Chocolate Heart Cream Cake 1kg Eggless. <strong>(Please add packet of Candles & Knife along with Cake)</strong>,1549
CAKE9762,Chocolaty Heart Cake ,"CAKE9756,CAKE11325","CAKE9756,CAKE9762",Chocolate Heart Cream Cake 2kg. <strong>(Please add packet of Candles & Knife along with Cake)</strong>,2699
CAKE11324,Chocolaty Heart Cake  ,"CAKE9756,CAKE11325","CAKE11325,CAKE11324",Chocolate Heart Cream Cake 2kg Eggless. <strong>(Please add packet of Candles & Knife along with Cake)</strong>,2749
CAKE9760,Chocolaty Heart Cake ,"CAKE9756,CAKE11325","CAKE9756,CAKE9762",Chocolate Heart Cream Cake 3kg. <strong>(Please add packet of Candles & Knife along with Cake)</strong>,3599
CAKE11327,Chocolaty Heart Cake  ,"CAKE9756,CAKE11325","CAKE11325,CAKE11324",Chocolate Heart Cream Cake 3kg Eggless. <strong>(Please add packet of Candles & Knife along with Cake)</strong>,3649
CAKE11823,Happy Mothers Day Cake  ,"CAKE9768,CAKE11808","CAKE11808,CAKE11823","Happy Mothers Day Fondant Cake 3kg Eggless. (If there is no information on flavour from customer, kindly treat chocolate truffle as the default flavour). <strong>(Please add packet of Candles & Knife along with Cake)</strong>",4699
CAKE9768,Happy Mothers Day Cake ,"CAKE9768,CAKE11808","CAKE9768,CAKE9771","Happy Mothers Day Fondant Cake 2kg (If there is no information on flavour from customer, kindly treat chocolate truffle as the default flavour). <strong>(Please add packet of Candles & Knife along with Cake)</strong>",3549
CAKE11808,Happy Mothers Day Cake  ,"CAKE9768,CAKE11808","CAKE11808,CAKE11823","Happy Mothers Day Fondant Cake 2kg Eggless. (If there is no information on flavour from customer, kindly treat chocolate truffle as the default flavour). <strong>(Please add packet of Candles & Knife along with Cake)</strong>",3649
CAKE9771,Happy Mothers Day Cake ,"CAKE9768,CAKE11808","CAKE9768,CAKE9771","Happy Mothers Day Fondant Cake 3kg (If there is no information on flavour from customer, kindly treat chocolate truffle as the default flavour). <strong>(Please add packet of Candles & Knife along with Cake)</strong>",4899
CAKE12103,Pineapple Cake  ,"CAKE8632,CAKE12104","CAKE12104,CAKE12103,CAKE12108",Pineapple Cake 1Kg Eggless. <strong>(Please add packet of Candles & Knife along with cake)</strong>,1049
CAKE12104,Pineapple Cake  ,"CAKE8632,CAKE12104","CAKE12104,CAKE12103,CAKE12108",Pineapple Cake Half kg Eggless. <strong>(Please add packet of Candles & Knife along with cake)</strong>,649
CAKE12108,Pineapple Cake  ,"CAKE8632,CAKE12104","CAKE12104,CAKE12103,CAKE12108",Pineapple Cake 2Kg Eggless. <strong>(Please add packet of Candles & Knife along with cake)</strong>,1999
CAKE8631,Pineapple Cake ,"CAKE8632,CAKE12104","CAKE8632,CAKE8631,CAKE8634",Pineapple Cake 1Kg <strong>(Please add packet of Candles & Knife along with cake)</strong>,999
CAKE8632,Pineapple Cake ,"CAKE8632,CAKE12104","CAKE8632,CAKE8631,CAKE8634",Pineapple Cake Half kg <strong>(Please add packet of Candles & Knife along with cake)</strong>,599
CAKE8634,Pineapple Cake ,"CAKE8632,CAKE12104","CAKE8632,CAKE8631,CAKE8634",Pineapple Cake 2Kg <strong>(Please add packet of Candles & Knife along with cake)</strong>,1949
CAKE12093,Fruit Cake  ,"CAKE9789,CAKE12094","CAKE12094,CAKE12093",Fruit Cake 2kg Eggless. <strong>(Please add packet of Candles & Knife along with cake)</strong>,2199
CAKE12094,Fruit Cake  ,"CAKE9789,CAKE12094","CAKE12094,CAKE12093",Fruit Cake 1kg Eggless. <strong>(Please add packet of Candles & Knife along with cake)</strong>,1199
CAKE9788,Fruit Cake ,"CAKE9789,CAKE12094","CAKE9789,CAKE9788",Fruit Cake 2kg <strong>(Please add packet of Candles & Knife along with cake)</strong>,2149
CAKE9789,Fruit Cake ,"CAKE9789,CAKE12094","CAKE9789,CAKE9788",Fruit Cake 1kg <strong>(Please add packet of Candles & Knife along with cake)</strong>,1149
CAKE11754,Butterscotch Cake  ,"CAKE9796,CAKE11754","CAKE11754,CAKE11757,CAKE11756",Butterscotch Cake Half kg Eggless. <strong>(Please add packet of Candles & Knife along with cake)</strong>,849
CAKE11756,Butterscotch Cake  ,"CAKE9796,CAKE11754","CAKE11754,CAKE11757,CAKE11756",Butterscotch Cake 2Kg Eggless. <strong>(Please add packet of Candles & Knife along with cake)</strong>,2599
CAKE11757,Butterscotch Cake  ,"CAKE9796,CAKE11754","CAKE11754,CAKE11757,CAKE11756",Butterscotch Cake 1Kg Eggless. <strong>(Please add packet of Candles & Knife along with cake)</strong>,1199
CAKE9791,Butterscotch Cake ,"CAKE9796,CAKE11754","CAKE9796,CAKE9792,CAKE9791",Butterscotch Cake 2Kg <strong>(Please add packet of Candles & Knife along with cake)</strong>,2399
CAKE9792,Butterscotch Cake ,"CAKE9796,CAKE11754","CAKE9796,CAKE9792,CAKE9791",Butterscotch Cake 1Kg <strong>(Please add packet of Candles & Knife along with cake)</strong>,1149
CAKE9796,Butterscotch Cake ,"CAKE9796,CAKE11754","CAKE9796,CAKE9792,CAKE9791",Butterscotch Cake Half kg <strong>(Please add packet of Candles & Knife along with cake)</strong>,799
CAKE11755,Chocolate Cake  ,"CAKE9801,CAKE11763","CAKE11763,CAKE11761,CAKE11755",Chocolate Cake 2kg Eggless. <strong>(Please add packet of Candles & Knife along with cake)</strong>,1999
CAKE11761,Chocolate Cake  ,"CAKE9801,CAKE11763","CAKE11763,CAKE11761,CAKE11755",Chocolate Cake 1kg Eggless. <strong>(Please add packet of Candles & Knife along with cake)</strong>,1049
CAKE11763,Chocolate Cake  ,"CAKE9801,CAKE11763","CAKE11763,CAKE11761,CAKE11755",Chocolate Cake Half kg Eggless. <strong>(Please add packet of Candles & Knife along with cake)</strong>,649
CAKE9795,Chocolate Cake ,"CAKE9801,CAKE11763","CAKE9801,CAKE9800,CAKE9795",Chocolate Cake 2kg <strong>(Please add packet of Candles & Knife along with cake)</strong>,1949
CAKE9800,Chocolate Cake ,"CAKE9801,CAKE11763","CAKE9801,CAKE9800,CAKE9795",Chocolate Cake 1kg <strong>(Please add packet of Candles & Knife along with cake)</strong>,999
CAKE9801,Chocolate Cake ,"CAKE9801,CAKE11763","CAKE9801,CAKE9800,CAKE9795",Chocolate Cake Half kg <strong>(Please add packet of Candles & Knife along with cake)</strong>,599
CAKE9828,Delectable Cupcakes For My Dad ,"CAKE9822,CAKE12190","CAKE9822,CAKE9828,CAKE9826","12 Delectable Cupcakes For My Dad. (If there is no information on flavour from customer, kindly treat Chocolate as the default flavour). <strong>(Please add packet of Candles & Knife along with cake)</strong>",2249
CAKE12188,Delectable Cupcakes For My Dad  ,"CAKE9822,CAKE12190","CAKE12190,CAKE12188,CAKE12182","Delectable Cupcakes For My Dad 12 Eggless. (If there is no information on flavour from customer, kindly treat Chocolate as the default flavour). <strong>(Please add packet of Candles & Knife along with cake)</strong>",2299
CAKE9826,Delectable Cupcakes For My Dad ,"CAKE9822,CAKE12190","CAKE9822,CAKE9828,CAKE9826","24 Delectable Cupcakes For My Dad. (If there is no information on flavour from customer, kindly treat Chocolate as the default flavour). <strong>(Please add packet of Candles & Knife along with cake)</strong>",3949
CAKE12182,Delectable Cupcakes For My Dad  ,"CAKE9822,CAKE12190","CAKE12190,CAKE12188,CAKE12182","Delectable Cupcakes For My Dad 24 Eggless. (If there is no information on flavour from customer, kindly treat Chocolate as the default flavour). <strong>(Please add packet of Candles & Knife along with cake)</strong>",3999
CAKE9822,Delectable Cupcakes For My Dad ,"CAKE9822,CAKE12190","CAKE9822,CAKE9828,CAKE9826","Delectable Cupcakes For My Dad. (If there is no information on flavour from customer, kindly treat Chocolate as the default flavour). <strong>(Please add packet of Candles & Knife along with cake)</strong>",1149
CAKE12190,Delectable Cupcakes For My Dad  ,"CAKE9822,CAKE12190","CAKE12190,CAKE12188,CAKE12182","Delectable Cupcakes For My Dad 6 Eggless. (If there is no information on flavour from customer, kindly treat Chocolate as the default flavour). <strong>(Please add packet of Candles & Knife along with cake)</strong>",1199
CAKE9842,Death By Chocolate Cupcakes ,"CAKE9844,CAKE12205","CAKE9844,CAKE9842,CAKE9848",12 pieces Death By Chocolate Cupcakes. <strong>(Please add packet of Candles & Knife along with cake)</strong>,2099
CAKE12202,Death By Chocolate Cupcakes  ,"CAKE9844,CAKE12205","CAKE12205,CAKE12202,CAKE12211",Death By Chocolate Cupcakes 12 Eggless. <strong>(Please add packet of Candles & Knife along with cake)</strong>,2149
CAKE9848,Death By Chocolate Cupcakes ,"CAKE9844,CAKE12205","CAKE9844,CAKE9842,CAKE9848",24 pieces Death By Chocolate Cupcakes. <strong>(Please add packet of Candles & Knife along with cake)</strong>,3799
CAKE12211,Death By Chocolate Cupcakes  ,"CAKE9844,CAKE12205","CAKE12205,CAKE12202,CAKE12211",Death By Chocolate Cupcakes 24 Eggless. <strong>(Please add packet of Candles & Knife along with cake)</strong>,3849
CAKE9844,Death By Chocolate Cupcakes ,"CAKE9844,CAKE12205","CAKE9844,CAKE9842,CAKE9848",6 pieces Death By Chocolate Cupcakes <strong>(Please add packet of Candles & Knife along with cake)</strong>,1099
CAKE12205,Death By Chocolate Cupcakes  ,"CAKE9844,CAKE12205","CAKE12205,CAKE12202,CAKE12211",Death By Chocolate Cupcakes 6 Eggless. <strong>(Please add packet of Candles & Knife along with cake)</strong>,1149
CAKE9835,Mothers Day Pink Cupcakes ,"CAKE9837,CAKE11452","CAKE9837,CAKE9835,CAKE9841",12 Mothers Day Pink Vanilla Cupcakes (Please add packet of Candles & Knife along with cake),2249
CAKE11450,Mothers Day Pink Cupcakes  ,"CAKE9837,CAKE11452","CAKE11452,CAKE11450,CAKE11443",Mothers Day Pink Vanilla Cupcakes 12 Eggless. <strong>(Please add packet of Candles & Knife along with cake)</strong>,2299
CAKE9841,Mothers Day Pink Cupcakes ,"CAKE9837,CAKE11452","CAKE9837,CAKE9835,CAKE9841",24 Mothers Day Pink Vanilla Cupcakes (Please add packet of Candles & Knife along with cake),3949
CAKE11443,Mothers Day Pink Cupcakes  ,"CAKE9837,CAKE11452","CAKE11452,CAKE11450,CAKE11443",Mothers Day Pink Vanilla Cupcakes 24 Eggless. <strong>(Please add packet of Candles & Knife along with cake)</strong>,3999
CAKE9837,Mothers Day Pink Cupcakes ,"CAKE9837,CAKE11452","CAKE9837,CAKE9835,CAKE9841",6 Mothers Day Pink Vanilla Cupcakes (Please add packet of Candles & Knife along with cake),1149
CAKE11452,Mothers Day Pink Cupcakes  ,"CAKE9837,CAKE11452","CAKE11452,CAKE11450,CAKE11443",Mothers Day Pink Vanilla Cupcakes 6 Eggless. <strong>(Please add packet of Candles & Knife along with cake)</strong>,1199
CAKE9858,Diya Cupcakes ,"CAKE9860,CAKE12180","CAKE9860,CAKE9858,CAKE10001","Diya Cupcakes 12. (If there is no information on flavour from customer, kindly treat Chocolate as the default flavour). <strong>(Please add packet of Candles & Knife along with cake)</strong>",2249
CAKE12156,Diya Cupcakes  ,"CAKE9860,CAKE12180","CAKE12180,CAKE12156,CAKE12155","Diya Cupcakes 12 Eggless. (If there is no information on flavour from customer, kindly treat Chocolate as the default flavour). <strong>(Please add packet of Candles & Knife along with cake)</strong>",2299
CAKE10001,Diya Cupcakes ,"CAKE9860,CAKE12180","CAKE9860,CAKE9858,CAKE10001","Diya Cupcakes 24. (If there is no information on flavour from customer, kindly treat Chocolate as the default flavour). <strong>(Please add packet of Candles & Knife along with cake)</strong>",3949
CAKE12155,Diya Cupcakes  ,"CAKE9860,CAKE12180","CAKE12180,CAKE12156,CAKE12155","Diya Cupcakes 24 Eggless. (If there is no information on flavour from customer, kindly treat Chocolate as the default flavour). <strong>(Please add packet of Candles & Knife along with cake)</strong>",3999
CAKE9860,Diya Cupcakes ,"CAKE9860,CAKE12180","CAKE9860,CAKE9858,CAKE10001","Diya Cupcakes 6. (If there is no information on flavour from customer, kindly treat Chocolate as the default flavour). <strong>(Please add packet of Candles & Knife along with cake)</strong>",1149
CAKE12180,Diya Cupcakes  ,"CAKE9860,CAKE12180","CAKE12180,CAKE12156,CAKE12155","Diya Cupcakes 6 Eggless. (If there is no information on flavour from customer, kindly treat Chocolate as the default flavour). <strong>(Please add packet of Candles & Knife along with cake)</strong>",1199
CAKE9879,Blue Pink Fantasy Cupcakes ,"CAKE9880,CAKE12744","CAKE9880,CAKE9879,CAKE9850","12 Blue & Pink Fantasy Cupcakes. (If there is no information on flavour from customer, kindly treat Chocolate as the default flavour). <strong>(Please add packet of Candles & Knife along with cake)</strong>",2099
CAKE12747,Blue Pink Fantasy Cupcakes  ,"CAKE9880,CAKE12744","CAKE12744,CAKE12747,CAKE12746","Blue & Pink Fantasy Cupcakes 12 Eggless. (If there is no information on flavour from customer, kindly treat Chocolate as the default flavour). <strong>(Please add packet of Candles & Knife along with cake)</strong>",2149
CAKE9850,Blue Pink Fantasy Cupcakes ,"CAKE9880,CAKE12744","CAKE9880,CAKE9879,CAKE9850","24 The Blue & Pink Fantasy Cupcakes. (If there is no information on flavour from customer, kindly treat Chocolate as the default flavour). <strong>(Please add packet of Candles & Knife along with cake)</strong>",3799
CAKE12746,Blue Pink Fantasy Cupcakes  ,"CAKE9880,CAKE12744","CAKE12744,CAKE12747,CAKE12746","Blue & Pink Fantasy Cupcakes 24 Eggless. (If there is no information on flavour from customer, kindly treat Chocolate as the default flavour). <strong>(Please add packet of Candles & Knife along with cake)</strong>",3849
CAKE9880,Blue Pink Fantasy Cupcakes ,"CAKE9880,CAKE12744","CAKE9880,CAKE9879,CAKE9850","6 The Blue & Pink Fantasy Cupcakes. (If there is no information on flavour from customer, kindly treat Chocolate as the default flavour). <strong>(Please add packet of Candles & Knife along with cake)</strong>",1099
CAKE12744,Blue Pink Fantasy Cupcakes  ,"CAKE9880,CAKE12744","CAKE12744,CAKE12747,CAKE12746","Blue & Pink Fantasy Cupcakes 6 Eggless. (If there is no information on flavour from customer, kindly treat Chocolate as the default flavour). <strong>(Please add packet of Candles & Knife along with cake)</strong>",1149
CAKE9852,Designer Cupcakes For Dad ,"CAKE9881,CAKE12170","CAKE9881,CAKE9852,CAKE9851","Designer Cupcakes For Dad-12 (If there is no information on flavour from customer, kindly treat Chocolate as the default flavour). <strong>(Please add packet of Candles & Knife along with cake)</strong>",2249
CAKE12162,Designer Cupcakes For Dad  ,"CAKE9881,CAKE12170","CAKE12170,CAKE12162,CAKE12161","Designer Cupcakes For Dad 12 Eggless. (If there is no information on flavour from customer, kindly treat Chocolate as the default flavour). <strong>(Please add packet of Candles & Knife along with cake)</strong>",2299
CAKE9851,Designer Cupcakes For Dad ,"CAKE9881,CAKE12170","CAKE9881,CAKE9852,CAKE9851","Designer Cupcakes For Dad-24 (If there is no information on flavour from customer, kindly treat Chocolate as the default flavour). <strong>(Please add packet of Candles & Knife along with cake)</strong>",3949
CAKE12161,Designer Cupcakes For Dad  ,"CAKE9881,CAKE12170","CAKE12170,CAKE12162,CAKE12161","Designer Cupcakes For Dad 24 Eggless. (If there is no information on flavour from customer, kindly treat Chocolate as the default flavour). <strong>(Please add packet of Candles & Knife along with cake)</strong>",3999
CAKE9881,Designer Cupcakes For Dad ,"CAKE9881,CAKE12170","CAKE9881,CAKE9852,CAKE9851","Designer Cupcakes For Dad-6 (If there is no information on flavour from customer, kindly treat Chocolate as the default flavour). <strong>(Please add packet of Candles & Knife along with cake)</strong>",1149
CAKE12170,Designer Cupcakes For Dad  ,"CAKE9881,CAKE12170","CAKE12170,CAKE12162,CAKE12161","Designer Cupcakes For Dad 6 Eggless. (If there is no information on flavour from customer, kindly treat Chocolate as the default flavour). <strong>(Please add packet of Candles & Knife along with cake)</strong>",1199
CAKE9887,Delicious Rose Cupcakes ,"CAKE9889,CAKE12199","CAKE9889,CAKE9887,CAKE9878",12 Delicious Rose Chocolate Cupcakes <strong>(Please add packet of Candles & Knife along with cake)</strong>,2249
CAKE12167,Delicious Rose Cupcakes  ,"CAKE9889,CAKE12199","CAKE12199,CAKE12167,CAKE12172",Delicious Rose Chocolate Cupcakes 12 Eggless. <strong>(Please add packet of Candles & Knife along with cake)</strong>,2299
CAKE9878,Delicious Rose Cupcakes ,"CAKE9889,CAKE12199","CAKE9889,CAKE9887,CAKE9878",24 Delicious Rose Chocolate Cupcakes <strong>(Please add packet of Candles & Knife along with cake)</strong>,3949
CAKE12172,Delicious Rose Cupcakes  ,"CAKE9889,CAKE12199","CAKE12199,CAKE12167,CAKE12172",Delicious Rose Chocolate Cupcakes 24 Eggless. <strong>(Please add packet of Candles & Knife along with cake)</strong>,3999
CAKE9889,Delicious Rose Cupcakes ,"CAKE9889,CAKE12199","CAKE9889,CAKE9887,CAKE9878",6 Delicious Rose Chocolate Cupcakes <strong>(Please add packet of Candles & Knife along with cake)</strong>,1149
CAKE12199,Delicious Rose Cupcakes  ,"CAKE9889,CAKE12199","CAKE12199,CAKE12167,CAKE12172",Delicious Rose Chocolate Cupcakes 6 Eggless. <strong>(Please add packet of Candles & Knife along with cake)</strong>,1199
CAKE9893,Chocolate Cupcakes ,"CAKE9890,CAKE12959","CAKE9890,CAKE9893,CAKE9892",12 Chocolate Cupcakes <strong>(Please add packet of Candles & Knife along with cake)</strong>,2099
CAKE12961,Chocolate Cupcakes  ,"CAKE9890,CAKE12959","CAKE12959,CAKE12961,CAKE12960",Chocolate Cupcakes 12 Eggless. <strong>(Please add packet of Candles & Knife along with cake)</strong>,2149
CAKE9892,Chocolate Cupcakes ,"CAKE9890,CAKE12959","CAKE9890,CAKE9893,CAKE9892",24 Chocolate Cupcakes. <strong>(Please add packet of Candles & Knife along with cake)</strong>,3799
CAKE12960,Chocolate Cupcakes  ,"CAKE9890,CAKE12959","CAKE12959,CAKE12961,CAKE12960",Chocolate Cupcakes 24 Eggless. <strong>(Please add packet of Candles & Knife along with cake)</strong>,3849
CAKE9890,Chocolate Cupcakes ,"CAKE9890,CAKE12959","CAKE9890,CAKE9893,CAKE9892",6 Chocolate Cupcakes <strong>(Please add packet of Candles & Knife along with cake)</strong>,1099
CAKE12959,Chocolate Cupcakes  ,"CAKE9890,CAKE12959","CAKE12959,CAKE12961,CAKE12960",Chocolate Cupcakes 6 Eggless. <strong>(Please add packet of Candles & Knife along with cake)</strong>,1149
CAKE12722,Pineapple Swirl Cake  ,"CAKE144,CAKE12727","CAKE12727,CAKE12728,CAKE12722",Pineapple Swirl Cream Cake 2kg Eggless. <strong>(Please add packet of Candles & Knife along with Cake)</strong>,2899
CAKE12727,Pineapple Swirl Cake  ,"CAKE144,CAKE12727","CAKE12727,CAKE12728,CAKE12722",Pineapple Swirl Cream Cake Half kg Eggless. <strong>(Please add packet of Candles & Knife along with Cake)</strong>,1049
CAKE12728,Pineapple Swirl Cake  ,"CAKE144,CAKE12727","CAKE12727,CAKE12728,CAKE12722",Pineapple Swirl Cream Cake 1kg Eggless. <strong>(Please add packet of Candles & Knife along with Cake)</strong>,1599
CAKE142,Pineapple Swirl Cake ,"CAKE144,CAKE12727","CAKE144,CAKE142,CAKE143",Pineapple Swirl Cream Cake 1kg <strong>(Please add packet of Candles & Knife along with Cake)</strong>,1549
CAKE143,Pineapple Swirl Cake ,"CAKE144,CAKE12727","CAKE144,CAKE142,CAKE143",Pineapple Swirl Cream Cake 2kg <strong>(Please add packet of Candles & Knife along with Cake)</strong>,2849
CAKE144,Pineapple Swirl Cake ,"CAKE144,CAKE12727","CAKE144,CAKE142,CAKE143",Pineapple Swirl Cream Cake Half kg <strong>(Please add packet of Candles & Knife along with Cake)</strong>,999
CAKE37939,Heart Shape Photo Chocolate Cake ,"CAKE37940,CAKE37942","CAKE37940,CAKE37939",Heart Shape Photo Chocolate Cake 2kg.<strong>(Please add packet of Candles & Knife along with cake)</strong>,2899
CAKE37940,Heart Shape Photo Chocolate Cake ,"CAKE37940,CAKE37942","CAKE37940,CAKE37939",Heart Shape Photo Chocolate Cake 1kg.<strong>(Please add packet of Candles & Knife along with cake)</strong>,1699
CAKE37942,Heart Shape Photo Chocolate Cake  ,"CAKE37940,CAKE37942","CAKE37942,CAKE37947",Heart Shape Photo Chocolate Cake 1kg Eggless.<strong>(Please add packet of Candles & Knife along with cake)</strong>,1749
CAKE37943,Heart Shape Photo Chocolate Cake ,"CAKE37940,CAKE37942","CAKE37940,CAKE37939",Heart Shape Photo Chocolate Cake 3kg.<strong>(Please add packet of Candles & Knife along with cake)</strong>,4449
CAKE37945,Heart Shape Photo Chocolate Cake  ,"CAKE37940,CAKE37942","CAKE37942,CAKE37947",Heart Shape Photo Chocolate Cake 3kg Eggless.<strong>(Please add packet of Candles & Knife along with cake)</strong>,4499
CAKE37947,Heart Shape Photo Chocolate Cake  ,"CAKE37940,CAKE37942","CAKE37942,CAKE37947",Heart Shape Photo Chocolate Cake 2kg Eggless.<strong>(Please add packet of Candles & Knife along with cake)</strong>,2949
CAKE37972,Heart Shape Chocolate Photo Cake  ,"CAKE37976,CAKE37980","CAKE37980,CAKE37979",Heart Shape Chocolate Photo Cake 3kg Eggless.<strong>(Please add packet of Candles & Knife along with cake)</strong>,4499
CAKE37976,Heart Shape Chocolate Photo Cake ,"CAKE37976,CAKE37980","CAKE37976,CAKE37978",Heart Shape Chocolate Photo Cake 1kg.<strong>(Please add packet of Candles & Knife along with cake)</strong>,1699
CAKE37977,Heart Shape Chocolate Photo Cake ,"CAKE37976,CAKE37980","CAKE37976,CAKE37978",Heart Shape Chocolate Photo Cake 3kg.<strong>(Please add packet of Candles & Knife along with cake)</strong>,4449
CAKE37978,Heart Shape Chocolate Photo Cake ,"CAKE37976,CAKE37980","CAKE37976,CAKE37978",Heart Shape Chocolate Photo Cake 2kg.<strong>(Please add packet of Candles & Knife along with cake)</strong>,2899
CAKE37979,Heart Shape Chocolate Photo Cake  ,"CAKE37976,CAKE37980","CAKE37980,CAKE37979",Heart Shape Chocolate Photo Cake 2kg Eggless.<strong>(Please add packet of Candles & Knife along with cake)</strong>,2949
CAKE37980,Heart Shape Chocolate Photo Cake  ,"CAKE37976,CAKE37980","CAKE37980,CAKE37979",Heart Shape Chocolate Photo Cake 1kg Eggless.<strong>(Please add packet of Candles & Knife along with cake)</strong>,1749
CAKE37973,Red Velvet Photo Cake ,"CAKE37974,CAKE37986","CAKE37974,CAKE37973",Red Velvet Photo Cake 2kg.<strong>(Please add packet of Candles & Knife along with cake)</strong>,3449
CAKE37974,Red Velvet Photo Cake ,"CAKE37974,CAKE37986","CAKE37974,CAKE37973",Red Velvet Photo Cake 1kg.<strong>(Please add packet of Candles & Knife along with cake)</strong>,1899
CAKE37975,Red Velvet Photo Cake ,"CAKE37974,CAKE37986","CAKE37974,CAKE37973",Red Velvet Photo Cake 3kg.<strong>(Please add packet of Candles & Knife along with cake)</strong>,4849
CAKE37985,Red Velvet Photo Cake  ,"CAKE37974,CAKE37986","CAKE37986,CAKE37985",Red Velvet Photo Cake 2kg Eggless.<strong>(Please add packet of Candles & Knife along with cake)</strong>,3499
CAKE37986,Red Velvet Photo Cake  ,"CAKE37974,CAKE37986","CAKE37986,CAKE37985",Red Velvet Photo Cake 1kg Eggless.<strong>(Please add packet of Candles & Knife along with cake)</strong>,1949
CAKE37988,Red Velvet Photo Cake  ,"CAKE37974,CAKE37986","CAKE37986,CAKE37985",Red Velvet Photo Cake 3kg Eggless.<strong>(Please add packet of Candles & Knife along with cake)</strong>,4899
CAKE37981,Photo Square Chocolate Cake  ,"CAKE37990,CAKE37981","CAKE37981,CAKE37984",Photo Square Chocolate Cake 1kg Eggless.<strong>(Please add packet of Candles & Knife along with cake)</strong>,1749
CAKE37982,Photo Square Chocolate Cake ,"CAKE37990,CAKE37981","CAKE37990,CAKE37989",Photo Square Chocolate Cake 3kg.<strong>(Please add packet of Candles & Knife along with cake)</strong>,4449
CAKE37983,Photo Square Chocolate Cake  ,"CAKE37990,CAKE37981","CAKE37981,CAKE37984",Photo Square Chocolate Cake 3kg Eggless.<strong>(Please add packet of Candles & Knife along with cake)</strong>,4449
CAKE37984,Photo Square Chocolate Cake  ,"CAKE37990,CAKE37981","CAKE37981,CAKE37984",Photo Square Chocolate Cake 2kg Eggless.<strong>(Please add packet of Candles & Knife along with cake)</strong>,2949
CAKE37989,Photo Square Chocolate Cake ,"CAKE37990,CAKE37981","CAKE37990,CAKE37989",Photo Square Chocolate Cake 2kg.<strong>(Please add packet of Candles & Knife along with cake)</strong>,2899
CAKE37990,Photo Square Chocolate Cake ,"CAKE37990,CAKE37981","CAKE37990,CAKE37989",Photo Square Chocolate Cake 1kg.<strong>(Please add packet of Candles & Knife along with cake)</strong>,1749
CAKE38638,Valentine Cake  ,"CAKE38643,CAKE38638","CAKE38638,CAKE38639","Valentine Fondant Cake 2kg Eggless (If there is no information on flavour from customer, kindly treat Chocolate Truffle as the default flavour). <strong>(Please add packet of Candles & Knife along with cake)</strong>",3649
CAKE38639,Valentine Cake  ,"CAKE38643,CAKE38638","CAKE38638,CAKE38639","Valentine Fondant Cake 3kg Eggless (If there is no information on flavour from customer, kindly treat Chocolate Truffle as the default flavour). <strong>(Please add packet of Candles & Knife along with cake)</strong>",4899
CAKE38640,Valentine Cake ,"CAKE38643,CAKE38638","CAKE38643,CAKE38640","Valentine Fondant Cake 3kg (If there is no information on flavour from customer, kindly treat Chocolate Truffle as the default flavour). <strong>(Please add packet of Candles & Knife along with cake)</strong>",4699
CAKE38643,Valentine Cake ,"CAKE38643,CAKE38638","CAKE38643,CAKE38640","Valentine Fondant Cake 2kg (If there is no information on flavour from customer, kindly treat Chocolate Truffle as the default flavour). <strong>(Please add packet of Candles & Knife along with cake)</strong>",3549
CAKE38644,Birthday Cake ,"CAKE38653,CAKE38649","CAKE38653,CAKE38646","Love Is Full Of Surprises Fondant Cake 3kg (If there is no information on flavour from customer, kindly treat Chocolate Truffle as the default flavour). <strong>(Please add packet of Candles & Knife along with cake)</strong>",4699
CAKE38646,Birthday Cake ,"CAKE38653,CAKE38649","CAKE38653,CAKE38646","Love Is Full Of Surprises Fondant Cake 2kg (If there is no information on flavour from customer, kindly treat Chocolate Truffle as the default flavour). <strong>(Please add packet of Candles & Knife along with cake)</strong>",3549
CAKE38649,Birthday Cake  ,"CAKE38653,CAKE38649","CAKE38649,CAKE38657","Love Is Full Of Surprises Fondant Cake 1kg Eggless (If there is no information on flavour from customer, kindly treat Chocolate Truffle as the default flavour). <strong>(Please add packet of Candles & Knife along with cake)</strong>",1949
CAKE38653,Birthday Cake ,"CAKE38653,CAKE38649","CAKE38653,CAKE38646","Love Is Full Of Surprises Fondant Cake 1kg (If there is no information on flavour from customer, kindly treat Chocolate Truffle as the default flavour). <strong>(Please add packet of Candles & Knife along with cake)</strong>",1899
CAKE38656,Birthday Cake  ,"CAKE38653,CAKE38649","CAKE38649,CAKE38657","Love Is Full Of Surprises Fondant Cake 3kg Eggless (If there is no information on flavour from customer, kindly treat Chocolate Truffle as the default flavour). <strong>(Please add packet of Candles & Knife along with cake)</strong>",4899
CAKE38657,Birthday Cake  ,"CAKE38653,CAKE38649","CAKE38649,CAKE38657","Love Is Full Of Surprises Fondant Cake 2kg Eggless (If there is no information on flavour from customer, kindly treat Chocolate Truffle as the default flavour). <strong>(Please add packet of Candles & Knife along with cake)</strong>",3649
CAKE38659,Blossoming Love Cake ,"CAKE38659,CAKE38686","CAKE38659,CAKE38684","Blossoming Love Fondant Cake 1kg (If there is no information on flavour from customer, kindly treat Chocolate Truffle as the default flavour). <strong>(Please add packet of Candles & Knife along with cake)</strong>",1899
CAKE38677,Blossoming Love Cake  ,"CAKE38659,CAKE38686","CAKE38686,CAKE38685","Blossoming Love Fondant Cake 3kg Eggless (If there is no information on flavour from customer, kindly treat Chocolate Truffle as the default flavour). <strong>(Please add packet of Candles & Knife along with cake)</strong>",4899
CAKE38683,Blossoming Love Cake ,"CAKE38659,CAKE38686","CAKE38659,CAKE38684","Blossoming Love Fondant Cake 3kg (If there is no information on flavour from customer, kindly treat Chocolate Truffle as the default flavour). <strong>(Please add packet of Candles & Knife along with cake)</strong>",4699
CAKE38684,Blossoming Love Cake ,"CAKE38659,CAKE38686","CAKE38659,CAKE38684","Blossoming Love Fondant Cake 2kg (If there is no information on flavour from customer, kindly treat Chocolate Truffle as the default flavour). <strong>(Please add packet of Candles & Knife along with cake)</strong>",3549
CAKE38685,Blossoming Love Cake  ,"CAKE38659,CAKE38686","CAKE38686,CAKE38685","Blossoming Love Fondant Cake 2kg Eggless (If there is no information on flavour from customer, kindly treat Chocolate Truffle as the default flavour). <strong>(Please add packet of Candles & Knife along with cake)</strong>",3649
CAKE38686,Blossoming Love Cake  ,"CAKE38659,CAKE38686","CAKE38686,CAKE38685","Blossoming Love Fondant Cake 1kg Eggless (If there is no information on flavour from customer, kindly treat Chocolate Truffle as the default flavour). <strong>(Please add packet of Candles & Knife along with cake)</strong>",1949
CAKE38665,Colors Of Love Cake  ,"CAKE38672,CAKE38665","CAKE38665,CAKE38745","Colors Of Love Fondant Cake 1kg Eggless (If there is no information on flavour from customer, kindly treat Chocolate Truffle as the default flavour). <strong>(Please add packet of Candles & Knife along with cake)</strong>",1949
CAKE38666,Colors Of Love Cake ,"CAKE38672,CAKE38665","CAKE38672,CAKE38671","Colors Of Love Fondant Cake 3kg (If there is no information on flavour from customer, kindly treat Chocolate Truffle as the default flavour). <strong>(Please add packet of Candles & Knife along with cake)</strong>",4699
CAKE38671,Colors Of Love Cake ,"CAKE38672,CAKE38665","CAKE38672,CAKE38671","Colors Of Love Fondant Cake 2kg (If there is no information on flavour from customer, kindly treat Chocolate Truffle as the default flavour). <strong>(Please add packet of Candles & Knife along with cake)</strong>",3549
CAKE38672,Colors Of Love Cake ,"CAKE38672,CAKE38665","CAKE38672,CAKE38671","Colors Of Love Fondant Cake 1kg (If there is no information on flavour from customer, kindly treat Chocolate Truffle as the default flavour). <strong>(Please add packet of Candles & Knife along with cake)</strong>",1899
CAKE38742,Colors Of Love Cake  ,"CAKE38672,CAKE38665","CAKE38665,CAKE38745","Colors Of Love Fondant Cake 3kg Eggless (If there is no information on flavour from customer, kindly treat Chocolate Truffle as the default flavour). <strong>(Please add packet of Candles & Knife along with cake)</strong>",4899
CAKE38745,Colors Of Love Cake  ,"CAKE38672,CAKE38665","CAKE38665,CAKE38745","Colors Of Love Fondant Cake 2kg Eggless (If there is no information on flavour from customer, kindly treat Chocolate Truffle as the default flavour). <strong>(Please add packet of Candles & Knife along with cake)</strong>",3649
CAKE38675,Expressions Of Love Cake ,"CAKE38678,CAKE38680","CAKE38678,CAKE38675,CAKE38682",Expressions Of Love Chocolate Truffle Cake 1kg<strong>(Please add packet of Candles & Knife along with cake)</strong>,1499
CAKE38678,Expressions Of Love Cake ,"CAKE38678,CAKE38680","CAKE38678,CAKE38675,CAKE38682",Expressions Of Love Chocolate Truffle Cake half kg<strong>(Please add packet of Candles & Knife along with cake)</strong>,999
CAKE38680,Expressions Of Love Cake  ,"CAKE38678,CAKE38680","CAKE38680,CAKE38690,CAKE38689",Expressions Of Love Chocolate Truffle Cake half kg Eggless<strong>(Please add packet of Candles & Knife along with cake)</strong>,1049
CAKE38682,Expressions Of Love Cake ,"CAKE38678,CAKE38680","CAKE38678,CAKE38675,CAKE38682",Expressions Of Love Chocolate Truffle Cake 2kg<strong>(Please add packet of Candles & Knife along with cake)</strong>,2699
CAKE38689,Expressions Of Love Cake  ,"CAKE38678,CAKE38680","CAKE38680,CAKE38690,CAKE38689",Expressions Of Love Chocolate Truffle Cake 2kg Eggless<strong>(Please add packet of Candles & Knife along with cake)</strong>,2749
CAKE38690,Expressions Of Love Cake  ,"CAKE38678,CAKE38680","CAKE38680,CAKE38690,CAKE38689",Expressions Of Love Chocolate Truffle Cake 1kg Eggless<strong>(Please add packet of Candles & Knife along with cake)</strong>,1549
CAKE38704,Floating Hearts Cake  ,"CAKE38709,CAKE38710","CAKE38710,CAKE38705",Floating Hearts Strawberry Cake 3kg Eggless<strong>(Please add packet of Candles & Knife along with cake)</strong>,4899
CAKE38705,Floating Hearts Cake  ,"CAKE38709,CAKE38710","CAKE38710,CAKE38705",Floating Hearts Strawberry Cake 2kg Eggless<strong>(Please add packet of Candles & Knife along with cake)</strong>,3649
CAKE38708,Floating Hearts Cake ,"CAKE38709,CAKE38710","CAKE38709,CAKE38708",Floating Hearts Strawberry Cake 2kg<strong>(Please add packet of Candles & Knife along with cake)</strong>,3549
CAKE38709,Floating Hearts Cake ,"CAKE38709,CAKE38710","CAKE38709,CAKE38708",Floating Hearts Strawberry Cake 1kg<strong>(Please add packet of Candles & Knife along with cake)</strong>,1899
CAKE38710,Floating Hearts Cake  ,"CAKE38709,CAKE38710","CAKE38710,CAKE38705",Floating Hearts Strawberry Cake 1kg Eggless<strong>(Please add packet of Candles & Knife along with cake)</strong>,1949
CAKE38711,Floating Hearts Cake ,"CAKE38709,CAKE38710","CAKE38709,CAKE38708",Floating Hearts Strawberry Cake 3kg<strong>(Please add packet of Candles & Knife along with cake)</strong>,4699
CAKE38715,Sealed With A Kiss Cake  ,"CAKE38718,CAKE38716","CAKE38716,CAKE38715","Sealed With A Kiss Fondant Cake 2kg Eggless (If there is no information on flavour from customer, kindly treat Chocolate Truffle as the default flavour). <strong>(Please add packet of Candles & Knife along with cake)</strong>",3649
CAKE38716,Sealed With A Kiss Cake  ,"CAKE38718,CAKE38716","CAKE38716,CAKE38715","Sealed With A Kiss Fondant Cake 1kg Eggless (If there is no information on flavour from customer, kindly treat Chocolate Truffle as the default flavour). <strong>(Please add packet of Candles & Knife along with cake)</strong>",1949
CAKE38717,Sealed With A Kiss Cake  ,"CAKE38718,CAKE38716","CAKE38716,CAKE38715","Sealed With A Kiss Fondant Cake 3kg Eggless (If there is no information on flavour from customer, kindly treat Chocolate Truffle as the default flavour). <strong>(Please add packet of Candles & Knife along with cake)</strong>",4899
CAKE38718,Sealed With A Kiss Cake ,"CAKE38718,CAKE38716","CAKE38718,CAKE38721","Sealed With A Kiss Fondant Cake 1kg (If there is no information on flavour from customer, kindly treat Chocolate Truffle as the default flavour). <strong>(Please add packet of Candles & Knife along with cake)</strong>",1899
CAKE38720,Sealed With A Kiss Cake ,"CAKE38718,CAKE38716","CAKE38718,CAKE38721","Sealed With A Kiss Fondant Cake 3kg (If there is no information on flavour from customer, kindly treat Chocolate Truffle as the default flavour). <strong>(Please add packet of Candles & Knife along with cake)</strong>",4899
CAKE38721,Sealed With A Kiss Cake ,"CAKE38718,CAKE38716","CAKE38718,CAKE38721","Sealed With A Kiss Fondant Cake 2kg (If there is no information on flavour from customer, kindly treat Chocolate Truffle as the default flavour). <strong>(Please add packet of Candles & Knife along with cake)</strong>",3549
CAKE38698,Fabulous Heart Cake  ,"CAKE38726,CAKE38699","CAKE38699,CAKE38698,CAKE38701",Fabulous Heart Chocolate Cake 1kg Eggless<strong>(Please add packet of Candles & Knife along with cake)</strong>,1549
CAKE38699,Fabulous Heart Cake  ,"CAKE38726,CAKE38699","CAKE38699,CAKE38698,CAKE38701",Fabulous Heart Chocolate Cake half kg Eggless<strong>(Please add packet of Candles & Knife along with cake)</strong>,1049
CAKE38701,Fabulous Heart Cake  ,"CAKE38726,CAKE38699","CAKE38699,CAKE38698,CAKE38701",Fabulous Heart Chocolate Cake 2kg Eggless<strong>(Please add packet of Candles & Knife along with cake)</strong>,2749
CAKE38725,Fabulous Heart Cake ,"CAKE38726,CAKE38699","CAKE38726,CAKE38725,CAKE38735",Fabulous Heart Chocolate Cake 1kg<strong>(Please add packet of Candles & Knife along with cake)</strong>,1499
CAKE38726,Fabulous Heart Cake ,"CAKE38726,CAKE38699","CAKE38726,CAKE38725,CAKE38735",Fabulous Heart Chocolate Cake half kg<strong>(Please add packet of Candles & Knife along with cake)</strong>,999
CAKE38735,Fabulous Heart Cake ,"CAKE38726,CAKE38699","CAKE38726,CAKE38725,CAKE38735",Fabulous Heart Chocolate Cake 2kg<strong>(Please add packet of Candles & Knife along with cake)</strong>,2699
CAKE38727,Divine Heart Cake  ,"CAKE38731,CAKE38728","CAKE38728,CAKE38727","Sealed With A Kiss Fondant Cake 2kg Eggless (If there is no information on flavour from customer, kindly treat Chocolate Truffle as the default flavour). <strong>(Please add packet of Candles & Knife along with cake)</strong>",3649
CAKE38728,Divine Heart Cake  ,"CAKE38731,CAKE38728","CAKE38728,CAKE38727","Sealed With A Kiss Fondant Cake 1kg Eggless (If there is no information on flavour from customer, kindly treat Chocolate Truffle as the default flavour). <strong>(Please add packet of Candles & Knife along with cake)</strong>",1949
CAKE38730,Divine Heart Cake  ,"CAKE38731,CAKE38728","CAKE38728,CAKE38727","Sealed With A Kiss Fondant Cake 3kg Eggless (If there is no information on flavour from customer, kindly treat Chocolate Truffle as the default flavour). <strong>(Please add packet of Candles & Knife along with cake)</strong>",4899
CAKE38731,Divine Heart Cake ,"CAKE38731,CAKE38728","CAKE38731,CAKE38734","Sealed With A Kiss Fondant Cake 1kg (If there is no information on flavour from customer, kindly treat Chocolate Truffle as the default flavour). <strong>(Please add packet of Candles & Knife along with cake)</strong>",1899
CAKE38733,Divine Heart Cake ,"CAKE38731,CAKE38728","CAKE38731,CAKE38734","Sealed With A Kiss Fondant Cake 3kg (If there is no information on flavour from customer, kindly treat Chocolate Truffle as the default flavour). <strong>(Please add packet of Candles & Knife along with cake)</strong>",4899
CAKE38734,Divine Heart Cake ,"CAKE38731,CAKE38728","CAKE38731,CAKE38734","Sealed With A Kiss Fondant Cake 2kg (If there is no information on flavour from customer, kindly treat Chocolate Truffle as the default flavour). <strong>(Please add packet of Candles & Knife along with cake)</strong>",3549
CAKE38750,Chocolate Hearts Cake  ,"CAKE38760,CAKE38750","CAKE38750,CAKE38756,CAKE38754",Chocolate Hearts Chocolate Truffle Cake half kg Eggless<strong>(Please add packet of Candles & Knife along with cake)</strong>,1049
CAKE38752,Chocolate Hearts Cake ,"CAKE38760,CAKE38750","CAKE38760,CAKE38758,CAKE38752",Chocolate Hearts Chocolate Truffle Cake 2kg<strong>(Please add packet of Candles & Knife along with cake)</strong>,2699
CAKE38754,Chocolate Hearts Cake  ,"CAKE38760,CAKE38750","CAKE38750,CAKE38756,CAKE38754",Chocolate Hearts Chocolate Truffle Cake 2kg Eggless<strong>(Please add packet of Candles & Knife along with cake)</strong>,2749
CAKE38756,Chocolate Hearts Cake  ,"CAKE38760,CAKE38750","CAKE38750,CAKE38756,CAKE38754",Chocolate Hearts Chocolate Truffle Cake 1kg Eggless<strong>(Please add packet of Candles & Knife along with cake)</strong>,1549
CAKE38758,Chocolate Hearts Cake ,"CAKE38760,CAKE38750","CAKE38760,CAKE38758,CAKE38752",Chocolate Hearts Chocolate Truffle Cake 1kg<strong>(Please add packet of Candles & Knife along with cake)</strong>,1499
CAKE38760,Chocolate Hearts Cake ,"CAKE38760,CAKE38750","CAKE38760,CAKE38758,CAKE38752",Chocolate Hearts Chocolate Truffle Cake half kg<strong>(Please add packet of Candles & Knife along with cake)</strong>,999
CAKE38722,Now And Forever Truffle Cake  ,"CAKE38746,CAKE38722","CAKE38722,CAKE38724,CAKE38723",Now And Forever Chocolate Truffle Cake half kg Eggless<strong>(Please add packet of Candles & Knife along with cake)</strong>,1049
CAKE38723,Now And Forever Truffle Cake  ,"CAKE38746,CAKE38722","CAKE38722,CAKE38724,CAKE38723",Now And Forever Chocolate Truffle Cake 2kg Eggless<strong>(Please add packet of Candles & Knife along with cake)</strong>,2749
CAKE38724,Now And Forever Truffle Cake  ,"CAKE38746,CAKE38722","CAKE38722,CAKE38724,CAKE38723",Now And Forever Chocolate Truffle Cake 1kg Eggless<strong>(Please add packet of Candles & Knife along with cake)</strong>,1549
CAKE38746,Now And Forever Truffle Cake ,"CAKE38746,CAKE38722","CAKE38746,CAKE38749,CAKE38748",Now And Forever Chocolate Truffle Cake half kg<strong>(Please add packet of Candles & Knife along with cake)</strong>,999
CAKE38748,Now And Forever Truffle Cake ,"CAKE38746,CAKE38722","CAKE38746,CAKE38749,CAKE38748",Now And Forever Chocolate Truffle Cake 2kg<strong>(Please add packet of Candles & Knife along with cake)</strong>,2699
CAKE38749,Now And Forever Truffle Cake ,"CAKE38746,CAKE38722","CAKE38746,CAKE38749,CAKE38748",Now And Forever Chocolate Truffle Cake 1kg<strong>(Please add packet of Candles & Knife along with cake)</strong>,1499
CAKE39800,Womens Day Rich Chocolate Cake  ,"CAKE39803,CAKE39802","CAKE39802,CAKE39851",Womens Day Rich Chocolate Cake 3kg Eggless <strong>(Packet of Candles & Knife come along with cake)</strong>,3599
CAKE39802,Womens Day Rich Chocolate Cake  ,"CAKE39803,CAKE39802","CAKE39802,CAKE39851",Womens Day Rich Chocolate Cake 1kg Eggless <strong>(Packet of Candles & Knife come along with cake)</strong>,1549
CAKE39803,Womens Day Rich Chocolate Cake ,"CAKE39803,CAKE39802","CAKE39803,CAKE39804",Womens Day Rich Chocolate Cake 1kg <strong>(Packet of Candles & Knife come along with cake)</strong>,1499
CAKE39804,Womens Day Rich Chocolate Cake ,"CAKE39803,CAKE39802","CAKE39803,CAKE39804",Womens Day Rich Chocolate Cake 2kg <strong>(Packet of Candles & Knife come along with cake)</strong>,2699
CAKE39805,Womens Day Rich Chocolate Cake ,"CAKE39803,CAKE39802","CAKE39803,CAKE39804",Womens Day Rich Chocolate Cake 3kg <strong>(Packet of Candles & Knife come along with cake)</strong>,3549
CAKE39851,Womens Day Rich Chocolate Cake  ,"CAKE39803,CAKE39802","CAKE39802,CAKE39851",Womens Day Rich Chocolate Cake 2kg Eggless <strong>(Packet of Candles & Knife come along with cake)</strong>,2749
CAKE10603,Mango Cake  ,"CAKE9078,CAKE10604","CAKE10604,CAKE10603,CAKE10606",Mango Cream Cake 1kg Eggless. <strong>(Please add packet of Candles & Knife along with Cake)</strong>,1549
CAKE10604,Mango Cake  ,"CAKE9078,CAKE10604","CAKE10604,CAKE10603,CAKE10606",Mango Cream Cake Half kg Eggless. <strong>(Please add packet of Candles & Knife along with Cake)</strong>,1049
CAKE10606,Mango Cake  ,"CAKE9078,CAKE10604","CAKE10604,CAKE10603,CAKE10606",Mango Cream Cake 2kg Eggless. <strong>(Please add packet of Candles & Knife along with Cake)</strong>,2749
CAKE9055,Mango Cake ,"CAKE9078,CAKE10604","CAKE9078,CAKE9082,CAKE9055",Mango Cream Cake 2kg <strong>(Please add packet of Candles & Knife along with Cake)</strong>,2699
CAKE9078,Mango Cake ,"CAKE9078,CAKE10604","CAKE9078,CAKE9082,CAKE9055",Mango Cream Cake Half kg <strong>(Please add packet of Candles & Knife along with Cake)</strong>,999
CAKE9082,Mango Cake ,"CAKE9078,CAKE10604","CAKE9078,CAKE9082,CAKE9055",Mango Cream Cake 1kg <strong>(Please add packet of Candles & Knife along with Cake)</strong>,1499
CAKE42308,Ambrosial Black Forest Cake ,"CAKE42307,CAKE42284","CAKE42307,CAKE42308,CAKE42306",Ambrosial Black Forest Cake 1kg <strong>(Packet of Candles & Knife come along with cake)</strong>,1599
CAKE42285,Ambrosial Black Forest Cake  ,"CAKE42307,CAKE42284","CAKE42284,CAKE42285,CAKE42282",Ambrosial Black Forest Cake 1kg Eggless <strong>(Packet of Candles & Knife come along with cake)</strong>,1649
CAKE42306,Ambrosial Black Forest Cake ,"CAKE42307,CAKE42284","CAKE42307,CAKE42308,CAKE42306",Ambrosial Black Forest Cake 2kg <strong>(Packet of Candles & Knife come along with cake)</strong>,2799
CAKE42282,Ambrosial Black Forest Cake  ,"CAKE42307,CAKE42284","CAKE42284,CAKE42285,CAKE42282",Ambrosial Black Forest Cake 2kg Eggless <strong>(Packet of Candles & Knife come along with cake)</strong>,2849
CAKE42307,Ambrosial Black Forest Cake ,"CAKE42307,CAKE42284","CAKE42307,CAKE42308,CAKE42306",Ambrosial Black Forest Cake half kg <strong>(Packet of Candles & Knife come along with cake)</strong>,1099
CAKE42284,Ambrosial Black Forest Cake  ,"CAKE42307,CAKE42284","CAKE42284,CAKE42285,CAKE42282",Ambrosial Black Forest Cake half kg Eggless <strong>(Packet of Candles & Knife come along with cake)</strong>,1149
CAKE42332,Choco Cherry Cake ,"CAKE42331,CAKE42330","CAKE42331,CAKE42332,CAKE42329",Choco Cherry Cake 1kg <strong>(Packet of Candles & Knife come along with cake)</strong>,1599
CAKE42335,Choco Cherry Cake  ,"CAKE42331,CAKE42330","CAKE42330,CAKE42335,CAKE42323",Choco Cherry Cake 1kg Eggless <strong>(Packet of Candles & Knife come along with cake)</strong>,1649
CAKE42329,Choco Cherry Cake ,"CAKE42331,CAKE42330","CAKE42331,CAKE42332,CAKE42329",Choco Cherry Cake 2kg <strong>(Packet of Candles & Knife come along with cake)</strong>,2799
CAKE42323,Choco Cherry Cake  ,"CAKE42331,CAKE42330","CAKE42330,CAKE42335,CAKE42323",Choco Cherry Cake 2kg Eggless <strong>(Packet of Candles & Knife come along with cake)</strong>,2849
CAKE42331,Choco Cherry Cake ,"CAKE42331,CAKE42330","CAKE42331,CAKE42332,CAKE42329",Choco Cherry Cake half kg <strong>(Packet of Candles & Knife come along with cake)</strong>,1099
CAKE42330,Choco Cherry Cake  ,"CAKE42331,CAKE42330","CAKE42330,CAKE42335,CAKE42323",Choco Cherry Cake half kg Eggless <strong>(Packet of Candles & Knife come along with cake)</strong>,1149
CAKE42371,Chocolate Deluxe Cake ,"CAKE42367,CAKE42369","CAKE42367,CAKE42371,CAKE42372",Chocolate Deluxe Cake 1kg <strong>(Packet of Candles & Knife come along with cake)</strong>,1599
CAKE42370,Chocolate Deluxe Cake  ,"CAKE42367,CAKE42369","CAKE42369,CAKE42370,CAKE42374",Chocolate Deluxe Cake 1kg Eggless <strong>(Packet of Candles & Knife come along with cake)</strong>,1649
CAKE42372,Chocolate Deluxe Cake ,"CAKE42367,CAKE42369","CAKE42367,CAKE42371,CAKE42372",Chocolate Deluxe Cake 2kg <strong>(Packet of Candles & Knife come along with cake)</strong>,2799
CAKE42374,Chocolate Deluxe Cake  ,"CAKE42367,CAKE42369","CAKE42369,CAKE42370,CAKE42374",Chocolate Deluxe Cake 2kg Eggless <strong>(Packet of Candles & Knife come along with cake)</strong>,2849
CAKE42367,Chocolate Deluxe Cake ,"CAKE42367,CAKE42369","CAKE42367,CAKE42371,CAKE42372",Chocolate Deluxe Cake half kg <strong>(Packet of Candles & Knife come along with cake)</strong>,1099
CAKE42369,Chocolate Deluxe Cake  ,"CAKE42367,CAKE42369","CAKE42369,CAKE42370,CAKE42374",Chocolate Deluxe Cake half kg Eggless <strong>(Packet of Candles & Knife come along with cake)</strong>,1149
CAKE42399,Chocolate Express Cake ,"CAKE42394,CAKE42377","CAKE42394,CAKE42399,CAKE42376",Chocolate Express Cake 1kg <strong>(Packet of Candles & Knife come along with cake)</strong>,1599
CAKE42380,Chocolate Express Cake  ,"CAKE42394,CAKE42377","CAKE42377,CAKE42380,CAKE42381",Chocolate Express Cake 1kg Eggless <strong>(Packet of Candles & Knife come along with cake)</strong>,1649
CAKE42376,Chocolate Express Cake ,"CAKE42394,CAKE42377","CAKE42394,CAKE42399,CAKE42376",Chocolate Express Cake 2kg <strong>(Packet of Candles & Knife come along with cake)</strong>,2799
CAKE42381,Chocolate Express Cake  ,"CAKE42394,CAKE42377","CAKE42377,CAKE42380,CAKE42381",Chocolate Express Cake 2kg Eggless <strong>(Packet of Candles & Knife come along with cake)</strong>,2849
CAKE42394,Chocolate Express Cake ,"CAKE42394,CAKE42377","CAKE42394,CAKE42399,CAKE42376",Chocolate Express Cake half kg <strong>(Packet of Candles & Knife come along with cake)</strong>,1099
CAKE42377,Chocolate Express Cake  ,"CAKE42394,CAKE42377","CAKE42377,CAKE42380,CAKE42381",Chocolate Express Cake half kg Eggless <strong>(Packet of Candles & Knife come along with cake)</strong>,1149
CAKE42348,Delicious Dark Chocolate Cake ,"CAKE42373,CAKE42346","CAKE42373,CAKE42348,CAKE42349",Delicious Dark Chocolate Cake 1kg <strong>(Packet of Candles & Knife come along with cake)</strong>,1599
CAKE42347,Delicious Dark Chocolate Cake  ,"CAKE42373,CAKE42346","CAKE42346,CAKE42347,CAKE42352",Delicious Dark Chocolate Cake 1kg Eggless <strong>(Packet of Candles & Knife come along with cake)</strong>,1649
CAKE42349,Delicious Dark Chocolate Cake ,"CAKE42373,CAKE42346","CAKE42373,CAKE42348,CAKE42349",Delicious Dark Chocolate Cake 2kg <strong>(Packet of Candles & Knife come along with cake)</strong>,2799
CAKE42352,Delicious Dark Chocolate Cake  ,"CAKE42373,CAKE42346","CAKE42346,CAKE42347,CAKE42352",Delicious Dark Chocolate Cake 2kg Eggless <strong>(Packet of Candles & Knife come along with cake)</strong>,2849
CAKE42373,Delicious Dark Chocolate Cake ,"CAKE42373,CAKE42346","CAKE42373,CAKE42348,CAKE42349",Delicious Dark Chocolate Cake half kg <strong>(Packet of Candles & Knife come along with cake)</strong>,1099
CAKE42346,Delicious Dark Chocolate Cake  ,"CAKE42373,CAKE42346","CAKE42346,CAKE42347,CAKE42352",Delicious Dark Chocolate Cake half kg Eggless <strong>(Packet of Candles & Knife come along with cake)</strong>,1149
CAKE42296,Esculent Black Forest Cake ,"CAKE42300,CAKE42304","CAKE42300,CAKE42296,CAKE42298",Esculent Black Forest Cake 1kg <strong>(Packet of Candles & Knife come along with cake)</strong>,1599
CAKE42305,Esculent Black Forest Cake  ,"CAKE42300,CAKE42304","CAKE42304,CAKE42305,CAKE42302",Esculent Black Forest Cake 1kg Eggless <strong>(Packet of Candles & Knife come along with cake)</strong>,1649
CAKE42298,Esculent Black Forest Cake ,"CAKE42300,CAKE42304","CAKE42300,CAKE42296,CAKE42298",Esculent Black Forest Cake 2kg <strong>(Packet of Candles & Knife come along with cake)</strong>,2799
CAKE42302,Esculent Black Forest Cake  ,"CAKE42300,CAKE42304","CAKE42304,CAKE42305,CAKE42302",Esculent Black Forest Cake 2kg Eggless <strong>(Packet of Candles & Knife come along with cake)</strong>,2849
CAKE42300,Esculent Black Forest Cake ,"CAKE42300,CAKE42304","CAKE42300,CAKE42296,CAKE42298",Esculent Black Forest Cake half kg <strong>(Packet of Candles & Knife come along with cake)</strong>,1099
CAKE42304,Esculent Black Forest Cake  ,"CAKE42300,CAKE42304","CAKE42304,CAKE42305,CAKE42302",Esculent Black Forest Cake half kg Eggless <strong>(Packet of Candles & Knife come along with cake)</strong>,1149
CAKE42311,Heartful Delight Cake ,"CAKE42311,CAKE42294","CAKE42311,CAKE42309",Heartful Delight Cake 1kg <strong>(Packet of Candles & Knife come along with cake)</strong>,1599
CAKE42294,Heartful Delight Cake  ,"CAKE42311,CAKE42294","CAKE42294,CAKE42295",Heartful Delight Cake 1kg Eggless <strong>(Packet of Candles & Knife come along with cake)</strong>,1649
CAKE42309,Heartful Delight Cake ,"CAKE42311,CAKE42294","CAKE42311,CAKE42309",Heartful Delight Cake 2kg <strong>(Packet of Candles & Knife come along with cake)</strong>,2799
CAKE42295,Heartful Delight Cake  ,"CAKE42311,CAKE42294","CAKE42294,CAKE42295",Heartful Delight Cake 2kg Eggless <strong>(Packet of Candles & Knife come along with cake)</strong>,2849
CAKE42310,Heartful Delight Cake ,"CAKE42311,CAKE42294","CAKE42311,CAKE42309",Heartful Delight Cake 3kg <strong>(Packet of Candles & Knife come along with cake)</strong>,3899
CAKE42292,Heartful Delight Cake  ,"CAKE42311,CAKE42294","CAKE42294,CAKE42295",Heartful Delight Cake 3kg Eggless <strong>(Packet of Candles & Knife come along with cake)</strong>,3949
CAKE42289,Lush Caramelt Cake ,"CAKE42288,CAKE42287","CAKE42288,CAKE42289,CAKE42286",Lush Caramelt Cake 1kg <strong>(Packet of Candles & Knife come along with cake)</strong>,1599
CAKE42290,Lush Caramelt Cake  ,"CAKE42288,CAKE42287","CAKE42287,CAKE42290,CAKE42291",Lush Caramelt Cake 1kg Eggless <strong>(Packet of Candles & Knife come along with cake)</strong>,1649
CAKE42286,Lush Caramelt Cake ,"CAKE42288,CAKE42287","CAKE42288,CAKE42289,CAKE42286",Lush Caramelt Cake 2kg <strong>(Packet of Candles & Knife come along with cake)</strong>,2799
CAKE42291,Lush Caramelt Cake  ,"CAKE42288,CAKE42287","CAKE42287,CAKE42290,CAKE42291",Lush Caramelt Cake 2kg Eggless <strong>(Packet of Candles & Knife come along with cake)</strong>,2849
CAKE42288,Lush Caramelt Cake ,"CAKE42288,CAKE42287","CAKE42288,CAKE42289,CAKE42286",Lush Caramelt Cake half kg <strong>(Packet of Candles & Knife come along with cake)</strong>,1099
CAKE42287,Lush Caramelt Cake  ,"CAKE42288,CAKE42287","CAKE42287,CAKE42290,CAKE42291",Lush Caramelt Cake half kg Eggless <strong>(Packet of Candles & Knife come along with cake)</strong>,1149
CAKE42301,Mocha Delight Cake ,"CAKE42299,CAKE42357","CAKE42299,CAKE42301,CAKE42297",Mocha Delight Cake 1kg <strong>(Packet of Candles & Knife come along with cake)</strong>,1599
CAKE42359,Mocha Delight Cake  ,"CAKE42299,CAKE42357","CAKE42357,CAKE42359,CAKE42361",Mocha Delight Cake 1kg Eggless <strong>(Packet of Candles & Knife come along with cake)</strong>,1649
CAKE42297,Mocha Delight Cake ,"CAKE42299,CAKE42357","CAKE42299,CAKE42301,CAKE42297",Mocha Delight Cake 2kg <strong>(Packet of Candles & Knife come along with cake)</strong>,2799
CAKE42361,Mocha Delight Cake  ,"CAKE42299,CAKE42357","CAKE42357,CAKE42359,CAKE42361",Mocha Delight Cake 2kg Eggless <strong>(Packet of Candles & Knife come along with cake)</strong>,2849
CAKE42299,Mocha Delight Cake ,"CAKE42299,CAKE42357","CAKE42299,CAKE42301,CAKE42297",Mocha Delight Cake half kg <strong>(Packet of Candles & Knife come along with cake)</strong>,1099
CAKE42357,Mocha Delight Cake  ,"CAKE42299,CAKE42357","CAKE42357,CAKE42359,CAKE42361",Mocha Delight Cake half kg Eggless <strong>(Packet of Candles & Knife come along with cake)</strong>,1149
CAKE42384,Swanky Chocolate Indulgence Cake ,"CAKE42379,CAKE42382","CAKE42379,CAKE42384,CAKE42385",Swanky Chocolate Indulgence Cake 1kg <strong>(Packet of Candles & Knife come along with cake)</strong>,1599
CAKE42383,Swanky Chocolate Indulgence Cake  ,"CAKE42379,CAKE42382","CAKE42382,CAKE42383,CAKE42368",Swanky Chocolate Indulgence Cake 1kg Eggless <strong>(Packet of Candles & Knife come along with cake)</strong>,1649
CAKE42385,Swanky Chocolate Indulgence Cake ,"CAKE42379,CAKE42382","CAKE42379,CAKE42384,CAKE42385",Swanky Chocolate Indulgence Cake 2kg <strong>(Packet of Candles & Knife come along with cake)</strong>,2799
CAKE42368,Swanky Chocolate Indulgence Cake  ,"CAKE42379,CAKE42382","CAKE42382,CAKE42383,CAKE42368",Swanky Chocolate Indulgence Cake 2kg Eggless <strong>(Packet of Candles & Knife come along with cake)</strong>,2849
CAKE42379,Swanky Chocolate Indulgence Cake ,"CAKE42379,CAKE42382","CAKE42379,CAKE42384,CAKE42385",Swanky Chocolate Indulgence Cake half kg <strong>(Packet of Candles & Knife come along with cake)</strong>,1099
CAKE42382,Swanky Chocolate Indulgence Cake  ,"CAKE42379,CAKE42382","CAKE42382,CAKE42383,CAKE42368",Swanky Chocolate Indulgence Cake half kg Eggless <strong>(Packet of Candles & Knife come along with cake)</strong>,1149
CAKE42390,Wistful Chocolate Cake ,"CAKE42389,CAKE42388","CAKE42389,CAKE42390,CAKE42387",Wistful Chocolate Cake 1kg <strong>(Packet of Candles & Knife come along with cake)</strong>,1599
CAKE42396,Wistful Chocolate Cake  ,"CAKE42389,CAKE42388","CAKE42388,CAKE42396,CAKE42398",Wistful Chocolate Cake 1kg Eggless <strong>(Packet of Candles & Knife come along with cake)</strong>,1649
CAKE42387,Wistful Chocolate Cake ,"CAKE42389,CAKE42388","CAKE42389,CAKE42390,CAKE42387",Wistful Chocolate Cake 2kg <strong>(Packet of Candles & Knife come along with cake)</strong>,2799
CAKE42398,Wistful Chocolate Cake  ,"CAKE42389,CAKE42388","CAKE42388,CAKE42396,CAKE42398",Wistful Chocolate Cake 2kg Eggless <strong>(Packet of Candles & Knife come along with cake)</strong>,2849
CAKE42389,Wistful Chocolate Cake ,"CAKE42389,CAKE42388","CAKE42389,CAKE42390,CAKE42387",Wistful Chocolate Cake half kg <strong>(Packet of Candles & Knife come along with cake)</strong>,1099
CAKE42388,Wistful Chocolate Cake  ,"CAKE42389,CAKE42388","CAKE42388,CAKE42396,CAKE42398",Wistful Chocolate Cake half kg Eggless <strong>(Packet of Candles & Knife come along with cake)</strong>,1149
CAKE41936,Heavenly Black Forest Cake ,"CAKE41936,CAKE41933","CAKE41936,CAKE41934,CAKE41932",Heavenly Black Forest Cake Half KG <strong>(Packet of Candles & Knife come along with cake)</strong>,899
CAKE41934,Heavenly Black Forest Cake ,"CAKE41936,CAKE41933","CAKE41936,CAKE41934,CAKE41932",Heavenly Black Forest Cake 1KG <strong>(Packet of Candles & Knife come along with cake)</strong>,1549
CAKE41932,Heavenly Black Forest Cake ,"CAKE41936,CAKE41933","CAKE41936,CAKE41934,CAKE41932",Heavenly Black Forest Cake 2KG <strong>(Packet of Candles & Knife come along with cake)</strong>,2549
CAKE41933,Heavenly Black Forest Cake  ,"CAKE41936,CAKE41933","CAKE41933,CAKE41930,CAKE41931",Heavenly Black Forest Cake Half KG Eggless <strong>(Packet of Candles & Knife come along with cake)</strong>,949
CAKE41930,Heavenly Black Forest Cake  ,"CAKE41936,CAKE41933","CAKE41933,CAKE41930,CAKE41931",Heavenly Black Forest Cake 1KG Eggless <strong>(Packet of Candles & Knife come along with cake)</strong>,1599
CAKE41931,Heavenly Black Forest Cake  ,"CAKE41936,CAKE41933","CAKE41933,CAKE41930,CAKE41931",Heavenly Black Forest Cake 2KG Eggless <strong>(Packet of Candles & Knife come along with cake)</strong>,2599
CAKE42014,Coffee Addiction Cake ,"CAKE42014,CAKE42020","CAKE42014,CAKE42011,CAKE42012",Coffee Addiction Cake Half KG <strong>(Packet of Candles & Knife come along with cake)</strong>,999
CAKE42011,Coffee Addiction Cake ,"CAKE42014,CAKE42020","CAKE42014,CAKE42011,CAKE42012",Coffee Addiction Cake 1KG <strong>(Packet of Candles & Knife come along with cake)</strong>,1749
CAKE42012,Coffee Addiction Cake ,"CAKE42014,CAKE42020","CAKE42014,CAKE42011,CAKE42012",Coffee Addiction Cake 2KG <strong>(Packet of Candles & Knife come along with cake)</strong>,2899
CAKE42020,Coffee Addiction Cake  ,"CAKE42014,CAKE42020","CAKE42020,CAKE42022,CAKE41968",Coffee Addiction Cake Half KG Eggless <strong>(Packet of Candles & Knife come along with cake)</strong>,1049
CAKE42022,Coffee Addiction Cake  ,"CAKE42014,CAKE42020","CAKE42020,CAKE42022,CAKE41968",Coffee Addiction Cake 1KG Eggless <strong>(Packet of Candles & Knife come along with cake)</strong>,1799
CAKE41968,Coffee Addiction Cake  ,"CAKE42014,CAKE42020","CAKE42020,CAKE42022,CAKE41968",Coffee Addiction Cake 2KG Eggless <strong>(Packet of Candles & Knife come along with cake)</strong>,2949
CAKE41965,Orange Tangyliscious Cake ,"CAKE41965,CAKE41960","CAKE41965,CAKE41962,CAKE41963",Orange Tangyliscious Cake Half KG <strong>(Packet of Candles & Knife come along with cake)</strong>,1199
CAKE41962,Orange Tangyliscious Cake ,"CAKE41965,CAKE41960","CAKE41965,CAKE41962,CAKE41963",Orange Tangyliscious Cake 1KG <strong>(Packet of Candles & Knife come along with cake)</strong>,2099
CAKE41963,Orange Tangyliscious Cake ,"CAKE41965,CAKE41960","CAKE41965,CAKE41962,CAKE41963",Orange Tangyliscious Cake 2KG <strong>(Packet of Candles & Knife come along with cake)</strong>,3499
CAKE41960,Orange Tangyliscious Cake  ,"CAKE41965,CAKE41960","CAKE41960,CAKE41961,CAKE41958",Orange Tangyliscious Cake Half KG Eggless <strong>(Packet of Candles & Knife come along with cake)</strong>,1249
CAKE41961,Orange Tangyliscious Cake  ,"CAKE41965,CAKE41960","CAKE41960,CAKE41961,CAKE41958",Orange Tangyliscious Cake 1KG Eggless <strong>(Packet of Candles & Knife come along with cake)</strong>,2149
CAKE41958,Orange Tangyliscious Cake  ,"CAKE41965,CAKE41960","CAKE41960,CAKE41961,CAKE41958",Orange Tangyliscious Cake 2KG Eggless <strong>(Packet of Candles & Knife come along with cake)</strong>,3549
CAKE41967,Swedish Almond Crunch Cake ,"CAKE41967,CAKE41975","CAKE41967,CAKE41988,CAKE41989",Swedish Almond Crunch Cake Half KG <strong>(Packet of Candles & Knife come along with cake)</strong>,1099
CAKE41988,Swedish Almond Crunch Cake ,"CAKE41967,CAKE41975","CAKE41967,CAKE41988,CAKE41989",Swedish Almond Crunch Cake 1KG <strong>(Packet of Candles & Knife come along with cake)</strong>,1899
CAKE41989,Swedish Almond Crunch Cake ,"CAKE41967,CAKE41975","CAKE41967,CAKE41988,CAKE41989",Swedish Almond Crunch Cake 2KG <strong>(Packet of Candles & Knife come along with cake)</strong>,3199
CAKE41975,Swedish Almond Crunch Cake  ,"CAKE41967,CAKE41975","CAKE41975,CAKE41976,CAKE41973",Swedish Almond Crunch Cake Half KG Eggless <strong>(Packet of Candles & Knife come along with cake)</strong>,1149
CAKE41976,Swedish Almond Crunch Cake  ,"CAKE41967,CAKE41975","CAKE41975,CAKE41976,CAKE41973",Swedish Almond Crunch Cake 1KG Eggless <strong>(Packet of Candles & Knife come along with cake)</strong>,1949
CAKE41973,Swedish Almond Crunch Cake  ,"CAKE41967,CAKE41975","CAKE41975,CAKE41976,CAKE41973",Swedish Almond Crunch Cake 2KG Eggless <strong>(Packet of Candles & Knife come along with cake)</strong>,3249
CAKE41971,Chewy Butterscotch Cake ,"CAKE41971,CAKE41970","CAKE41971,CAKE41972,CAKE41969",Chewy Butterscotch Cake Half KG <strong>(Packet of Candles & Knife come along with cake)</strong>,899
CAKE41972,Chewy Butterscotch Cake ,"CAKE41971,CAKE41970","CAKE41971,CAKE41972,CAKE41969",Chewy Butterscotch Cake 1KG <strong>(Packet of Candles & Knife come along with cake)</strong>,1549
CAKE41969,Chewy Butterscotch Cake ,"CAKE41971,CAKE41970","CAKE41971,CAKE41972,CAKE41969",Chewy Butterscotch Cake 2KG <strong>(Packet of Candles & Knife come along with cake)</strong>,2549
CAKE41970,Chewy Butterscotch Cake  ,"CAKE41971,CAKE41970","CAKE41970,CAKE41947,CAKE41945",Chewy Butterscotch Cake Half KG Eggless <strong>(Packet of Candles & Knife come along with cake)</strong>,949
CAKE41947,Chewy Butterscotch Cake  ,"CAKE41971,CAKE41970","CAKE41970,CAKE41947,CAKE41945",Chewy Butterscotch Cake 1KG Eggless <strong>(Packet of Candles & Knife come along with cake)</strong>,1599
CAKE41945,Chewy Butterscotch Cake  ,"CAKE41971,CAKE41970","CAKE41970,CAKE41947,CAKE41945",Chewy Butterscotch Cake 2KG Eggless <strong>(Packet of Candles & Knife come along with cake)</strong>,2599
CAKE41942,Blonde Caramel Cake ,"CAKE41942,CAKE41941","CAKE41942,CAKE41943,CAKE41940",Blonde Caramel Cake Half KG <strong>(Packet of Candles & Knife come along with cake)</strong>,1099
CAKE41943,Blonde Caramel Cake ,"CAKE41942,CAKE41941","CAKE41942,CAKE41943,CAKE41940",Blonde Caramel Cake 1KG <strong>(Packet of Candles & Knife come along with cake)</strong>,1899
CAKE41940,Blonde Caramel Cake ,"CAKE41942,CAKE41941","CAKE41942,CAKE41943,CAKE41940",Blonde Caramel Cake 2KG <strong>(Packet of Candles & Knife come along with cake)</strong>,3199
CAKE41941,Blonde Caramel Cake  ,"CAKE41942,CAKE41941","CAKE41941,CAKE41938,CAKE41939",Blonde Caramel Cake Half KG Eggless <strong>(Packet of Candles & Knife come along with cake)</strong>,1149
CAKE41938,Blonde Caramel Cake  ,"CAKE41942,CAKE41941","CAKE41941,CAKE41938,CAKE41939",Blonde Caramel Cake 1KG Eggless <strong>(Packet of Candles & Knife come along with cake)</strong>,1949
CAKE41939,Blonde Caramel Cake  ,"CAKE41942,CAKE41941","CAKE41941,CAKE41938,CAKE41939",Blonde Caramel Cake 2KG Eggless <strong>(Packet of Candles & Knife come along with cake)</strong>,3249
CAKE41956,Tangy N Tasty Pineapple Cake ,"CAKE41956,CAKE41955","CAKE41956,CAKE41957,CAKE41954",Tangy N Tasty Pineapple Cake Half KG <strong>(Packet of Candles & Knife come along with cake)</strong>,899
CAKE41957,Tangy N Tasty Pineapple Cake ,"CAKE41956,CAKE41955","CAKE41956,CAKE41957,CAKE41954",Tangy N Tasty Pineapple Cake 1KG <strong>(Packet of Candles & Knife come along with cake)</strong>,1549
CAKE41954,Tangy N Tasty Pineapple Cake ,"CAKE41956,CAKE41955","CAKE41956,CAKE41957,CAKE41954",Tangy N Tasty Pineapple Cake 2KG <strong>(Packet of Candles & Knife come along with cake)</strong>,2549
CAKE41955,Tangy N Tasty Pineapple Cake  ,"CAKE41956,CAKE41955","CAKE41955,CAKE41952,CAKE41953",Tangy N Tasty Pineapple Cake Half KG Eggless <strong>(Packet of Candles & Knife come along with cake)</strong>,949
CAKE41952,Tangy N Tasty Pineapple Cake  ,"CAKE41956,CAKE41955","CAKE41955,CAKE41952,CAKE41953",Tangy N Tasty Pineapple Cake 1KG Eggless <strong>(Packet of Candles & Knife come along with cake)</strong>,1599
CAKE41953,Tangy N Tasty Pineapple Cake  ,"CAKE41956,CAKE41955","CAKE41955,CAKE41952,CAKE41953",Tangy N Tasty Pineapple Cake 2KG Eggless <strong>(Packet of Candles & Knife come along with cake)</strong>,2599
CAKE41951,Effervescent Fruit Cake ,"CAKE41951,CAKE42048","CAKE41951,CAKE41948,CAKE41949",Effervescent Fruit Cake Half KG <strong>(Packet of Candles & Knife come along with cake)</strong>,1099
CAKE41948,Effervescent Fruit Cake ,"CAKE41951,CAKE42048","CAKE41951,CAKE41948,CAKE41949",Effervescent Fruit Cake 1KG <strong>(Packet of Candles & Knife come along with cake)</strong>,1899
CAKE41949,Effervescent Fruit Cake ,"CAKE41951,CAKE42048","CAKE41951,CAKE41948,CAKE41949",Effervescent Fruit Cake 2KG <strong>(Packet of Candles & Knife come along with cake)</strong>,3199
CAKE42048,Effervescent Fruit Cake  ,"CAKE41951,CAKE42048","CAKE42048,CAKE42046,CAKE42047",Effervescent Fruit Cake Half KG Eggless <strong>(Packet of Candles & Knife come along with cake)</strong>,1149
CAKE42046,Effervescent Fruit Cake  ,"CAKE41951,CAKE42048","CAKE42048,CAKE42046,CAKE42047",Effervescent Fruit Cake 1KG Eggless <strong>(Packet of Candles & Knife come along with cake)</strong>,1949
CAKE42047,Effervescent Fruit Cake  ,"CAKE41951,CAKE42048","CAKE42048,CAKE42046,CAKE42047",Effervescent Fruit Cake 2KG Eggless <strong>(Packet of Candles & Knife come along with cake)</strong>,3249
CAKE42045,Luscious Oreo Cake ,"CAKE42045,CAKE42029","CAKE42045,CAKE42031,CAKE42032",Luscious Oreo Cake Half KG <strong>(Packet of Candles & Knife come along with cake)</strong>,999
CAKE42031,Luscious Oreo Cake ,"CAKE42045,CAKE42029","CAKE42045,CAKE42031,CAKE42032",Luscious Oreo Cake 1KG <strong>(Packet of Candles & Knife come along with cake)</strong>,1749
CAKE42032,Luscious Oreo Cake ,"CAKE42045,CAKE42029","CAKE42045,CAKE42031,CAKE42032",Luscious Oreo Cake 2KG <strong>(Packet of Candles & Knife come along with cake)</strong>,2899
CAKE42029,Luscious Oreo Cake  ,"CAKE42045,CAKE42029","CAKE42029,CAKE42030,CAKE42028",Luscious Oreo Cake Half KG Eggless <strong>(Packet of Candles & Knife come along with cake)</strong>,1049
CAKE42030,Luscious Oreo Cake  ,"CAKE42045,CAKE42029","CAKE42029,CAKE42030,CAKE42028",Luscious Oreo Cake 1KG Eggless <strong>(Packet of Candles & Knife come along with cake)</strong>,1799
CAKE42028,Luscious Oreo Cake  ,"CAKE42045,CAKE42029","CAKE42029,CAKE42030,CAKE42028",Luscious Oreo Cake 2KG Eggless <strong>(Packet of Candles & Knife come along with cake)</strong>,2949
CAKE42069,Glistening Truffle Cake ,"CAKE42069,CAKE42064","CAKE42069,CAKE42066,CAKE42067",Glistening Truffle Cake Half KG <strong>(Packet of Candles & Knife come along with cake)</strong>,999
CAKE42066,Glistening Truffle Cake ,"CAKE42069,CAKE42064","CAKE42069,CAKE42066,CAKE42067",Glistening Truffle Cake 1KG <strong>(Packet of Candles & Knife come along with cake)</strong>,1749
CAKE42067,Glistening Truffle Cake ,"CAKE42069,CAKE42064","CAKE42069,CAKE42066,CAKE42067",Glistening Truffle Cake 2KG <strong>(Packet of Candles & Knife come along with cake)</strong>,2899
CAKE42064,Glistening Truffle Cake  ,"CAKE42069,CAKE42064","CAKE42064,CAKE42065,CAKE42052",Glistening Truffle Cake Half KG Eggless <strong>(Packet of Candles & Knife come along with cake)</strong>,1049
CAKE42065,Glistening Truffle Cake  ,"CAKE42069,CAKE42064","CAKE42064,CAKE42065,CAKE42052",Glistening Truffle Cake 1KG Eggless <strong>(Packet of Candles & Knife come along with cake)</strong>,1799
CAKE42052,Glistening Truffle Cake  ,"CAKE42069,CAKE42064","CAKE42064,CAKE42065,CAKE42052",Glistening Truffle Cake 2KG Eggless <strong>(Packet of Candles & Knife come along with cake)</strong>,2949
CAKE42049,Crimson Love Cake ,"CAKE42049,CAKE42008","CAKE42049,CAKE42051,CAKE42010",Crimson Love Cake Half KG <strong>(Packet of Candles & Knife come along with cake)</strong>,1199
CAKE42051,Crimson Love Cake ,"CAKE42049,CAKE42008","CAKE42049,CAKE42051,CAKE42010",Crimson Love Cake 1KG <strong>(Packet of Candles & Knife come along with cake)</strong>,2099
CAKE42010,Crimson Love Cake ,"CAKE42049,CAKE42008","CAKE42049,CAKE42051,CAKE42010",Crimson Love Cake 2KG <strong>(Packet of Candles & Knife come along with cake)</strong>,3499
CAKE42008,Crimson Love Cake  ,"CAKE42049,CAKE42008","CAKE42008,CAKE42009,CAKE42006",Crimson Love Cake Half KG Eggless <strong>(Packet of Candles & Knife come along with cake)</strong>,1249
CAKE42009,Crimson Love Cake  ,"CAKE42049,CAKE42008","CAKE42008,CAKE42009,CAKE42006",Crimson Love Cake 1KG Eggless <strong>(Packet of Candles & Knife come along with cake)</strong>,2149
CAKE42006,Crimson Love Cake  ,"CAKE42049,CAKE42008","CAKE42008,CAKE42009,CAKE42006",Crimson Love Cake 2KG Eggless <strong>(Packet of Candles & Knife come along with cake)</strong>,3549
CAKE42004,Blueberry Extravaganza Cake ,"CAKE42004,CAKE41992","CAKE42004,CAKE42005,CAKE41991",Blueberry Extravaganza Cake Half KG <strong>(Packet of Candles & Knife come along with cake)</strong>,1099
CAKE42005,Blueberry Extravaganza Cake ,"CAKE42004,CAKE41992","CAKE42004,CAKE42005,CAKE41991",Blueberry Extravaganza Cake 1KG <strong>(Packet of Candles & Knife come along with cake)</strong>,1899
CAKE41991,Blueberry Extravaganza Cake ,"CAKE42004,CAKE41992","CAKE42004,CAKE42005,CAKE41991",Blueberry Extravaganza Cake 2KG <strong>(Packet of Candles & Knife come along with cake)</strong>,3199
CAKE41992,Blueberry Extravaganza Cake  ,"CAKE42004,CAKE41992","CAKE41992,CAKE41990,CAKE41944",Blueberry Extravaganza Cake Half KG Eggless <strong>(Packet of Candles & Knife come along with cake)</strong>,1149
CAKE41990,Blueberry Extravaganza Cake  ,"CAKE42004,CAKE41992","CAKE41992,CAKE41990,CAKE41944",Blueberry Extravaganza Cake 1KG Eggless <strong>(Packet of Candles & Knife come along with cake)</strong>,1949
CAKE41944,Blueberry Extravaganza Cake  ,"CAKE42004,CAKE41992","CAKE41992,CAKE41990,CAKE41944",Blueberry Extravaganza Cake 2KG Eggless <strong>(Packet of Candles & Knife come along with cake)</strong>,3249
CAKE42059,Refined Marble Cake ,"CAKE42059,CAKE42054","CAKE42059,CAKE42060,CAKE42061",Refined Marble Cake Half KG <strong>(Packet of Candles & Knife come along with cake)</strong>,1099
CAKE42060,Refined Marble Cake ,"CAKE42059,CAKE42054","CAKE42059,CAKE42060,CAKE42061",Refined Marble Cake 1KG <strong>(Packet of Candles & Knife come along with cake)</strong>,1899
CAKE42061,Refined Marble Cake ,"CAKE42059,CAKE42054","CAKE42059,CAKE42060,CAKE42061",Refined Marble Cake 2KG <strong>(Packet of Candles & Knife come along with cake)</strong>,3199
CAKE42054,Refined Marble Cake  ,"CAKE42059,CAKE42054","CAKE42054,CAKE42055,CAKE42056",Refined Marble Cake Half KG Eggless <strong>(Packet of Candles & Knife come along with cake)</strong>,1149
CAKE42055,Refined Marble Cake  ,"CAKE42059,CAKE42054","CAKE42054,CAKE42055,CAKE42056",Refined Marble Cake 1KG Eggless <strong>(Packet of Candles & Knife come along with cake)</strong>,1949
CAKE42056,Refined Marble Cake  ,"CAKE42059,CAKE42054","CAKE42054,CAKE42055,CAKE42056",Refined Marble Cake 2KG Eggless <strong>(Packet of Candles & Knife come along with cake)</strong>,3249
CAKE42050,Classic Choco Chip Cake ,"CAKE42050,CAKE42037","CAKE42050,CAKE42062,CAKE42063",Classic Choco Chip Cake Half KG <strong>(Packet of Candles & Knife come along with cake)</strong>,999
CAKE42062,Classic Choco Chip Cake ,"CAKE42050,CAKE42037","CAKE42050,CAKE42062,CAKE42063",Classic Choco Chip Cake 1KG <strong>(Packet of Candles & Knife come along with cake)</strong>,1749
CAKE42063,Classic Choco Chip Cake ,"CAKE42050,CAKE42037","CAKE42050,CAKE42062,CAKE42063",Classic Choco Chip Cake 2KG <strong>(Packet of Candles & Knife come along with cake)</strong>,2899
CAKE42037,Classic Choco Chip Cake  ,"CAKE42050,CAKE42037","CAKE42037,CAKE42038,CAKE42039",Classic Choco Chip Cake Half KG Eggless <strong>(Packet of Candles & Knife come along with cake)</strong>,1049
CAKE42038,Classic Choco Chip Cake  ,"CAKE42050,CAKE42037","CAKE42037,CAKE42038,CAKE42039",Classic Choco Chip Cake 1KG Eggless <strong>(Packet of Candles & Knife come along with cake)</strong>,1799
CAKE42039,Classic Choco Chip Cake  ,"CAKE42050,CAKE42037","CAKE42037,CAKE42038,CAKE42039",Classic Choco Chip Cake 2KG Eggless <strong>(Packet of Candles & Knife come along with cake)</strong>,2949
CAKE42033,Affable Nutella Cake ,"CAKE42033,CAKE42036","CAKE42033,CAKE42034,CAKE42035",Affable Nutella Cake Half KG <strong>(Packet of Candles & Knife come along with cake)</strong>,1099
CAKE42034,Affable Nutella Cake ,"CAKE42033,CAKE42036","CAKE42033,CAKE42034,CAKE42035",Affable Nutella Cake 1KG <strong>(Packet of Candles & Knife come along with cake)</strong>,1899
CAKE42035,Affable Nutella Cake ,"CAKE42033,CAKE42036","CAKE42033,CAKE42034,CAKE42035",Affable Nutella Cake 2KG <strong>(Packet of Candles & Knife come along with cake)</strong>,3199
CAKE42036,Affable Nutella Cake  ,"CAKE42033,CAKE42036","CAKE42036,CAKE42041,CAKE42042",Affable Nutella Cake Half KG Eggless <strong>(Packet of Candles & Knife come along with cake)</strong>,1149
CAKE42041,Affable Nutella Cake  ,"CAKE42033,CAKE42036","CAKE42036,CAKE42041,CAKE42042",Affable Nutella Cake 1KG Eggless <strong>(Packet of Candles & Knife come along with cake)</strong>,1949
CAKE42042,Affable Nutella Cake  ,"CAKE42033,CAKE42036","CAKE42036,CAKE42041,CAKE42042",Affable Nutella Cake 2KG Eggless <strong>(Packet of Candles & Knife come along with cake)</strong>,3249
CAKE42018,Magical Blueberry Cheesecake ,"CAKE42018,CAKE42023","CAKE42018,CAKE42019,CAKE42021",Magical Blueberry Cheesecake Half KG <strong>(Packet of Candles & Knife come along with cake)</strong>,1099
CAKE42019,Magical Blueberry Cheesecake ,"CAKE42018,CAKE42023","CAKE42018,CAKE42019,CAKE42021",Magical Blueberry Cheesecake 1KG <strong>(Packet of Candles & Knife come along with cake)</strong>,1899
CAKE42021,Magical Blueberry Cheesecake ,"CAKE42018,CAKE42023","CAKE42018,CAKE42019,CAKE42021",Magical Blueberry Cheesecake 2KG <strong>(Packet of Candles & Knife come along with cake)</strong>,3199
CAKE42023,Magical Blueberry Cheesecake  ,"CAKE42018,CAKE42023","CAKE42023,CAKE42015,CAKE42016",Magical Blueberry Cheesecake Half KG Eggless <strong>(Packet of Candles & Knife come along with cake)</strong>,1149
CAKE42015,Magical Blueberry Cheesecake  ,"CAKE42018,CAKE42023","CAKE42023,CAKE42015,CAKE42016",Magical Blueberry Cheesecake 1KG Eggless <strong>(Packet of Candles & Knife come along with cake)</strong>,1949
CAKE42016,Magical Blueberry Cheesecake  ,"CAKE42018,CAKE42023","CAKE42023,CAKE42015,CAKE42016",Magical Blueberry Cheesecake 2KG Eggless <strong>(Packet of Candles & Knife come along with cake)</strong>,3249
CAKE42024,Zesty Lemon Cheesecake ,"CAKE42024,CAKE42027","CAKE42024,CAKE42025,CAKE42026",Zesty Lemon Cheesecake Half KG <strong>(Packet of Candles & Knife come along with cake)</strong>,1099
CAKE42025,Zesty Lemon Cheesecake ,"CAKE42024,CAKE42027","CAKE42024,CAKE42025,CAKE42026",Zesty Lemon Cheesecake 1KG <strong>(Packet of Candles & Knife come along with cake)</strong>,1899
CAKE42026,Zesty Lemon Cheesecake ,"CAKE42024,CAKE42027","CAKE42024,CAKE42025,CAKE42026",Zesty Lemon Cheesecake 2KG <strong>(Packet of Candles & Knife come along with cake)</strong>,3199
CAKE42027,Zesty Lemon Cheesecake  ,"CAKE42024,CAKE42027","CAKE42027,CAKE41995,CAKE41996",Zesty Lemon Cheesecake Half KG Eggless <strong>(Packet of Candles & Knife come along with cake)</strong>,1149
CAKE41995,Zesty Lemon Cheesecake  ,"CAKE42024,CAKE42027","CAKE42027,CAKE41995,CAKE41996",Zesty Lemon Cheesecake 1KG Eggless <strong>(Packet of Candles & Knife come along with cake)</strong>,1949
CAKE41996,Zesty Lemon Cheesecake  ,"CAKE42024,CAKE42027","CAKE42027,CAKE41995,CAKE41996",Zesty Lemon Cheesecake 2KG Eggless <strong>(Packet of Candles & Knife come along with cake)</strong>,3249
CAKE41998,Joyful Opera Cake ,"CAKE41998,CAKE42003","CAKE41998,CAKE41993,CAKE41994",Joyful Opera Cake Half KG <strong>(Packet of Candles & Knife come along with cake)</strong>,1199
CAKE41993,Joyful Opera Cake ,"CAKE41998,CAKE42003","CAKE41998,CAKE41993,CAKE41994",Joyful Opera Cake 1KG <strong>(Packet of Candles & Knife come along with cake)</strong>,2099
CAKE41994,Joyful Opera Cake ,"CAKE41998,CAKE42003","CAKE41998,CAKE41993,CAKE41994",Joyful Opera Cake 2KG <strong>(Packet of Candles & Knife come along with cake)</strong>,3499
CAKE42003,Joyful Opera Cake  ,"CAKE41998,CAKE42003","CAKE42003,CAKE41999,CAKE42000",Joyful Opera Cake Half KG Eggless <strong>(Packet of Candles & Knife come along with cake)</strong>,1249
CAKE41999,Joyful Opera Cake  ,"CAKE41998,CAKE42003","CAKE42003,CAKE41999,CAKE42000",Joyful Opera Cake 1KG Eggless <strong>(Packet of Candles & Knife come along with cake)</strong>,2149
CAKE42000,Joyful Opera Cake  ,"CAKE41998,CAKE42003","CAKE42003,CAKE41999,CAKE42000",Joyful Opera Cake 2KG Eggless <strong>(Packet of Candles & Knife come along with cake)</strong>,3549
CAKE42002,Yummy Walnut Brownie Cake ,"CAKE42002,CAKE41980","CAKE42002,CAKE41978,CAKE41979",Yummy Walnut Brownie Cake Half KG <strong>(Packet of Candles & Knife come along with cake)</strong>,1199
CAKE41978,Yummy Walnut Brownie Cake ,"CAKE42002,CAKE41980","CAKE42002,CAKE41978,CAKE41979",Yummy Walnut Brownie Cake 1KG <strong>(Packet of Candles & Knife come along with cake)</strong>,2099
CAKE41979,Yummy Walnut Brownie Cake ,"CAKE42002,CAKE41980","CAKE42002,CAKE41978,CAKE41979",Yummy Walnut Brownie Cake 2KG <strong>(Packet of Candles & Knife come along with cake)</strong>,3499
CAKE41980,Yummy Walnut Brownie Cake  ,"CAKE42002,CAKE41980","CAKE41980,CAKE41981,CAKE41977",Yummy Walnut Brownie Cake Half KG Eggless <strong>(Packet of Candles & Knife come along with cake)</strong>,1249
CAKE41981,Yummy Walnut Brownie Cake  ,"CAKE42002,CAKE41980","CAKE41980,CAKE41981,CAKE41977",Yummy Walnut Brownie Cake 1KG Eggless <strong>(Packet of Candles & Knife come along with cake)</strong>,2149
CAKE41977,Yummy Walnut Brownie Cake  ,"CAKE42002,CAKE41980","CAKE41980,CAKE41981,CAKE41977",Yummy Walnut Brownie Cake 2KG Eggless <strong>(Packet of Candles & Knife come along with cake)</strong>,3549
CAKE41987,Armor Of Taste ,"CAKE41987,CAKE41984","CAKE41987,CAKE41982,CAKE41983",Armor Of Taste Half KG <strong>(Packet of Candles & Knife come along with cake)</strong>,999
CAKE41982,Armor Of Taste ,"CAKE41987,CAKE41984","CAKE41987,CAKE41982,CAKE41983",Armor Of Taste 1KG <strong>(Packet of Candles & Knife come along with cake)</strong>,1749
CAKE41983,Armor Of Taste ,"CAKE41987,CAKE41984","CAKE41987,CAKE41982,CAKE41983",Armor Of Taste 2KG <strong>(Packet of Candles & Knife come along with cake)</strong>,2899
CAKE41984,Armor Of Taste  ,"CAKE41987,CAKE41984","CAKE41984,CAKE41985,CAKE41966",Armor Of Taste Half KG Eggless <strong>(Packet of Candles & Knife come along with cake)</strong>,1049
CAKE41985,Armor Of Taste  ,"CAKE41987,CAKE41984","CAKE41984,CAKE41985,CAKE41966",Armor Of Taste 1KG Eggless <strong>(Packet of Candles & Knife come along with cake)</strong>,1799
CAKE41966,Armor Of Taste  ,"CAKE41987,CAKE41984","CAKE41984,CAKE41985,CAKE41966",Armor Of Taste 2KG Eggless <strong>(Packet of Candles & Knife come along with cake)</strong>,2949
