Word,Synonyms
fgccake300,"fgccake300,fgfcake84,fgcak011,fgcak08,fgcak13,fgcak16,fgcak168,fgcak169,fgcak175,fgcak176,fgcak181,fgcak27,fgcak28,fgcak39,fgcak39,fgcak40,fgcak45,fgcak62,fgcak71,fgccake102,fgccake111,fgccake120,fgccake122,fgccake128,fgccake138,fgccake14,fgccake141,fgccake142,fgccake144,fgccake155,fgccake165,fgccake166,fgccake167,fgccake178,fgccake182,fgccake184,fgccake188,fgccake190,fgccake191,fgccake192,fgccake193,fgccake221,fgccake228,fgccake229,fgccake232,fgccake238,fgccake242,fgccake243,fgccake244,fgccake247,fgccake247,fgccake251,fgccake252,fgccake252,fgccake253,fgccake254,fgccake255,fgccake257,fgccake260,fgccake264,fgccake3,fgccake300,fgccake300,fgccake304,fgccake307,fgccake308,fgccake310,fgccake32,fgccake323,fgccake324,fgccake327,fgccake331,fgccake333,fgccake335,fgccake336,fgccake338,fgccake347,fgccake349,fgccake35,fgccake352,fgccake353,fgccake355,fgccake357,fgccake365,fgccake367,fgccake37,fgccake372,fgccake374,fgccake377,fgccake379,fgccake380,fgccake381,fgccake382,fgccake384,fgccake386,fgccake389,fgccake391,fgccake394,fgccake395,fgccake397,fgccake399,fgccake4,fgccake400,fgccake403,fgccake404,fgccake410,fgccake411,fgccake412,fgccake413,fgccake413,fgccake414,fgccake416,fgccake417,fgccake421,fgccake423,fgccake425,fgccake426,fgccake427,fgccake428,fgccake432,fgccake433,fgccake44,fgccake442,fgccake444,fgccake455,fgccake456,fgccake458,fgccake470,fgccake474,fgccake475,fgccake476,fgccake486,fgccake489,fgccake490,fgccake490,fgccake495,fgccake495,fgccake496,fgccake499,fgccake503,fgccake505,fgccake506,fgccake507,fgccake509,fgccake510,fgccake515,fgccake524,fgccake525,fgccake526,fgccake527,fgccake529,fgccake53,fgccake530,fgccake532,fgccake533,fgccake539,fgccake541,fgccake542,fgccake544,fgccake55,fgccake550,fgccake554,fgccake56,fgccake562,fgccake566,fgccake571,fgccake575,fgccake582,fgccake6,fgccake62,fgccake64,fgccake65,fgccake76,fgccake86,fgccake9,fgccake93,fgchcak01,fgchcak117,fgchcak121,fgchcak70,fgchcak96,fgchcak98,fgcmb30,fgcupcake16,fgcupcake25,fgcupcake26,fgcupcake34,fgcupcake55,fgcupcake57,fgcupcake59,fgdcake19,fgfcake105,fgfcake129,fgfcake129,fgfcake187,fgfcake24,fgfcake26,fgfcake277,fgfcake303,fgfcake304,fgfcake311,fgfcake45,fgfcake51,fgfcake52,fgfcake53,fgfcake55,fgfcake55,fgfcake57,fgfcake6,fgfcake6,fgfcake70,fgfcake93,fgfcake94,fgfdtcak130,fgfdtcak301,fgfdtcak304,fgfdtcak305,fgfdtcak308,fgfdtcak309,fgfdtcake570,fgfdtcake670,fgvck02,fgvck07,fgvck07,fgvck08,\fgcupcake20,fgcak08,fgcak30,fgccake157,fgccake192,fgccake228,fgccake237,fgccake238,fgccake239,fgccake243,fgccake253,fgccake257,fgccake324,fgccake352,fgccake381,fgccake386,fgccake45,fgccake489,fgccake492,fgccake506,fgccake511,fgccake515,fgccake58,fgccake88,fgdcake32,fgfdtcak302,fgfdtcak305,fgvck02,fgvck08,cake250,fgcak08,fgcak169,fgccake144,,fgccake21,fgccake238,fgccake242,fgccake243,fgccake323,fgccake352,fgccake364,fgccake372,fgccake385,fgccake409,fgccake410,fgccake427,fgccake432,fgccake45,fgccake474,fgccake489,fgccake492,fgccake495,fgccake504,fgccake505,fgccake509,fgccake524,fgccake525,fgccake617,fgcupcake24,fgfcake303,fgfcake53,fgfcake9,fgfdtcak301,fgvck02,fgvck03,0fgccake30,0fgccake300,11 fgccake428,=fgccake500,cack 300,cak 200,cake200,cake250,ccake"
fghamper15,"fghamper15,fghamper15,fgpst15,gamers,gamers,hammer,hammper,hamper,hampers,hamper,hamper,hammer,hammper,hamper,hamper,gamer,gamers,hamner,champenge"
"lushful fruit","lushful fruit,custard fruit,lushful fruit"
"20th birthday cak","20th birthday cak,30th birthday men,60th birthday,80th birthday,20th birthday,10 th birthday boy,10kg birthday cale,10th birthday,10th birthday girl,10th birthday,10th birthday girl,10th birthday,10th birthday girl,10th birthdayscake,13th birthday boy,13th birthday cke,15th birthday son,16 birthday cak,16th birthday boy,16th brithdàycake,18th birthday boy,18th birthday cak,18th birthday son,18th birthday cale,18th birthday boy,1st birthday cale,1st birthday day,20 th birthday,20 th birthday,20th birthday,20th birthday son,20th birthday,20th birthday 1.5kg,20th birthday girls,20th birthday cake-1.5,20th birthday,20th birthday cale,20th birthday fakw,20th bithday,20th borthday,24th birthday,24th birthday,25 th birthday him,25th birthday,25th birthday son,25th birthday,25th birthday boy,25th birthday men,25th birthday,25th birthday cale,25th birthday day,26th birthday,26th birthday,27th birthday,28th birthday,29th birthday,29th birthday,2kg birthday ckae,2nd birthday cale,30th birthday,30th birthday,30th birthday her,30th birthday,30th birthday calr,31th birthday cale,40 birthday cale,40th birthday,40th birthday,40th birthday,40th birthday him,40th birthday lady,40th birthday,40th birthday theam,40th birthdays,45 th birthday dad,4th birthday boy,4th birthday boy,50 th birthday man,50 th birthday men,50th birthday,50th birthday,50th birthday,50th birthday 4,50th birthday boy,50th birthday caj,50th birthday cajke,50th birthday,50th birthday dad,50th birthday fathe,50th birthday him,50th birthday,50th birthday 1,50th birthday crikat,50th birthday dad,50th birthday man,50th birthday.,50th birthday’s,56th birthday dad,5th birthday year,5th birthday car,6 month birthday cak,60 th birthday male,60 th birthday mom,60th birthday,60th birthday,60th birthday,60th birthday,60th birthday,60th birthday mom,60th birthday’s,70th birthday,70th birthday,70th birthday dad,75 birthday cakr,80th birthday,80th birthday,80th birthday,90th birthday,90th birthday,birthday cak,21th birthday,25th birthday,40th birthday,50th birthday,50th birthday dad,60th birthday,70th birthday,10th birthday,10th birthday girl,20th birthday,24th birthday,25th birthday,40th birthday,50th birthday,90th birthday,car birthday cak"
9182776612,"9182776612,,,(#27023),(#27063),(#27104),(#27158),1,16,18,2,250,6,68557,7,800,????,,1.5,1/2,,,,,(#26775),(#26941),(#27054),(#27227),(#27633),(#30195),(#33758),(#39564),(#41580),Марьяна,Сергей,चॉकलेट,मैंगो के पर अपना फोटो,मैंगो केक,#16301,#46838,#83335,#8557,$,${844475998+873740820},${892516971+943865366},${9999856+10000024},','1=1',),))))))))))))))))))))))))))))))))))))))))))))))))))))))))))))))))))))),+91-8826027043,,200,,3604,.,..,...,.0.5,.5,.5,.5,.5,.y,/,/*1*/{{990905336+965920987}},0 1300\,0,0. 5,0.5,0.5,0.5,0.5,0.75,0.75,04012000901,1,1,1 .5,1 .5 2y,1 1/2,1,1,1,1,1,1 केक,1',1) 2,1-,1.,1.2,1.5,1.5,1.5,1.5,1.5,1/2,1/2,1/2,1/2,1/2,1/2,1/2,1/3,1/4,1/4,1/4,1/4,1/5,1/6,10,10,10 8 6,10,10,10,10,100,100 वाली केक,100 ₹,1000,10000,100037,100060692,100₹,10227,10327,103294,103455,10363,104359,1045,104982,10500,10540,105404,1064,106825,108169,10969,11,110006,110009,110016,110041,110044,110045,110058,110059,110064,110066,110070,110074,110075,110078,110084,110089,110093,110819,11126,11240,113681,11435,115685,1165,1172,117270,11917,12,12,12,120,1200,121004,121006,12117,121309,122001,122003,122010,122011,122017,122018,122102,122103,122209,122502,122506,122520,122989,123,123016,12316,123206,12345,124276,125001,12680,127011,127942,12901,12:00,13,1348/,13721,13944,1399.00,14,14,140307,144001,1454,14680,14849,149,14959,15,15,150,150,150-200,15000,15755,15924,15974,16,16,160018,16077,16173,1621,16333,1653,16807,16923,17,17,17 સાલ કી લડકી કે લિયે એક્ઝામ હોને વાલા કે,17048,17305,17408,17466,17784,17990,18,18,18+,18+,18009,1802 15 18,1802 15 18 51,18185,18612,18728,18871,18978,19,19166,192.168.101.1,19363,19536,19567,1960,19671,1999,1\2,2,2,2,2,2,2,2,2,2,2,2.5,2.5,2.5,20,20 45 60,20,20,200,200,200 300,200-300,200/-,201005,201014,201301,201304,201305,201306,201310,201314,20143,20191108 1553550017,2020,2021,2022,2023,2023,2024,203201,20421,20458,20569,206634513345,20767,20795,208003,20849,20857,21,21,21087,21239,21535,21619,21826,22,22,220,22082,221106,221208,2222222 22,222856,225001,226003,226016,2296,23,23247,23679,2379,2396,24,245101,249,249137,25,25,25 25,250,250,250,250,250.300,250/-,2509,25579,25662,25698,2609,2619,26299,26889,26956,27,27,27092,27873,28,2807,28347,2837,28525,28583,28837,29027,29311,29658,2989,3,3 4,3,3,3 1000,3,3,3 पोंड,3/4,3/4,3/4,30,30,300,300,300 400,300 वाला,300/-,3000,3012,30219,30274,303108,31,31173,31462,3164,31914,32,32,32853,32896,32960,33,33388,335513,3392,34257,34806,34811,35,350,3548,35662,35760,35898,36023,36113,3612,36237,37,37521,37612,3804,38273,38390,38527,38528,387001,38893,38916,39380,399,4,4,4,4,4,40,40,400,400012,400072,400093,400604,40326,40650,40795,40926,40936,4096,41,411033,411040,41260,417,41909,420,420,42523,43360,43593,43808,43937,43978,440025,44252,449,45,450,45194,45371,45540,46,46581,46738,46838,4700,473551,47499,47599,48,48374,48494,49,49325,494334,49584,499,499,5,5,5 1,5,5,5,50,50,50,50,50,500,500,500,500,500,500 ग्राम केक,50000,500015,500016,500043,500046,500049,500067,500072,500081,50046,50064,500ग्र‌ॅम चार केक,501401,502032,502300,502313,505,50887,50978,51,516360,51675,52,52913,5324,53801,5396,54006,54366,54763,54818,549,55503,560035,560102,56970,57026,575,57757,590,591344,59166,598,6,6,6,6,60,60,60+,600,600,600017,603103,60576,6060,61232,6147,6153,6212,6230272874,6266810811,6340,63900,64397,6454,64561,649,65,65239,6531,65767,67245,67397,6778,689,6893,69,69191,7,7,7,70,700,700,700,700120,70202,7029158794,7042010243,70748,7120,719,72909 66908,736,7386,74,74084,75,75,75343,76211,76264,76780,7703839363,7869,78950,7937,79400,7984,8,8,8,80,80,800,802119,80583,8123003370,813203,8177,822331,8279307457,8285363522,8292,8344,841226,84132,8447542282,84856,85519,8555,8557,8585915339,8587969609,8683861368,8755,89,9,9,9/11,90,90,9004631950,9004641751,9014425188,9019646062,9029,90290,9090,91-9958549119,9135558067,9306331511,9377,9415424327,9467870625,9541,9573692936,9599698255,9618182177,966264,96801,9717033381,9717622146,9810586665,9811164914,9811267628,9818754219,9818940509,9868881112,9871195071,9871936193,98848,9899890289,9911234453,99429,9951,9999969037,????,????,????,????,????????,????????????????,???????????????????? ???????? ????????,????????????????????????,???????????????????????????????????????????? ???????????????????? ????????????????,???????????????????????????????????????????????????????????????????????????????????????????????????????????????????????????????????????????????????????????????????????????????????????????????????????????????????????????????????????????????????????????????,,,,,300,400,,,200 ₹,1/2,5,,0.5,1,1,1.5,1/2,1/2,10,10000000,150,2,2,200,21,250,3,3,30,300,350,399,400,400 500,449,499,5,500,500,6,????,,449,,,,11,12,18,2,200,300,4,50,500,599,60,600,❤,,1/2,2,200,250,3,300,₹250,24,3,,,,1,8,,مكعبات,₹300,,1,1.5,2,250,499,500,500,800,300,17,26,50,180,200,,400,112,300,400,500"
"a delectable treat","a delectable treat,delectable treat,delectable treat,deletctable treat,detectable treat"
addonfg15,"addonfg15,addonfg16,adon1,adon13,adon4,add ons,add ons,addin,addon,addon,addonfg,addonfg1,addonfg10,addonfg11,addonfg11,addonfg12,addonfg12,addonfg13,addonfg14,addonfg15,addonfg16,addonfg17,addonfg18,addonfg2,addonfg20,addonfg21,addonfg22,addonfg22,addonfg27,addonfg29,addonfg3,addonfg3,addonfg4,addonfg5,addonfg5,addonfg6,addonfg6,addonfg7,addonfg7,addonfg8,addonfg9,addons,adon,adon1,adon10,adon11,adon12,adon13,adon14,adon16,adon17,adon18,adon2,adon3,adon4,adon5,adon6,adon7,adons,amongs,amongus"
"angry bird","angry bird,1/2 angry bird,android,android,angel fairy,angel food,angel wing,angey bird,angle wing,angree bird,angree birdd,angri bird,angry,angry bird,angry bird,angry bird,angry bird - 1.5,angry bird,angry birds,angry birds,angry borf,angry burd,angry,angry man,angry woman,angrybird,angrybirds,army girl,angry bird,candy bar,chucky bird"
"angry bird photo","angry bird photo,angry bird photo,angry bird photo,angry bird theme,angrybird photo"
"arial mermaid","arial mermaid,aerial mermaid,aerial mermaid,arial ma,arial mer,arial mermaid,arial mermaid,ariel mermaid,ariel mermaid"
"behna ka pyaar","behna ka pyaar"
"belgium choclate","belgium choclate,belgium chocolate,begium chocolate,belgian chocolate,belgian choclate,belgian choclate,belgian chocolate,belgian chocolate,belgian chocolate,belgium cho,belgium chocolate,belgium chocalate,belgium choclate,belgium choclate,belgium chocolat,belgium chocolate,belgium chocolate,belgium chocolate - 1,belgium mat chocolate,belguim choclate,beligium chocolate,best choclate"
"birthday bash","birthday bash,birthday,birthday,birthday,birthday,birthday,birthday kids,birthday dad,birthday mom,birthday mother,birthday,birthday 1,birthday men,birthday card,birthday girl,birthday,birthday,1 birthday boy,1 birthday boy,1 birthday boy,1 birthday boy,2 birthday boy,2 birthdy baby,2 birthday boy,3 birthday came,5 birthday boy,7 birthday boy,b.day sash,bday sash,birday cack,birday cakr,birhtday baby,birrhdat caps,birtday beer,birtday men,birth day cack,birth day 2kg,birth day girl,birth day half,birthay man,birthbash,birthda boss,birthdat heart,birthdaty cup,birthday,birthday,birthday cars,birthday name,birthday boy,birthday boy 2,birthday love,birthday mom,birthday,birthday cakr,birthday girl,birthday half,birthday song,birthday soon,birthday wife,birthday 1,birthday 10,birthday 150,birthday 17,birthday 18,birthday 19,birthday 1kg,birthday 20,birthday 200,birthday 21,birthday 24,birthday 250g,birthday 3,birthday 4,birthday 50,birthday 58th,birthday 5kg,birthday 60,birthday 9,birthday ackes,birthday add,birthday adult,birthday amma,birthday army,birthday ballon,birthday ballone,birthday ballons,birthday balloon,birthday balloon,birthday balls,birthday baloon,birthday baloons,birthday baluns,birthday banner,birthday bash,birthday bash,birthday bash,birthday bash cale,birthday bento,birthday bento,birthday blow,birthday blue,birthday bonanza,birthday bonanza,birthday bonaza,birthday boss,birthday bottle,birthday bottle,birthday bow,birthday box,birthday boy,birthday boy,birthday boy sash,birthday brother,birthday bts hiya,birthday buffe,birthday buffet,birthday bullet,birthday ca,birthday cabdle,birthday cacke,birthday caje,birthday cajes,birthday,birthday 1 sr,birthday 1 st,birthday 1kg,birthday 2,birthday 300/,birthday 5,birthday bottle,birthday dad,birthday baby,birthday boy,birthday boys,birthday him,birthday husband,birthday men,birthday laptop,birthday papa,birthday pubg,birthday small,birthday - 1,birthday .5 kf,birthday .5,birthday 1,birthday 1.5,birthday 1.5kg,birthday 1/2,birthday 10,birthday 150,birthday 1kg,birthday 1st,birthday 2,birthday 2,birthday 2.5,birthday 20,birthday 21,birthday 250,birthday 2kg,birthday 2nd,birthday 2pond,birthday 2tire,birthday 3,birthday 30,birthday 300,birthday 499,birthday 4gm,birthday 50,birthday 500,birthday 500g,birthday 500gm,birthday 5499,birthday 599,birthday 80,birthday 900,birthday baby,birthday banila,birthday barbie,birthday beer,birthday bike,birthday black,birthday blue,birthday body,birthday boss,birthday bottle,birthday boy,birthday boys,birthday brother,birthday bts,birthday car,birthday chic,birthday combo,birthday dad,birthday design,birthday doll,birthday drink,birthday duble,birthday duck,birthday egg,birthday fal,birthday father,birthday fo,birthday food,birthday,birthday bhai,birthday father,birthday 18,birthday 18th,birthday 2,birthday 30,birthday 8yr,birthday ????,birthday boy,birthday artist,birthday baby,birthday banker,birthday bf,birthday bhabhi,birthday bhai,birthday boss,birthday boy,birthday boys,birthday breakup,birthday brother,birthday car,birthday child,birthday dad,birthday daddy,birthday dog,birthday dogs,birthday don,birthday dr,birthday father,birthday female,birthday fiance,birthday finace,birthday fuane,birthday gf,birthday girl,birthday girls,birthday gran,birthday h r,birthday hacker,birthday her,birthday him,birthday hubbuy,birthday hubby,birthday husband,birthday husbans,birthday kid,birthday kids,birthday lawyer,birthday love,birthday maa,birthday male,birthday man,birthday md,birthday men,birthday mom,birthday mother,birthday mummy,birthday banker,birthday husband,birthday papa,birthday sister,birthday son,birthday son 1,birthday teacher,birthday teins,birthday twin,birthday twins,birthday wife,birthday women,birthday formm,birthday frmale,birthday gaming,birthday girl,birthday girls,birthday gucci,birthday gym,birthday half,birthday hamper,birthday heart,birthday hisband,birthday hubby,birthday husband,birthday 400,birthday 500,birthday dad,birthday mohali,birthday air,birthday itik,birthday kids,birthday ladies,birthday love,birthday makeup,birthday male,birthday man,birthday men,birthday mom,birthday mother,birthday n,birthday nani,birthday 1,birthday boy,birthday brother,birthday krishna,birthday mom,birthday one,birthday,birthday,birthday panda,birthday papa,birthday photo,birthday photo,birthday pink,birthday r,birthday reyansh,birthday ribbon,birthday romit,birthday roses,birthday sam,birthday saree,birthday sexy,birthday shalu,birthday small,birthday son,birthday teacher,birthday theme,birthday husband,birthday today,birthday under,birthday veg,birthday vts,birthday watch,birthday watches,birthday whisky,birthday whole,birthday wife,birthday ballons,birthday bat,birthday bottle,birthday buket,birthday card,birthday dogs,birthday doll,birthday gems,birthday gifts,birthday hamper,birthday photo,birthday rose,birthday roses,birthday wine,birthday women,birthday cakeb,birthday caked,birthday,birthday choco,birthday mom,birthday papa,birthday pink,birthday 1,birthday 17,birthday 18,birthday 1kg,birthday 1st,birthday 250gm,birthday 38,birthday gifts,birthday ballon,birthday bella,birthday boys,birthday bts,birthday combo,birthday cute,birthday boy,birthday baby,birthday bf,birthday bhabhi,birthday bos,birthday boy,birthday boys,birthday brother,birthday ca,birthday dad,birthday dogs,birthday drink,birthday father,birthday fathers,birthday gi,birthday girl,birthday girld,birthday girls,birthday guys,birthday her,birthday him,birthday huband,birthday hubby,birthday husband,birthday kids,birthday love,birthday maa,birthday male,birthday mama,birthday man,birthday men,birthday mom,birthday moms,birthday mother,birthday mum,birthday papa,birthday sister,birthday teens,birthday twins,birthday wife,birthday women,birthday girls,birthday half,birthday home,birthday husband,birthday husbanf,birthday lover,birthday messi,birthday mom,birthday mother,birthday husband,birthday nephew,birthday peepa,birthday photo,birthday phots,birthday pubg,birthday roblox,birthday veg,birthday 1,birthday bookey,birthday eye lash,birthday photo,birthday cakesl,birthday cakke,birthday cakr,birthday cale,birthday cales,birthday came,birthday cames,birthday candal,birthday candel,birthday candle,birthday canle,birthday cap,birthday caps,birthday car,birthday card,birthday cards,birthday cars,birthday cat,birthday check,birthday chees,birthday cheese,birthday cheese,birthday chess,birthday ckakes,birthday cle,birthday cnom,birthday combo,birthday combos,birthday cool,birthday cream,birthday creme,birthday crown,birthday cup,birthday cup,birthday cushion,birthday dad,birthday dash,birthday day,birthday day 25,birthday decor,birthday dens,birthday doll,birthday doll,birthday donut,birthday dr,birthday exosit,birthday father,birthday first,birthday 18,birthday 37,birthday 37men,birthday boy,birthday brother,birthday dadi,birthday father,birthday girls,birthday her,birthday him,birthday husband,birthday love,birthday men,birthday mom,birthday mother,birthday sister,birthday son,birthday wife,birthday fruit,birthday,birthday books,birthday,birthday brother,birthday mom,birthday,birthday gifts,birthday gifts,birthday girl,birthday girl,birthday girl,birthday girls,birthday gun,birthday half,birthday hamper,birthday hamper,birthday hanger,birthday hat,birthday hats,birthday high,birthday hubby,birthday husband,birthday jar,birthday kake,birthday kid,birthday kids,birthday kids,birthday kids,birthday kitty,birthday knife,birthday l,birthday love,birthday love,birthday mini,birthday mini,birthday misic,birthday mom,birthday mom,birthday month,birthday mug,birthday music,birthday music,birthday name,birthday nurse,birthday 2,birthday teacher,birthday brother,birthday husband,birthday mom,birthday mother,birthday mummy,birthday pack,birthday pan,birthday panda,birthday papa,birthday pari,birthday party,birthday party,birthday pastie,birthday pastry,birthday pearl,birthday photo,birthday photo,birthday photo,birthday pilot,birthday pinata,birthday pinata,birthday pinata,birthday pinta,birthday pop,birthday prop,birthday props,birthday roses,birthday sache,birthday sash,birthday sashes,birthday shashe,birthday sir,birthday sister,birthday slash,birthday smash,birthday son,birthday song,birthday songs,birthday soon,birthday spray,birthday square,birthday stick,birthday stuff,birthday tag,birthday,birthday theme,birthday tiara,birthday mother,birthday toper,birthday travel,birthday twins,birthday video,birthday week,birthday wheat,birthday wife,birthday wishes,birthday women,birthday xake,birthday xalre,birthday.,birthday.,birthdaycake,birthdaycakes,birthdays,birthdays,birthdays,birthdy girl,birthdya,birthfay banner,birtjday dad,birtjday gf,bithday 1,bithday banner,bithday cann,bithday girl,borthday bash,borthday wife,borthday cales,borthday cap,burthday boy,burthday him,burthday mom,burthday sash,birthday,birthday,birthday 1kg,birthday 1pond,birthday 16th,birthday bootal,birthday man,birthday sister,birthday froot,birthday girl,birthday girls,birthday half,birthday kive,birthday lego,birthday love,birthday mango,birthday plant,birthday tree,birthdy wife,birthday,1 birthday boy,birthday,birthday boy,birthday en,birthday boy,birthday girl,birthday husband,birthday wife,birthday,birthday,birthday,birthday half,birthday,birthday girls,birthday 13,birthday girls,birthday girl,birthday her"
"black forest photo","black forest photo,black forest cales,black forest girl,black forest pastry,black forest 1 kgs,black forest egg,black forest half,black forest photo,black forest 1,black forest 1,black forest 1kg,black forest 250gm,black forest 399,black forest 3kg,black forest 449,black forest 500 g,black forest 500gm,black forest all,black forest fruit,black forest roses,black forest bento,black forest bomb,black forest browny,black forest 0.5kg,black forest 1,black forest 1 kgs,black forest 1 pond,black forest 1kg,black forest 2,black forest 4kg,black forest 500gm,black forest half,black forest jar,black forest name,black forest only,black forest combo,black forest photo,black forest cake,,black forest egg,black forest 1,black forest 1kg,black forest 749,black forest 1kg,black forest case,black forest ckae,black forest combo,black forest cra,black forest de,black forest drip,black forest drip,black forest fruit,black forest glory,black forest half,black forest hear,black forest heart,black forest icing,black forest kids,black forest pastry,black forest photo,black forest photo,black forest photo ceka,black forest photo vake,black forest photocakes,black forest pinata,black forest pinnata,black forest treat,black forest wisdom,black forest cherry,black forest egg,blackforest combo,blackforest glory,blackforest pastry,blackforest photo"
"blackforest cherries","blackforest cherries,black forest pastries,blackforest cherry pop,blackforest fruits,blackforest cherries"
"blossom flower","blossom flower,rose flower,balloon flower,basket flower,bloosom flower,bloosom flower,bloossam flower,blosam flower,blossm flower,blossom flowe,blossom flower,blossom flower caje,blossom flower,blossom flower half,blossom flower cale,blossom flower cane,blue flower,blue flower,booke flower,boss shower,bow flower,combo flower"
"bombastic chocolate","bombastic chocolate,bomb chocolate,bomb chocolate,bombastic chocolate,bomblastic chocolate"
"bonn delight","bonn delight,almond delight,boat design,bon delight,bone delight,bonn deli,bonn delight,bonn delight,bonn delight,bonn delight cale,bonn delight-1,bonnn. delight,book design,book design,boon delight,born delight,born delight,bow delhi,bow design,boys design,delight,candlelight,candlelight,choco delight,choco delight"
"born shop","born shop,born shop,owl shape,6 no shap,air drop,air hos,baby ahow,baby jhon,baby shape,baby shape,baby shef,baby sho,baby showe,baby showe,baby soon,bag shape,ball shape,ball shape,ball shape,bansoi,bat shape,bear shape,bear choc,bear n cho,bear shape,beard shape,beart shape,bed shape,beer shape,beer shape,beer shape,beer shape,ben shirt,bentho,bhangel shop,bike shape,bike shape,bike shape,boan baby,boat shape,boba cup,boby shower,boho,bomb box,bomb photo,bomb shape,bomb shell,bomb shell,bomb shell,bon bon,bon voy,bon vyo,bonds,bone shop,bone shape,bone shape,bone shaped,boneto,bonsai,boobs shae,boobs shape,book show,book s,book shape,book shape,book shaped,book shaped,book shaped,boorn shop,boow toe,bored shape,borm shop,born,born shop,born baby,born baby,born shop,born shopping,born,born ahope,born be,born rat,born shine,born shone,born shop,born shop,born shop,born win,born work,bornto shp,boss boy,bossom,boston,bow shaped,boy dog,boy or,boy shape,boy shark,boy sma,boy smah,boy dog,boys cap,boys shirt,bra shape,brain shape,brain shape,bts top,burn away,burn away,burn away,burn cakw,burn out,burn way,bus shape,bus shape,or sell,or sell,bomb shell,brother shop,shop,beer shape,bomb box,form ship,book shape,shop,own photo,born,car shape,work home,car shape,car shape,car top,car sha,car shape,car shape,car shape,cargo ship,cars shape,cars shape,ceke shop,choko chop"
"born shop cake-1.5","born shop cake-1.5,born shop cake-1.5"
"boss baby","boss baby,for lady,bomb ka,2 baby,baby,baby boy,baby,boss,boss,baby,rose tedy,1/2 baby,1/2 baby,1/2kg baby,1month baby,1st baby,1st bday,1st bday,1st bday,1year baby,21st bday,21st bday,21st bday,2year baby,300 baby,3year baby,4month baby,5 boss baby,6month baby,6month baby,90s boy,elsa bag,aries baby,b day,babay,babu boy,baby,baby,baby,baby bash,baby bdy,baby biy,baby boy,baby boy,baby boy,baby,baby,baby boy,baby,baby,baby,baby way,bags wala,bake bank,ball bat,band baja,baseball,baseball,bat ball,bat ball,bbay boy,bby boy,bday boy,bday baby,be lady,be lady,beast boy,beer bag,beer day,best boss,best boss,best bts,best buddy,best cale,best dad,best dad,best dad,best dadu,best das,best hubby,best hubby,best hubby,best mamu,best man,best papa,best pubg,best sad,big bang,black bary,blood bank,blossam,blu barry,blue ball,blue barry,blue barry,blue baby,blue lady,boba,boboiboy,boboiboy,body part,body part,bold bath,bomb blast,bomb blast,bomb cafe,bomb cale,bomb came,bombas,boob caje,booba,booba,boobs came,booby,book cakw,book law,bookay,boos baby,boos baby,borthday,borthday,borthday,bose baby,bose baby,boss,boss 36,boss aby,boss ady,boss ake,boss babh,boss baby,boss baby,boss baby 1,boss baby,boss baby half,boss baby 1kg,boss baby boys,boss baby,boss baby girl,boss baby half,boss baby one,boss baby vake,boss baby wala,boss baby-2,boss bany,boss bday,boss bday,boss boby,boss caje,boss,boss,boss cale,boss cales,boss came,boss dady,boss day,boss day,boss girl,boss lady,boss lady,boss madam,boss man,boss,boss theme,bossbaby,bossbaby,bossbaby,bosscake,bosss baby,bossy,bossy baby,bow cak,bow black,bow cale,bows beads,box cale,boy baby,boy cale,boy face,boy face,boy bed,boy car,boy cash,boys half,boys cakd,boys cald,boys kid,bsby,bts cak,bts army,bts army,bts army,bts band,bts boys,bts boys,bts army,bts half,bts cakr,bts cale,bts fake,bts fam,bts fam,bts fan,bts ga,bua ka baby,bugs bunny,bule barry,bus cakr,bus cale,bus came,bussy man,busy lady,busy man,busy man,but way,baby,cak boby,boys ca,boys car,kids boy,bookay,baby,boss,baby,baby boy,boss,boss pa,boss wife,boys 13,busy hubby,kids boy,twin baby,twins baby,6month baby,baby,baby boy,boss,boys half,boys kids,kids boy,months baby,gor baby"
"boy smash","boy smash,baby shark,1 bday smash,baby boy smash,baby sea,baby shark,baby shark,baby shark,baby shark,baby sharl,baby smash,badmass,badshah,bash,bash,bat man,bat man,batsman,bay blade,bay boss,baymax,bday man,bear masha,bear masha,beash,beby shark,bet man,bey blade,bey blade,big ass,big man,biy smash,bon voage,book image,booyah,bottoms,boy gril,boy cloud,boy frnd,boy girl,boy kid,boy kids,boy kids,boy smash,boy smash,boy theam,boy theme,boy theme,boy voyage,boy specs,boycake,boyes,boys,boys,boys,boys,bsby shark,bts image,bts star,smash,boys,boys,boy normal,boya,boys,mash,smash,smash,smash,smnash,boms,boys,boy kid,boy's,boys,cakesmash,cakesmash,cale smash,chrismas"
"bring it","bring it,bride be,brownie,brownie,cricet,cricket,drink,dryfruit,flight,fruit,fruit,mint,orange,princess,rangers,ricket,,mini,2 digit,abhijit,airindia,among us,among us,among us,amung us,amung us,astra it,avingers,baby kit,baby kit,bajrang i,bajrangi,baking,baking go,bakinggo,bakingo,bakingo,bandaid,bangle,bangles,bangtan,banni,banquet,banti,baribie,bazinga,beanie,beding,begin,beide be,belgi,belgia,ben 10,ben 10,ben 10,ben 10,benefin,bengali,bengali,bent,bent,benti,bfruit,bgmi,bgmi,bgmi,bhang,bhangra,bhangra,bhipi,bhumit,bhumit,bidi,big,big ake,big bro,big,big 3rd,big pink,big,big cup,big dick,bike l,bikini,bikini,bikni,bikni,binance,bind,bind law,binge,bingo,bingo,binomo,binto,binto,binto,bippi,biriyani,biriyani,biriyani,birkin,birt,biscui,biscuit,biscuits,bit,bitcoin,bitcoin,blanket,blind jud,bling,bling,blink 182,blipi,blippi,blippi,blippi,bmgi,bogie,bong,boondi,boxing,boxing,boxing,boxing idea,boxing ring,bracelet,brahmin,brain,brain,brainy,branch,brand,brand,brand,brand,branded,branded,brands,brands,brands,brandy,braouni,brauni,brawnie,break it,break up,breast,breast,breast,breezet,bribe,bribe be,brick,bricka,bricks,brid be,bridal,bridal,bridal,bridal be,bride,bride,bride,bride cup,bride be,bride be,bride be,bride be,bride be?,bride bee,bride ve,brides,brides be,bridgerton,bridie,bried bee,brife,brigade,bright,bright be,bring,bring it,bring it,bring it,bring it,bring it,bring it own,bring,briscoff,brista,britain,britannia,brithday,brithday,british,british,briyani,briyani,brode be,brode be,bronie,bronze,brouni,brounie,browin,browinie,browni,browni,browni,brownie,brownie,brownie,brownie,brude be,brude be,brust,bts gir,budgie,bundt,bundt,burget,burnie,burning,burning,burning,burning fire,burnout,burnt,bwronie,bridal,biscuit,bride,weight,cricket,crit,critt,singer,bride,bride be,cricket,drink,drinkee,drinker,drinkers,flight,infant,king,princess,singer,singers,singing,wine b,fruit,bhikaji,mini,brands,ring,dick it,bike it,cars it,drink,drinks,princes,ring,cricket,brand,brands,bride,singer,singers,bride be,princess,brands,fruit,light,candlit,caring,chingam"
"bundle joy","bundle joy,bundle love,beagle dog,bentley,bubble bee,bubble gum,bubble tea,bule doll,bull dog,bumble bee,bumble bee,bundl,bundle,bundle,bundle hou,bundle joy,bundle joy,bundle llve,bundle lov,bundle love,bundle love,bundles,n joy,undee 500,candle 22,candle 24,candle 4,candle 7,candle add,candle l,candle lit,candle lit,candle no 5,candle no 7"
"burger dude","burger dude,burger,burger,urger cak,beer budd,beer budie,beer dad,bubbu dudu,bubu dudu,bubu dudu,bubu dudu,burgendy,burger,burger,burger,burger,burger dude,burger dude-1,burger king,burger shake,burger shape,burger shape,burger shaped,burger shaped,burger theme,burger theme,burgers,butter kids,butter scuce,burger,suger free"
"butter cookie craving-500 gms","butter cookie craving-500 gms"
buttercream,"buttercream,icecream,buttercream,butterfly,butterscotch,ice cream,2 tier cream,2tiyer cream,3 tier cream,4 tier cream,4 tier creame,baby cream,blue cream,blue cream,blue cream,boston cream,bunny cream,butter,butter bean,butter bean,butter beans,butter,butter,butter catch,butter choco,butter coch,butter cream,butter cream,butter cream,butter crunch,butter fly,butter roti,butter sco,butter scot,butter theme,butterbean,butterbean,butterbeans,buttercram,buttercre,buttercream,buttercream,buttercream car,buttercream,butterf,butterfl,butterflies,butterflies,butterflly,butterfly,butterfly,butterfly,butterfly,butterfly,butterfly 1,butterfly,butterfly cream,butterfy,butterfy,butterlfies,butterly,buttermilk,butters,buttersc,butterscoch,butterscorth,butterscosh,butterscotch,butterscotch,butterscotch,butterscotch,butterscotch,butterscotch,butterscoth,butterscoth,butterscoth,buttersctoch,buttersoach,buttersoch,buttersocth,butterstoc,butterstoch,buttery,butterfly,butterscotch,icecream,buttersoch,not cream,ice cream,butterscotch,ice cream"
"candlelit wishes","candlelit wishes,candlelit wishes,candle light wishes,candle light wishes,candle lit wisahes,candle lit wishes,candlelit wishes,candlelit wishes,candlelit wishes cale,candlelite wishes,cardle wishes"
"choco buzz","choco buzz,choco farm,chocolate,coco dudes,chocolate,chocolat,chocolatee,choco chip,choco chip,choco fudge,choco love,choco nuance,choco rumble,chocochips,chocolate,chocolate,chocolava,coco 0.5,photo bunch,photo bunch,chocolate,chocolate,chocolat,chocolate,chocolate,chocolate,chocolates,chocolate,chocolate,ccoco bunch,chaco farm,chaco late,chaco lava,chco chip,chico chip,chico chip,chico fam,chico kiwi,chico lava,chico lava,chico nuts,chico nutty,choc star,choc fam,choc lava,choc love,choc sta,choc star,chocho chip,chocho love,chocho sta,chock fam,chock lots,chocko fam,chocko fudge,choco,choco chip,choco fam,choco love,choco nuance,choco staw,choco straw,choco ball,choco ball,choco balls,choco banana,choco bar,choco bar,choco bar,choco belbet,choco bronie,choco bronie,choco brown,choco browni,choco bruz,choco bunch,choco butter,choco buzz,choco,choco,choco cale,choco cales,choco ch,choco cher,choco chi,choco chip,choco chip,choco chip,choco chipa,choco chips,choco chips,choco chips,choco church,choco cola,choco cream,choco cream,choco crunch,choco crunch,choco de,choco dip,choco dream,choco e,choco ec,choco fab,choco fam,choco fam,choco fanta,choco farm,choco feast,choco fiest,choco firm,choco fludge,choco,choco fros,choco frost,choco fru,choco fruit,choco fruity,choco fude,choco fudg,choco fudge,choco fudge,choco fudge,choco fudgge,choco fugh,choco gulab,choco hazel,choco heart,choco jung,choco jungle,choco jungle,choco kiwi,choco lada,choco laser,choco lava,choco lava,choco lava,choco lava,choco lawa,choco leisu,choco lies,choco love,choco lover,choco lover,choco lv,choco m,choco mango,choco mania,choco mania,choco melt,choco mint,choco mint,choco moca,choco mocha,choco moose,choco mose,choco mouse,choco mouse,choco mousse,choco mousse,choco mud,choco mud,choco musee,choco naria,choco nauanc,choco naunce,choco nua,choco nuance,choco nuance,choco nut,choco nuts,choco ocean,choco oreo,choco pam,choco pho,choco photo,choco photo,choco pie,choco pie,choco plat,choco play,choco play,choco rakhi,choco rash,choco rasma,choco red,choco ring,choco rose,choco rose,choco ruffle,choco rumble,choco rumble,choco s,choco slice,choco slice,choco st,choco sta,choco star,choco starw,choco staw,choco str,choco stra,choco straw,choco straw,choco sugre,choco surge,choco surge,choco swirl,choco tella,choco tr,choco tru,choco truff,choco trufle,choco tuffer,choco tuffle,choco tuffle,choco v,choco van,choco vani,choco w,choco jess,choco wo,choco.chip,chocoalte,chocoate,chocoate,chocoball,chocobela,chocobella,chocoberry,chocobucket,chocochi,chocochip,chocochip,chocochip,chocochips,chocochips,chococlate,chococream,chococrunch,chocofam,chocofruit,chocofudge,chocofun,chocoholic,chocoholic,chocoholic,chocola,chocola,chocola,chocolaa,chocolabha,chocolada,chocolae,chocolaet,chocolak,chocolat,chocolate,chocolate,chocolate,chocolate,chocolate,chocolate,chocolate,chocolate,chocolate,chocolate,chocolate',chocolatea,chocolates,chocolates,chocolates,chocolatr,chocolats,chocolatw,chocolatw,chocolaty,chocolaty,chocolava,chocolava,chocole,chocolet,chocolet,chocoletes,chocolic,chocolic,chocolte,chocomore,chocomud,chocote,chocotella,chocotella,chocotruff,choko chip,choko la,choko lava,choo choo,chota b,chota been,chota bhem,chota bhem,chota bhim,chota bhim,choto bheem"
"choco chip pastry-set 4","choco chip pastry-set 4"
"chocolate ball","chocolate ball,chocolate chips,chocolate dream,chocolate combo,choclate nuts,chocolate - 1,chocolate s,chocolate dream,chocolate drip,chocolate drip,chocolate hat,chocolate rose,chocolate vegan,chocolatecake,chocolaty heart,bascate ball,big chocolate ball,chocolate combo,chocolate 0.5kg,chocolate combo,chocolate 300rs,chocolate lover,choclate ball,chocolate bars,chocolate combo,chocolate 1,chcocolate rose,chcolate lava,chcolate rose,chocalate cup,chochlate ball,chochlate bunch,chochlate walnut,chochlate wine,chocholate plum,chockate lava,chocklate cakr,chocklete cace,choclate 300,choclate b,choclate ball,choclate balls,choclate baquet,choclate basket,choclate blast,choclate boll,choclate booky,choclate 1,choclate 1/2,choclate 1kg,choclate girls,choclate kids,choclate mom,choclate haff,choclate half,choclate heart,choclate q,choclate cakr,choclate cale,choclate cate,choclate chip,choclate drin,choclate dry,choclate ex,choclate half,choclate hat,choclate hat,choclate hatr,choclate jar,choclate late,choclate lava,choclate loaf,choclate loaf,choclate mud,choclate nuts,choclate rakhi,choclate rose,choclate rose,choclate se,choclate t,choclate vanilla,choclatecake,chocolate vanilla,chocolate vanilla,chocolate ball,chocolate 2kg,chocolate men,chocolate barbie,chocolate 1,chocolate cale,chocolate caramel,chocolate heart,chocolate hearts,chocolate lawa,chocolate lawa,chocolate para,chocolate pinata,chocolate plum,chocolate truff,chocolate 1,chocolate 1,chocolate 1/2,chocolate 10,chocolate 1kg,chocolate 2,chocolate 2,chocolate 250gm,chocolate 3kg,chocolate 3kg,chocolate 500,chocolate 500 g,chocolate 500gm,chocolate alcohol,chocolate almond,chocolate almond,chocolate combo,chocolate almond,chocolate caramel,chocolate stra,chocolate vanila,chocolate vanila,chocolate vanilla,chocolate vanilla,chocolate animal,chocolate baghdad,chocolate baik,chocolate bake,chocolate ball,chocolate ball cake,chocolate ball,chocolate ball - 1,chocolate ball,chocolate ball cakr,chocolate ball cske,chocolate ballons,chocolate balloons,chocolate balls,chocolate balls,chocolate banana,chocolate banana,chocolate bar,chocolate barbie,chocolate bars,chocolate basket,chocolate batman,chocolate bdays,chocolate beige,chocolate belbet,chocolate belgia,chocolate bento,chocolate bento,chocolate bento,chocolate berry,chocolate black,chocolate blas,chocolate blast,chocolate blast,chocolate boll,chocolate bomb,chocolate bomb,chocolate bookey,chocolate boquet,chocolate bounty,chocolate bouqe,chocolate bouque,chocolate bow,chocolate box,chocolate boxes,chocolate boys,chocolate bream,chocolate brown,chocolate browny,chocolate browny,chocolate bts,chocolate bucket,chocolate bucque,chocolate buge,chocolate bunch,chocolate bundt,chocolate burst,chocolate burst,chocolate butter,chocolate c,chocolate ca,chocolate caake,chocolate cack,chocolate cajes,chocolate cak,chocolate 200,chocolate 30,chocolate 400,chocolate half,chocolate nuty,chocolate red,chocolate 0.5,chocolate 1 k,chocolate 1,chocolate 1/2,chocolate 1k,chocolate 1kg,chocolate 2,chocolate 2,chocolate 2 kh,chocolate 200,chocolate 200g,chocolate 200rs,chocolate 250 g,chocolate 250gm,chocolate 2kg,chocolate 3,chocolate 300,chocolate 300g,chocolate 5,chocolate 500,chocolate 500 g,chocolate 500,chocolate 500gm,chocolate fruit,chocolate below 250,chocolate below 300,chocolate cheap,chocolate combo,chocolate dental,chocolate football,chocolate dad,chocolate girl,chocolate girls,chocolate hubby,chocolate husband,chocolate kid,chocolate kids,chocolate papa,chocolate rakhi,chocolate half,chocolate half,chocolate heart,chocolate jar,chocolate kids,chocolate l,chocolate mens,chocolate photo,chocolate pic,chocolate prize,chocolate small,chocolate theme,chocolate veg,chocolate bat ball,chocolate berry,chocolate bottle,chocolate egg,chocolate gems,chocolate heart,chocolate nuts,chocolate orange,chocolate panda,chocolate photo,chocolate cake.,chocolate cakea,chocolate cakee,chocolate 1,chocolate 1/2,chocolate 1k,chocolate 1kg,chocolate 500gm,chocolate big,chocolate double,chocolate dad,chocolate girls,chocolate husband,chocolate kids,chocolate mom,chocolate 600,chocolate balloons,chocolate nuts,chocolate photo,chocolate pic,chocolate cakr,chocolate cale,chocolate cale 1,chocolate cales,chocolate cames,chocolate caramel,chocolate caramel,chocolate carrot,chocolate cat,chocolate cheap,chocolate chip,chocolate chip,chocolate chip,chocolate chipd,chocolate chips,chocolate chips,chocolate chips,chocolate choco,chocolate ckae,chocolate ckakes,chocolate cke,chocolate combo,chocolate cool,chocolate cream,chocolate cream,chocolate cream,chocolate csje,chocolate cup,chocolate cup,chocolate cups,chocolate d,chocolate dancer,chocolate dark,chocolate day,chocolate dbc,chocolate deam,chocolate dip,chocolate doll,chocolate doll,chocolate dome,chocolate dome,chocolate double,chocolate dream,chocolate dream,chocolate dream.,chocolate drip,chocolate drum,chocolate dry,chocolate dry,chocolate dry,chocolate duet,chocolate dutch,chocolate ecpr,chocolate egg,chocolate el,chocolate ele,chocolate eleg,chocolate emoji,chocolate ex,chocolate exp,chocolate faleroo,chocolate fall,chocolate fam,chocolate farm,chocolate favour,chocolate filled,chocolate flavor,chocolate floor,chocolate floral,chocolate football,chocolate formal,chocolate fruit,chocolate fruit,chocolate fuddg,chocolate fudge,chocolate fudge,chocolate fudge,chocolate fudge,chocolate fugde,chocolate fuze,chocolate ganash,chocolate gardan,chocolate gateau,chocolate gattue,chocolate gem,chocolate gems,chocolate pack,chocolate girls,chocolate goey,chocolate golden,chocolate guru,chocolate gym,chocolate half,chocolate hammer,chocolate hamper,chocolate hart,chocolate hat,chocolate hat,chocolate healthy,chocolate heart,chocolate heart,chocolate hearts,chocolate herat,chocolate ice,chocolate jar,chocolate jar,chocolate jungle,chocolate kids,chocolate kit,chocolate l,chocolate ladoo,chocolate laptop,chocolate lava,chocolate lava,chocolate layer,chocolate likble,chocolate load,chocolate loaded,chocolate loaded,chocolate loaded,chocolate loaf,chocolate loaf,chocolate long,chocolate love,chocolate love,chocolate loved,chocolate lover,chocolate lover,chocolate mania,chocolate marble,chocolate marble,chocolate marvel,chocolate milk,chocolate mini,chocolate mint,chocolate mint,chocolate mocha,chocolate moose,chocolate moose,chocolate moose,chocolate mose,chocolate mouse,chocolate mouse,chocolate mouse,chocolate mud,chocolate mud,chocolate mud,chocolate nest,chocolate net,chocolate nocha,chocolate nuance,chocolate nut,chocolate nutella,chocolate nutella,chocolate nuts,chocolate orang,chocolate orange,chocolate orange,chocolate oreo,chocolate oreo,chocolate oreo,chocolate over,chocolate pack,chocolate panda,chocolate para,chocolate paradi,chocolate pastel,chocolate pastry,chocolate pattry,chocolate pepp,chocolate photo,chocolate photo,chocolate photo,chocolate phoyk,chocolate pina,chocolate pinata,chocolate pinata,chocolate pinata,chocolate plum,chocolate pops,chocolate potli,chocolate pouch,chocolate praline,chocolate pub g,chocolate pull,chocolate pull up,chocolate rakhi,chocolate ro,chocolate rose,chocolate rose,chocolate rose,chocolate roses,chocolate rose\,chocolate roufel,chocolate round,chocolate ruffle,chocolate ruffle,chocolate rum,chocolate s,chocolate sacher,chocolate sake,chocolate selfie,chocolate set,chocolate shake,chocolate shape,chocolate shape,chocolate silk,chocolate silk,chocolate small,chocolate smiley,chocolate square,chocolate step,chocolate straw,chocolate strawb,chocolate surge,chocolate tart,chocolate te,chocolate theme,chocolate theme,chocolate tier,chocolate tray,chocolate trffle,chocolate triple,chocolate tru,chocolate truffl,chocolate trufle,chocolate trufle,chocolate truflle,chocolate tub,chocolate tub,chocolate tuffle,chocolate tuffle,chocolate tur,chocolate turfil,chocolate un,chocolate vake,chocolate valbet,chocolate vanila,chocolate vanila,chocolate vanilla,chocolate vanilla,chocolate vanilla,chocolate veg,chocolate velvet,chocolate vemon,chocolate venom,chocolate venom,chocolate wafer,chocolate wafers,chocolate wafers,chocolate wala,chocolate wall,chocolate wall nut,chocolate wallnut,chocolate walnet,chocolate walnt,chocolate walnut,chocolate walnut,chocolate berry,chocolate caramel,chocolate cream,chocolate photo,chocolate vanilla,chocolate xake,chocolate y,chocolatecakes,chocolatechip,chocolatechip,chocolatelava,chocolates ball,chocolates basket,chocolates bunch,chocolates cale,chocolates nuts,chocolates top,chocolates pack,chocolates packs,chocolates vanilla,chocolatey heart,chocolaty 1st,chocolaty hear,chocolaty heart,chocolaty heart,chocolaty holi,chocolaty new,chocolqte ball,chocolste ball,chocolte chi,chocolte rose,chocolte rose,choklate kake,choklate beade,choklete vala,choxolate red"
"chocolate chips cake\","chocolate chips cake\,chocolate cheesecake,choclate cheesecake,choclate chipcake,chocolate cheese cae,chocolate cheesecake,chocolate chip chake,chocolate chip cookie,chocolate chip cookies,chocolate chip cookies,chocolate chips c,chocolate chips caje,chocolate chips dry,chocolate cupcakes,chocolate photo cake.,chocolate rose cake\"
"chocolate delight 5 star","chocolate delight 5 star,chocolate delight 5,chocolate delight 5 star,chocolate delight 5 stat"
"classic dad","classic dad,basic des,bestie dad,cack dad,cale dad"
"colourful bow","colourful bow,colourfull,colorful baloon"
"combo love birds","combo love birds"
"cricket fever","cricket fever,cricket cream,cricket pitch,cricket fever,cricket theme,chicken lover,cricket lover,cricket lovers,cricketer,cricketers,cricket bowler,cricket theme,cricket lovers,cricketers,cricket lover,cricketers,chicken lover,chicken lover,chicken lovers,chiken lover"
"cricket pitch - 500 gm","cricket pitch - 500 gm"
"cutie sharky","cutie sharky,baby sharky,blue shark,blue shark,blue shark,cute hubby"
"dazzling dusky balloon 17 september 2023 white confetti balloon","dazzling dusky balloon 17 september 2023 white confetti balloon"
"death chocolate","death chocolate,anime chocolate,3 half chocolate,dark choclate,dark choclate,death chocolate,light chocolate,mat chocolate,no chocolate,oreo chocolate,square chocolate,white chocolat,!dark chocolate,.0.5 chocolate,0.5 chocolate,1 chocolate,1 chocolate,1 chocolate,1 chocolate,1 chocolate,1 ku chocolate,1/2 chocolate,1/2 chocolate,1/2kg chocolate,10 chocolate,15 chocolate,1kg chocolate,1kg chocolate,1kg chocolate,1kg chocolate,2 chocolate,2 chocolate,200g chocolate,200rs chocolate,250 g chocolate,250gm chocolate,2kg chocolate,2layer chocolate,300 chocolate,3d chocolate,3kg chocolate,4kg chocolate,500 chocolate,500gm chocolate,500gm chocolate,5kg chocolate,5kg chocolate,small chocolate,add chocolate,affair chocolate,ball chocolate,ball chocolate,banana chocolate,banana chocolate,bear chocolate,bear n chocolate,beblet chocolate,bento chocolate,bento chocolate,best chocolate,best chocolate,big chocolate,bitter chocolate,black chocolate,black chocolate,black chocolate,booke chocolate,boss chocolate,bottle chocolate,bts chocolate,bts chochlate,bts chocolate,bun chocolate,aur chocolate,dark choclate,floor chocolate,plus chocolate,rose chocolate,eggs chocolate,dark chocolate,cheap chocolate,choco chocolate"
"deep galaxy pinata","deep galaxy pinata"
desirous,"desirous,pompeous,girls,girls,girls,carrots,daniels,demo,designer,desire,girls,girls,hearts,hearts,iron,pastries,shoes,swirls,1 girls,2 girls,2 tires,4 strory,5sos,aero,aerop,aeropl,airhos,airpods,ambitous,aprons,aquarius,aquarius,astrau,astro,astro,astronut,astronut,be strong,beards,beards,bears,bears,bechlour,bedroom,beermug,beers,beers,beetroot,begins,beir,beird,bentos,berries,berries,bespoke,best s,besties,biobs,birds,business,business,business,red roses,sis,daru,decor,decorar,dekivery,design,design boys,design 1,design 1,designer,designs,desing,desire,dessir,dezine,dogs,express,girls,sir,besties,business,dentists,designer,designers,doctors,dogs,dosto,drugs,editor,editors,girlls,girls,girs,hero,new house,pilots,retired,sailors,sir,sis,weird,girls,hearts,props,raus,shoes,sicles,design cup,donots,hearts,macrons,messages,metro,red roes,red roses,beers,design,business,dentis,designer,designers,doctors,dogs,girls,pilots,sailors,girls,dogs,casino,casino,casino,casio,chiroti"
"devine blackforest","devine blackforest,barbie blackforest,barbie blackforest"
"disney princess designer cake-1","disney princess designer cake-1"
"diya cupcakes","diya cupcakes,batman cupcakes,cupcakes,cupcakes,6 cupcake,adult cupcakes,animal cupcakes,baby cupcakes,batman cupcakes,batmancupcakes,bday cupcakes,birthda cupcakes,blue cupcake,bride cupcake,bts cupcake,bts cupcakes,bunch cupcakes,car cupcakes,cat cupcakes"
"doraemon birthday","doraemon birthday,car men birthday,cartoon birthday,cartoon birthday"
"dribble choco","dribble choco"
"dude mood","dude mood,dude,mood,adulthood,audi logo,baby moon,blue road,dude,ludo kid,tube icon,came mom,cdy mo l"
"elsa &amp; anna","elsa &amp; anna"
"exotic choco pinata","exotic choco pinata"
"exotic desire-1","exotic desire-1,1/2 exotic desire"
"exotic doremon","exotic doremon"
"feelings splash","feelings splash"
"ferrero always","ferrero always,ferrero always"
fgarg19,"fgarg19,fgarg2,fgarg7,fgarg9,fgbomb2,fgbomb5,fgbomb6,fgcc1,fgcmb24,fgcmb27,fgcmb29,fgcmb31,fgcmb4,fgcmb46,fgcmb49,fgcmb57,fgcmb58,fgcmb65,fgcmb67,fgcmb7,fgmdcak9,fgpmup1,fgpmup10,fgpmup11,fgpmup12,fgpmup3,fgpmup5,fgpmup7,fgpmup8,fgsb3,heart,marble,fgpst04,party,.guru,army,bag,barbie,bear,bear,beard,ferrari,father,car,car,car,cards,carrot,dark,family,ferrari,fgpmup8,figurine,figurine,fire,flag,free,fruti,game,game,games,girl,girl,heart,jar,marble,girl,naruto,party,shark,sparkle,tarot,thar,50age,80age,heart,heart,aarti,age,age 1,age 12,age 13,age 9,age,age,aged,agme,agra,agw,alarm,anarsa,ang,angel,angel,angel,apgj,ar,arch,areal,areil,arg,ari,arial,arial,ariel,ariel,aries,aries,arjun,armu,army,army,army,army',aro,arro,arrow,art,art,artis,arts,aru,arwna,arya,avanger,award,awards,bag,bag,bag,bag,bagh,bags,bags,bar,bar,barb,barbe,barbe,barbee,barbel,barber,barber,barbi,barbi,barbie,barbie,barbie,barbie,barbie,barby,barby,barca,barfi,barger,barhie,baribe,barral,barre,barrel,barrel,barrel,barry,barsa,beagle,beagle,bear,bear,bear,bear n,beard,beard,beard,beard.,beard..,beardo,beardo,beare,beared,beared,beer 1,beer1,bhagsu,bhagsu,bhargav,burg,burgur,burgur,bward,flavour,father,girl,card,flware,army,bag,bar,barbir,board,heart,car,face,farma,father,feasta,fire,flavor,flavour,cars,age 11,arif,army,art,bar,car,car,face,farher,fater,father,fathrr,fiance,fiancee,game,gir,girl,gorl,gorls,grand,gril,groom,gurls,pharma,sharabi,forest,formen,narnia,games,ganja,girl,heart,images,jar,free,green,jar,jar,jar,jars,naruto,barbie,pearl,car,card,egg,eggs,green,heart,image,cake1,image,car,fa,father,flavour,army,family,fast,fatger,father,fiance,girl,garden,girl,heart,jar,heart,near,egg,eggs,car,car,car 1,car,car s,car 10,car 7,car 95,car gym,car c,car,car 1,car 1kg,car 2,car,car guy,car,car,car,car,car,car%20,car.,car.,cara,cara.,carame,caraml,carat,card,card,cardle,cardle,cards,cards,care,carea,career,cargo,carlos,carmel,carmen,carni,carniv,carom,caroom,caroon,carot,carr,carr.,carrom,carrom,carrom,carrot,carrot,carrot,carrot,cars,cars,cars,cars,cars.,cars3,cart,cart,carton,carton,carton,cartoo,carv,carved,char,chara,charac,charact,charm,charm,charmed,charmed,charmi,charms,chart,charted,charzar,cigar,cigar,cigarate,cigarete,cigarete"
fgbunch2,"fgbunch2,fgbunch29,fgbunch3,fgbunch5,fgcbunch3,fgcbunch9,fgpinata2,bunch,fgbunch29,fgbunch3,fgbunch4,fgpinata2,6 inch,6binch,8 inch,bach,bache,beach,beach,beach,beache,bebinca,beech,bitch,bounce,bouncer,bouncer,bouncer,buddha,bumch,bun,bunch,bunch,bunch 6,bunny,bunny,bunny,buns,bunto,bunto,buny,bush,beach,bunch,bruch,btech,finance,uncle,gun,vancho,uncle,chu chu,chuchu,church"
fgchvlacak23,"fgchvlacak23,fgphotocake23"
fgcustom1,"fgcustom1,bts custom"
"fgcustom1 na - upload image: 2d-demo-raj.png fgcustom1","fgcustom1 na - upload image: 2d-demo-raj.png fgcustom1"
fgfdtcak126,"fgfdtcak126,fgfdtcak183,fgfdtcak186,fgfdtcak187,fgfdtcak209,fgfdtcak210,fgfdtcak212,fgfdtcak213,fgfdtcak219,fgfdtcak227,fgfdtcak229,fgfdtcak233,fgfdtcak236,fgfdtcak239,fgfdtcak242,fgfdtcak249,fgfdtcak259,fgfdtcak272,fgfdtcak274,fgfdtcak279,fgfdtcak285,fgfdtcak290,fgfdtcak291,fgfdtcak291,fgfdtcak292,fgfdtcak295,fgfdtcak299,fgfdtcak313,fgfdtcak315,fgfdtcak315,fgfdtcak318,fgfdtcak324,fgfdtcak336,fgfdtcak346,fgfdtcak351,fgfdtcak372,fgfdtcak383,fgfdtcak386,fgfdtcak389,fgfdtcak392,fgfdtcak392,fgfdtcak395,fgfdtcak396,fgfdtcak397,fgfdtcak406,fgfdtcak409,fgfdtcak413,fgfdtcak417,fgfdtcak422,fgfdtcak429,fgfdtcak432,fgfdtcak435,fgfdtcak436,fgfdtcak437,fgfdtcak448,fgfdtcak451,fgfdtcak452,fgfdtcak457,fgfdtcak467,fgfdtcak468,fgfdtcak470,fgfdtcak471,fgfdtcak471,fgfdtcak487,fgfdtcak507,fgfdtcak77,fgfdtcak78,fgfdtcake512,fgfdtcake513,fgfdtcake516,fgfdtcake517,fgfdtcake523,fgfdtcake538,fgfdtcake539,fgfdtcake546,fgfdtcake548,fgfdtcake553,fgfdtcake555,fgfdtcake556,fgfdtcake594,fgfdtcake614,fgfdtcake639,fgfdtcake677,fgfdtcake678,fgfdtcake685,fgfdtcake894,fgfrtcak136,fgfrtcak138,fgfrtcak139,fgfrtcak142,fgfrtcak15,fgphotocake26,fgphtcak168,fgphtcak169,fgphtcak178,fgphtcak181,fgphtcak182,fgvdcmb12,fgfdtcake516,fgkwicak24,fgfdtcake538,fgfrtcak15,fgfdtcak129,fgfdtcak187,fgfdtcak209,fgfdtcak210,fgfdtcak239,fgfdtcak240,fgfdtcak245,fgfdtcak251,fgfdtcak285,fgfdtcak287,fgfdtcak294,fgfdtcak344,fgfdtcak385,fgfdtcak386,fgfdtcak389,fgfdtcak395,fgfdtcak417,fgfdtcak466,fgfdtcak480,fgfdtcak482,fgfdtcake187,fgfdtcake517,fgfdtcake532,fgfdtcake533,fgfdtcake538,fgfdtcake551,fgfdtcake633,fgfdtcake634,fgfdtcake768 5,fgmdcak5,fgphtcak178,fgphtcak179,fgphtcak180,fgphtcak181,fgphtcak182,2fgfdtcak82,=fgfdtcak249,cfgfdtcak395"
"fgfdtcak311 city - ghaziabad","fgfdtcak311 city - ghaziabad"
fgphotocake11,"fgphotocake11,fgphotocake13,fgphotocake2,fgphotocake24,fgphotocake25,fgphotocake30,fgphotocake31,fgphotocake15,fgphotocake39"
fgpinata1,"fgpinata1,fgpinata13,fgpinata13,fgpinata16,fgpinata17,fgpinata18,fgpinata20,fgpinata23,fgpinata23,fgpinata24,fgpinata29,fgpinata3,fgpinata31,fgpinata35,fgpinata6,fgpinata7,fgpinata18,fgpinata22,fgpinata6,fgpinata13,fgpinata16,fgpinata20,fgpinata22,fgpinata7,fgpinata8,pinaple,pinata,pinata,pinata,pista,12kg pinata,1kg pinata,bts pinata,pinata,pinata,car pinata,cat pinata,cenata"
fgstchcak22,"fgstchcak22,fgvnlchcak58"
"flakey mousse","flakey mousse,mickey mouse,mickey mouse,mickey mouse"
"fondant cricket","fondant cricket"
"fresh fruit","fresh fruit,fresh fruit,fresh fruit,mud fruit,1 fresh fruit,1 fruit,1kg fresh fruit,1kg fruit,2 fruit,2kg fruit,2kg fruit,5 fruit,500g fresh fruit,500g fruit,500gm fruit,500gm fruit,all fruit,apple fruit,barbie fruit,bomb fruit,bread fruit,bunch fruit,dry fruits,cheese fruit"
"fruitdelight chocolate","fruitdelight chocolate,fruitdelight chocolate"
fruitmela,"fruitmela,fruitmela,friend,fruit nut,fruit - 1,fruit mela,fruitmela,fruits,critter,critters,drummer,fairwell,fitness,friend,writer,writers,friend,fruit nuts,fruits,kritters,fitness,friend,writers,fruits"
"glittery surprise","glittery surprise"
"gold drip makeup","gold drip makeup"
"gold gala isomalt","gold gala isomalt"
"golden malt","golden malt,golden,golden rose,1golden rose,gold man,goldan black,golden,golden rose,golden rose"
"happy peppa","happy peppa"
"heart full rose","heart full rose"
"heart shape","heart shape,heart shower,2 shape,heart shape,paw shape,1 dj shape,1 shape,1 shape,2 shape,2 shape,3 0 shape,3 shape,3 shape,5 shape,50 shape,6 shape,6 shape,7 shape,8 shape,8 shape,9 shape,9 shape,adult shape,apple shape,art theme,art theme,art theme,ass shape,bag shaped,barrel shape,bear cale,bear face,bear shaped,bear theme,beard came,beard face,beard theme,beard theme,beer shaped,beer shaped,beer shaped,bell shaped,bheem shape,bread shaped,breadshape,breasts shape,bullet shape,bear theme,heart shape,heart pink,cup shape,cycle shape,heart shaped,shirt sgape,heart shape,cat shape,camera shape,cant have,cap shape,car shape 1,car shape 1,car shaped,car shaped,car shaped,car shapes,carrot shape,cars shaped,cartoon shape,castle shape,cat shao,cat shape,cat shape,cat shaped,cat shaped,chai shaped,cheers shape,cheese shape,chilli shape,chilli shape"
"heart shape designer - 500 gm","heart shape designer - 500 gm"
"hooked life","hooked life,love life,book degine,booked life,books love,cacke wife,hookah lover,house wife,housewife,house wifes"
"i love","i love,i love ₹749,jungle,pond love,v,flower,l,l l,layer,lll,llll,photo,rose,- free,16 no.,1one,2 floor,2 layer,2 pond,25o,3 layer,3floor,6 month,6 red,7 month,air force,all,balloon,balloon,below,bike,biscoff,biscoff,black,black,blue,blue,blues,bluey,bomb,booked,boom,bottle,bow,box,box,boy,boy,bullet,flower,box,boy,doll,wife,minion,purple,candle,castle,cheese,cheese,chelate,coco,cone,cooker,cooker,corona,couple,cute,dog,doll,doll,dome,floor,flower,flower,flower,flowery,food,ghost,glow,god,half,half,ho,home,horse,house,hulk,i love u,i love,i love 500,i love,i year,kitcate,kitkate,layer,love,love u,love,milk,mix flower,mom,mom,moon,mouse,mousse,dol,name,love,office,ombre,one,photo,photo,pilot,plum,police,pony,poty,praline,purple,roae,roblox,roket,rose,rose,roses,roset,s letter,shoe,silk,slider,sponge,tailor,theme,theme,theme,velvet,vintage,welcome,welcome,white,wife,wine,women,yo yo,) month,0 size,1 kg.,1 half,1 car,1 crore,1 feet,1 floor,1 ft,1 g,1 hour,1 hour,1 jd,1 yog,1 almond,1 bk,1 cajes,1 c,1 combo,1 boy,1 boys,1 dad,1 kida,1 male,1 men,1 girl,1 price,1 choc,1 red,1 welcome,1 cale,1 cho,1 cho,1 choc,1 choco,1 cwke,1 dad,1 dada,1 doll,1 girl,1 kake,1 kids,1 re,1 theme,1 layer,1 letter,1 m,1 month,1 month,1 no,1 no,1 pond,1 pound,1 pound,1 pound,1 rose,1 st,1 st,1 step,1 t,1 tier,1 tier,1 tier,1 tier,1 word,1 year,1 year,1 yeas,1-nov,10 pont,10 rose,10 roses,100 rose,11 no,14 no.,15 rose,16 date,16 no,17 boy,18 age,18 no,1flour,1pond,1pond,1v,2 atage,2 half,2 fast,2 floor,2 floor,2 floor,2 flor,2 flor,2 flur,2 fooor,2 hour,2 hours,2 one,2 in1,2 photo,2 cakez,2 dad,2 kake,2 photo,2 kgs,2 kh,2 kilo,2 kilo,2 lair,2 lay,2 layer,2 layer,2 layer,2 layers,2 layes,2 lear,2 letter,2 level,2 month,2 month,2 people,2 ponds,2 pound,2 pound,2 r,2 step,2 storey,2 storey,2 story,2 story,2 tala,2 tear,2 teir,2 them,2 ti,2 tier,2 tier,2 tier,2 tier,2 tire,2 tire,2 tire,2 toer,2 tr,2 tuer,2 tyre,2 yea,2 year,2 year,2 yrs,2, floor,20 rose,20 roses,200 rose,23 age,24 age,24 layer,24k rose,25 june,25 layer,25 roses,26 age,27 flower,2floor,2kilo,2layer,2layer,2pond,2story,2tire,2tlla,3 flower,3 lagers,3 d,3 floor,3 floor,3 floor,3 floore,3 floorr,3 flor,3 flor,3 ier,3 kids,3 kgs,3 l,3 lair,3 layer,3 layer,3 layer,3 layers,3 layers,3 layes,3 layor,3 level,3 lier,3 manje,3 month,3 month,3 no,3 pound,3 pound,3 step,3 step,3 storey,3 storey,3 story,3 story,3 teir,3 tier,3 tier,3 tier,3 tier,3 tiier,3 tire,3 tire,3 tower,3 ttire,3 year,3 year,30 be,36 age,3bpond,3d boys,3floor,3layer,3tire,3tire,3tower,4 floor,4 step,4 kgs,4 layer,4 level,4 month,4 month,4 nemer,4 nemer,4 pcs,4 pink,4 pond,4 pound,4 puond,4 side,4 step,4 step,4 story,4 tier,4 tier,4 tier,4 year,4 year,40 rose,43 no,49 no,4layer,5 car,5 double,5 feet,5 floor,5 flore,5 1 rye,5 k g,5 cack,5 caje,5 photo,5 kids,5 floor,5 tower,5 layer,5 layer,5 layers,5 month,5 month,5 no,5 no,5 pond,5 pound,5 sense,5 set,5 star,5 star,5 tala,5 teir,5 tier,5 tier,5 tier,5 word,5 year,5 year,50 rose,51 age,5kg ke,5layer,5oo g,6 feet,6 ft,6 price,6 layer,6 letter,6 mo,6 momth,6 mon,6 month,6 month,6 month,6 monty,6 moths,6 moyhs,6 pack,6 pack,6 red,6 rose,6 roses,6 tier,6 year,6 year,6 yrs,6 yrs,60 not,69 poze,7 flower,7 kgs,7 layer,7 letter,7 month,7 month,7 style,7 tier,7 year,8 ball,8 feet,8 layer,8 month,8 month,8 tier,8 year,80 no,9 month,9 month,9 month,9 ponds,9 year,9june,9mon,;ilac,b c,del,hoolate,iation,later,Ą leter,mom,name,name,pilot,shape,word,word,about,abroad,abroad,acco,accont,accout,ace,activa,actor,actor,actor!,actord,actors,adelte,adlt,adlut,adlut,admire,adoms,adopt,advo,ag less,ainboe,air forc,air force,air force,air host,air host,air port,airforce,airforce,airforce,airline,airlines,airplabe,airplane,airplane,airplane,airplane,airplne,airpod,airpod,airport,airport,airpot,aisplane,al,alb,alcho,alcohl,alcoho,alert,alex,alexa,alexa,alfa,ali,alica,alice,alien,alien,alien,alima,all,all,all,all love,all,all,all love,all one,all,all love,all love,all love -,all out,all vake,all,allca8,allmylove,allwyn,almond,almond,almond,almond,almora,alpha,alpha,alsa,alsa,alto,amour,an8me,anemie,anike,animae,animae,anime,anime,anime,anime,anime,animie,animie,anine,aniv,anjos,anme,anmie,annime,anniver,anroax,anume,aoldier,apology,apology,apology,apple,apple,apple,apple love,apron,armour,army lovs,army lover,art lover,art lover,art lover,athene,athlete,athlete,atom,atory,audie,aurora,auto,auto,av,ava dave,ave,aven,avon,awesome,axe,b letter,b letter,b t s,baaloon,babe,babe,bachlore,bake,bakelore,baklava,baklore,bako,bal,bald,bald,baldy,baleno,balet,ball,ball,ball,ball love,ball,ball,ballet,ballo,ballo0n,ballon,ballon,ballon,ballon,ballon,ballons,ballons,balloo,balloom,balloon,balloon,balloon,balloon,balloon,balloon,balloon,balls,balls,balm,balones,baloo,baloon,baloon,baloon,baloon,baloons,balveer,balveer,banglore,bano,banofee,banoffe,bar code,bar one,barbie love,barcode,batbie,battle,bcl,bday love,be,be mine,be mine,be,be,beach love,beae,bear love,bechlore,bed cover,bee,bee,beehive,beer lover,beer lover,beer lover,bel,bela,belated,belg,bell,bella,bella,belle,below,belt,bento love,bentoe,best lover,bestie,bestie,bestie,bholu,bhoot,bible,bible,bicycle,bicycle,big bomb,big boss,big boss,big boss,big cale,big here,big nose,bigboss,bigcake,bike,bike,bike,bike love,bike love,bike love 1,bike lover,bike lover,bike lovers,bike lovers,bike,bill,billa,billion,bills,bimbo,biolgu,biology,biology,bird lovers,biscof,biscoff,biscoff,bit coin,bite,bite love,bite love,bits love,bl,bla,blac,blacj,black,black,black,black,black,blank,blank,blast,blast,blast,blav,blaze,bld,blip,blipy,blism,bliss,bllod,blo,block,blocks,blocks,bloger,blogger,blogger,bloo,blood,blood,bloody,bloom,bloom,blooms,blos,blosom,bloss,blossm,blosso,blow,blow,blow,blu,blu,blube,blue,blue,blue,blue,blue,bluey,bluey,bluey,blye,bo,boat,boat,bobm,bobs,bod,body,body,body,boga,bok,bokeh,bol,bold,bolero,boll,bollte,bolly,bolo,bom,bom,bomb,bomb,bomb,bomb,bomd,bome,bon,bonb,bond,bonde,bone,bone,bonn,bonte,boo,boob,boob,boob,boobo,boobs,boobs,boobs,boobw,book,book,book,book lover,book lover,booke,booked,bookeh,booket,bookey,bookie,books,books,books,books,booky,boom,boom,boon,boon,boon,boos,boot,boot,bootle,boots,booty,booze,booze,boozy,boozy,boque,bos,bose,bose,botel,botle,botlle,bots,bott,bottke,bottle,bottle,bottle,bottle,bottle,bouble,bouq,bouque,bow,bow,bow,bow,bow,bow,bow,bowd,bows,bowtie,box,box,box,boxer,boxer,boxx,boy,boy,boy,bqloon,bravo,bre,bree,breeze,bro,broe,broken,broker,broker,brooke,broom,brown,brown,brown,browne,browne,bse,bsllon,bts low,bts logo,bts logo,bts lovr,bts v,bts v,bts v love,bubble,bubble,budopt,buke,bukke,bulb,bule,bulger,bulider,bulike,bull,bull,bullat,bullet,bullet,bullet,bullet,bulltet,bumble,butte,sell,sell,sell,word,bycle,bye,bye,bye,byke,ca o,caake,cace,cacke,cacke love,cafe,caje,cakae,apple,dog,son,one,rose,rose love,dog,picture,+flower,1 big,1 hour,1 kh,2 tier,3 flor,3 layer,3 teir,3boys,palooza,paluza,ballons,balloon,bookey,bouque,buque,floaver,flowees,flower,flowers,flowes,flworr,plant,rose,roses,bake love,ballon,ballons,balloon,balls,baloon,base,bite love,blue,bomb,booke,box,boxes,boy,flower,judge,name,photo,candle,cost,crown,cube,dance,de,delhi,palam,dog,doll,dollar,fir boss,floor,flower,flowers,fo4,car lovers,love,love,son,techie,wife,1 month,1 yeae,15 boy,19 age,2 month,2 people,2 year,25 age,3 year,4 year,6 month,6 year,abroad,actor,iitian,apology,apple,army lover,beer lover,beloved,bestie,big boys,bike,bike lover,bike lovers,biker lover,blogger,book lover,boos,bose,boxer,boy,bro,caler,caller,car lover,car lovers,ceo,chai lover,coder,college,cook,cop,couple,cradle,dad be,daru lover,dog,dog lover,dog lovers,emcee,female,foddie,food,food lover,foodie,foody,girls 1,gitls,goat,gun lover,gym lover,gym lovers,gymere,helmet,heroine,holi,ias,iphone,ipl lovers,it,job,judge,kid boy,kom,lady,land,lawer,lazy,lonly,love,lover,lovers,male,mobile,mom,mom be,moms,money,mooy,movie,movie lover,music love,music lover,wife,navy,niece,nurse,office,parlour,pet lover,pho,phone,piece,pilot,pive,poet,police,qife,roka,sailor,sali,self,selife,shoe lover,smoker,son,space,tea lover,tea lovers,techie,nurse,tv,tv lovers,twince,two,welcome,wife,women,yoga lover,gel,half,half,hoop,ideas,1 rates,2 layers,3 2 k,box,bomb,box,god love,god loves,half,god loves,m letter,knife,love,lovers,melt,minion,n flowers,n wine,name,o,o clock,o clocks,cigrate,ghost,half,ride,selfie,lohri,mobile,money,movies,pbook,time,one,one,oven,peace,peaece,phot,photo,pice,plaza,pop,pop,pops,pops,price,prop,pull,pullup,purple,roll,rose,roses,samol,sample,saste,sickle,simple,slice,slices,splash,sponge,theme,theme,wife,too,top,toper,toppe,toys,veg,velvet,victory,walnut,white,wife,box,book,dog,ballon,ballons,balloon,baloon,baloons,boke,booke,bookey,books,bottle,bouque,bow,bows,boy,candle,cigrate,cigrte,crown,dog,doll,fliwer,flouver,flower,flowera,flowers,flowes,follower,liquor,mobile,name,office,photo,phots,picture,plant,price,ribbons,rose,roses,skate,tie,toys,wine,tube,wome,palazo,all,flower,flowers,ballon,bike,black,bom,bomb,bottle,bow,boy,theme,cute,eglees,egless,elcol,floor,flower,30 age,6 month,actors,bike lover,bike lovers,boy,college,couple,docotr,dog,dog lovers,employer,female,foddie,foodie,gym lover,holi,ias,itian,janoi,lazy,love,lover,males,mo,mom,movie,navy,nurse,office,old,pilot,police,roka,sex lover,smoker,son,travel,two,vlogger,wife,wives,women,yoga,foto,half,delhi,in1,mom,n flowers,o clocks,photo,plant,pops,purple,roblox,roses,simple,ul,white,ballon,ballon,ballons,crown,flower,flowers,photo,phoyo,ribbon,rose,roses,cakofy,cal,cale,cale love,cale love,caled,calen,cales,call,call,call,call,calls,calorie,calvin,came,cammode,camo,camode,camode,camord,cande,candie,candle,candle,cane,canle,canon,car lobo,car logo,car logo,car love,car lover,car lover,car lover,car lovers,car lovve,car one,carve love,cassle,castle,castle,castle,cat love,cat lover,cat lovers,cate,catoon,catoon,cattle,ccok,cctv,ceke,cele,celeb,celebr,celr,ceo,ceo,cere,chace,chace,chai lover,chai love,chai lover,chai lover,chai lover,chande,channe,chase,chco,chcoc,chcoco,chcolet,che,chease,chee,cheese,cheese,cheese,cheese,cheeze,cheeze,chelse,chese,chesee,chesse,chesse,chesse,chhese,chhota,chicke,chicky love,chiclate,chiise,chillate,chique,cho,choc,chocl,choho,choi,choice,choker,choko,chole,choll,chooda,choper,chose,chota,chota,chotu,chotu,chrome,cide,cidre"
"innocent animal","innocent animal,innocent animal ₹1,999"
"jasmine drip","jasmine drip,barbie dip,barbie drip,barbie drop"
"joyful minnie","joyful minnie"
"jungle safari","jungle safari,jungle safari"
"jurassic park special","jurassic park special"
kfc,"kfc,hookah,cack,hukka,noctis,16th,1kg,250gm,500gm,6red,anes,beer,beer,bento,bento,berry,bheem,bts,cack,250g,combo,dad,her,kid,men,pics,twins,teddy,dad,kids,gummy,cat,chai,combo,cream,cup,cup,dad,dad,doctor,doctor,drip,drip,dry,exotic,extra,gems,gym,gym,hen's,hi,high,high,jerry,kids,kitkat,kitten,kitty,makeup,matki,naked,ocean,opera,panda,pink,racing,rocher,royal,rum,sheep,small,social,step,stocks,teddy,teddy,tier,tier,tiger,train,truck,truck,trucks,twin,twins,unicon,vegan,,c v ga,.5kg,.5kg,.b,.d,.mmb,0.5kg,0.5kg,1.5kg,1.5kg,1/2 kc,1/2kg,1/2kg,1/2kg,100 k,100gm,100gm,100k,100k,100rs,100rs,10k,10k,10kg,10kg,10th,12 am,12kg,13kg,13th,14th,15kgs,16th,17th,18th,18th,19th,1bi,1d,1feet,1k,1kg,1kg,1kg,1kg,1kg.,1kgcake,1st,1st,1st,1tier,1year,2.5 g,2.kg,200 g,200 g,200g,200g,200g,200gm,200gm,200gm,200rs,200rs,20th,20th,21st,21st,22nd,23rd,240gm,250 g,250 g,250 g,250 g,250g,250g,250g,250gm,250gm,250rs,25th,260g,28th,29th,2d,2d,2d,2k,2kg,2kg,2kg cak,2kg,2kg,2kgs,2kgs,2nd,2step,2tala,2teir,2tiek,2tier,2tier,2tier,2twin,2year,300 g,300g,300g,300g,300gm,300gm,300gm,300k,300rp,300rp,300rs,300rs,30th,30th,33yr,350gm,350rs,3d,3d,3d,3ft,3kg,3kg,3kg,3kgs,3milk,3rd,3tier,3tier,3tier,3year,40 yr,40's,400rs,400rs,40s,40th,47th,4kg,4kg,4th,4tier,4year,4year,50 b,50 k,50 th,500 g,500 g,500 g,500 k,500g,500g,500g,500gm,500gm,500gm,500k,500kg,500mg,500rs,500rs,50k,50kg,50tg,50th,50th,50th,5g,5kg,5kg,5kg,5kg,5kg cal,5kgs,5st,5th,60 th,600gm,60th,6kg,6kg,6kg,6yr,70th,750gm,75th,7kg,80's,80s,80th,8kg,8pm,9-jan,90's,90s,90s,90yrs,9year,bird,aa,aamir,aayu,abacus,abc,abc,abcd,abcd,abi,abs,ac,accura,actir,ad,adald,add,add,add s,adds,addy,adel,adelt,adi6,adil,aditi,admir,adukt,adukt,adul,adult,adult,adult,adult,adult,aemy,aerpl,aex,affai,affair,affair,afghan,after,agnes,ahp,ai,air,airel,airpl,ajith,ajmer,ak47,ake480,akridi,akshay,alchol,alchol,alchol,am,amazo,amb,amir,amity,amma,amry,amul,ana,anal,anand,anchor,anchor,andy,anel,anema,anial,anim,anim,anim,anima,anima,anjal,ankush,ann,anna,anna,anna,anna,anni,anry,ansh,anshu,ant,ant,anti,any,any,anya,app,appa,aqu,aqua,as,ascebd,ascend,ashik,ass,ass,ass,ast,astar,astr,astra,astta,atal,atal,atas,atep,atm,atm,atm,atmy,audi,audi,audio,audit,audit,aunt,aunty,aunty,aura,awua,ax,ayan,b,b,b'day,b'day,b,day,b-day,b99,ba,baa,baam,babka,bablu,babri,bac,bacard,bachel,bachol,bacj,back,bad,bad,badam,baday,badm,bady,baked,baked,baker,baker,baker,bakers,bakery,bakr,bam,bambo,ban,bana,band,band,bands,bank,bank,bank,banker,banker,banker,banker,banta,banto,banto,banto,bany,basic,basic,basic,basket,basket,basket,basket,basko,bast,bat,bat,bat,batar,bath,batm,bazz,bba,bber,bbq,bbq,bby,bdam,bday,bday,bday,bday,bdays,bds,bdy,bdy,bea,bean,bean,beat,beats,bebti,beby,becky,bed,bed,bed,beeer,beer,beer,beer,beer,beer,beer,beera,beet,beg,behna,bemto,ben,ben,ben,ben1,ben10,ben10,bendo,benr,bento,bento,bento,bento,benz,ber,ber,berad,berri,berry,berry,berry,best,best,best,best,besti,bevfa,bey,bf,bf,bff,bhaat,bhabi,bhai,bhakri,bhalu,bheem,bheem,bheem,bhij,bhim,bhim,bi,bic,bicep,biceps,bick,bicyc,bid,bid,bik,biker,biker,biker,bikers,bikes,bikes,bikes,bikney,bikr,bimb,bir,bira,birby,bird,bird,birth,birth,bis,bish,biss,bisty,bits,bitsy,biy,bjp,bjp,bkack,bkw,blacks,blicks,bm,bmw,bmw,bmw,bmw,,boibs,bojack,bonnn,bottl,box c,br,bra,bra,bra,brawl,brdy,bread,bread,bread,break,break,break,breez,brs,bt,bt21,bt21,bta,bts,bts,bts,bts,bts fr,bts,btw,bu,bua,bubu,bucket,bud,buddy,buddy,buddy,budy,buff,bug,bukay,bukey,bukka,bukkey,bukki,bum,bum,bumb,bumb,burfi,burn,burn,burn,burn,burst,bus,bus,bus,busk,busy,busy,buter,butt,butt,butta,buu,buzz,bys,bys,c,c,c,c,c.a,ca,ca,ca,ca,cacak,cacao,cack,cackes,cacks,cactus,cactus,cad,cadbu,cak,cak es,caka,cakaes,beer,combo,dad,hr,wrter,kids,ras,0.5kg,1/2kg,100rs,1kg,1st,200g,250g,250gm,2gm,300gm,300pr,3d,3kg,500g,500gm,500kg,500mg,500rs,7kg,beer,bukky,apt,cheap,atand,banker,bday,birth,bmw,botal,box 1,bread,cancel,cheap,chep,combo,cri,dad,donut,drip,dubal,f,fish,doctor,kid,kids,man,men,twins,18 bi,1st,2n,2nd,4yrs,50th,banker,dancer,adult,aunt,baker,banker,bany,bay,bday,beer,bf,bff,bhai,biker,bikers,boyfrd,bts,bua,buddy,buji,c.,ca,cash,cats,chef,chefs,chicks,chief,coach,crew,cs,dad,dad.,daddy,dadi,dads,dady,dancer,didi,dj,doctor,eid,eng,gents,gf,gym,gyma,gymer,her,him,hr,hubby,jiju,justic,kid,kids,kisa,ma,maa,makeup,mama,man,mba,mbbs,mem,men,mens,mn,mommy,monkey,mum,mummy,mumy,music,mwn,naanu,nana,nani,officer,surfer,owner,papa,pet,pets,phd,pub g,pubg,rakhi,rj,ships,softw,staff,study,tc,team,teen,teens,tt,twin,twins,twinz,uppsc,vakil,wifw,hubby,gym,ho hi,250gm,250rs,300rs,3kg,pink,tray,up,jems,kids,kitkat,kitty,kiwi,makeup,men,mens,mix,mixer,n,2kg,500rs,6kg,dates,offer,5k,panda,peaces,pesty,pets,pieces,pink,pubg,rs200,rs300,rusk,sains,sasta,set,stand,sticks,tier,tray,truck,truf,alchol,ass,bamb,beer,ber,bucket,buket,stand,chips,combo,cup,cup,dick,donut,gems,men,gifts,mic,mug,nuts,orchid,panty,pic,pubg,puppy,rakhi,stand,teddy,vodka,wisky,cake.,cake5,cakea,caked,15kg,1kg,500gm,75kg,cups,gifts,wines,bts,candy,combo,d,ca,kids,adult,aunt,aunty,bank,bday,bf,bhabi,bikers,busy,ca,cats,chef,dad,daddy,dadi,dads,dadu,dancer,doctor,dr,g,gifts,gym,her,him,hr,kid,kida,kids,kuds,makeup,man,men,mousi,music,papa,pappa,pets,puppy,saif,ship,team,teens,twin,twins,gym,mugs,noida,muffin,1kg,dad,perl,pieces,pink,rekhi,sda,small,tier,eat,usa,combo,gifts,makeup,names,nuts,teddy,wand,cakesh,cakr,cakr.,cakrs,caks,cakw,cambo,camp,camra,can,can,can't,cancel,cancel,cancer,cand,canda,canda,candl,candy,candy,candy,candy,candy,candy,canes,canna,cans,cant,cap,cap,cap,capp,caps,cas,casat,cash,cash,cash,cash,casket,cast,castl,cat,cat,cat,cat,cat,cat.,catan,cats,cats,cbai,cbi,cc,cek,ceka,cemaca,cemra,cemra,cenel,cg,ch,chachi,chai,chai,chair,chair,cham,chan,chand,chap,chat,chc,chcken,cheap,cheap,cheap,check,check,cheer,chees,chees,cheez,chef,chef,chef ca,chef,chef,cheff,chess,chess,chess,chess,chetu,chi,chibi,chic,chicho,chici,chick,chicky,chicky,chico,chicol,chicy,chief,chief,chif,chikan,chikan,chiken,chiken,chikky,chikoo,chiku,chiky,child,child,child,chill,chill,chin,china,chip,chip,chips,chips,chocho,chocky,chocky,chokar,chr,chrf,chuda,chut,chut,chuza,cicket,cid,cidm,cig,cig"
"kids car","kids car,love cars,miss mrs,kit kat,fifa cup,kids cartoon,kids cartoon,kit kat,kit kat,krishna,race car,racing car,1 kids toy,1/2 cakr,3d dad,3d thar,90es cale,aadhar,adda pao,aic cack,ande wa,apple car,audi car,audi car,b day cap,b m w car,baby car,bag cak,ball calr,bday cap,bday card,bed wars,beer cak,beer car,beer car,bike cack,bikes cars,bits coin,blue cakr,blue car,bmw car,bmw car,bts gr,sister,kids barbie,advocare,aister,disner,kid 1 year,kids girl,kids girls,kids 5 years,kids unicorn,krishna,medical,new car,sick man,sister,fot cat,hisaar,sister,video dad,wid pic,kids 3 year,kids boys,sister,five cars,cale ca,cale jar,candy calr,cards cak,cards cakr,cars came,cat cat,cate cak,cggf car,chai cak,chef cap,chief car"
"last night out-500 gms","last night out-500 gms"
"lavender surprise","lavender surprise"
"lazy endo","lazy endo,lawyers,lavender,lawyer,layered,baby jojo,baby panda,baby yoda,baby yoda,black bento,baby kid,lawyer,lawyers,lazy boy,lazy fellow,lazy girl,lazy ledy,lazy person,legends,taekwondo,laywer,lawyer,lawyers,lazy person,lazybee,lawyers,candy lnd,care no,cat bento"
"lunchbox legends","lunchbox legends"
"mango cherries - 500 gm","mango cherries - 500 gm"
"memoire surprise box","memoire surprise box"
mermaid,"mermaid,animals,batman,husband,he man,husband,jordan,netflix,netflix,shruti,1/2 kid,1kg kid,2 stair,3 magil,3 stand,3stand,5 stand,5yr old,90s kid,abroads,aerial,aerial,aeromplain,aeronaut,aeropla,aeroplain,aeroplain,aerplane,affaair,airplain,america,america,american,animal,animal,animal,animal,animal,animals,animals,animals,animals,animated,armani,army 1,army 3d,asdasd,badman,badmin,bahrain,barbiie,barnala,barnyard,batman,batman,batman,beaared,beauti,bebefin,bedwars,beerbag,berlin,birday,birthd,biryan,biryani,biryani,biryani,breads,breazy,bridesmaid,husband,perfume,animal,husband,traits,husband,1/2 kid,1yr old,animal,camera,captain,deummer,dietcain,girl kid,husbad,husband,mariner,marraige,marriage,merchants,mom da,mom dad,mentor,husband,neemrana,men’s,normal,husband,pharmacy,animals,camera,car cod,perfume,sempion,america,girl kid,batman,husband,marriage,merchants,retail,mohali,husband,camary,cameil,camera,camera,camera,camera 1,camera,camera d,cameraman,cameraman,captain,captain,car audi,car cakd,car kids,car kids,car kids,car kids,car kid,car kids,caramal,caramal,caramala,carcake,caremal,caremal,cemara,ceramal,ceramic,ceramil,cereal,ceremony,ceremony,cerrat,certoon,certoon,charzard,chennai,chomin"
"mix beauty","mix beauty,amazing beauty,balck beauty,beauty,beauty,beauty,black beauty,black beauty,blackbeauty,beauty"
mr.moustache,"mr.moustache,mr. mustache,mustache,mustache"
"my kinda high","my kinda high,kind high,kinda high,.y kinda high"
"my kinda high cake-500 gms","my kinda high cake-500 gms"
"my superstar","my superstar"
"my toy dino","my toy dino"
"my unicorn 500 gms","my unicorn 500 gms"
"nutty truffle mania","nutty truffle mania"
"o traveller","o traveller,footballer,travel 1,traveler,traveling,travellers,travelling,footballer,travel lover,traveller,travellers"
"panda birthday","panda birthday,first birthday,happy birthday,1 year birthday,18 birthday,18th birthday,18th birthday,18th birthday,boy birthday,boys birthday,first birthday,half birthday,kids birthday,mom birthday,1 1/2 birthday,1 birthday,1 birthday,1 birthday,1 birthday,1 birthday,1 birthday,1 papa birthday,1 no birthday,1 pound birthday,1 st birthday,1 st birthday,1 st birthday,1 year birthday,1 year birthday,1 year birthday,1,kg birthday,1.5 birthday,1.5 birthday,1.5 birthday,1/2 birthday,1/2 birthday,1/2 birthday,1/2 birthday,1/2 birthday,1/2 birthday,1/2kg birthday,1/4th birthday,10 birthday,10 birthday,10 birthday,10 th birthday,10 th birthday,10 th birthday,100 birthday,100th birthday,11 birthday,11 birthday,11 th birthday,11 th birthday,11th birthday,11th birthday,12 birthday,12 birthday,12th birthday,12th birthday,13 birthday,13 birthday,13 birthday,13 th birthday,13th birthday,13th birthday,13th birthday,13th birthday,13ty birthday,13ty birthday,14 birthday,14 birthday,14 birthday,14 th birthday,14th birthday,14th birthday,15 birthday,15 birthday,15 th birthday,15th birthday,15th birthday,16 birthday,16 birthday,16 birthday,16 birthday,16 th birthday,16 th birthday,16th birthday,16th birthday,16th birthday,16th birthday,17 birthday,17 birthday,17 th birthday,17 th birthday,17th birthday,17th birthday,17th birthday,18 birthday,18 birthday,18 birthday,18 birthday,18 birthday,18 birthday,18 th birthday,18 th birthday,18 th birthday,18th birthday,18th birthday,18th birthday,18th birthday,19 birthday,19 birthday,19 th birthday,19 yr birthday,19th birthday,19th birthday,19th birthday,1at birthday,1kg birthday,1kg birthday,1kg birthday,1sr birthday,1st birthday,1st birthday,1st birthday,1st birthday,1year birthday,2 birthday,2 birthday,2 birthday,2 75 birthday,2 birthday,2 nd birthday,2 nd birthday,2 year birthday,2 year birthday,20 birthday,20 birthday,21 birthday,21 birthday,21 birthday,21 no birthday,21 st birthday,21 yr birthday,21st birthday,21st birthday,21st birthday,22 birthday,22 birthday,22 md birthday,22nd birthday,22nd birthdays,23 birthday,23 birthday,23rd birthday,23rd birthday,24 birthday,25 birthday,25 birthday,25 birthday,25 birthday,25 th birthday,26 birthday,26 birthday,27 birthday,27 birthday,28 birthday,29 birthday,29 birthday,2kg birthday,2nd birthday,2nd birthday,2nd birthday,2year birthday,2year birthday,3 birthday,3 birthday,3 birthday,3 birthday,3 kgs birthday,3 rd birthday,3 yr birthday,3/4 birthday,3/4 birthday,3/4 birthday,3/4th birthday,3/4th birthday,30 birthday,30 birthday,30 th birthday,30 th birthday,300 birthday,31 birthday,31 birthday,31st birthday,32 birthday,32nd birthday,32nd birthday,33 birthday,34 birthday,34rth birthday,35 birthday,35 birthday,35th birthday,35th birthday,35yu birthday,36 th birthday,36th birthday,37 birthday,37 th birthday,38th birthday,39th birthday,3rd birthday,3rd birthday,3rd birthday,3rd bithday,3rd borthday,4 birthday,4 birthday,4 th birthday,4 th birthday,4 year birthday,4 year birthday,4 yearbirthday,4 yrs birthday,40 birthday,40 birthday,40 birthday,40 birthday,40 birthday,40 th birthday,40 th birthday,400 birthday,40yrs birthday,41 birthday,41 birthday,41st birthday,41st birthday,42 birthday,42nd birthday,43 birthday,44 birthday,45 birthday,45 birthday,45th birthday,45th birthday,46 birthday,47 birthday,4kg birthday,4th birthday,4th birthday,4th birthday,5 birthday,5 birthday,5 birthday,5 boy birthday,5 1st birthday,5 birthday,5 birthday,5 th birthday,5 th birthday,5 year birthday,50 birthday,50 birthday,50 birthday,50 th birthday,50 th birthday,50 th birthday,500gm birthday,500gm birthday,500kg birthday,50tj birthday,50yh birthday,51 birthday,51 birthday,51st birthday,53 birthday,5kg birthday,5th birthday,5th birthday,5th birthday,6 birthday,6 year birthday,60 birthday,60 birthday,60 th birthday,60 th birthday,60 th birthday,61st birthday,65 th birthday,65th birthday,69 birthday,6month birthday,6month birthday,6month birthday,6month birthday,6o th birthday,6th birthday,6th birthday,7 birthday,7 birthday,7 birthday,7 year birthday,70 birthday,70 birthday,70 th birthday,74 birthday,75 birthday,75 birthday,75 birthday,75 th birthday,75 th birthday,75 th birthday,75th birthday,75th birthday,77 birthday,7th birthday,7th birthday,8 birthday,80 birthday,80 birthday,80 th birthday,80yrs birthday,81st birthday,85th birthday,8th birthday,8th birthday,90 birthday,90 birthday,90 th birthday,99 birthday,9month birthday,9th birthday,9th birthday,adult birthday,adult birthday,airel birthday,all birthday,angel birthday,anime birthday,anime birrhday,anime birthday,anime birthday,anna birthday,avengar birthday,baby birthday,baby 1 birthday,baby bhirthday,baby birthday,baby birthday,baby birthday,baby birthdays,babybirthday,banker birthday,banker birthday,barbie birthday,barbie birthday,basic birthday,basket birthday,bby birthday,beach birthday,beer birthday,beer birthday,bento birthday,bento birthday,bento birthday,bento birthday,bento birthday,best birthday,bf birthday,bholi birthday,bhua birthday,big birthday,big birthday,black birthday,black birthday,blue birthday,blue birthday,bmw birthday,book birthday,book birthday,boss birthday,boss birthday,boss birthday,boy 1 birthday,boy 6 birthday,boy birthday,boy birthday,boy birthday,boys birthday,boys birthday,boys birthday,brand birthday,bro birthday,bt21 birthday,bts birthday,bts birthday,bts birthday,bts v birthday,burgandy birthday,ca birthday,ca birthday,16th birthday,2nd birthday,31st birthday,8th birthday,father birthday,13th birthday,15th birthday,16 birthday,17th birthday,18 birthday,18 th birthday,18th birthday,19th birthday,1st birthday,2 birthday,21st birthday,2nd birthday,30 birthday,39th birthday,3rd birthday,50 birthday,60 birthday,75th birthday,baby birthday,boss birthday,boys birthday,bro birthday,father birthday,first birthday,friend birthday,girl birthday,girls birthday,hubby birthday,husband birthday,husband birthday,kids birthday,mom birthday,dog birthday,wife birthday,friend birthday,happy birthday,80 birthday,1st birthday,23rd birthday,10 birthday,13 birthday,13 th birthday,13th birthday,16 birthday,18 birthday,18 th birthday,18th birthday,19th birthday,1st birthday,21st birthday,23 birthday,2nd birthday,39th birthday,3rd birthday,4 th birthday,4th birthday,50 birthday,5th birthday,9th birthday,dads birthday,father birthday,first birthday,friend birthday,half birthday,husband birthday,kids birthday,mens birthday,second birthday,wife birthday,husband birthday,calendar birthday,candle birthday,car birthday,car birthday,car birthday,cars birthday,cat birthday,cat birthday,ceo birthday,ceo birthday,cheap birthday,chef birthday,child birthday,cigar birthday"
"pearled expressions","pearled expressions"
"pineapple stuffed","pineapple stuffed"
"pink swirl bouquet balloon","pink swirl bouquet balloon"
"purple butterflies","purple butterflies,purple butterflies,purple butterflies"
"radiant elegance","radiant elegance"
"rainbow lad","rainbow lad,rainbow up,rainbow,rainbow"
rasmalai,"rasmalai,vanilla,vanilla,rasmalai,vanilla,candal,rasmalai,rasmalai,vanila,vanilla,vanilla,abdulali,admira,adulat,airplan,amazon,ambala,angela,angela,animal 1,anjali,ansari,araenal,aropla,aroplain,arslan,ashley,asphalt,astral,astray,babubali,bacardi,bacardi,bachalor,bahubali,baklawa,banana,banana,banana,banana,banela,bansal,batball,batlan,batmna,amazon,dadaji,kanhaji,navratri,vanilla,pastels,vaniila,vannila,cakewala,camdles,campari,canada,canada,canada,canada,candal,candela,cannada,capstalk,car bala,caravan,carmival,casaata,casada,casata,casata,casatt,casatta,casatta,cashel,cassata,cassata,cassata,cassatta,castal,castel,castel,castella,casutta"
"raw wedding","raw wedding,2 wedding,25 th wedding,25 wedding,2tier wedding,3kg wedding,3kg wedding,accending,ascending,asending,bedding,wedding,wedding,weddings,choco wedding,choco wedding"
"red ferrari","red ferrari,red desire,car farrari,car ferrari,car red ferrari,car ferrari,car ferari,car ferrari"
"rocking spiderman","rocking spiderman"
"rose garden","rose garden,rose heart,rose booked,rose heart,blue golden,blue golden,rose design"
"rose gold balloon","rose gold balloon,gold balloon"
"semi fondant heart","semi fondant heart"
"soul attire","soul attire"
"special moment","special moment,special moment,special one,special bond"
"spiderman birthday treat","spiderman birthday treat"
"spiderman theme","spiderman theme,spider man 3year,aliean theme,spider man hamee,spider man hamer,cameraman theme"
"strawberry ice cream","strawberry ice cream,blue berry ice cream,blueberry ice cream"
"sugar rush kids","sugar rush kids"
"supreme kit kat","supreme kit kat"
"surprise box love","surprise box love,surprise box love\,surprise box,surprise box,surprise box"
"surprise b","surprise b,aurprise ake"
"sweet surprise","sweet surprise"
"tasteful butteryumm","tasteful butteryumm"
"tired n retired-1","tired n retired-1"
unicorn,"unicorn,joinery,pastory,runner,snickers,unicorn,unicorn 3d,unicorn,unicorn,1 unicorn,2 unicorn,2 unicorn,2d unicorn,500 unicorn,500 unicorn,500 unicorn,500 unicorn,account,account,action,action,anaira,animes,anivaary,anivasri,aniversy,anivsary,anjeer,annivery,annivery,auditor,author,author,authors,avtion,bangchan,bayern,benton,benton,benton,bitcion,blue unicorn,bullcart,caetoon,cartoon,author,animator,auditor,author,beutician,dancers,dinasor,muscian,musician,musicians,musition,new born,newborn,runner,surgeon,shinchan,unicorn,unicorn,macaron,miniture,unicorn,unicorn top,authors,children,dancers,musician,musicians,jaipur,canton,cantoon,capricorn,carrort,cartoon,cartoon,cartoon,cartoon,cartoon,cartoon,chichky,chicken,chicken,chieken,chiffon,children,children,children,childron,chinchan,chinchan,chisan,chorni"
"unicorn punk-1.5","unicorn punk-1.5"
"zoo animal","zoo animal,mechanical,zoo animal,baby animals,boys animals"
"jav asc ript:https ://www.starbucks.com/%0aalert%28document.domain%29","jav asc ript:https ://www.starbucks.com/%0aalert%28document.domain%29"
fgvnlcak57,fgvnlcak57
"pubg battleground","pubg battleground,pubg battleground,battleground"
"sinful choco fantas","sinful choco fantas"
"teachers scotch bottle","teachers scotch bottle"
fgrkcmb40,fgrkcmb40
"lego cake. for. kids","lego cake. for. kids"
ridyachijopi,ridyachijopi
"- flavor: blackforest fgfdtcak445","- flavor: blackforest fgfdtcak445"
"- only 30 characters allowed: happy 6 months fgccake399","- only 30 characters allowed: happy 6 months fgccake399"
"choco nuts crunch","choco nuts crunch,choco nuts crunch,choco-nuts crunch,chocolate crunct,chocolate crunch,chocolate crunch,chocolate crunchy,chocolate crunchy,chocolates crunch"
"football 10 year old boys","football 10 year old boys,footballcakes 10 year old boys"
"*bachelorette cakes*","*bachelorette cakes*,bachelorette cak,bachelorette cale,bachelorette claes,bachelorette cookies,bachelorette cupcakes,bachelorette sash"
"2 number","2 number,1 number,2-tier,manager,manager,number 16,number 25,number,1 pubg.,1 number,1 number,1 number boy,10 number,10 number,11 number,12 number,13 numberr,14 nber,15 number,15 number,17 number,18 number,18th number,19 number,19 number,1number,2 fĺor,2 barbie,2 prices,2 number,2 number,2 number,2 tier3,2 tiered,2 tiered,2 tiers,2-tier,20 number,200 under,200 under,200under,21 number,21 number cke,22 number,24 number,25 anniver,25 number,25 number,27 cubes,27 number,28 topper,2number,2taiyer,3 2 tier,3 number,3 number,30 number,30 number,30number,31 number,32 number,35 number,35 number,35 number,3d hammer,3number,4 5 tier,4 number,4 number,4 numeric,40 number,43 number,48 number,5 number,5 number,50 number,50 number,51 number,6 number,6 number,6 number,6number,7 number,7 number,8 number,8 number,9 number,9 number,96061 number,acunt number,age number,age number,assembe,auther,aye number,banner,blubery,bluebery,bobber,bomber,bomber,bombers,boucher,bumboo,burher,number,200 under,banner,danceer,dauther,drunker,manager,number 2,nurses,sneaker,swimmer,younger,youtuber,giuter,number 7,number 3,number,numbers,manager,nurses,numbers,candler"
alcohol,"alcohol,alcohol,lllllll,arsenal,balloons,balloons,blossom,combos,laptop,photos,aachhoo,abc then,acconts,accounts,accounts,acrposs,acting,acting,airdrop,airtel,ake box,aladdin,aladdin,aladin,alaphdet,alcahol,alchocol,alchohal,alchohal,alchoho,alchohol,alchohol,alchoholic,alcholic,alcholic,alcholic,alcholoic,alcholol,alchool,alcohal,alcohal,alcoho c,alcohol,alcohol,alcohol bomb,alcohol caje,alcohol,alcohol,alcohol cakr,alcohol cale,alcohol came,alcohol can,alcohol cane,alcohol ckae,alcohol ckes,alcohol fan,alcohol logo,alcoholcake,alcoholic,alcoholic,alcoholic,alcoholism,alcohols,alcohoo,alcojol,alfabet,alfonso,ali vala,alisha,all color,all colour,all hail,all hails,alladin,allcakes,almonds,almonds,alochal,alochohol,alochol,alochol,alochol,alocohol,alphadoll,alsa doll,alsa olif,always,angell,anshul,apollo,arambol,arcenal,archery,arcoiris,arsenal,arsenal,arsenal,arsenel,arsenol,ass ohla,astronot,avacado,avocado,babydool,bachelo,bachlor,bachlor,bal gopal,ball pool,ball0on,balllon,balloins,ballonons,balloon.,balloons,balloons,balloons,balloons,balloons,balloons,balloons,balloons,balloons,ballooons,balooons,bamboo,bamboo,batchlo,batchlor,batcholer,bechlor,bechlor,becholer,bhopal,black ho,black l,blackdog,bloosam,bloosom,blosoom,blossom,blossom,blossom,blosson,blowjob,blssom,blue oc,bluthut,alcohol,balloons,balloons,balloons,comboo,combos,alcohol,alcoholic,bechlor,kala boy,scholar,combos,laddoo,laptop,marlboro,photos,alcohol,alcohol tap,balloons,laptop,photos,alcol wala,combos,alcohol,alcoholics,alcohol,balloons,photos,cale box,cale her,cale box,carlboro,cartoom,cartoos"
anniversary,"anniversary,2 anniversary,25th anniversary,aniversari,anniversary,anniversary,anniversary,30th anniversary,anniversary,ist anniversary,1 anniversary,1 anniversary,1 anniversary,1 st anniversary,1 st anniversary,1/2 anniversary,1/2 anniversary,1/2 anniversary,1/2 anniversary,10 anniversary,10 anniversary,10th anniversary,10th anniversary,10th anniversary,10th anniversary,11 anniversary,11th anniversary,12 anniversary,12th anniversary,14 anniversary,15 anniversary,15anniversary,15th anniversary,15th anniversary,15th anniversary,16 anniversary,16th anniversary,17 anniversary,18th anniversary,18th anniversary,1kg anniversary,1kg anniversary,1st anniversary,1st anniversary,1st anniversary,2 aniversary,2 anniversary,2 anniversary,2 anniversary,2 anniversary,20 aniversary,20 anniversary,20 anniversary,20th anniversary,20th anniversary,25 aniversary,25 aniversary,25 anniversart,25 anniversary,25 anniversary,25 anniversary,25 anniversary,25 anniversary,25 anniversry,25anniversy,25annivesary,25th anniversary,25th anniversary,25th anniversary,25th anniversary,25th anniversary,25th anniversary,26 anniversary,26 anniversary,27 anniversary,27th anniversary,28 anniversary,2nd anniversary,2nd anniversary,2nd anniversary,3 anniversary,3 anniversary,3 anniversary,30 anniversary,30 anniversary,30 anniversary,30th anniversary,30th anniversary,35 anniversary,35 anniversary,36 anniversary,3anniversary,3rd anniversary,3rd anniversary,3rd anniversary,3th anniversary,4 th anniversary,40 anniversary,40th anniversary,40th anniversary,45th anniversary,46 anniversary,47 anniversary,4th anniversary,5 anniversary,5 th anniversary,5 th anniversary,50 aniversary,50 anniversary,50 anniversary 4,50 anniversary,50 anniversary,50 anniversary,500 anniversary,50th anniversary,50th anniversary,50th anniversary,50th anniversary,52 anniversary,5th anniversary,5th anniversary,5th anniversary,6th anniversary,6th anniversary,6th anniversery,7 anniversary,7 th anniversary,7kgs anniversary,7th anniversary,7th anniversary,8 anniversary,8th anniversary,9 anniversary,aaniversary,adversary,anavarsary,anbrsary,aneversary,aneversry,anicercery,anivarcary,anivarsary,anivarsary,aniverceeru,anivercery,aniversary,aniversary,aniversary,aniversary,aniversarycake,aniversay,aniversery,aniversory,aniversry,anivversary,ann8versary,anna elsa,anna elsa,anna elsa,anna elsa,annaparsana,annaversery,anneversay,annivarsary,anniveesary,anniverary,anniversa,anniversari,anniversaries,anniversarry,anniversary,anniversary 25,anniversary,anniversary,anniversary,anniversary 0.5,anniversary 1,anniversary 1/2,anniversary 21,anniversary 25,anniversary 3,anniversary 34,anniversary 5th,anniversary 9th,anniversary bike,anniversary cack,anniversary,anniversary 11th,anniversary 0.5,anniversary 0.5,anniversary 1,anniversary 1kg,anniversary 2kf,anniversary 2kg,anniversary 44tg,anniversary 44th,anniversary 500g,anniversary gym,anniversary him,anniversary half,anniversary pic,anniversary buke,anniversary zin,anniversary,anniversary 1,anniversary 1/2,anniversary 21st,anniversary 3kg,anniversary 50,anniversary wife,anniversary cakr,anniversary cale,anniversary came,anniversary card,anniversary cek,anniversary cup,anniversary cup,anniversary,anniversary half,anniversary love,anniversary mini,anniversary rose,anniversary sex,anniversary step,anniversary tags,anniversarycake,anniversay 1,anniversay,anniversay,anniversery,anniversery,anniversery,anniversiary,anniversry,annivesary,annivrsaryg,annniversary,anversary,anyversry,big annivesary,blue anniversary,bts aniversary,1/2 anniversary,2 anniversary,anniversary,1 anniversary,10 anniversary,25 anniversary,25 anniversery,25th anniversary,40 anniversary,aniversary,annivarsary,anniversary,foranniversary,anniversaries,anniversary,university,work anniversary"
"blueberry [500 grams, eggless]","blueberry [500 grams, eggless]"
"chocolate forest","chocolate forest,chocolateexpress,chochlate bouqet,choclate flowers,choclate boquet,choclate chees,choclate dream,choclate express,choclate frero,choclate frero,choclate fruit,choclate lovers,choclate mousse,chocoate express,chocolate bouquet,chocolate frenchy,chocolate mousse,chocolate ruffles,chocolate ruffles,chocolate bouquet,chocolate flowers,chocolate bouqets,chocolate bouquet,chocolate eggless,chocolate 8 year,chocolate dentist,chocolate friend,chocolate mom be,chocolate mother,chocolate mom be,chocolate bouquet,chocolate cheese,chocolate flowers,chocolate kitkat,chocolate cheese,chocolate cheese,chocolate cheese,chocolate chesse,chocolate chesse,chocolate coconut,chocolate coffee,chocolate coffee,chocolate dark forest,chocolate eggless,chocolate eggless,chocolate eggless,chocolate expres,chocolate express,chocolate express,chocolate express\,chocolate exprews,chocolate ferrero,chocolate ferrero,chocolate fiesta,chocolate flover,chocolate flower,chocolate flower,chocolate flowers,chocolate fondant,chocolate fondant,chocolate fondant,chocolate lovers,chocolate forest,chocolate frosting,chocolate fruity,chocolate fusion,chocolate kitkat,chocolate kitkat,chocolate kitkat,chocolate legless,chocolate mirror,chocolate mousse,chocolate mousse,chocolate moussse,chocolate pardise,chocolate pestry,chocolate sweets,chocolate topper,chocolate topper,chocolate weight,chocolate ferrero,chocolate orcits,chocolate+fruit,chocolateexpress,chocolateexpress,chocolates boquet,chocolaty festa,chocolaty fiesta,chocolaty fiesta,chocolaty fista"
"chocolate black forest","chocolate black forest,chocolate black forest"
coupen,"coupen,bouquet,bouquet,topper,caramel,caramel,cherry,cocomelon,coquette,crypto,cup st,cupcake,fondant,fondant,fondant,letter,pottery,protein,stuart,student,youtube,10 pink,10 red,12 pink,18teen,1pound,1st coupon,20 red,200rupes,250 gn,250rupee,2oo rs,2pound,2pound,3pounds,latter,letter,letter,letter,accouting,actuary,adult.,adults,adults,anousha,anupama,athena,athena,augeia,autumn,autunm,babies,bablet,bailey,ban ten,baquet,batmen,batmsn,batter,batter,ben ten,ben ten,benten,benten,benten,better,bhopla,bitter,bl8ppi,blippy,bogger,bom cek,bomb 2,bomb 1,bonaza,boneta,boobies,booklet,booster,boquet,boquet,botels,bottel,bottel,bottles,bottles,bottlw,bottom,bounty,bounty,bouqet,bouqets,bouquet,bouquet,bouquet,bouquet,bouquet,bouquets,bouqurt,bourbon,bourbon,bow pink,bowled,bowling,bowling,boxiing,brocker,brother,brother,brother,brownee,budies,buoauet,buquet,buttef,ca day,ca tax,caasta,cad bu,cak teen,brother,250rupes,boquet,bouquet,bouquet,brother,country,computer,confetti,doraemon,fondant,brother,coaching,mother,adults,babies,bofriend,boufriend,boyfiend,brother,coders,computer,couples,foodies,husbend,husbnd,journey,judges,ladies,lwayer,mother,mothers,owners,reader,shatel,shoping,shoppers,shopping,student,students,trader,fountain,gitter,letter,ladies,poppers,powder,rapper,review,scikles,themes,top up,topings,topper,topper 3,toppers,toppings,bouquet,bouquets,buquet,candel,champagen,champion,cocomelon,computer,cupcake,donuts,letter,topper,cakepop,bouquet,babies,bookies,brother,couples,docters,griles,models,mother,mothers,queens,rapper,student,students,studies,trader,youtube,mother,pictures,popular,topper,bouquet,cashew,pictures,cakesee,cale men,came men,camping,candel,candell,candels,candes,candies,candies,candies,candil,candkes,candlel,candles,candles,candle\,candna,canera,canvas,captured,car men,car men,car fan,car fer,car key,car key,carameb,caramel,caramel,caramel,caramel,cardles,caremel,carousal,carousel,carousel,carousql,carpenter,carpenter,carpentry,carrier,cartier,cartton,cartune,carving,cashew,cassino,catboy,caterer,cavity,cendrel,chaclet,chaklet,champane,champion,champion,champion,chandel,chandi,chandu,chanel,chanel,channel,channel,chappal,chaptee,chapter,chaster,cheapest,cheapest,cheapest,checker,checker,cheeky,cheers,cheers,cheese.,cheesy,cheeta,chelsea,chelsea,chepest,cherrr,cherry,cherry,cherry,cherry,cheses,chesses,chhena,chiller,chilli,chilli,chinese,chinese,chipmunk,chivas,chivas,chocate,chocate,chocaty,chochip,chochip,chocklet,chocklet,choclet,choclete,choclete,chocltes,chocpatw,choklat,choklet,choklet,choklet,choklete,choklets,choklte,chokolet,cholates,cholte c,choodha,chotta,chowklet,christ,chunnu,chutki,chutki"
"l l ll l ll","l l ll l ll,l l ll l lllll,lllllll ll l,lllllll ll l lll ll"
"l l ll l lllllll l","l l ll l lllllll l,lllllll ll l lll ll l"
"lllllll ll l lll","lllllll ll l lll"
"lllllll ll l lll ll l l","lllllll ll l lll ll l l,lllllll ll l lll ll l l l,lllllll ll l lll ll l l ll,lllllll ll l lll ll l l ll l"
"lllllll ll l lll ll l l ll ll","lllllll ll l lll ll l l ll ll,lllllll ll l lll ll l l ll ll lll,lllllll ll l lll ll l l ll ll llll"
"lllllll ll l lll ll l l ll ll lllll","lllllll ll l lll ll l l ll ll lllll,lllllll ll l lll ll l l ll ll lllll l,lllllll ll l lll ll l l ll ll lllll l l,lllllll ll l lll ll l l ll ll lllll l ll"
"marvel cupcakes","marvel cupcakes,bachelor cupcakes,barbie cupcakes,bavhelor cupcakes,cartoon cupcakes"
"normal name","normal name,aisha name,ananya name,animal caie,animal cale,animal cane,animal face,anjana name,army came,normal price,batman came,brand name,doctor name"
"pain medicine doctors","pain medicine doctors"
"pink swirl balloon","pink swirl balloon"
strawberry,"strawberry,blue berry,blueberry,strawberry,strawberry,tom jerry,1 strawberry,atrawberrylove,blackberry,blackberry,blackberry,bluberry,bluberry,bluberry,blue berry,blue berry,blue berry,blue berry,blue berry,blueberry,blueberry,blueberry,blueberry,blurberry,bule berry,buleberry,blue berry,traders,strawberry,strawberry,carberry,chocostrawberry,chocostrawberry"
"under strawberry","under strawberry,choco strawberry,candy strawberry,choco strawberry,choco strawberry"
"vanilla creamy doll","vanilla creamy doll"
"&lt;div style=&quot;width: expression(alert('xss'))","&lt;div style=&quot;width: expression(alert('xss'))"
"&lt;img src=&quot;http://www.thesiteyouareon.com/somecommand.php?somevariables=maliciouscode&quot;&gt;","&lt;img src=&quot;http://www.thesiteyouareon.com/somecommand.php?somevariables=maliciouscode&quot;&gt;"
"- flavor: pineapple - only 30 characters allowed: happy 3rd birthday arika shipping date - 11-10-2021 shipping type - free - u20b90 shipping time - 15:00 - 21:00 (#33669)","- flavor: pineapple - only 30 characters allowed: happy 3rd birthday arika shipping date - 11-10-2021 shipping type - free - u20b90 shipping time - 15:00 - 21:00 (#33669)"
"1 baby girls","1 baby girls,baby girl,1 year girls,1 year girl,1 year girl,10th bday girls,11 year girls,14 years girls,18th bday girls,18th bday girls,1kg baby girl,1year baby girl,2 tier girls,2 year girls,2 year girls,2 years girls,3year girls,4 baby girl,4 baby girl,5 years girls,8 shape girls,9 year girls,9 year girls,babu girl,babu girl,babu girls,baby girl,baby birth,baby girl,baby girl,baby first,baby gir,baby girl,baby girl,baby girl,baby girl,baby girl 1,baby girl,baby girls,baby girls,babygirl,bad girl,bags girls,barbe girl,barbie girls,barby girl,bday girl,bday girls,best girls,binata girls,blue girls,brday girls,bts girls,bts girls,1year baby girl,1 year girl,18 year girls,baby girl,baby girl 1,baby girls,babygirl,babyy girl,bby girl,smash girls,1 year girl,baby girl,baby girls,candy girls"
"1 foundant","1 foundant,accountant,accountant,1 husband,1 football,1 poound,1 pounds,1 pounds,10 pound,1year fondant,2 pounds,2 pounds,3d fondant,accoundint,accountant,accountant,accountant,accountant,acvountant,beer fondant,beerfondant,best fondant,blue fondant,blue fondant,book fondant,bts fondant,accountant,accountant,accountant,car fondant"
"1 nember cack","1 nember cack,1 number shape,1 number shape,10 numbercake,2 year cack,31 numeric cke,6 number cale,7 number caek,7 number caeke"
"1 sparkle candle","1 sparkle candle,sparkle candle,1 sparkle candle,1sparking candle,1sparkle candle"
"10 carnations","10 carnations,carnations,1 cartoon,1 cartoon,10 carnation,10 carnations,decorations,carnation,carnations"
"18 year","18 year,75 yrs,ghevar,one year,03 years,1 .5 2year,1 1/2 year,1 1/2 year,1 half year,1 regular,1 teacher,1 year bit,1 year boy,1 year boy,1 year boy,1 year old,1 year old,1.5 1 year,1.5 year,1.5 years,1.5 yr,1/2 bdau,1/2 bday,1/2 bday,1/2 uear,1/2 year,1/2 year,1/2 yr,1/5 year,10 kegi,10 square,10 yats,10 year boy,10 year boy,10 year,10 year old,10 year old,10 years,11 girl,11 year,11 year boy,11 year boy,11 year,11 years,11-sept,11year ka,12 year,12 year boy,12year,13 year,13 year boy,13 year,13 year old,13 year old,13 years,14 year old,14 years,15 year,15 year age,15 years,15 years,150 gram,150 gram,16 bday,16 year,16 year old,16 years,16 yrs,16sweet,16year,17 year,17 years,17 years,18 b-day,18 b'day,18 bday,18 bday,18 digit,18 year,18 year bday,18 year boy,18 year,18 year old,18 years,18 years boy,18 years,18 years old,18+ boy,18+ cale,18th bday,18th bday,18th year,18years,19 bday,19 year,19 years,19 years.,1k subs,1st tier,2 tears,2 years,2 years,20 year,20 year,20 year,20 years,21 year,21 yearr,21 years,22 year,22 years,22 years,23 years,24 year,25 bday,25 year,25 years,25 years,27 year,27 years,28 year,29 years,29 years,2vyears,3 bears,3 bears,3 years,3 years t,3/4 year,30 year,30 year,30 years,30 years,31 years,32 years,34 yrs,35 year,37 years,3kg 7 year,3layers,4 years,4 years,40 year,40 year,40 years,40 years,41 year,41 years,42 years,42 years,4years,5 years,5 years,5 yqears,50 bday,50 bday,50 eyar,50 year,50 years,500 heart,542 years,55 years,6 years,60 bday,60 year,60 year,60 years,60year,61 year,67 years,69 years,6years,7 years,70 years,75 year,75 years,75 yrs,8 year boy,8 year kid,8 year old,8 year old,8 years,8 years,9 years,90 years,91 years,all heart,all heart,bare bear,belgeam,blue bear,bts meal,1 get 1,ca theam,3 years,30 years,1 year old,1.5 year,1/2 year,10 year old,10 years,11 year,12 year gir,13 year boy,14 year old,16 years,18 bir,18 girl,18 year,18 year old,18 years,18bday,18th bday,3 years,30 bday,40 years,50 yrs,7 years,8 year boy,8 year old,boys 1year,gf bday,new year,two years,new year,new year.,24 years,shop near,cakejar,7. year,1 year kid,14 year old,17 years,8 year old,new year,capybara"
"1kg combo","1kg combo,1kg 500,wine combo,cup combo,1/2 mom,10kg cek,1kg cacke,1kg 250,1kg barbie,1kg bts,1kg cack,1kg combo,1kg girl,1kg cakee,1kg cakws,1kg cale,1kg cartoon,1kg dino,1kg doll,1kg dry,1kg girl,1kg kids,1kg panda,1kg photo,1kg rate,1kg vake,1kg. cak e,2kg cack,5kg caka,5kg cale,5kg cales,5kg calme,5kg ckae,5kg normal,bento combo,best combo,big boobs,big combo,buke combo,gifts combo,rose combo,toy combo,card combo,jar combo,teddy combo,gifts combo,cale combo"
"1kg 200 rupees","1kg 200 rupees,cake250rupees,1 500 rupees,1 600 rupees,100 rupee,1000 rupees,150 rupees,150 rupees,200 rupees,200 rupes,200 rupes,200 ruppes,300 rupees,500 rupees,600 rupees,200 rupees,100 rupees,1000 rupees,200 ruppees,300 rupees,250 rupees,upto 200 rupees,upto 300 rupees"
"1st birthday 5","1st birthday 5,1 birthday 1,1 birth day,1 birthday.,1 1 birtday,1 st birthday girl,1 st birthday gorl,1 st birthday boys,1/2 birthday day,1/2 birthday kid,1/2 bithday,1/2birthday,10th birthda,14th birthda,14th birtjday,15th birthdya,16 birthday boy,17 birthday boy,18 biirthday,18 birthda,18 birthday boy,18 birthday boy,18 birthday son,18 birthday son,18 birthdayy,18th burthday,19birthday,1birthday,1birthday,1s birthday boy,1st birthday boy,1st birthday 1,1st birthday big,1st birthday boy,1st birthday boy,1st birthday 1kg,1st birthday 5kg,1st birthday boy,1st birthday boys,1st birthday boy,1st birthday boya,1st birthday child,1st birthday girl,1st birthday girls,1st birthday gir,1st birthday gir.,1st birthday 1.1/2,1st birthday twins,1st birthday boy,1st birthday girl,1st birthday girls,1st birthday girls,1st birthday cales,1st birthday boy,1st birthday her,1st birthday girl,1st birthday girl,1st birthday micky,1st birthday smash,1st birthdays,1st birthdy,1st borthday,1st brithdsy,1st.birthday,21st birthdat,21st bairthday,21st birthday girl,27 birthday ..,75 birthdays,1kg barthday,1 st birthday boy,16 birthday boy,18 birthday boy,18th birhhday,18th birtday,1st birthday girl"
"1year birthday baby girl","1year birthday baby girl,1 1 birthday baby girl,1st birthday baby girl,1st birthday baby girl,1st birthday baby girl,1st birthday baby girl,1st birthday baby girl,1st birthday baby girl,1st birthday baby girl,2 birthday baby girl,2years birthday baby girl,3rd birthday baby girl,4 th birthday baby girl"
"1year baby birthday","1year baby birthday,1 year boy birthday,1 year girl birthday,1 year old birthday,1/2yr baby birthday,12 year boy birthday,13 year boy birthday,1st baby birthday,1year baby boy birthday,1year baby girl birthday,2year baby birthday,3 year boy birthday,3 years boy birthday,3years boy birthday,5years baby boybirthday,5years boy birthday,6 year boy birthday,9 year boy birthday"
"2 tier baby shower","2 tier baby shower,2 baby shower,2 tier baby shower"
"2 tier engagement","2 tier engagement,2 layer engagement"
"2 year baby 5kg","2 year baby 5kg,1 year baby,1 year baby boy,1 year baby boy,1 year baby,1 year baby girl,1 year baby girl,2 year baby boy,2 year baby boy,2 year baby g8rl,2 year baby girl,2 year baby girl,2 years baby,2 years baby girl,2year baby boy,3year baby boy,4 years baby boy,5 year baby boy,2 year baby,1 year baby,1 year baby girl,2 year baby girl"
"22 years old boy","22 years old boy,1 year old boys,10 years old boy,10years old boys,12 year old boy,12 years old,18year old bo,2 year old boy,2 years old boy,2 years old,20 years old,22 years bday,27 years old,35 years old son,4 year old boy,5 years old boy bd,6 year old boy,6 yrs old boy,7 year old boy,80 years old bday,9 year old bouly,9 year old boy,9 year old boy,bts 8 years old boy,5 year old boy,1 year old boy,12 year old boy,14 years old boy,16 year old son,17 year old boy,2 year old boy,2 years boy,2 years old,6 year old boy,9 year old boy,10 year old boys,2 years old girl,26 year old boy,six year old boy"
"3 friends","3 friends,girlfriend,muffins,boyfriend,friends,1 gilfriend,2 bricks,3 steps,3 tiers,500 friend,bday friend,best friend,best friend,best friend,best friends,best friends,bestfriend,bestfriend,bestfriends,boy friend,boy friend,boyfriend,boyfriend,boyfriend y,boyfriend.,boyfriend,girlfriend,boyfriend,girlfriend,beatfriend,best friend,best griends,bestfriend,boy friend,boyfriend,boyfriend 1,boyfriends,bwstfriend,friends,girl friend,girlfriend,gurlfriend,male friend,boyfriend,parents,friends,best friend,best friends,bestfriend,boyfriend,boyfriends,friends,girlfriend,male friend,men friend,parents"
"3d disney land girls 11years 2 layer","3d disney land girls 11years 2 layer"
"3kg blue white theme","3kg blue white theme,blue white theme,blue white theme"
"3kgs eggless","3kgs eggless,eggless,gym eggless,1 eggless,1 eggless,1.5 eggless,100% eggless,100%eggless,1kg eggless,1kg eggless,250 gm eggless,500 gm eggless,500gm eggless,5kg eggless,bakery eggless,eggless,eggless,cakesickles,cakesicles,cheese eggless"
500price,"500price,500 rs,less price,popsicle,100 roses,100 piper,100 piper,100 price,100 roses,100 rp,100 rs,100 rs,100 rups,100.cake,1000 price,150 pirce,150 price,150$ price,1500 rps,150price ke,200 cacke,200 price,200 price,200 price,200 price,200 ra,200 roses,200 rs,200 rs,200 rscake,200 ruppe,200gram,200price,200rs.,250 price,300 price,300 range,300 price,300 price,300 price,300 prize,300 rang,300 range,300 range,300 rs,300 rs,300 rs ca,300 rs,300 rs price,300 rup,300 rupee,400 price,400 price,400 range,400 range,400 rs,400 rupee,500 1kg,500 g m,500 gm,500 gm,500 gm,500 gm,500 gm's,500 gmcake,500 gms,500 gms,500 gram,500 gram,500 gram,500 grams,500 grams,500 grm,500 grms,500 grms,500 ka,500 cale,500 kilo,500 1kg,500 roses,500 rs,500 rs,500 rs cke,500 rs.,500 rupay,500 tak,500 tak,500 under,500g lion,500gm c,500gm caje,500gm ceke,500gms,500gms,500gms,500gram,500gram,500grams,500grm,500grm,500grms,500grsm,500rupees,50o roses,50thcake,700 rupee,868 price,beer price,300 rs,500grams,200 prices,200 rs,300 price,300 rs,400 rupes,500 gm,500 gm.,500 gms,500 gram,500 grams,500 grm,500 tak,500gms,500grm,600 price,price 300,low price,300 rs,500 grams,less price,low price,low prices,made ice,100 piper,500 gm,500 gram,price 100,price 150,price 200,price 200 300,price 290,price 300,price 350,price 400/500,price 500,price ₹ 100,price ₹50,price ₹50 100,prize 200,200 price,500 gm,100 rs.,low price,car race"
"599 2024 12 17 15:57:25 new lead followup manoj manojy544@gmail.com 9206400099 passionate patisserie","599 2024 12 17 15:57:25 new lead followup manoj manojy544@gmail.com 9206400099 passionate patisserie"
"6 month birthday","6 month birthday,6 months birthday,six months birthday,1 month birthaday,1 month birthday,1 month birthday boy,1 month birthday,1 month birthdy,1/2 months birthday,1/2 month birthday,1/2 month birthday,1/2 month birthday,10 month birthday,10 month birthday,10 monthsbirthday,100 th birthday,10th month birthday,11 month birthday,18 month birthday,18 month birthday,18 months birthday,18month birthday,1st mnth birthday,1st month birthday,1st month birthday,1st month birthday,2 photo birthday,2 month birthday,2 month birthday,2 months birthday,2nd month birthday,3 month birthday,3 month birthday,3 months birthday,4 month birthday,4 month bithday,4 months birthday,4th month birthday,5 month birthday,5 months birthday,50 men birthday,5th month birthday,6 month birthday,6 minth birthday,6 month birthday,6 month birthday,6 month b'day,6 month baby birthday,6 month baday,6 month bday,6 month bday,6 month birtdecor,6 month birth,6 month birth day,6 month birthday,6 month birthday baby,6 month birthday,6 month birthday boy,6 month birthday,6 month birthday cakr,6 month birthday cakw,6 month birthday cale,6 month birthday cke,6 month birthday girl,6 month birthday girl,6 month borthday,6 month boy birthday,6 month old birthday,6 month teddy,6 monthly birthday,6 months b'day,6 months bday,6 months bday,6 months birthday,6 months birthday,6 months birthday,6 months birthday 1kg,6 months birthday,6 months kid birthday,6 months old birthday,6 th month birthday,60 th birth day,60th borthday,6month bday,6month birtday,6months birthday,6months birthday,6months birthday,6th month birthday,6th month birthday,7 month birthday,7 month birthday,7 month birthdqy,7th month birthday,7th month birthday,8 month birthday,8th month birthday,9 month bday,9 month birthday,9 month birthday,9 month birthday cke,9 months birthday,9 months birthday,9th month birthday,baby 6 month birthday,6 months birthday,1 month birthday,mother birthday,mother birthday"
"6 year old girl birthday designs","6 year old girl birthday designs,6year girl birthday designs"
"7 character noctis","7 character noctis"
alphabet,"alphabet,alphabet,planets,elephant,planets,upcakes,4 shaped,5 shaped,9 shaped,alphabet,alphabat,alphabet,alphabet,alphabet,aadha ka,abhabet,adorable,advpcate,affable,airhotest,airplanes,albhabet,albhabet,alfabate,alfabets,alfhabhte,all cake1,all caked,all d best,all best,all best,all best,alpebaths,alpehabed,alpha bet,alpha doll,alphabate,alphabate,alphabatic,alphabet,alphabet caje,alphabet cak,alphabet,alphabet,alphabet,alphabet cup,alphabet cups,alphabet h,alphabet m,alphabet name,alphabet s,alphabet s,alphabet r,alphabete,alphabetic,alphabetic,alphabetical,alphabetical,alphabets,alphabets,alphabets,alphabrt,ammerpet,anprasan,architect,architect,architect,areplane,areplane,aroplane,aroplane,artichet,asphalt 9,aspirant,astranot,athelete,athlets,bhabhi,bhabhi,bluebut,architect,bhabhi,speaker,elephant,architect,bhabhi,alphabet,capcakes"
"fashion monger","fashion monger,fashion monger,fashion designer,fashion designer"
"action time","action time,accountimg,action fig,action hero,action time,action time,action up,actiontime,active wife,actor theme,actor be,all time,amazon prime,amazon theme,another time,artist name,artist theme,artist theme,astro theme,auto theme,automotive,aviation theme,carton theme,cartoon theme,cartoon theme"
aesthetic,"aesthetic,academic,aersthetic,aestetic,aesthatic,aesthetic,aesthetic,aesthetic,aesthetic bow,aesthetic cak,aesthetic,aesthetic bash,aesthetic,aesthetic ckds,aesthetic cute,aesthetic girl,aethetic,anaesthesia,anthems,aquatic,artistic,artistic,astethic,asthetic,asthetic,asthetic,athelte,athletes,athletes,athlethe,athletic,australia,australia,authentic,awsthetic,ayurvedic,best ever,best yet,bow aesthetic,bow asthetic,anaesthetic,anesthesia,partholic,calisthenics"
"aesthetic heart","aesthetic heart,aesthetic bento,aesthetic design,aesthetic cales,aesthetic girly"
"air balloon","air balloon,all cartoon,charm balloons,21 balloon,500gm balloon,air ballon,air balloon,air baloon,airy balloons,baby balloon,barbie balloon,beauty balloon,big balloon,black ballon,black balloon,n balloon,rainbow balloon,car cartoon,car cartoon,charm balloon,charm balloon,charm balloons,charm balloons,charm baloon"
"alhocal cigarettes theme","alhocal cigarettes theme"
"alphabet number","alphabet number,alphabet ccake,alphabet mother,alphabet letter,alphabet or number,alphabet shape,aphabet name"
"anime madra uchia","anime madra uchia,anime madra uchia"
"aniversary under 1000","aniversary under 1000,aniversary under 300,anniversary under 1000,anniversary under 300,anniversary under 350,anniversary under 399,anniversary under 400,anniversary under 1000"
"anniversary 500 gm","anniversary 500 gm,anniversary 250 gm,anniversary 500 gm,anniversary 500 gm,anniversary 500gm,anniversary 7 k g,anniversary combo,anniversary combo,anniversary 500gm,anniversary ,500 g,anniversary 500 gm,anniversary 500 gms,anniversary combo,anniversary cream,anniversary mango,anniverssary combo"
"anniversary parents","anniversary parents,anniversary cake-,anniversary cake.,anniversary photo,aniversary parents,aniversary latest,anniversary cackes,anniversary 6 months,anniversary banner,anniversary bento,anniversary cackes,anniversary cak1st,anniversary friend,anniversary grandparents,anniversary parents,anniversary parents,anniversary pastry,anniversary propose,anniversary photo,anniversary price,anniversary roses,anniversary cake1st,anniversary friend,anniversary gor parents,anniversary pinata,anniversary cales,anniversary cames,anniversary ckaes,anniversary parents,anniversary gifts,anniversary hampers,anniversary photo,anniversary photo,anniversary photo,anniversary pinata,anniversary props"
"anniversary fondant","anniversary fondant,25th anniversary fondant,25th anniversary fondant,anniversary bouqet,anniversary bouquet,anniversary mom dad,anniversary mom dad,anniversary mom dada,anniversary non fondant,anniversary vodka,anniversary mom dad,anniversary fondant,anniversary fondant,anniversary fondant,anniversary mom dad,anniversary mom dad,anniversary wedding"
argentina,"argentina,arsenals,accounting,accounting,adventure,affectio,affection,affectiona,air india,areoplne,argentina,argentina cak,army tank,artist,artist,artist,artist,balerina,ballentine,ballentines,ballerina,ballerina,ballintine,barcelona,barcelona,begining,beginning,beginning,benila,breaking,breezing,browniea,breaking,artist,dentist,marketing,scientist,valentine,vagina,valentine,valentines,valetine,greeting,artist,dentist,marketing,valentine,valentines,valentine,fencing,carniva,chanting"
"arsenal jersey","arsenal jersey,arsenal cale,arsenal came"
astronaut,"astronaut,abstract,aircraft,aircraft,aircraft,art craft,artronaut,astranaur,astranaut,astranaut,astranauts,astraunaut,astraunaut,astrnaut,astrologer,astrologer,astrology,astrology,astronau3,astronaut,astronaut,astronaut,astronaut,astronauts,astronauts,astronomer,astronomy,astronomy,atrist,austronaut,astrologer,astronauts,astronomers,astrologer"
"attendant flight","attendant flight"
august,"august,300gms,daughter,luxury,naughty,'&quot;,14 august,15 august,250gms,250gms,250gms,300gms,300gms,aayush,actress,addams,address,adidas,age 22,age 28,age 30,age 40,ageless,ageless,agg less,agnesh,air gun,amethyst,amidst,amoung us,anadish,analyst,ananya,angels,anklets,aqiqah,artists,artists,auenger,august,ayansh,baby s,babybus,balgiam,balgian,balgium,balgium,baptism,baptism,baptism,bapuji,barista,baylis,bhugatti,bigblss,breasts,bubbly,buckets,bugati,bugati,bugatii,bugatti,bugatti,bugatti,buggati,bullets,buscuits,heaert,cadbury,cadbury,daughter,200gms,30mint,age 22,chemist,cyclist,daughter,daughtets,dughter,guru ji,justis,success,laddus,luddas,drum set,artists,daughter,success,guru ji,walnuts,car bus,chemist"
avenger,"avenger,engineer,engineer,teenager,.jungal,3d tiger,3kg avengers,ace ever,acheiver,achiever,advanced,age less,age less,aiancher.,ajedrez,aloe vera,ambedkar,ambedkar,avaingers,avan ger,avaneger,avaneger,avangers,avangers,avangers,avangers,avegeners,avemgers,avenders,aveneger,avenfers,avenge yoo,avenger,avenger cak,avenger,avenger tag,avenger,avenger cakr,avenger cup,avenger mask,avengeres,avengerr,avengerres,avengers,avengers,avengers,avengers 3,avengers,avengers,avengers cke,avengers cr,avengers cup,avengers cup,avengres,avenjer,avergers,avintage,avmncmd,aya nagar,baalveer,babe ee,bankers,banners,bar tender,bartender,bartender,battenberg,bee bee,beneta,beneto,bento.,bentto,bikaner,blander,blended,blender,breezer,breezer,builder,builder,engineer,bankers,bankers,teacher,builder,painter,adventurer,avengers,bankers,bartender,bloggers,developer,drunkers,elders,engeenier,engineer,fayghter,hotelier,jeweller,mariners,painter,readers,teacher,teen girl,teenager,teenagers,trekers,levender,teacher,blender,cakekerm,bankers,daighter,engineer,enjeener,painter,painters,teacher,teen girl,teenager,teenagers,engineer,teen girl,calander,calander,calander,cale beer,calendar,calendar,calendar,calender,calender,calender,callander,carekers,celander,century,century,chadelier,challenge,chandler,chandler,charecter,checkers,checkers"
"avengers pinata","avengers pinata,avenger photo,avenger pinata,avenger pinata,avengers photo,avengers ball,avengers ideas,avengers pink,avengers cale,avengers crash,avengers cream,avengers flash,avengers fondant,avengers photo,avengers photo,avengers pinata,avengers pinata,avengers poster,avengers smash,avengers square,flowers pinata"
"baby boy pinata","baby boy pinata,babay boy first,baby boy bday,baby boy 1st,baby boy bday,baby boy cack,baby boy caje,baby boy cale,baby boy car,baby boy cream,baby boy pinata,baby boy shoot,baby shower pinata,boss baby pinata,boss baby pinata"
"baby boys","baby boys,1/2 boy,18yrs boys,1st baby boy,aad ons,abby boss,adult boys,army bomb,baaloons,baat boll,babbaby boss,babby boss,baby boss,baby doll,baby shower,baby shower,baby 1 year,baby ????,baby mom,baby blue,baby blue,baby booty,baby born,baby born,baby bos,baby boss,baby boss,baby boss,baby boss boy,baby boss boy,baby boss,baby bottle,baby bottle,baby boy born,baby boy 2bhk,baby boy shoe,baby boy shoe,baby boys,baby bum,baby bump,baby bump,baby bus,baby bus,baby 1 year,baby boys,baby mrbrown,baby cales,baby caps,baby coming,baby coming,baby doll,baby doll,baby doll,baby face,baby fedong,baby feet,baby hulk,baby home,baby item,baby monster,baby board,baby board,baby onboard,baby photo,baby photo,baby pic,baby pic,baby pin,baby pink,baby pink,baby sharks,baby shoeer,baby show3e,baby shower,baby shower,baby shower,baby showers,baby showers,baby showrr,baby teeth,baby theme,baby theme,baby be,baby tooth,baby tooth,baby tv,baby tv,baby tv,baby gym,baby zhower,babyboss,babyboy,babyboy,babydoll,babys hower,babyshark,babyshark,babyshower,babyshower,babyshower,babytv,babyy boy,bachelors,bachelors,bachelors,bachlors,back home,backbone,bady wife,baileys,baileys,baki go,ball kids,balllons,banan bob,barbe one,barbe doll,barbi doll,barbi doll,barbies,barbour,barby cack,barby doll,barby doll,bare bears,bat boll,batchlors,bday cow,bday mom,bday pics,bday boys,bday caps,beared boy,beby doll,betty boop,bhoot boss,bigg boss,bigg boss,biggboss,black boots,black bow,black bow,black box,blue bott,blue bow,borby doll,busy owl,bye bye,cack boss,baby shower,fof boss,10 yr boy,6 yr boy,baby 2 years,baby boys,baby king,baby shower,gym boy,twin boys,fpr boss,new baby boy,caked boys,baby shower,baby boys,baby shower,smash boys,car toys,sorry toys,cakse boy,cal boys,cales boss,car book,car boy,car boys,car boys,car keys,car toy,cat boy,cat boy,ceke boss"
"baby first birthday","baby first birthday,baby boy birthday,baby 1st birthday,baby 1st birthday,baby boss birthday,baby boy 1st birthday,baby boy 1st birthday,baby boy 2 birthday,baby boy birthday,baby boy birthday,baby boy first birthday,baby corne birthday,baby first birthday,baby first birthday,baby first birthday,baby girl 1 birthday,baby girl 1 birthday,baby girl 1 st birthday,baby girl 1burthday,baby girl 1st biethday,baby girl 1st birthday,baby girl 1st birthday,baby girl 2 birthday,baby girl barthday,baby girl birthaday,baby girl birthday,baby girl birthday,baby girl birthday,baby girl birthdays,baby girl birthdays,baby girl first birthday,baby girl first birthday,baby girls birthday,baby half birthday,baby shark birthday,black forest birthday,black forest birthday,black forest birthday,boy 1st birthday,boy first birthday,baby boy birthday,baby girl birthday,baby girl first birthday"
bachelorette,"bachelorette,bachelorette,1 bachorette,bachalerotte,bachalore,bachalorrte,bacharollte,bachelerotte,bachelerotte,bachellarette,bachellorate,bachellorete,bachellorette,bachellotte,bachelodette,bacheloette,bachelor,bachelor,bachelor,bachelor party,bachelor,bachelor girl,bachelor cakea,bachelor,bachelor bride,bachelor sex,bachelor cale,bachelor cke,bachelor ckes,bachelor last,bachelor party,bachelor party,bachelor party,bachelor's,bachelor's,bachelor's,bachelorate,bachelorate,bachelorate,bacheloratte,bacheloratte,bacheloratte,bachelore,bachelore party,bacheloreete,bacheloreete,bachelorett,bachelorett,bachelorette,bachelorette,bachelorette 1,bachelorette boy,bachelorette,bachelorette boys,bachelorette him,bachelorette men,bachelorrette,bachelors cale,bachelortte,bachelottes,bachhelroate,bachlarotte,bachlarotte,bachlelorette,bachleorette,bachlerete,bachlerotte,bachlerotte,bachlerrott,bachllorate,bachlorate,bachlorate,bachlores,bachlorette,bachlorette,bachlorette,bacholerete,bacholerette,bacholertte,bacholorrate,bachorlette,back forest,batchelor,batchelor,batchelor theme,batchelorate,batchelorette,batchelors,batchlarate,batchlore men,batchlorette,bbachlerate,bechalorate,bechaloratte,bechalorette,bechelor,bechelorate,bechelorrete,bechelors,bechelors,bechlarate,bechlarette,bechlorate,bechloratte,bechlorette,bechlourate,becholrette,bexhkorete,black foreste,boy bachelorette,bachelor party,bachelorette,bachellorate,bachelor,bachelor party,bachelorette,bachelor party,bachelorette,bachralloete,charolette"
"bachelorette party","bachelorette party,bachellorette party,bachelor's party,bachelorette bride,bachelorette groom,bachelorette bride,bachelorette bride,bachelorette girls,bachelorette girls,bachelorette party,bachelorette party,bachelorette props,bachelors party,bachelors party,bachloers party,bachlor party,bachlor party,bachlor party,bachlors party,bachlors party,bachlure party,bacholerete party,batchelor party,batchelor party,batchelor party,batchleret party,bechelor party,bachlor party,bachlorate party"
"baked cheescake","baked cheescake,baked cheese,baked cheesecake,basque cheesecake"
"ball pinata","ball pinata,1/2kg pinata,all pikachu,all ping,army pinata,badam pista,balenciaga,ball coklate,ball cale,ball pinata,batman pinata,best pinnata,blue pinata,blue pinnata,blue pinnata,bomb pinata,bomb pinata,bride pinata,btw piñata,car piñata,cheap pinata,chick pinata,choco pinata"
"basket ball","basket ball,basketball,nike basket ball,saket ball,season ball,baaketball,babies doll,badket ball,banker bday,banquet ballon,barbi dall,bask t all,basket ball,basket arra,basket bal,basket ball,basket ball,basket ball,basket balls,basket boll,basket hall,basket hamper,basket love,basketball,basketball ????,basketball ????,basketball,basketball,basketballer,basketballs,basketbsll,basketcake,basketful,baskets,bolleyball,basketball,basketballer,cake. male,basketball,basketballers"
"batman - 1","batman - 1,badminton 1,batman 500gm,batman goth,batman kids,batman cale,batman car,batman face,batman mask,batman mask,batman photo,batman theme,batman treat,batmintan,batminton,batminton,batminton,bday men,benten - 1,brown - 5"
bbirthday,"bbirthday,19birthda,2 birtday,23 burthday,24birthday,25 birthda,300 ₹ birthday,40 biryhday,40thbirthaday,5 birtday,50 birthda,50 birthd\y,50thbirthaday,5yr bday,60 birthd,barthaday,barthday,barthday,bbirthday,beer theam,beer theam,beerbuddy,berthday,bhabi theam,biethday,birhday,birrhday,birtday,birtday,birth day,birth day,birtha,birthay,birthay,birthda,birthday 200-400,birthday 200-300,birthday 300 400,birthday ₹ 3/0,birthdsy,birthdy,birthycap,biryhday,bithday,bithday,bithday,bitthday,bkrthday,boy birth day,bro brithday,brthday,bst theam,burnaway,burnaway,burnaway,burnway,burthday,burthday,b’day,birthada,virthday,car bday"
"beer design","beer design,beer design came,1 year design,2 design,250k design,3 no design,5 7 design,70 design,ball design,adult design,adult design,ak46 design,alsa design,archery design,army design,army design,auto design,baby design,bag design,bag design,ball designs,beach design,beared design,bechular design,bed design,beer 0.5kg,beer 500gm,beer beddies,beer budies,beer 1kg,beer design,beer cske,beer custom,beer design,beer design,beer design,beer mug,beer mug,beer mug,beer mug design,beer twins,beer wine,bento design,best design,best design bf,best designe,best designer,bhoot design,bike design,bike design,bike design,bike desing,bird degin,black design,black design,blueberry design,bmw car design,boobs design,bottle design,brand design,bts design,bts sign,bullet design,bullet design,bullet design,bus design,ca design,web designer,gps design,keans desingn,mobile design,beer mutton,beer design,car design,hukka design,camera design,car design,car design,car design,cars design,cat design,cat design,cats design,chai design,chees design,cheese design,chef design"
"birthday heart shape","birthday heart shape,birthday heart shape,birthday heart shape,birthday heart shape,birthday heart wala,birthday heart shape,birthday round shape,birthday sweet shape,birthday heart shape,birthday cakesheart shape"
"birthday 75 yrs","birthday 75 yrs,birthday 11 boy,birthday 2 years,birthday 23 years,birthday 25 yrs boy,birthday 250 gm,birthday 4 year,birthday 6 year,birthday 1 girls,birthday 1.5 girl,birthday 100 rs,birthday 12 yrs,birthday 150 ma,birthday 18 year,birthday 2 year,birthday 250 gram,birthday 32 years,birthday 350 grams,birthday 400 gms,birthday 500 rs,birthday 8 year,birthday flowers,birthday 16 girl,birthday 24 year,birthday 3 years,birthday 57 years,birthday dancers,birthday doctors,birthday sisters,birthday womens,birthday hampers,birthday sports,birthday flowers,birthday photos,birthday mothers,birthday 2 years,birthday flowers,birthday 2 year,birthday 2 years,birthday 20 year,birthday 3 years,birthday 7 yr boy,birthday adults,birthday doctors,birthday sisters,birthday womens,birthday hampers,birthday flowers,birthday photos,birthday flowers,birthday frills,birthday fruits,birthday hampers,birthday numbers,birthday poopers,birthday popers,birthday poppers,birthday toppers"
"birthday daughter 16 year","birthday daughter 16 year"
"birthday double layered","birthday double layered,birthday double storey"
"birthday 11 yr old","birthday 11 yr old,birthday 10 year old,birthday 16 year old,birthday 25 years old,birthday 8 year old,birthday 1 year old,birthday 1 year old 2,birthday 13 year olds,birthday 2 year old,birthday 2 years old,birthday 20 year ald"
"birthday grandmother","birthday grandmother,birthday grandfather,birthday grandmother,birthday granfather,birthday granfathet,birthday grandma,birthday grandma,birthday grandfather,birthday. grandfather"
"birthday teenager","birthday teenager,birthday teenagers,birtday tiger,birthday 3 layer,birthday 3 layer,birthday 2 layer,birthday 3 layer,birthday dounate,birthday developer,birthday teachers,birthday teenager girl,birthday teenagers,birthday teen age,birthday topper,birthday avengers,birthday teachers,birthday teens girls,birthday trendy,birthday designer,birthday topper,birthday topper,birthday topper"
"birthday 9 years boy","birthday 9 years boy,birthday 8 years boy,birthday 4 years girl,birthday 4 years girl,birthday 7 years girl,birthday 6 year boy,birthday 1 year boy,birthday 13 year boy,birthday 15year boy,birthday 2 years boy,birthday 25 year boy,birthday 5 years kid,birthday 1 year boy,birthday 1 year old boy,birthday 10yrs boy,birthday 1year boy,birthday 2 year boy,birthday 3 year boy,birthday 5 year boy,birthday 5years boy,birthday 7 year boy,birthday 7 year kid boy,birthday 9 year old boy,birthday 18 years boys,birthday 19 years old boy,birthday 2 years boy,birthday 43years old,birthday 6 years girl,birthday 7 year old boy,birthday 8 years old boy,birthday 19 year old boy"
"birthday red velvet","birthday red velvet,birthday red velvet,birthday velvet,birthday red velvet"
"birthday chocolate","birthday chocolate,birthday cupcake,1 birthday chocolate,18 th bday chocolate,20th birthday chocolate,30th may chocolate,biethday photocake,birth day 5 choclet,birthday chocolate,birthday choclate men,birthday chocolate,birthday chocolate,birthday cigrate,birthday cocktail,birthday couple,birthday chocolate,birthday chocolate farm,birthday dad chocolate,birthday choclate,birthday choclate,birthday chocolate,birthday chocolate kids,birthday chocolate,birthday chocolates,birthday chocolates,birthday choklet,birthday couple,birthday cupcake,birthday decorate,birthday girl chocolate,birthday couple,birthday photocake,birthday chocolate,birthday chocolate bla"
"birthday doctor","birthday doctor,barthday photo,birtday combo,birth day mother,birth day photo,birthaday combo,birthday boy car,birthday little,birthday alcohol,birthday flower,birthday cartoon,birthday computer,birthday daughter,birthday doctor,birthday flower,birthday newborn,birthday daughter,birthday doctor,birthday driver,birthday police,birthday writer,birthday forgirl,birthday yellow,birthday pooular,birthday soulder,birthday unicorn,birthday comobo,birthday liquor,birthday rotation,birthday tractor,birthday cartoon,birthday dor dad,birthday daughter,birthday momther,birthday daughter,birthday macrons,birthday doctor,birthday doctor,birthday flower,birthday daughter,birthday humper,birthday mojojo,birthday number,birthday popper,birthday tiktok,birthday unicorn,birthday doctor,birthday flower,ophthal doctor"
"birthday girl add","birthday girl add,birthday fir boy,birthday fir gf,birthday girl 7 yr,birthday girl friend,birthday girl kid,birthday girlfriend,birthday girls baby,birthday girlfriend,birthday girl 15th,birthday girlfriend,birthday girl kid,birthday girlfriend,birthday girls pink,birthday girl child,birthday girlfriend,birthday girl friend,birthday girl banner,birthday girl sash,birthday girlfriend,birthday. girl cak,birthday girl 11"
"birthday helicopter","birthday helicopter"
"birthday kid 1/2","birthday kid 1/2,birthday kid girl,birthday kids boys,birthday her 18,birthday kids 1/2kg,birthday kids cap"
"black 5kg","black 5kg,black aura,black gold,black pink,blackpink,backdrop,banking,banking,basic 1kg,beacka cke,bear hug,bear mug,bear mug,black 7gold,black gold,black gold,black gold,black golds,black grey,black pink,black pink,black red,black red,black white,black white,black white,black au,black aura,black aura,black bear,black beast,black berry,black berry,black board,black buety,black cakd,black rose,black cat,black color,black color,black colr,black danil,black dog,black faris,black forst,black gold,black gold,black hat,black heart,black up,black jack,black label,black label,black label,black lable,black lable,black level,black metal,black n gold,black paper,black pi,black pi k,black pig,black pink,black pink,black pink,black pink,black red,black rose,black roses,black round,black sheep,black shoes,black space,black space,black theme,black theme,black theme,black white,black white,black widow,black.pink,blackboard,blackfores,blackpink,blackpink,blackpink,blackpinl,blank pink,block gold,blockman,blue dog,bomb 1kg,black pink,black label,car 2kg"
"black forest","black forest,black forest,dark forest,dark forest,0.5 black forest,1 black forest,1 black forest,1.5 black forest,1kg black forest,2 black forest,2kg black forest,300 black forest,4 black forest,all blackforest,bakc forest,bake forest,balck forest,big black forest,bkackforest,blacforest,black forest,black forest,black forest,black golden,black golden,black golden,black purple,black clover,black coffee,black coffee,black colour,black colour,black colour,black currant,black currant,black currant,black current,black current,black current,black firest,black floral,black foerst,black fondant,black foreast,black foreat,black forest,black forest,black forest,black forest,black forest,black forest1,black forrest,black forrest,black forret,black fotest,black fresst,black gloden,black golden,black golden,black isobalt,black isomalt,black velevet,black velvet,blackcurrant,blackcurrant,blackcurrent,blacke farest,blacke farest,blackforast,blackforate,blackforenst,blackforest,blackforest 1kg,blackforest,blackforest,blackforest ],blackforrest,blacl current,blak forest,blakeforest,blank forest,blck forest,blckforest,blk forest,blue frost,bomb black forest,brown forest,brown forest,cack words,black current,black forest,bank worket,white forest,black forest"
"blackl label whisky","blackl label whisky"
"blueberry cheese","blueberry cheese,blueberry jelly,bkueberry cheesecake,bluberry cheese,bluberry cheesecake,blue beery cheeze,blue beeryy cheese,blue berry blues,blue berry chees,blue berry cheese,blue berry cheese,blue berry cheesecake,blue berry cheez,blue berry chess,blue cheese,bluebberry chesscake,blueberey cheesecake,blueberries cheese,blueberry cheese,blueberry wife,blueberry cheese,blueberry blues,blueberry half,blueberry chee,blueberry chees,blueberry cheescake,blueberry cheese,blueberry cheese,blueberry cheese half,blueberry cheese,blueberry cheese cakr,blueberry cheesecakd,blueberry cheesecake,blueberry cheesecake,blueberry cheesecakes,blueberry cheez,blueberry cheez,blueberry cheezecake,blueberry chese,blueberry chesecake,blueberry chesse,blueberry combo,blueberry crumble,blueberry crumble,blueberry cupcake,blueberry eggless,blueberry eggless,blueberry jelly,blueberry jelly,blueberry jelly,blueberry lemon,blueberry love,blueberry ocean,blueberry omre,blueberry photo,blueberry sponge,blueberry tea,blueberry treat,blueberry treat,blueberry velvet,blueberry velvet,blueberry combo,blueberrycake,blueblerry cheescake,blueberry cheese"
"blueberry fruit","blueberry fruit,bluberry treat,blue berry blis,blue berry treat,blueberry flower,blueberry big,blueberry flower,blueberry son,blueberry fruit,blueberry jaar,blueberry jar,blueberry loaf,blueberry truffle"
bombcake,"bombcake,boutique,smallcake,1/2 cake,,1cupcake,1kgkake,2 kgcake,200 $cake,200$cakes,3 no.cake,3d cakea,adultcake,advocate,advocate,advocate,army cake.,army cale,armycame,barbecue,barbeque,barbeque,barbine,barbique,bayblade,bday cale,bear caked,beefcake,beer cafe,beer caje,beer cak3,beer cale,beer came,beer cke,bento bcakes,bentocake,bentocke,beyblade,beyblade,beyblade,bhim cales,big caksz,bigcakes,bikecake,bjp cacke,blubaaty,blue cakd,blue caked,blue cakez,blue cale,blue cske,bmw bike,bmw vake,bo voyage,bobba tea,bomb hammer,bomb 500,bomb cake.,bomb kids,bomb cales,bomb ckae,bomb cke,bomb csakes,bomb fire,bombastic,bombastic,bombbastic,bombcaje,bombcake,bombcakes,bomblastic,bombshell,bombshell,bon boyage,bonanaza,bonta cakr,bonvage,bonvayage,bonvayage,bonvayage,bonvoage,bonvoage,bonvoyage,bonvoyage,bonvoyage,bonvyoage,boobs caker,bookstre,bootcut,boottle,boozecake,botique,bott;le,boutique,bow cakea,bow cales,bow tie,bow tie,boxcake,btscake,btw cak s,btw cale,bulletcake,bumblbee,bumblebe,bumblebee,bumblebee,bumblebee,burncake,butt cale,bycycle,advocate,home maker,homemakers,software,sofware,low rate,car cakea,car caked,car cale,car xake,car. ake,cat caje,cheescake,chefcake,chesecake,chesscake,cholocate,chot caka"
"bon voyage","bon voyage,ban voyage,bin voyage,bin voyage us,bob voyage,bon voyage,bon vayage,bon vogage,bon vogue,bon vongue,bon vouage,bon vovage,bon voyage,bon voyage,bon voyage -2,bon voyage,bon voyage,bon voyage cale,bon voyage code,bon voyage-1.5,bon voyagr,bon voygage,bon voyge,born voyage,bow vintage,boys 22 age"
bookstore,"bookstore,bangalore,blastoise,blooster,blossomi,blossoom,boob theme,boobs thame,book author,book new,book club,book llover,book lovers,book lovers,book theme,book theme,book theme,book themed,book worm,book worm,bookester,bookestore,books lover,books theme,books theme,books theme,books themes,bookshelf,bookster,bookster,bookstore,bookworm,bookworm,bra style,brook oreo,brook oreo,brooke oreo,brrok oreo,book lovers,loves one,books lover,book lovers,chocstar"
"bottle shape","bottle shape,drip bottle shape,baby bottle shape,barrels shape,bat ball shape,bear bottle shape,bhature shaped,bicycle shape,bike shaped,boba tea shape,book. shaped,bootle theme,bottal smoke,bottel shape,bottel half,bottle whiskey,bottle wine,bottle cake.,bottle cakr,bottle cale,bottle cupcake,bottle green,bottle image,bottle cakws,bottle issue,bottle message,bottle msg,bottle shape,bottle shape,bottle shape,bottle shaped,bottle shaped,bottle shaped,bottle shapes,bottle theme,bottle theme,bottle theme,bottle themed,bottle themw,bottle message,bottled shape,bottles cales,bottles shape,bottle shape,boy car shape,candle shaped"
"bts birthday girl down 1,000","bts birthday girl down 1,000"
"bugatti car","bugatti car,bugati car,bugatti came,bugatti car,bugatti shaped,buggaticars,buglers cakr,related car"
"butter scotch","butter scotch,butter sponge,butterscotch 5,mud butterscotch,1 butter scotch,1 butterscotch,1 butterscotch,1 butterscotch,1 butterscoth,1kg butterscotch,3 buteer scoch,3 butterscoth,batar iscoch,batar sakoch,batar sakoch,baterscoth,batter choch,batter scott,better scoh,betterscoch,bitterscotch,bmw butterscotch,bter skoch,buter scooch,buterscotch,buterscotch,buttar scotch,buttee scotch,butter scotch,butter cookie,butter icing,butter icing,butter scoach,butter scoch,butter scoch 300,butter scotch,butter scotch,butter scotch 1,butter scotch,butter scotch 2kg,butter scotch,butter scotch cup,butter scotch half,butter scotch kid,butter scotch l,butter scotch nuts,butter scoth,butter scott,butter sctch,butter sctoch,butter sctoch,butter sctochb,butter skoch,butter skotch,butter sktch,butter sponge,butterr scoch,butterscotch +,butterscotch 1,butterscotch 1jg,butterscotch 2,butterscotch 1,butterscotch 1.5,butterscotch 500,butterscotch egg,butterscotch car,butterscotch cup,butterscotch egg,butterscotch h,butterscotch 1,butterscotch mix,butterscotch sw,butterscotch's,butterscotchpine,butterscotch’,butterskotch,buttor scotch,butturscotch,butyer scotch,buyer scoth"
"butter scotch heart shape","butter scotch heart shape,butter scotch heart shape,butter scotch heart shape,butterscotch heart shape,butterscotch heart type,butterscotch heart shape,butterscotch heart shaped,butterscotch heart-shaped,butterscotch heart shape"
"butterscotch below 600","butterscotch below 600,butterscotchbelow300"
"butterscotch below 600 images","butterscotch below 600 images"
cak300gms,"cak300gms,100 gms,1000 gms,1000gm,200 gms,200 gms,250 gms,250 gms,300 gm,300 gms,300 gms,350 gms,cack 300₹,cake11ws,cakebowls,car 500 gm,car thems"
teachers,"teachers,teachers,1 cheese,24 hrs,acteress,bachleor,bachleor,bachor's,bagheera,banker's,barrels,beaches,beaches,beatles,becharal,brothers,bts cheap,brothers,crafters,cricjets,daughters,father's,fathers,proffers,sisters,smokers,soldiers,teachers,teachers day,teamagers,sickels,fathers,mother's,smokers,soldiers,teachers,characters,characters,cherish"
"3 year boy","3 year boy,1 year tier,1 year wish,1/2 year baby,1/2year bday,10 years boy,13 year girl,13 years boy,18 bday boy,1year bday,1year boy,2 2 year boy,2 year bday,2 year girl,2 year girl,2 year kid,2 year old,2 year old,2 year wish,2 years bts,21 year old,25 year age,25 year old,2year boy,2years boy,3 folr boys,3 layer bts,3 lear kid,3 year boy,3 year boy baby,3 year car,3 year girl,3 year old,3 years bday,3 years baby,3 years baby,3 years boy,3 years girl,3 years girl,3 years old,3 years old,3 years wish,3 yers boy,30 year old,30 years old,4 year boy,4 year boy,4 year girl,4 year girl,4 years baby,41 year old,46 year old,4th year boys,4year old,5 year boy,5 year boy car,5 year boy car,5 year boys,5 year girl,5 year came,5 year girl,5 year old,6 year girl,6 year girl,6 yrs boy,60 year bday,60 year old,6th year boy,6yearboy,7 year boy,7 year girl,7 years boys,75 year old,8 year girl,8 years boy,9 year old,9th year boy,11 years boy,13 years boy,18 bday boy,2 year boy,2 year girl,2 year old,26 year boy,3 year boy,3 years old,4 year boy,4year boy,5 year old,6 year boy,70 year old,five year boy,sleepy boy,two year boy,1 year gitl,11 yrs boy,13 years old,2 year boy,3 year girl,39 years old,6 year old,8 years old"
"250 gm","250 gm,.mmb.m,0.25kg,0.5 gram,0.5 gym,1 500 gm,1.5 og,1/2 kg.,100 gm,100 mrp,100 ts,1000 rs,150 gm,150 gm,150 rs,1500 gram,1500 grm,2 hight,2 6 yrs,2.5 gram,200 wala,200 gm,200 gm,200 gram,200 gram,200 grams,200 ka,200 mrp,200 wala,20th him,21st guy,25 theme,250 gm,250 range,250 gam,250 garm,250 gm,250 gm,250 gm,250 gm,250 gm's,250 gmm,250 gram,250 gram,250 gram,250 grams,250 grams,250 grams,250 grand,250 grm,250 grm,250 hm,250 kgs,250 mg,250 ra,250 rang,250 rs,250 rs,250,gm,250gm came,250gram,250gram,250grams,250grams,250grm,25th ani,299 rs,2kg dad,2steps,3 4 kgs,300 gram,300 gram,300 hm,350 fram,400 gm,400 ka,499 rs,50 g dad,500 g gym,599 rs,600 bts,700 gm,750 gram,750 gram,90 girl,90 girl,bday gf,bmw him,bts 500gm,bts jk,bts rm,150 gm,1000 gm,200only,250 gm,250 gram,300 gram,600 gm,250 gram,200 500 g,250 gram,750 gram,250 gm,250 grams,250gram,250 grm,car mum"
dunkards,"dunkards,5y kids,75 birds,annapras,bday cards,billards,billiards,guitarist,husband's,husbands,drunkard,husbands,canabis,canabis,cannabis,cannabis,cannabus"
"engineer- 500 grm","engineer- 500 grm,engineer 500 gm"
"krishna ji","krishna ji"
"frozen theme","frozen theme,craft theme,game theme,rocket theme,smile theme,smoke theme,abroad theme,aladin theme,angel theme,angle theme,anime theme,anime theme,anime theme,apple theme,apple theme,archery theme,ariel them,army theme,army theme,army theme,baker theme,baker theme,baloon theme,banker theme,banker theme,barbie theme,barbie theme,barbie theme,beer theme,beer theme,beer theme,beer theme,bike theme,bike theme,bike theme,block theme,blogger theme,blue theme,blue theme,bluey theme,bluey theme,bluye theme,boho theme,booba theme,booba theme,booze theme,booze theme,booze themed,boozy theme,bow theme,bow theme,boxer theme,boxer theme,boxing theme,boxing theme,boys theme,bra theme,briyani theme,bullet theme,bullet theme,cafe theme,game theme,green tree,friends theme,london theme,dress theme,dress theme,foodie theme,chanel theme,chef theme,chef theme,chef theme,chicken theme,chicken theme,chicken theme"
"blue colour","blue colour,bachlour,blue coloured,blue 2 tier,blue black,blue silver,blue butter,blue color,blue color,blue color,blue color cakr,blue colour,blue colour,blue colour,blue colour,blue coloured,blue cour,blue cup,blue doll,blue dr,blue floral,blue flowers,blue hookah,blue oceam,blue ocean,blue ombre,blue rose,blue rose,blue roses,blue star,blue valvet,blue valvet,blue velvet,blue velvet,bluetooth,brown color,buty palour,green color,green colour,white colour"
"under 500","under 500,under 200grms,rupees 100,under 500,1 under 1000,1 under 600,1 under 700,1/2 under 200,100 under,1000 under,1500 under,1kg under 600,3 under 1000,300 under,300 under,400 under,around 500,bdy 400,belo 500,below 500,below 500,berry 500,best 500,bts under 500,bts 500,bts under 200,bts under 500,bts under 600,under 1000,under 500,under 600,1 under 500,1kg rs 500,below 500,dad 500g,elder bro,love 300,onder 400,love 500g,rate 300,umder 400,under 500,under 100,under 1000,under 150,under 180,under 1kg,under 200,under 200 rs,under 2000,under 2000 rs,under 250,under 250 rs,under 300,under 350,under 400,under 400rs,under 450,under 50,under 500,under 500 rs,under 500rs,under 50p,under 599,under 600,under 600 rs,under 700,under 790,under 800,under 300,under rs 100,under ৫০০,under ₹300,under100,under200,under300,under400,under450,under600,uner 400,up 200,upto 200,upto 400,under 500,below 500,gf under 500,kids under 500,rupees 300,rupees 400,range 200,under 1000,under 150,under 1500,under 200,under 200 rs,under 200fg10,under 250,under 299,under 300,under 300 rs,under 3000,under 350,under 400,under 499,under 500,under 550,under 600,under 699,under 700,under 800,under ₹ 300,under200,cane under 500"
whisky,"whisky,pastry,whisky,%kitkat,*kitkat,baneka,bhaiya,bhookha,bishnu,breezy,breezy,browny,browny,mishika,sleepy,pastry,whiskey,rs wisky,whiskey,pasyry,physio,cheesse,chemistry,chemistry,chemistry,chillam,chistmas,chiz ke"
cakeflower,"cakeflower,cakepotty,green flower,rose flowers,sunflower,10 flowers,1kg flowers,2 set flower,20 flowers,small flower,add flowers,aunflowers,bay shower,cack father,small flower,facebooker,card lovers,real flower,real flowers,withflowers,woth flower,cakescile,cakesciles,cakesickes,cakesicle,cakeslixes,cakesoap,cakr viwe,cale women,cameraflower,card flowers,cards flowers,cattle lover,chaklet flawer"
"cakegeorge celebrates","cakegeorge celebrates,calegeorge celebrates"
cakeportugul,cakeportugul
"cakering ceremony","cakering ceremony,5 ring ceremony,ring ceremony"
"12 year old girls","12 year old girls,1 year old girl,11 year old girl,13 year old girl bts,16 year old girl,18 year old girl,19 year old girl,2 year old girl,3 year old girl,3years old girl,10 year old girl,11 year old kids,12 year girl,17 year old girl,3year old girl,4 year old girl,7 years old girl,7 years old girl,9 years old girl,12 year girl,12 years girl,13 year old girl,3 years old girl"
"cakesfor girls","cakesfor girls,cakefor kids,cakenfor twins,cales girls"
"candy theme","candy theme,hulk theme,1 car theme,500g theme,7th theme,90's theme,aaladin theme,adult theme,adult theme,adult theme,alexa theme,all theme,anchor theme,animal theme,animal theme,animal theme,animal theme,animal theme,animal theme,anime them,anime themed,anime these,aqua theme,army them,army themed,army thene,art themed,bacardi theme,bag theme,bag theme,bakery theme,ball theme,ball theme,ball theme,banana theme,bandy shark,bank theme,bank theme,bank theme,bank theme,bar theme,bar theme,beach theme,beach theme,beauty theme,bella theme,berry theme,bhalu theme,bira theme,bird theme,bt21 theme,bta theme,bta theme,bts theme,bts theme,bts theme,bts theme,bts theme,bungle theme,bunny theme,bunny theme,bunny themed,bus theme,bus theme,butt theme,c. theme,c.a. theme,ca theme,ca theme,ca theme,ca theme,camping theme,ias theme,car themes,car toys theme,card theme,nature theme,1 car theme,gym theme,calendar theme,calender theme,camera theme,camera theme,camping theme,camping theme,camping theme,can't have,canada theme,canada theme,canada theme,candies theme,candle theme,candy choco,candy blue,candy cale,candy choco,candy cream,candy cresh,candy crush,candy crush,candy feast,candy floss,candy land,candy land,candy land,candy land theme,candy land theme,candy palace,candy theme,candy theme,candy theme,candyland theme,candyland theme,candylane,car theme,car theam,car theame,car them,car theme,car theme,car theme,car theme,car themed,car themed,car themed,car thrme,card theme,card theme,cards theme,carnival theme,carroms theme,cars theme,cars theme,cartheme,cashino theme,casino theme,casino theme,castle theme,castle theme,castle theme,cat theme,cat theme,cat theme,cat themed,chai theme,chai theme,cheers theme,cheese theme,chef themed,chef themes,chess theme,chess theme,chess theme,chesse theme,cigar theme"
"caramel blast","caramel blast,caramel .5,caramel 0 .5,caramel 0,5,caramel almond,caramel blast,caramel cakke,caramel cane,caramel cke,caramel cup,caramel feast,caramel flavour,caramel flavour,caramel mango,caramello,caramello,caramelt,caramrl walnut"
"caramel white chocolate","caramel white chocolate"
carnival,"carnival,1 caramal,6 initial,addidas,admirabl,arabian,arabian,baljiyam,balndad,bandaj,baniya,barbie 1,barbie 4,barbie 1,barbie 1,barbie 1,barbie \,barbie\,bareilly,barotiwala,cack half,cack half,carnival,carriters,farewell,principal,farewell,canddle,candlws,canndle,capsicum,captions,car cup,car bike,car bikr,car wheel,car wine,car bike,car cack,car - 5,car 4th,car adult,car half,car images,car black,car cales,car cream,car girl,car image,car rider,car ring,car style,car trake,car travel,car wheel,car xuv,caradle,care mal,carival,carival,carnical,carnival,carnival,carnival,carnivl,carporate,carribean,cartoons,cartoons,cartoons,casanova,casonova,cassanova,central,chainshaw,chandiar,charizard,charizard,charmiing,charminar,charming,chritmas"
"carrot almond","carrot almond,carrot almond,carrot banana,carrot slice,carrot came,carrot walnut,choco almond,choco almont"
"cartoon photo - 1.5","cartoon photo - 1.5,cartoon picher - 1.5,cartoon sheet - 1.5,cartoon photo,cartoon photo"
"castle princess","castle princess,baby princess,castle princess"
"champagne bottle","champagne bottle,champagen bottle,champagne bottle,champagne combo,champagne bottle,champagne bottle,champagne shape,champagne theme,champagne theme,champagne combo,champaign bottle,champaign bottle,champion bottle"
"cheese cack","cheese cack,cheesecake,300rs cack,awesome cack,barbie cack,cheedecake,cheers dad,cheescakes,cheese 1,cheese cream,cheese cream,cheese bites,cheese cae,cheese combo,cheese jar,cheese pastry,cheese plain,cheese slice,cheese slices,cheese combo,cheese jars,cheese pastry,cheese cakr,cheese cakw,cheese cale,cheese cales,cheese ckae,cheese cream,cheese cup,cheese cup,cheese jar,cheese lemon,cheese mausse,cheese pastry,cheese photo,cheesecake,cheesecake,cheesecake .5,cheesecake 1,cheesecakee,cheesecakes,cheeseckae,cheetacake,chef cakw,chelsea fc,chelsea fc,chepest half,chersecake,chess cack,chesse cske,chessecake,chessescake"
"chicky choco","chicky choco,chic choco,chickty choco,chicky cho,chicky choc,chicky chocho,chicky choco,chicky choco love,chicky choco,chicky choco lava,chicky choco love,chicky choco love,chicky chocolate,chicky choho,chicky choko,chicky lovee,chicky lovw,chicy choco,chiki choco,chiki choko,chiky choco,chiky choki,chiky choko,chocki chips,chocko chips,chucky choco l,chucky choko"
"children day","children day,children boys,chicken fan,childerna,childerns day,children birthday,children cow,children day,children day,children day,children jangal,children's day,children's day,childrens day,childrens day,childrens day,children’s day,chindrela"
"chocalet ice- cream","chocalet ice- cream,chocolate ice cream,chocolate ice cream"
"chochlate bouquet","chochlate bouquet,chcolate bouquet,chocalte bouquet,chochlate bouquet,choclate bookie,choclate bouquet,choclate bouquets,choclates bouquets,chocolate biscuit,chocolate bouquets,chocolate brounie,chocolate nd bouquet,chocolate-bouquet,chocolatebbouquette,chocolates bouquet,chocolates boutique,chocolates bucket"
choclate,"choclate,1 choclate,10 chocolates,absolute,achol them,advocates,advocates,aeroplane,aeroplane,aeroplane,airoplane,airoplane,areoplane,areoplane,arroplane,c hoclate,choclate,choccolate,choclate,advocates,corporate,cyclists,champagne,champagne,choclate,chockate,corporate,n chocolates,character,calculator,calculator,capculator,cat face,cat face,cegratte,celbrat,celebrate,chaande,chackalate,chacolate,chacolet,chai tea,champagne,champagne,champagne,champagne,champagne,champagne,champange,characte,character,character,character,charator,charlotte,charlotte,chckate,chcocate do,chcoclate,chcoclate,chcocolate,chcolate,chcolate,chcolate,chcolate,chcoloate,cheap rate,cheap rate,checklet,cheetah,cheetah,chef ckae,chef coat,chef coat,chef hat,chessgame,chicolate,chicolate,chigrett,chit chat,cho alte,chocalate,chocalate,chocalete,chocalety,chocalte,chocalte,chocalte,chocchips,chochalate,chochlate,chochlate,chochlate,chochlates,chocho;ate,chocholate,chocholate,chocholate,chocholates,chocholava,chockchip,chocklat,chocklat,chocklate,chocklate,chocklates,chocklete,chockleti,chocklets,choclat ecake,choclata,choclate,choclate,choclate,choclate,choclate,choclates,choclates,choclates,choclaty,choclaty,chocloate,choclote 1/2,choco flakes,choco flakes,choco laseir,chocolasius,chocolocate,chohlates,chokelat,choklate,choklate,choklate,chokolate,chokolava,chokolava,cholachatle,cholchate,chololate,choocklet,chotabeam,chovolate,chovolate,chovolates,choxklate,choxolate,chpcolate,chuchu tv,chuchu tv,cigaratee,cigaratte,cigaratte"
"choclate truffle","choclate truffle,choclate truffle,choco trruffle,chocolate truffle,1kg chocolate truffle,choco truffle,chocolate truffel,chaklate pruffule,chcolate truffle,chichi truffle,chico truffle,choc truffle,chocalate truff,chocalate truffle,chocalate truffle,chocalte truffle,chochkate truff,chochlate truffle,chocho truffle,chocho truffle,chocholate truffle,chocklate truffle,chocklate truffel,chocklate truffle,chocklet ruffle,chocklt ruffle,chocko truffl,chocko truffl,choclate truffle,choclate brownie,choclate brownie,choclate trufle,choclate fudge,choclate fudge,choclate ruffel,choclate theme,choclate triffle,choclate trizel,choclate truffel,choclate truffel,choclate truffle,choclate truffle,choclate truffle,choclate truffle cale,choclate truffles,choclate truffules,choclate trufle,choclate tuffle,choclate turfle,choclate turfule,choclatewls truffle,choclet truffle,choco truffle,choco truffle,choco truffles,choco yruffle,chocolaokte truffle,chocolat truffle,chocolate truffle,chocolate 1 truffle,chocolate truffle,chocolate truffle,chocolate tiffin,chocolate troffal,chocolate trouble,chocolate trouffle,chocolate truffe,chocolate truffel,chocolate truffle,chocolate truffle,chocolate truffle 3kg,chocolate truffle 4,chocolate truffle 500,chocolate truffle ake,chocolate truffle,chocolate truffle 1,chocolate truffle 1kg,chocolate truffle box,chocolate truffle,chocolate truffle 1,chocolate truffle egg,chocolate truffles,chocolate truffles,chocolate truffles,chocolate trufflr,chocolate truffw,chocolate turffle,chocolates truffle,chocolatetruffles,chocolatw truffle,chocolet traffal,chocolet traffel,chocolet trulfle,chocotruffle,chocotruffle,choko truffle,cholate truffle,cholocate truffle"
"choco delight 1","choco delight 1,choco delight - 1,choco delight - 10,choco delight - 2,choco delight - 1"
"choco delight - 500 gm","choco delight - 500 gm"
"choco fantasy","choco fantasy,coco fantasy,blue fantasy,chico ecstacy,choco ecstacy,choco vanilla,choco vanilla,choco creamy,choco ecstacy,choco ecstasy,choco estacy,choco fam-1.5,choco fantasy,choco fantasy,choco fantasy 1,choco narnia,choco pastry,choco pinnata,choco rasmali,choco vaniila,choco vaniila,choco vanila,choco vanila,choco vanilaa,choco vanill,choco vanilla,choco vanilla,choco vanilla,choco vanilla,choco vannila"
"choco rasmalai","choco rasmalai,choco rasmalai,choco rasmalai,choco rasmalai 0.5,choco rumblee,choco vailla,chocolate rasmalai,chokotrasal"
"chocolate dripping","chocolate dripping,choclate sleeping,chocolate browine,chocolate pudding,chocolate blessing,chocolate disiner,chocolate dising,chocolate dragons,chocolate dripping,chocolate dropping,chocolate melting"
"chocolate anniversary","chocolate anniversary,chocolate aniversary,chocolate anniversary,chocolate anniversary cale,chocolate anniversary,chocolate anninversary,chocolate anniversary,chocolate aniversary,chocolates anniversary"
"chocolate black &amp;white fantasy","chocolate black &amp;white fantasy"
"chocolate dutch truffle","chocolate dutch truffle"
"chocolate husban father birthday","chocolate husban father birthday"
"chocolate sqare shap6","chocolate sqare shap6,chocolate sqare shape,chocklatw squre shape,choclate heart shape,chocolate hart shape,chocolate heart shap,chocolate heart shape,chocolate heart shape,chocolate heart shape,chocolate heard shape,chocolate daaru shape,chocolate heart shape,chocolate heart shape,chocolate heart shaped"
"chocolate flavour","chocolate flavour,chocolate flavour,bts chocolate flavour,chocalate flavour,chockate flavour,choclate flavours,choco chip flavour,choco flavour,chocolate 2 floor,chocolate 2 floor,chocolate classic,chocolate cracker,chocolate flavour,chocolate flavour 1,chocolate flavour boys,chocolate flavour,chocolate flavour 1kg,chocolate flavour 350,chocolate flavour half,chocolate flavour,chocolate flavour cale,chocolate flavour didi,chocolate flavours,chocolate leisure,chocolate pleasure,choice flavour,choklate flaour,choklate flavor"
"chocolate truffle nigellia","chocolate truffle nigellia,choclate truffle nigella,chocolate truffle nigella,chocolate truffle nigella,chocolate truffle nigela,chocolate truffle nigella"
"chocolate truffle royal","chocolate truffle royal,chocolate truffle buffle,chocolate truffle 500gm,chocolate truffle bomb,chocolate truffle cack,chocolate truffle 500g,chocolate truffle girl,chocolate truffle half,chocolate truffle photo,chocolate truffle rose,chocolate truffle 2lair,chocolate truffle kids,chocolate truffle doctor,chocolate truffle half,chocolate truffle heart,chocolate truffle pasty,chocolate truffle photo,chocolate truffle pinata,chocolate truffle royal,chocolate truffle royale,chocolate truffle theme,chocolate truffle image,chocolate truffles doll,chocolate truffles cream,chocolatetruffle royal"
"chota bheem","chota bheem,chhota bheem,chhota bheem,chhota bheem,chita bheem,choco cheese,chopra bhim,chota bheem,chota bheam,chota bheam,chota bheem,chota bheem 2kg,chota bheem,chota bheem,chota bheem cale,chota bheem gang,chota bheem team,chota bheen,chota bherm,chota kent,chotabheem,chotabheem,chotha bheem,chotta been,chotta bheem,chotta bheem"
"christiano ronaldo","christiano ronaldo,christian ronando,christiano ronaldo,christiano ronaldo game"
christmas,"christmas,cruiser's,celestial,celestial,chai sutta,chairman,charisma's,cheetha,cheetos,cheistmas,chestnut,chiratmas,chirstmas,chrishmas,chrishmas cup,christening,christening,christening,christian,christian,christmas,christmas,christmas 5,christmas ban,christmas caje,christmas,christmas 1,christmas egg,christmas,christmas,christmas cale,christmas card,christmas cke,christmas cup,christmas dry,christmas,christmas cale,christmas palm,christmas plum,christmas plum,christmas plum,christmas rum,christmas tree,christmas tree,christmas.cake,christmass,christmus,chritsmas"
cindrella,"cindrella,ana elsa,ana elsa,anna ella,annabelle,cigarette,nigella,canda flag,candel lit,candeliet,candelit,candellit,candies n,candledes,candleit,candlelit,candlelit,candles 1,candletid,cemberlla,cemrella,cendrela,cendrerella,cendrilla,cho otella,ciagrette,cidrella,cigaretre,cigarette,cigarette"
"cipcakesharry potter","cipcakesharry potter,cupcakes harry potter"
"coca cola","coca cola,coco melon,coco melon,creamdoll,john cena,cheap cost,dor yoga,choco collage"
"construction trucks","construction trucks,cars construction trucks"
"corporate design","corporate design,advocate design,airforce design,airoane design,airplane design,chocklate design,choclate design,choclate design,chocolate design,chocolate design"
"cream cakd","cream cakd,bread caje,bread talk,ca cakss,car cakws,caramalcake,career cak e,cat cakrs,cheap fake"
"cubicle affair","cubicle affair"
"cup personalised","cup personalised,personalized"
"cupcake bunch","cupcake bunch"
"cupcakes boyfriend","cupcakes boyfriend"
"customise cupcakes","customise cupcakes"
"dad 50th birthday","dad 50th birthday,50th birtday,50th borthday,boys 5th birthday,dad 50th birthday,dad’s birthday"
"daisy arrangement","daisy arrangement"
"dark blue","dark blue,500rs blue,art based,barbieque,brekable,white blue,card rose"
"dazzling dusky balloon","dazzling dusky balloon"
"demon slayer anime chocolate","demon slayer anime chocolate"
"descending love","descending love"
"designer birthday","designer birthday,2 tier birthday,2 tier birthday,3 tier birthday,3 tier birthday,3 tier birthday,3 tier birthday,5 tier birthday,alsi men birthday,avenger birthday,avenger birthday,design 15th birthday,design boy birthday,daughter birthday,sister birthday,sisters birthday,sister birt6hday,sister birthday"
"designs designs","designs designs,design penis,designs wine"
"diary milk chocolate","diary milk chocolate"
"dj special","dj special,djspecial,army special"
"doctor day","doctor day,month bday,mothers day,doctor rs700,bento dad,best doctor day,father day,doctors 0.5,doctors 1kg,doctors il,mothers day,womens day,doctor’s,mother day,mother days,mothers day,mother day"
"doll vanilla","doll vanilla,doll vanilla,doll vanilla lake,1 vanila,1 vanilla,1 vanilla,1kg vanila,1kg vanila,1kg vanilla,1kg vanilla,250g vanilla,art vanilla,bento vanilla,big vanilla,bollyvall,doll vanilla,doll vanilla,chcco vanilla,chco vanilla,chcoco vanilla,chcoco vanilla,choco vanillla,choco-vanilla,chocovanilla,chocovanilla,choko vanilla"
"double layered 75 yrs","double layered 75 yrs"
"dream cake, chaco","dream cake, chaco"
dripping,"dripping,2 tier pink,2nd inning,5 rating,airoplin,anything,belding,bleeding,blessing,blessing,blooming,blue dripping,blue dripping,brawine,browine,browine,browzing,building,building,building,buildings,bursting,drawing,drawing,nursing,siblings,smashing,smiling,tasting,fasting,car print,car print"
"drippy yummydo","drippy yummydo,'drippy yummydo'"
"egg less birthday","egg less birthday,1 eggless birthday,2kg 1st birthday"
"egg less birthday 6 year boy","egg less birthday 6 year boy"
"egg less","egg less,hig heel,hig heel,7th bliss,actoress,beer glass,beggings,belt test,beng class,bengzclass,benz class,buisness,buisness,egg less,engineers,sickles,engineers"
"eggless moga","eggless moga,eggless mini"
"eggless choco fantasy","eggless choco fantasy"
"eiffel tower","eiffel tower,coffee lover"
elegance,"elegance,delectable,delectable,detecable,ambulance,ambulance,belgian,belgian,belgian,beligian,beligian,belly dance,bluelable,pregenancy,pregnancy,pregnant,plants"
engagement,"engagement,engagement,retirement,1kg engagement,3 engagement,3kg engagement,arrangement,arrangements,arrangementx,engagement,engagement,gentlemen,retirement,engagement"
"family member","family member"
"ferrero roche","ferrero roche,ferrero rocher,ferrero rocher,ferrero rocher"
ferroosher,"ferroosher,fo mother,fr brother"
"first night","first night,1st night,fish fish,first night,midnight,midnight"
"five layer dream","five layer dream,2 layer cream,5layer dream"
flamingo,"flamingo,al pacino,badminton,badminton,badminton,bedminton,blessings,blue bingo,badminton,badminton"
"flight attend","flight attend"
"flower bouquet","flower bouquet,5 rose bouquet,baloon bouquet,flower bouquet,flower bucket,pop bouquet,flower bookeh,flower bouquet,flower bunch,flowers bokke,flowers bouquet"
"flower eight year old girls","flower eight year old girls"
"flower exotic","flower exotic,flower combo,flower combo,flower top,flower combo"
"flowery birthday girls","flowery birthday girls"
"fondant cheap","fondant cheap,fondant all"
"food basket","food basket,baloon basket,food blogger"
football,"football,beer football,boys football,fo girls,football,football,footballers,fot dog,floral 1,football,footballers"
"free fire","free fire,2 free fire,bread more,byke ride,cheek bite"
"fruit burst almond","fruit burst almond"
"fruit pineapple","fruit pineapple,1 pineapple,1 pineapple,1kg pineapple,1kg pineapple,2 pineapple,2 kh pineapple,2 tier pineapple,2 tier pineapple,2.5 pineapple,2kg pineapple,2kg pineapple,500g pineapple"
"fruit punch","fruit punch,rose bunch"
gentleman,"gentleman,beard man,bento cak,bento men,bento mom,gentleman,policeman,spideeman"
"girl shopping","girl shopping,boy shopping,boys shopping,free shipping"
"girl laptop","girl laptop,books laptop,boy laptop,girl kod,bears laptop,mobile laptop"
"glitters flying when candles blown off","glitters flying when candles blown off"
"gym lover eggless","gym lover eggless"
"happiest birthday sahil","happiest birthday sahil"
"happy 30th birthday ankit","happy 30th birthday ankit"
"happy anniversary","happy anniversary,month anniversary,1 happy anniversary,10 th anniversary,10 th anniversary,10 th anniversary,15 th anniversary,1year anniversary,25 th anniversary,25 th anniversary,2layer anniversary,31 st anniversary,35 th anniversary,45 th anniversary,50 th anniversary,50 th anniversary,50 th anniversary,50nth anniversary,baloon anniversary,bento anniversary,bento anniversary,black anniversary"
"happy birthday bts theme name shahinna","happy birthday bts theme name shahinna"
"happy birthday foil balloon","happy birthday foil balloon"
"happy birthday dad","happy birthday dad,happy birthday zikra"
"happy birthday our superhero soham mamma &amp; pappa","happy birthday our superhero soham mamma &amp; pappa"
"happy mother's","happy mother's"
"happy valentines day","happy valentines day"
"harry potter","harry potter,harry potter,1 harry potter,blue harry potter"
"heart shape chocolates","heart shape chocolates"
"heart shape cake-500 gms","heart shape cake-500 gms"
"heavenly harmony","heavenly harmony"
"hebron james","hebron james,brand names"
"hello kitty","hello kitty"
"hen's prty","hen's prty,cards party"
"honey almond","honey almond"
"ibrahimpatnam, r. r. district, hyderabad – 501 506.","ibrahimpatnam, r. r. district, hyderabad – 501 506."
"icecream theme","icecream theme,11 dreams theme,aerial theme,bicycle theme,icecream cone,chelsea theme"
"iryhday wife","iryhday wife,birhday twins"
"it theame","it theame,7th heaven,attamde,best team,bike themed,bike themed,bts themed,mom themes"
"jack daniel","jack daniel,jack daniel,bats danger,beer jack daniel,jack daniel,jack denil"
"jack daniel bottle","jack daniel bottle,jack daniel’s bottle"
janmashtmi,"janmashtmi,anpashan,janam ashtami,janamashtmi,janamastami,janmashtmi,janmashtami"
"juicy blueberry fruit","juicy blueberry fruit"
"kids twolayer fondant","kids twolayer fondant"
"kit kat herat","kit kat herat"
ladybug,"ladybug,@@odybv,bathtub,cadboury,cat cup"
"lighting macquin car","lighting macquin car"
"lilac dream","lilac dream,, chaco dream,animal cream,less cream"
"littel singam","littel singam,littel singamcake,little singham"
"lotus biscoff","lotus biscoff"
"lotus biscoff flavour","lotus biscoff flavour"
"loves sweet celebration","loves sweet celebration"
"lucky bamboo","lucky bamboo,2layer bamboo"
"mac makeup shopper","mac makeup shopper"
macaroon,"macaroon,1.5 cartoon,fashion,alxa cartoon,aviation,aviation,baallon,barbarein,bathroo,bathroom,bathroom,bathroom,bathroom,bhim cartoon,bts macaroons,caartoon,2 person,aviation,education,fashion,macarones,macaroon,aviation,fashion,macaroons,cartoon 1"
"makeup 2 storey","makeup 2 storey"
"makeup 1","makeup 1,1 makeup,1 makeup,1 makeup,1.5 makeup,cake726,cakecity,makeup kit,cakestyu"
"mango cherries","mango cherries"
"marriage anniversary pineapple","marriage anniversary pineapple"
marshmello,"marshmello,marshmallows"
"mascarpone cream","mascarpone cream"
"may dotar","may dotar,amul batar,bday dad,bday dad,bday dad,bday dad"
"mcd buddy","mcd buddy,1/2 b'day,1ft teddy,32nd bday,3rd bday,40 b'day,42nd bday,4th bday,4th bday,5th baday,5th bday,60 budday,6in teddy,7th bday,bear budd,bear buddy,beer buddy,beer buddy,new daddy"
"mechanical tools","mechanical tools"
"metal lover","metal lover,animal lover,apple lover,apple lover,aunty lover,beard lover,brand lover,brand lover,hukka lover,laptop lover,maths lover,mobile lover,momos lover,music lovers,novel lovers,phone lover,watch lover,beer lovers,chess lover,mobile lovers,music lovers,netflix lovers,plant lover,shoes lover,chikan lover"
"mia kahapla","mia kahapla"
minecraft,"minecraft,. minecraft,aircrafts"
"minion - 1kg","minion - 1kg,minimum 2kg"
"money bag","money bag,1month bday,1month bday,1month boy,6month boy,mother law,mother be,son law,honey bee,mother 1kg,chanel bag"
"mother's day combos","mother's day combos"
"name birthday boy photo","name birthday boy photo"
"naughty couple","naughty couple,naughty couple,army couple,naughty couple"
"nawaz zoya wedding","nawaz zoya wedding"
"near lucknow","near lucknow"
"newly wed","newly wed,new boen,new job,newly married"
"nike basket ball shoes","nike basket ball shoes,basket ball shoes"
"nirvana country","nirvana country"
"number candle","number candle,16 number candle,2 number candle,3 number candles,30 numberscandles,6 yr candle,7th number candle,9 year candle,age candle,anar candle"
"one piece","one piece,bike pics,brownie pieces,lower price,one person,one piece"
"one letter name","one letter name,6 letter name,letter name"
"one year birthday","one year birthday,1 1/2 year birthday,1.5 year birthday,1/2 year birthday,1/2 year birthday,1/2 year birthday,1/2 year birthday,10 year birthday,10 year birthday,10 years birthday,100 years birthday,12 year birthday,12 years birthday,12 years birth day,16years birthday,17 years birthday,18 year birthday,18 year brithday,18 year brithday,18 years birthday,18 years birthday,1year birthay,2 teir birthday,2 years birthday,2 years birthday,23 years birthday,25 years birthday,25th year birthday,27 year birthday,2nd year birthday,3 layer birthday,30 years birthday,30 years birthday,31 years birthday,4 years birthday,40 year birthday,40 years birthday,40 years birthday,45 year birthday,4th year birthday,5 layer birthday,5 years birthday,5 years birthday,50 years birthday,50 years birthday,50 years bithday,5th year birthday,60 year birthday,60 year birthday,60 years birthday,60 years birthday,6th year birthday,7 years birthday,70 years birthday,75 year birthday,75 years birthday,8 years birthday,80 years birthday,90 year burthday,18 years birthday,19 years birthday,6th year birthday,chelsea birthday"
"opera - 1.5","opera - 1.5,beer -1.5"
"orange carrot almond","orange carrot almond"
"pearly imperial","pearly imperial"
"penata lowprice","penata lowprice"
"peppa pig","peppa pig,peppa pog,1 pepa pig,1kg peppa pig,apple pie,apple pie,applepie,peppa pig,chloe pig"
"pic roll inside","pic roll inside"
"picture chocolate fudge","picture chocolate fudge"
"pinata under 1000","pinata under 1000,bts under 1000,bts under 1000"
"pineapple &amp; strawbery","pineapple &amp; strawbery"
pineapple,"pineapple,0ine apple,bindapur,pineapple,pineapple,pineapple,minature"
"pineapple forest","pineapple forest,pineapple 300rs"
"pineapple upside down","pineapple upside down"
pistachio,"pistachio,bella chio,bhutacha,capachino,capachino"
playstation,"playstation,animation,playstation,graduation"
pokémon,"pokémon,1 pokemon,promotion"
"pottery artist","pottery artist"
"purple butterfly birthday","purple butterfly birthday"
"purple orchids","purple orchids,6 purple orchids,blue orchids"
"ram bhagwan","ram bhagwan"
rathnapura,rathnapura
reception,"reception,appreciation,appreciation,bebefinn,bebefinn,bedmintion,benetton,profeccion,profession,decoration,decoration,profession,religion,decoration,celbration,celbration,celebration,celebration,celebration,celebration,celebration"
"red roses boquet","red roses boquet"
"red valvet 500grm","red valvet 500grm"
"red valvet","red valvet,red velevet,red velvet,red velvet,redvelvet,1 red velvet,1 red valvet,1 red velvet,1 red velvet,1kg red velvet,1kg red velvet,2kg red velvet,5 red velvet,bluevelvet,brown velvet,red valvet,red velvet,red valvet,red velvet,car red velvet"
"red velevet pastery","red velevet pastery"
"rose red colour","rose red colour,cheery red colour"
"rosecake apt black pink","rosecake apt black pink"
"roses 10","roses 10,roses bunch,3 tier 10,today 150,brother 1,professor,rs 300,rs 200,rs 300,cheers 18"
"shipping date - 29-05-2021 shipping type - free - u20b90 shipping time - 19:00 - 22:00","shipping date - 29-05-2021 shipping type - free - u20b90 shipping time - 19:00 - 22:00"
"shiv ji daughter","shiv ji daughter"
"simple birthday","simple birthday,1 shape birthday,airplane birthday,artise birthday,bluely birthday,bubbly birthday,kids 1 birthday,cheese birthday,cheese birthday"
"single rose","single rose,bunch rose,bunch rose,buqae rose,single flower"
"small half","small half,6month half,army half,beer half,beer half,1/2 half,3d half,small kid,small box,camera half"
"snickers one","snickers one"
"solar system","solar system"
"special cupcakes","special cupcakes,bro special cupcakes"
"spider man","spider man,spider man,2tier men,3d spiderman,8 spiderman,apider man,bald man,brides made,iron man,de espiderman,bussines man,grocery man,sister law,spiderman,iron man,spiderman,camera man"
"spongy whiteforest","spongy whiteforest"
sports,"sports,1/2 bts,1month,1month,2 months,2 months,2 stories,3 months,3 months,3 months,3months,4 months,4 months,40’s,5 months,5 months,5month,5months,6 months,6 mnths,6 montgs,6 months,6 months,6 months,6 packs,6month,6month,6montha,6months,6months,7 months,8 months,9 momths,9 months,9 months,90’s,9month,9month,9months,assorted,assorted,bebytv,biscotti,biscotti,6 months,6mo ths,6 months,corporates,property,sports it,sportslover,sweets,politics,sports,objects,car sports"
"starbucks coffee","starbucks coffee"
"steam engine","steam engine"
"strawberry under","strawberry under,strawberry under 200,strawberry under 400,strawberry under ₹300"
"strawberry kitkat","strawberry kitkat"
"strawberry chocolate","strawberry chocolate,strawberry chocolate,blueberry chocolate,blueberry chocolate"
"stuart name write","stuart name write,stuart name write keck"
"super hero girls","super hero girls"
superhero,superhero
"sweet heart","sweet heart,3 tier heart,blue heart,break heart,broken heart,photo heart"
"take yathvik","take yathvik"
"talking tom","talking tom,bakingo.com,carrington"
tangyliscious,"tangyliscious,cakelicious,cakelisious,candilicious"
"tarot cards","tarot cards,photo cards,car caies,carrot cake.,carrot dates,cat cames"
"techers day 400","techers day 400,1 teachers day"
technology,"technology,bechalor,psychology,techno lovers,technology guru,cardiology,cardiology"
"teddy day","teddy day,b.day daddy,teddy bear"
"theme based","theme based,themefrozen,beer theme based,theme ????,theme bear,theame book,theme brother,theme goa,chef baker"
"three layer pink","three layer pink"
"tic tac toe","tic tac toe"
"tom abd jerry","tom abd jerry"
truffle,"truffle,truffle,1 truffle,1kg truffle,6 purple,all truffle,articles,banoffee,banoffee,best truffle,bruce lee,buffalo,truffle"
"truffle 250 gm","truffle 250 gm,truffle 500 gm,truffle cake500 gm"
"tuition teacher birthday","tuition teacher birthday"
"tutty fruity dry","tutty fruity dry"
"twenty five","twenty five"
"twisted candles","twisted candles"
"under 100 small","under 100 small"
"uni cornrain bow","uni cornrain bow,unicorn rain bow,unicorn rainbow,unicorn rainbow,unicornrain bow"
"up movie theme","up movie theme,6 month theme"
"vanila sprinkle","vanila sprinkle"
"vanilla 1kg","vanilla 1kg,vanilla base,canela 3kg"
"vanilla almond","vanilla almond"
"vintage delight","vintage delight"
"w baby baby musical diy birthday ke","w baby baby musical diy birthday ke"
"walnut brownie","walnut brownie,almond brownie,bento brownie"
"water park","water park,apple park,baar pakki,father law,camery car"
"watermelon shaped watermelon shaped","watermelon shaped watermelon shaped"
"welcome goodbye","welcome goodbye"
"welcome back","welcome back"
"welcome arrival baby","welcome arrival baby"
"whip cream","whip cream,ship form,without cream,without cream,chin chan,chin chan"
"white chocolate cream","white chocolate cream"
"wine flavaure","wine flavaure,bike flavour"
"wish very happy birthday, may god shower all happiness you????","wish very happy birthday, may god shower all happiness you????"
"wonder woman cak","wonder woman cak"
workout,"workout,50not out,word 1kg,abs workout,workaholic,workoholic,workaholic,workholic,workohkic,workoholic,fordoctor,zirakpur,workaholic"
"world spiderman cupcakes","world spiderman cupcakes"
"year doughter","year doughter,1 year dayghter,13 year daughter,16 year daughter,18 years daughter,3year daughter,papa daughter"
"yellow color","yellow color,yellow flowers"
!(()&amp;&amp;!|*|*|,!(()&amp;&amp;!|*|*|
#set($c=874487413+815910746)${c}$c,#set($c=874487413+815910746)${c}$c
${(900313150+938454584)?c},"${(900313150+938454584)?c},???? cow"
${@print(md5(31337))},"${@print(md5(31337))},${@print(md5(31337))}\,'.print(md5(31337)).'"
${@var_dump(md5(709013483))};,${@var_dump(md5(709013483))};
%2519jav%2509asc%2509ript%253ahttps%2520%253a%252f%252fwww%252estarbucks%252ecom%252f%25250aalert%252528document.domain%252529,%2519jav%2509asc%2509ript%253ahttps%2520%253a%252f%252fwww%252estarbucks%252ecom%252f%25250aalert%252528document.domain%252529
"&amp;echo flwgia$()\ gzsfjy\nz^xyu||a #' &amp;echo flwgia$()\ gzsfjy\nz^xyu||a #|&quot; &amp;echo flwgia$()\ gzsfjy\nz^xyu||a #","&amp;echo flwgia$()\ gzsfjy\nz^xyu||a #' &amp;echo flwgia$()\ gzsfjy\nz^xyu||a #|&quot; &amp;echo flwgia$()\ gzsfjy\nz^xyu||a #"
"&amp;lt;link rel=\&quot;stylesheet\&quot; href=\&quot;http&amp;#58;//ha&amp;#46;ckers&amp;#46;org/xss&amp;#46;css\&quot;&amp;gt;","&amp;lt;link rel=\&quot;stylesheet\&quot; href=\&quot;http&amp;#58;//ha&amp;#46;ckers&amp;#46;org/xss&amp;#46;css\&quot;&amp;gt;"
&lt;!--,"&lt;!--,&lt;ickey"
"&lt;% 929145543+972618415 %&gt;","&lt;% 929145543+972618415 %&gt;"
&lt;%={{={@{#{${acx}}%&gt;,&lt;%={{={@{#{${acx}}%&gt;
"&lt;/object&gt; &lt;html xmlns:xss&gt;","&lt;/object&gt; &lt;html xmlns:xss&gt;"
&lt;/script&gt;&lt;script&gt;alert(1)&lt;/script&gt;,&lt;/script&gt;&lt;script&gt;alert(1)&lt;/script&gt;
"&lt;a href=http://xss.bxss.me&gt;&lt;/a&gt;","&lt;a href=http://xss.bxss.me&gt;&lt;/a&gt;"
"&lt;a href=javascript:&gt;","&lt;a href=javascript:&gt;"
&lt;alert&gt;hello&lt;/alert&gt;,&lt;alert&gt;hello&lt;/alert&gt;
"&lt;font color=red&gt;rayyaan&lt;/font&gt;","&lt;font color=red&gt;rayyaan&lt;/font&gt;"
&lt;h1&gt;helllo&lt;/h1&gt;,"&lt;h1&gt;helllo&lt;/h1&gt;,&lt;h1&gt;hiii&lt;/h1&gt;"
&lt;h1&gt;virat&lt;/h1&gt;,&lt;h1&gt;virat&lt;/h1&gt;
"&lt;iframe src=&quot;https://example.com&quot; width=&quot;800&quot; height=&quot;600&quot; frameborder=&quot;0&quot; allowfullscreen&gt;&lt;/iframe&gt;","&lt;iframe src=&quot;https://example.com&quot; width=&quot;800&quot; height=&quot;600&quot; frameborder=&quot;0&quot; allowfullscreen&gt;&lt;/iframe&gt;"
"&lt;img src=javascript:alert(‘xss’)&gt;","&lt;img src=javascript:alert(‘xss’)&gt;"
"&lt;marquee&gt;this fake site &lt;/marquee&gt;","&lt;marquee&gt;this fake site &lt;/marquee&gt;"
&lt;sc&lt;script&gt;ript&gt;alert(&quot;xss&quot;);&lt;/script&gt;,&lt;sc&lt;script&gt;ript&gt;alert(&quot;xss&quot;);&lt;/script&gt;
"&lt;script&gt; alert(1) &lt;/script&gt;","&lt;script&gt; alert(1) &lt;/script&gt;,&lt;script&gt; alert(1)&lt;/script&gt;,&lt;script&gt;alert(1)&lt;/script&gt;"
&lt;script&gt;alert(&quot;hacked&quot;)&lt;/script&gt;,&lt;script&gt;alert(&quot;hacked&quot;)&lt;/script&gt;
&lt;script&gt;alert(/xss/)&lt;/script&gt;,"&lt;script&gt;alert(/xss/)&lt;/script&gt;,&lt;script&gt;alert(/xss”)&lt;/script&gt;"
&lt;th:t=&quot;${acx}#foreach,&lt;th:t=&quot;${acx}#foreach
&lt;xss:xss&gt;xss&lt;/xss:xss&gt;,&lt;xss:xss&gt;xss&lt;/xss:xss&gt;
"&quot;&gt;&lt;img src=x oonerrr=alert('xss');&gt;","&quot;&gt;&lt;img src=x oonerrr=alert('xss');&gt;"
&quot;&gt;nikhil,&quot;&gt;nikhil
&quot;12345,"&quot;12345,1'&quot;,cat ????"
"&quot;2&quot; shaped","&quot;2&quot; shaped"
"&quot;acxzzzzzzzzbbbccccdddeeexca&quot;.replace(&quot;z&quot;,&quot;o&quot;)","&quot;acxzzzzzzzzbbbccccdddeeexca&quot;.replace(&quot;z&quot;,&quot;o&quot;)"
"&quot;my kinda high cake&quot;","&quot;my kinda high cake&quot;"
"' or '1'='1","' or '1'='1"
'&lt;&gt;anything,'&lt;&gt;anything
"(olive green white girls","(olive green white girls"
"*:*&amp;fl=*,id:[value%20v='\u0036\u0036\u003695461152\u0039\u0039\u0039'],name:[value%20v='\u0036\u0036\u003695461152\u0039\u0039\u0039'],content:[value%20v='\u0036\u0036\u003695461152\u0039\u0039\u0039'],body:[value%20v='\u0036\u0036\u003695461152\u0039","*:*&amp;fl=*,id:[value%20v='\u0036\u0036\u003695461152\u0039\u0039\u0039'],name:[value%20v='\u0036\u0036\u003695461152\u0039\u0039\u0039'],content:[value%20v='\u0036\u0036\u003695461152\u0039\u0039\u0039'],body:[value%20v='\u0036\u0036\u003695461152\u0039"
", 6months",", 6months,1 2 moth,1 month go,1 monyhs,1/2 month,1/2 month,1/2 months,10 month,10 month,10 month's,10 months,10 months,11 month,11 month,11 months,11 months,18 months,18 months,1st month,1st month,21 months,2nd month,5th month,6 mmonths,6 monthly,6 monthly,6 months b,6 months c,6 motnhs,6 th month,6th month,6th month,6th months,8th month,9 th month,9th month,9th month,baby 6 months,6th month"
", mickey mouse",", mickey mouse,1.5 mickey mouse,2 mickey mouse,2 mickey mouse,baby micky mouse"
", rupees hundred",", rupees hundred"
",3stups",",3stups,bussnes,sister'"
",c v gaxecew",",c v gaxecew"
",३ layer lo price",",३ layer lo price"
../{search_term_string},../{search_term_string}
".5kg caje",".5kg caje,200g cajes,5kg barbie"
//xfs.bxss.me,"//xfs.bxss.me,/xfs.bxss.me,/\xfs.bxss.me"
"0 size laddu gopal","0 size laddu gopal"
"0.5 grams","0.5 grams,0.5 bikers"
"0.5 bride be","0.5 bride be,bride be 1,bride be 700,bride be 500,bride be-1.5"
"0.5 cricket theme","0.5 cricket theme"
"0.5 designer","0.5 designer,1 designer,1kg designer,1kg designer,1kg designer,500 gm designer"
"0.5 gym theme","0.5 gym theme,500 gm gym theme"
"0.5 pull up","0.5 pull up,;pull up"
"02 nd birthday girl","02 nd birthday girl,1 birthday girl,1 birthday girl,1/2 birthday girl,13th birthday girl,14 th birthday girls,15th birthday girl,16 th birthday girl,16th birthday girl,16th birthday girl,17th birthday girl,18 birthday girl,18 birthday girl,18 th birthday girl,18 th birthday girl,18th birthday girl,18th birthday girl,18th birthday girl,19th birthday girl,2 birthday girl,2 nd birthday girl,2 nd birthday girl,22 birthday girl,2nd birthday girl,2nd birthday kids,2nd birthday girl,3 birthday girl,32st birthday girl,3rd birthday girl,3rd bithday girl,4 th birthday girl,4 th birthday girl,50 birthday girl,5th birthday girl,5th birthday girl,6th birthday girl,6th birthday girl,7th birthday girl,8th birthday girl,9 birthday girl,9th birthday girl,2 birthday girl,2nd birthday girl,18th birthday girl,for2nd birthday girl"
03420454b2,03420454b2
"0rincess aerial","0rincess aerial"
"1 .5 2yr","1 .5 2yr,1 rs 700,3 2 layr"
"1 anniversary cack dark chocolate flavour","1 anniversary cack dark chocolate flavour"
"1 baby boy birthday","1 baby boy birthday,boss baby boy birthday"
"1 beads rakhi","1 beads rakhi"
"1 birthday boy kids","1 birthday boy kids,1 birthday kids,1 birthday kids,18 birthday boys,2 birthday kids,21 birthday boys,birthday bouqets,birthday boy kid,birthday boy kids,birthday boy girl,birthday boys kids,1st birthday boykid"
"1 caks disain","1 caks disain"
"1 candel","1 candel,1 barbie,1 car vele,1 cricket,1 no candle,1/2 candle,18 candle,1st candld,2 manjil,2 manjile,2 manjula,22 candle,3 candle,3 candles,3 manjel,3 manjil,3 manjil,5 candle,5 cake's,51 candle,6 candle,65 candle,8th candle,age candez,age candles,big candles,2 manjil,2 manjila,5 manjil,grandma,grandpa,grandma,candliet"
"1 first birthday boy","1 first birthday boy,18 years birthday boy"
"1 flor caje","1 flor caje,2 tier caje,5 floor cacke,ballon cale,benton caje"
"1 ft teddy","1 ft teddy,2 feet teddy,2 feet tewddy,5 inch teddy,6 feet teddy,6 inch teddy,6inch teddy,soft toy"
"1 hour low price","1 hour low price,1 low price,1kg low price"
"1 hour chocolates","1 hour chocolates,1 full chocolate,1 pound chocolate,2 tier chocolate,3 tier chocolate,3 tier chocolate,alchol chocolates,cadbourt chocolates,cadboury chocolates,flower chocolates"
"1 birthday child","1 birthday child,11 birthday girls,11 birthday caked,14 birthday girls,16 birthday girls,18 birthday cames,18 birthday ckae,18birthday girl,2 birthday theme,30 birthday him,birth day child,birthday children"
"1 doctors","1 doctors,1 doctors cale,1 pont boys,15 photos,best doctor,bone doctor,director,director,for.doctor"
"1 6 month anniversary","1 6 month anniversary,1 month anniversary,1month anniversary,1st month anniversary,1st month anniversary,3 months anniversary,4 months anniversary,6 mnth anniversary,6 momths anniversary,6 month anniversary,6 month anniversary,6 month anniversary,6 month anniversay,6 months aniversary,6 months anniversary,6 months anniversary,6 months anniversary,6month anniversary,6month anniversary,6th month anniversary,6 months anniversary"
"1 barbeque","1 barbeque,barbie cke"
"1 1 birthday barbie","1 1 birthday barbie,1st birthday babies"
"1 1 birthday doll","1 1 birthday doll"
"1 birthday wishes","1 birthday wishes,20 birthday sister,birthday whiskey"
"1 butterscotch chips","1 butterscotch chips,1 butterscotch classic,butterscotch cales,butterscotch cheese,butterscotch drip,butterscotch white"
"1 2 year old","1 2 year old,1.5 year old,10 years old,14 years old,2 year child,8 years old.,best 7 year old,bts 11 year old,ten year old"
"1 boy firned","1 boy firned,1 boy friend,boy freind"
"1 rakhi celebration","1 rakhi celebration,1 year celebration,100k celebration,100k celebration,10k celebration,roka celebration"
"1 bachor party","1 bachor party,baclolor party,beachlor party,bechlor party,bechlor party"
"1 upto 700","1 upto 700"
"1 cartoon small babies","1 cartoon small babies"
"1 chocklate tufful","1 chocklate tufful"
"1 chocolate under 590","1 chocolate under 590,choclate under 300,choclate under 500,choclate under 200,chocolate under 300,chocolate under 150,chocolate 200 under,chocolate under 100,chocolate under 1000,chocolate under 150,chocolate under 200,chocolate under 250,chocolate under 300,chocolate under 400,chocolate under 400₹,chocolate under 50,chocolate under 500,chocolate under ₹400,chocolate under400,chocolate under500,chocolate under 200,chocolate under 300,chocolate under 400,chocolate under 450,chocolate under 500,chocolate under ₹600,chokolate undr 400"
"1 chocolate truffle rate","1 chocolate truffle rate"
"1 ferraro rates","1 ferraro rates"
"1 fodboll kack","1 fodboll kack,1 fodboll them,1 fodbollcake"
"1 fondant beer shape","1 fondant beer shape"
"1 fruit cske","1 fruit cske"
"1 full choclate","1 full choclate,2 silk choclate,2 silk chocolate,girls choclate"
"1 light choklets","1 light choklets,1 kgs choklet,light choclate"
"1 male friend","1 male friend,fir female friend,female friend,female friends,female friend,female friend"
"1 matilda","1 matilda,2 manjil ka,2manjila"
"1 mini price","1 mini price,minimum price"
"1 photo cack","1 photo cack,2pond cack,btw photo card"
"1 pilot theme","1 pilot theme,bechlor theme"
"1 red velvet caje","1 red velvet caje,1 red velvet photo"
"1 royal enfield","1 royal enfield,1 royal enfield,bike royal enfield"
"1 sahaj yog theme","1 sahaj yog theme"
"1 vanila rose white","1 vanila rose white"
"1 without egg","1 without egg,150 without eeg,250 g without egg,without egg"
"1 without egg chocolate","1 without egg chocolate"
"1 kgcustomised","1 kgcustomised,1kg customised,1kg customised,black customised,books customised,books customised,bts customised,ca customise,books customised"
"1 kid birthday cap","1 kid birthday cap"
"1 layer unicorn","1 layer unicorn,2 tier unicorn,7 years unicorn,black unicorn"
"1 million","1 million,1 million,1 millions,10 lilies,3d illusion,3d illusion,bob minion"
"1 million followers theme","1 million followers theme"
"1 million insta","1 million insta"
"1 mnth baby","1 mnth baby,1 month baby,1 month baby boy,1 month baby boy,1 month baby c,1 month baby,1 month boy,1 month left,1 month old,1 month old baby,10 month baby,10 month cale,10 months baby,10th bday,12th bday,13th bday,13th bday,16 th bday,17th bday,18 th bday,2 month baby,2 month baby,3 month baby,3 month baby,3 month cale,3 months baby,3 months baby,6 month baby,6 month baby,6 month boy,6 month caje,6 month baby,6 month baby,6 month boys,6 month cale,6 month came,6 month half,6 months baby,6 months babby,6 months baby,6 months baby,6 months bady,6 months boy,6 months baby,6th month baby,7 month baby,7 months baby,7 months baby,8 months baby,9 month baby,9 months baby,1 month baby,1 month girl,10 months bday,11th bday,6 month baby,6 months baby,6 month baby"
"1 monogram","1 monogram,1/2 kilogram"
"1 month baby birthday","1 month baby birthday,6 month baby baday,6 month baby boy birthday,6 months baby birthday,6 months baby birthday,9 months baby burthday"
"1 month baby cale","1 month baby cale,1 month baby girl,1 month baby girl,2 month baby girl,4 month baby girl,6 month baby boy,6 month baby boy,6 month baby girl,6 month baby girl,6 month baby girls,6 month baby girl,6 month baby boy,6 months baby came"
"1 month birthday baby boy","1 month birthday baby boy,1st birthday baby boy,1st birthday baby boy,1st birthday baby boy,2 nd birthday baby boy,9 month birthday baby girl"
"1 month birthday new born","1 month birthday new born"
"1 month marriage anniversary","1 month marriage anniversary,10 th marriage anniversary,10 th marriage anniversary,1st marriage anniversary,1st month marriage anniversary,25th marriage anniversary,50th marriage anniversary"
"1 month marriage half","1 month marriage half"
"1 month old baby giel","1 month old baby giel,1 month old baby girl,6 month old baby bday"
"1 month go cupcakes","1 month go cupcakes"
"1 month go birthday cale","1 month go birthday cale,1/2 month birthday cale,6 months birthday cale,6month birthday cale"
"1 number red design","1 number red design,8 number design"
"1 pastrie","1 pastrie,2 pastries"
"1 pkd ballon","1 pkd ballon"
"1 plus 500 grams","1 plus 500 grams"
"1 plus phone","1 plus phone,always phone,apple i phone,apple iphone,apple phone,asus phone,busy phone,cell phone"
"1 pond red valvet","1 pond red valvet"
"1 pound 200 rs","1 pound 200 rs,1 pound 300 rs,around 200 rs,1 under 400 rs"
"1 pound mother's day low range","1 pound mother's day low range"
"1 pound mother's day low range hammer mother's day special","1 pound mother's day low range hammer mother's day special"
"1 pound cakrle","1 pound cakrle"
"1 pound chocolate under 350","1 pound chocolate under 350"
"1 st anniversary 3 pound","1 st anniversary 3 pound"
"1 st birthday cricket theme","1 st birthday cricket theme"
"1 st birthday themes","1 st birthday themes,18th birthday theme,30th birthday theme,40 birthday theme,40th birthday theme,75 birthday theme"
"1 st year girl","1 st year girl,10 year girl,11 years girl,11 yr girl,13 years girl,14 years girl,15 year girl,15 years girl,18 years girl,1st year girl,20 year girl,20 years girl,6year girl,8year girl,9 years girl,10 yr girl,10year girl,11 yr girl,17 yr girl,8 years girl,one year girl,kids 3 year girl"
"1 week go","1 week go,2 tiek mom"
"1 year baby girl 500 gm","1 year baby girl 500 gm"
"1 year baby girl birthday","1 year baby girl birthday,1 year old girl birthday,11 year old girl birthday,1st baby girl birthday,2 year baby girl birthday,2 year baby girl birthday,2years baby girl birthday,4 year baby boy birthday,1 year baby girl birthday"
"1 year baby girl birthday under 1000","1 year baby girl birthday under 1000"
"1 year bady girl anna else","1 year bady girl anna else"
"1 year birthday girl","1 year birthday girl,1 years birthday girls,11 years birthday girl,13 year birthday boy,2 year birthday caje,21 year birthday caje,6 year bday girl,6 year birthday girl,9 year birthday girl,7 year birthday boy"
"1 year boy all image","1 year boy all image,1 yr baby boy all image,1 yr boy all image"
"1 year boy caje","1 year boy caje,1 year girl cale,7 year boy manik"
"1 year boy taddy bear","1 year boy taddy bear"
"1 year boy cocomelon","1 year boy cocomelon"
"1 year panita","1 year panita,1 year pinata,1 year twins"
"1 year cakepinata","1 year cakepinata"
"1 year girl baby","1 year girl baby,7 years girl bday,girl 1 year girl baby"
"1 year girl baby birthday","1 year girl baby birthday,1 year girl 1 birthday"
"1 year old b'day","1 year old b'day,18 year old birthday,2 year old birthday,3 year old birthday,3 year old kid,5 year kid baday,6 year old car,6 year old kid"
"1 year six months","1 year six months"
"1 years weddiing","1 years weddiing,1 years weeding,8 teir wedding"
"1 yrs kids","1 yrs kids,1/2kg kids,2 tiar kids,2 tier kids,2 tier kids,2 tire kids,2year kids,3 tier kids,3 tier kids,30 yrs girl,5 yrs kid,5 yrs kids,500gm kids,500gm kids,5kgs kids,5kgs kids,6 years kids,90’s kids,bento kids,bheem kids,bichi kids,bike kids,blue kids,bts kids,cack kids,1/2 kids,10yrs child,14 yrs child,boys kkids,girls kid,girls kids,twins kids,9yrs girls,11yr girl,15 yrs girl,twin kids,cale kids,cars kids,chess kids"
"1. 5 chocolate recipe","1. 5 chocolate recipe"
"1..cake rs","1..cake rs,1kgcake rs,3. layers,1kg rs 200,500kg 250rss"
"1.5 birthday minnie","1.5 birthday minnie,40 birthday men"
"1.5 happy birthday","1.5 happy birthday,1/2 half birthday,12 happy birthday,12th happy birthday,1st happy birthday,40 happy birthday,60th happy birthday,card happy birthday"
"1.5 eggless black current","1.5 eggless black current"
"1.5 photo","1.5 photo,1/2 photo,1st tooth,500g photo,anime photo,beer photo,bts photo,btw photo,bus photo,cack photos,wid photi,wid photo,name photo,cake. photo,cat photo,car photo,car photo,cars photo"
"1.5 princess theme","1.5 princess theme"
"1.5 kgkgkg","1.5 kgkgkg"
"1.5 wright whit color","1.5 wright whit color"
"1.5 year anniversary","1.5 year anniversary,1/2 year anniversary,10 years anniversary,14 feb anniversary,2 year anniversary,20 year anniversary,25 year aniversary,25 year anniversary,25 years anniversary,3 layer anniversary,3 year anniversary,3 years anniversary,5 year anniversary,5 year anniversary,5 years anniversary,50 years anniversary,5th year anniversary,60 year anniversary,7 year anniversary,8 year anniversary"
"1.5hlaf unicorn","1.5hlaf unicorn"
"1.5kg 1st birthday","1.5kg 1st birthday,500 gm 1st birthday,500gm 1st birthday,kids 1st birthday,girls 1st birthday"
"1.5kg under 1500","1.5kg under 1500,1kg under1000,1kg under 1000,cack under 400,cacke under 150,cacke under 500,cacke under300,1 kh under 700,cake+under+300"
"1/2 bday cale","1/2 bday cale,1/2 way one,18th bday cale,60th bday cale"
"1/2 birth","1/2 birth,1/2 adult,1/2 karan,1/2 wine,1/2 pound,1/2 pound,1/2 size,1/2 twin,1/2 way 1,18th birty,44 birtg,82 girls"
"1/2 birthday vake","1/2 birthday vake,1/2 birthday girls"
"1/2 drak chocolate","1/2 drak chocolate,250 gram chocolate,250 gram chocolate"
"1/2 anniversary designer","1/2 anniversary designer,anniversary designer,anniversary designer,anniversary designer"
"1/2 bomb or other trendy between 1000 rs","1/2 bomb or other trendy between 1000 rs"
"1/2 cricket lover","1/2 cricket lover"
"1/2 liquor bottle","1/2 liquor bottle,liquor bottle,liquor bottles"
"1/2 cake,red velvet coffee","1/2 cake,red velvet coffee"
"1/2 chocolate eggless","1/2 chocolate eggless,choclate eggless,choclate eggless,chocolate eggless 2,chocolaty 100 eggless,chocolaty eggless"
"1/2 customized akes","1/2 customized akes"
"1/2 dad theme","1/2 dad theme,bat man theme,best dad theme"
"1/2 month birthday semi circle","1/2 month birthday semi circle"
"1/2 month baby girl","1/2 month baby girl,5 montha baby girl,6 month bby girl,6 months baby girl,6 months baby girl,6month baby girl,6month baby girl,6months baby girl,6th month baby girl,7 months baby girl,9 months baby girl,6 months baby girl"
"1/2 month xake","1/2 month xake,1/2 pound xakes,9 monthscake"
"1/2 shaped","1/2 shaped,19 shaped,20 shaped,brick shaped"
"1/2kg anniversary pine apple cale","1/2kg anniversary pine apple cale"
"1/2kg black forest eggless","1/2kg black forest eggless"
"1/2kg husband birthday","1/2kg husband birthday,3d husband birthday,busy husband birthday"
"1/2kg chocolate dark forest","1/2kg chocolate dark forest"
"1/2kg choklete price","1/2kg choklete price"
"10 basket chocolate","10 basket chocolate,2 cacke chocolate,basket chocolate,basket chocolates"
"10 birthday pokémon them","10 birthday pokémon them"
"10 10 word name","10 10 word name"
"10 choclate basket","10 choclate basket,10 chocolate basket,10 chocolate basket,10 chocolates basket,15 chocolate basket,chcoclate basket,choclates basket,chocolate basket 10"
"10 chocolate basket, addonfg3,","10 chocolate basket, addonfg3,"
"10 chocolate pouch","10 chocolate pouch"
"10 million subscribers","10 million subscribers"
"10 mix rose","10 mix rose,10 pink roses,10 red roses,100 red roses,12 pink roese,12 pink rose,12 pink roses,20 red rose,20 red roses,50 pink roses,50 red rose,500 red rose,6 red rose"
"10 most expensive","10 most expensive"
"10 number birthday","10 number birthday,18 number birthday cup,2 number birthday,1 father birthday"
"10 number 4 kgs black forest","10 number 4 kgs black forest"
"10 red flowers","10 red flowers,10 rose flower,1000 flowers,20 red flowers,20 roses flower"
"10 red rose bunch","10 red rose bunch,10 rose bunch,10 roses bunch,10 roses bunch,1o rose bunch"
"10 roses banches","10 roses banches,10roses bunches,6 roses bunch"
"10 year boy designs","10 year boy designs,13 year old design"
"10 year girl birthday","10 year girl birthday,10 years girl birthday,10 years girl birthday,18 years girl birthday,2 year girl birthday,2 years girl birthday,3 year girl birthday,3 years girl birthday,4 year girl birth day,5 years girl birthday,6 years girl birthday,7 year girl birthday,7 years girl birthday,9 year girl birthday"
"10 years old boy birthday","10 years old boy birthday,11 year old boy birthday,17 years old girl birthday,2 year old boy birthday,5 years old baby birthday,8 year old boy birthday,9 year old boy birthday"
"10 years old daughter","10 years old daughter,2yrs old daughter"
"10 years togetherness","10 years togetherness,7 year togetherness"
"10% off","10% off,100 days,100 days,1000 rs.,300 cost,any offer,bisscoff,bisscoff,100 pound,firl bff"
"100 days new born","100 days new born"
"100 days shape","100 days shape"
"100 pepper","100 pepper,100 pipers,19 topper,30 letter,300 rupeed,100 people,car topper"
"100 rupees mai baby wala","100 rupees mai baby wala"
"100 rupees mai","100 rupees mai,300 rupee tk,300 rupees ka"
"100 tak hi hona","100 tak hi hona"
"100 150 rupaye","100 150 rupaye,rupayea 300"
"1000 2 teir","1000 2 teir,2 tier 1,2 tier 1.5,2 tier 2,2 tier 1.5,2 tier 2"
"1000 days","1000 days,10000 rs,10th class,12th pass,20th bday,20th bday,30 g dad,30th bday,30th bday,40 days,40th bday,40th bday,40th bday,500g doll,500gm bday,50th bday,50th bday,50th bday,60th bday,60th bday,????ᗷts⟭⟬????,40th bday"
"1000 rupees ka unicorn 2 tier","1000 rupees ka unicorn 2 tier"
"1000 subscribe","1000 subscribe,1000 subscriber,100k subscribers,1k subscriber,300 subscribers,300 subscribers,10k subscriber"
"1000 subscriber youtube came","1000 subscriber youtube came"
"100000000 ruppees","100000000 ruppees,250 ruppess,250rupees,250rupesa,300rupees,562 rupees,150rupees,250 rupise,rupees 200 300,rupees 4000,rupees 749"
"100k followers","100k followers,100k followers came,10k followers,500k followers,60k followers"
"100k followers instagram","100k followers instagram,50k follower instagram"
"100k instagram","100k instagram,10k insta,10k instagram,instagram,fr instagram"
"100k stories","100k stories"
"100k youtube","100k youtube,100k youtube,10k youtube,5k youtube"
"100started price","100started price"
"1055/55, tussipura,morena","1055/55, tussipura,morena"
"10k views","10k views"
"10th anniversary cakr","10th anniversary cakr,25th anniversary caje,25th anniversary cale,30th anniversary cale,30th anniversry ckes,5 th anniversary cale,50th anniversary cream,50th anniversary cale"
"10th anniversary celebration dewdrop","10th anniversary celebration dewdrop"
"10th anniversery","10th anniversery,25 th aniversary,25th aniversary,25th aniversary,25th anniversario,25th anniversary 5,25th anniversery,25th annivesary,26 th aniversory,50th aniversary"
"10th b'day girl","10th b'day girl,10th bday boy,13 th bday girl,18th bday girl,19th b'day sistr,2 nd b'day girls"
"10th merit","10th merit,10th result,17th girl,40th her,50th event"
"10th wedding anniversary","10th wedding anniversary,10th wedding anniversary,13 wedding anniversary,15 wedding anniversary,15th wedding anniversary,1st wedding anniversary,1st wedding anniversary,25 th wedding anniversary,25 wedding anniversary,25th wedding anniversary,25th wedding anniversary,25th wedding anniversary,31st wedding anniversary,50 th wedding anniversary,50 wedding anniversary,50th wedding anniversary,50th wedding anniversary,50th wedding anniversary,6 month wedding anniversary,25th wedding aamiversaru,25th wedding aamiversary,wedding anniversary"
"10th year anniversary office","10th year anniversary office"
"11 birthday design","11 birthday design,27 birthday design .,8 birthday designs,boys birthday design"
"11 month kid","11 month kid,2 month old,2 month old,2 months kid,2 months old,3 months old,6 month girl,6 month kid,6 month kid,6 months kids,6 months old,6 months old,6month old,7 month old,7 months old,8 months old,9 months old,6 month kid,6 month old,6 months old"
"11 old baby girl","11 old baby girl,5year old baby girl"
"11 year boy chocolate","11 year boy chocolate,8 year boys choclate"
"12 no 2 design","12 no 2 design,16 cup design,2 half design"
"12 pink roses kept beautiful glass vase.","12 pink roses kept beautiful glass vase."
"12 pink%roses","12 pink%roses"
"12 yrs daughter","12 yrs daughter,16 bday daughter,18 th daughter"
"129 aud usd&gt;&gt;byd77.com&lt;&lt;2888u 129 aud usd&gt;&gt;byd77.com&lt;&lt;2888u 129 aud usd&gt;&gt;byd77.com&lt;&lt;2888u 129 aud usdci","129 aud usd&gt;&gt;byd77.com&lt;&lt;2888u 129 aud usd&gt;&gt;byd77.com&lt;&lt;2888u 129 aud usd&gt;&gt;byd77.com&lt;&lt;2888u 129 aud usdci"
"12yearold birthday bts chocolate purple bts members","12yearold birthday bts chocolate purple bts members"
"12yearold birthday bts chocolate purple bts members south africa limpopo louis trichardt","12yearold birthday bts chocolate purple bts members south africa limpopo louis trichardt"
"13 13year girl birthday party","13 13year girl birthday party"
"13 going 30","13 going 30"
"13 year old teenager","13 year old teenager,13 year teenage"
"13 year teenager boy","13 year teenager boy,18 year teen boy"
"13 year teenager boy models","13 year teenager boy models"
"13th birthday design girls","13th birthday design girls"
"13th birthday party","13th birthday party,17th birthday photo,18th birthday girls,19th birthday girls"
"14 munmber candles","14 munmber candles"
"14 th birthday boy","14 th birthday boy,16th birthday boys,18th birthday boys,18th birthday boys,18th birthday boys,18th. birthday boy,27 birthday boy,2nd birthday boy,2nd birthday boy,2nd birthday boy,3rd birthday boy,500 gm birthday boy,9th birthday boys,17th birthday sons,car birthday boy"
"14 year old cakw","14 year old cakw,3 year old cales,30 years old cale"
"14yearsgirlname abigail","14yearsgirlname abigail"
"15 august special","15 august special"
"15 pcs pink rose","15 pcs pink rose"
"15 pcs pink rose bouquet","15 pcs pink rose bouquet"
"15 pro max cakeromantic birthday girlfriend","15 pro max cakeromantic birthday girlfriend"
"150 1kg teachers day","150 1kg teachers day"
"150 rupees vanilla flavour","150 rupees vanilla flavour"
150rupij,150rupij
"150ruppies ka","150ruppies ka"
"155 days go","155 days go"
"16 pcs ferraro","16 pcs ferraro"
"16 th birthday daughter","16 th birthday daughter,17 th birthday daughter,1st birthday daughter,5th birthday daughter"
"16 year old pisces related","16 year old pisces related"
"160 tak mother","160 tak mother"
"16th b","16th b,19th b'day,24th bday,25th bday,25th bday,25th bday,40th b,50th bdy,baghi 3,bath tub,beer bu,bento b,bento br,bento bf,brothwr,father be,withegg"
"16th birthday eggless","16th birthday eggless,18th birthday giels,baby birthday eggless,birthday eggless,birthday eggless"
"16th brits day","16th brits day,75th bithday,15th brithday,40th birth day"
"17 thvbirthday","17 thvbirthday,25th birthdsy,40th birthaday,80th birrhday"
"18 going adult","18 going adult"
"18 month candle","18 month candle,6 month candle,6 months cale"
"18 months design","18 months design"
"18 months. celebration","18 months. celebration,2 months celebration"
"18 special bday girlfriend","18 special bday girlfriend"
"18 year birthday coffee","18 year birthday coffee"
"18 yrs boy engineering","18 yrs boy engineering"
"18+ adult","18+ adult,18+jaipur,bday adults"
"18th bday cosmetics picture","18th bday cosmetics picture"
"18th birthday boys higher studies theme","18th birthday boys higher studies theme"
"18th birthday unique design","18th birthday unique design"
"18th birthday18th year","18th birthday18th year"
"18th marriage anniversary os son daughter inlaw","18th marriage anniversary os son daughter inlaw"
"19 number cupcakes","19 number cupcakes"
"19 old girlfriend","19 old girlfriend"
"19 th bdy boy","19 th bdy boy,1st bday boy,1st bdy boy,20th bday boys,25th bday boys,bath baby boy,9th bday boy,15th bday boy"
"19 years bad taste men","19 years bad taste men"
"1989 taylor","1989 taylor,1989 themed"
"19teen birthday","19teen birthday,1st ever birthday,2 step birthday,2 tiers birthday,2story birthday,3 tier birithday,artics birthday,artist birthday,ben ten birthday,brother birthday,brother birthday,fathers birthday,brother birthday"
"1:30 lo price ful chocolaty","1:30 lo price ful chocolaty"
"1birthafay cakrd","1birthafay cakrd"
"1brithaday price","1brithaday price,birthday 400 price,birthday price 100.180,birthday prize 200,birthday parize 200,birthday parize 300,birthday parize 400,birthday parize 500"
"1happy birthday evan mukalil vr","1happy birthday evan mukalil vr"
"1kg all flavour","1kg all flavour,all flavour,all flavour,all flavours,all flavours"
"1kg baby boy welcome","1kg baby boy welcome,baby boy welcome,baby boy welcome,baby boy welcome,baby boy welcome,baby boy welcome,baby boy welcomes"
"1kg birthday black forest","1kg birthday black forest,birthday black forest"
"1kg caka police them","1kg caka police them"
"1kg 1st kid birthday","1kg 1st kid birthday"
"1kg bts price 700","1kg bts price 700,bts price 500"
"1kg designer choclate","1kg designer choclate"
"1kg designer choclate birthday","1kg designer choclate birthday"
"1kg under 1000 cartoon","1kg under 1000 cartoon"
"1kg car price","1kg car price,300 tan price,dollar price"
"1kg chocolate ????","1kg chocolate ????,1kg chokolate,2kg chocolet,500 ke ek chocolaty"
"1kg chocolate husband","1kg chocolate husband"
"1kg chocolate red roses","1kg chocolate red roses,chocolate red roses"
"1kg doll cke","1kg doll cke"
"1kg police degine","1kg police degine"
"1kg girl birthday 2 lear","1kg girl birthday 2 lear"
"1kg images","1kg images,1kg makeup,1kg traffel,bike image"
"1kg lowest rate","1kg lowest rate"
"1kg panapal","1kg panapal"
"1kg regular","1kg regular,2kg venila"
"1kg retirement","1kg retirement,army retirement,army retirement"
"1kg two tier","1kg two tier,2kg 2 tier,2kg 2 tier,3kg two tier,two tier,two tier"
"1kg under 600rs","1kg under 600rs"
"1kg vanilla flavour mother's day","1kg vanilla flavour mother's day"
"1pond choklate","1pond choklate,almond chocolate,almond chocolate,almond chocolate,choco choclate"
"1pound fruit","1pound fruit,cone fruits"
1r8oeaico,1r8oeaico
1some_inexistent_file_with_long_name .jpg,1some_inexistent_file_with_long_name .jpg
"1st anniversary image","1st anniversary image"
"1st baby birthday gril","1st baby birthday gril"
"1st birthaday 500gram kace","1st birthaday 500gram kace"
"1st birthday cocomellon","1st birthday cocomellon,1st birthday cocomelon"
"1st birthday baby girl cakr","1st birthday baby girl cakr"
"1st birthday cak girl","1st birthday cak girl"
"1st birthday chocolate flavor","1st birthday chocolate flavor,1st birthday chocolate flavour,2nd birthday chocolate flavour,birthday chocolate flavour,birthday chocolate flavour"
"1st birthday twin boys","1st birthday twin boys,1st birthday twins girls,birthday twin boys"
"1st birthday without eggless","1st birthday without eggless"
"1st birthday toddlers","1st birthday toddlers"
"1st birthday cartoons","1st birthday cartoons,3rd birthday cartoon"
"1st birthday kids 2kg","1st birthday kids 2kg"
"1st birthday non fondant","1st birthday non fondant,birthday no fondant"
"1st disaen","1st disaen,bast sister,best sister,best sister,best wishes,best wishes,best wishes,21st son,best wishes"
"1st customised birthday","1st customised birthday"
"1st daughter birthday","1st daughter birthday"
"1st mnth baby boy birthday","1st mnth baby boy birthday,6month baby boy birthday"
"1st month baby boy","1st month baby boy,3 months baby boy,3months baby boy,6 months baby boy,6 months baby boy,6th month baby boy"
"1st month bday babygirl","1st month bday babygirl"
"1st tooth cane","1st tooth cane"
"1st work anniversary","1st work anniversary"
1}}&quot;}}'}}1%&gt;&quot;%&gt;'%&gt;&lt;%={{={@{#{${acx}}%&gt;,1}}&quot;}}'}}1%&gt;&quot;%&gt;'%&gt;&lt;%={{={@{#{${acx}}%&gt;
"2 1 type lno","2 1 type lno"
"2 barbie dolls","2 barbie dolls,babrbe doll,badvie doll,barbedoll,barbie cales,barbie doll,barbie doll,barbie doll,barbie doll ca,barbie doll,barbie doll,barbie drees,barbiedoll,barbiedoll,barbies doll,bardiedoll,batbie doll,beer bottles,beer bottles,bff barbie, doll,barbie doll"
"2 days left","2 days left"
"2 flavour","2 flavour,2/3 floor,2nd floor,2nd floor,all flavors,apple flavour,best flavor,best flavour,black flavour,2 flavour,candy flavour,casta flavour"
"2 floor 1kg cakes.","2 floor 1kg cakes."
"2 floor 2kg","2 floor 2kg,2 floor kids,2 flower set,2 tier 3kg,2 tier 4kg,3 floor kids"
"2 floor birthday","2 floor birthday,2 floor 1st birthday,3 floor birthday,ballons birthday,balloon birthday,balloon birthday"
"2 floor cartoon","2 floor cartoon,3 layer cartoon,3 tier cartoon"
"2 hour delivvery","2 hour delivvery"
"2 banana walnut chocolate","2 banana walnut chocolate"
"2 bollywood theme","2 bollywood theme,bollywood theme,bollywood theme"
"2 caake pics","2 caake pics,cack pick,cacke ias"
"2 around 350","2 around 350,around 1000 1.5,around 299,amount 300,around 400"
"2 walnut chocolate","2 walnut chocolate,2 layer chocolate"
"2 layer bamboo plant","2 layer bamboo plant"
"2 layer black forest","2 layer black forest,2 pound black forest,2 pound black forest,avenger black forest"
"2 layer caker","2 layer caker,2 layer cale,2 layer lucky,2 layer plant,2 layer vake,3 layer cales,3 layers cales,3 tier cakr,2 layer son"
"2 layer communion","2 layer communion"
"2 layer floral","2 layer floral"
"2 layer fresh cream","2 layer fresh cream"
"2 layer lucky bamboo","2 layer lucky bamboo,2layer lucky bamboo,3 layer lucky bamboo"
"2 layer peppa pig","2 layer peppa pig,2 lear peppa pig"
"2 layer tier under 2000","2 layer tier under 2000"
"2 layer truffle","2 layer truffle,black truffle,black truffle"
"2 leyar animals","2 leyar animals"
"2 manjil wale","2 manjil wale,3manjil wala"
"2 month birthday cupcakes","2 month birthday cupcakes,4 month birthday cupcakes,6 month birthday ccake"
"2 nd birth day baby boy","2 nd birth day baby boy,2nd birthday baby boy"
"2 number design kids","2 number design kids"
"2 paid ki anniversary","2 paid ki anniversary"
"2 paid ki anniversary sttobri","2 paid ki anniversary sttobri"
"2 paund ????????","2 paund ????????,300 pound"
"2 pon ka","2 pon ka,200 tak ka,3 khand ka,o plazza"
"2 pond birthday cack","2 pond birthday cack"
"2 pound hard sev blackberry","2 pound hard sev blackberry"
"2 rakhi","2 rakhi,2set rakhi,birayani,birayani,breakup,breakup,jijaji"
"2 slice cheese cack","2 slice cheese cack,2 slice cheese cack"
"2 stair 1000","2 stair 1000"
"2 stair low cost","2 stair low cost"
"2 steps square shape","2 steps square shape"
"2 storage","2 storage,5 1 torte,5 1 torte,5 star 3d"
"2 story choclate","2 story choclate,2 tires chocolate,cadbury choclate"
"2 tair chocolate truffle","2 tair chocolate truffle,2 tier chocolate truffle,250 g chocolate truffle"
"2 tier 1 chocolate","2 tier 1 chocolate,2 tier 1 chocolate,2 tier elsa chocolate"
"2 tier 1st bday","2 tier 1st bday,2 tier 18th bday,2 tier 1st birthday,2 tier 1st birthday"
"2 tier 50th anniversary fondant","2 tier 50th anniversary fondant"
"2 tier animal theme","2 tier animal theme"
"2 tier anniversary","2 tier anniversary,2 tier anniversary,3 tier anniversary,brother anniversary"
"2 tier bts","2 tier bts,2 tier kid,2 tier train,2 tier father,2 tier moana,2 tier pinata,2 tier white,2 tire men,2tier girls,2tier gold,2tiercakes,3 tier 3kg,3 tier 3kg,3 tier 5kg,3 tier kid,3 tier off,4 2 tier boy,5tier rose"
"2 tier butterfly","2 tier butterfly,blue butterfly,blue butterfly,buttery butterfly"
"2 tier disney land girls","2 tier disney land girls"
"2 tier baby girl","2 tier baby girl,3 years baby girl,barbie baby girl"
"2 tier squid game themed","2 tier squid game themed"
"2 tier under 1000","2 tier under 1000,barbie under 1000"
"2 tier flowers dogwoods","2 tier flowers dogwoods"
"2 tier sector 5 gurgaon","2 tier sector 5 gurgaon"
"2 tier vanila","2 tier vanila,2 tier ladder,2 tier makeup,2 tier minion,2 tier vanilla,2 tier velvet,250gm vanila,2tier jungle,3 tier minion,butter vanilla"
"2 tier cakske unicorn","2 tier cakske unicorn"
"2 tier chocolate cakr","2 tier chocolate cakr,3 tier chocolate creamy,3 tier chocolate creamy"
"2 tier chocolate overload","2 tier chocolate overload,21st chocolate overload"
"2 tier cristmas","2 tier cristmas"
"2 tier floral fondant","2 tier floral fondant"
"2 tier fondant truffle","2 tier fondant truffle,3 tier fondant truffle"
"2 tier heart shape","2 tier heart shape,250gms heart shape,3 tier heart shape"
"2 tier make up design","2 tier make up design"
"2 tier minion 500gm","2 tier minion 500gm"
"2 tier red velvet","2 tier red velvet,250 gm red velvet,250gm red velvet,3 tier red velvet,girl red velvet"
"2 tier wedding","2 tier wedding,2 tier wedding,2 tier welcome,3 tier wedding,3 tier wedding,3 tyre wedding,4 tier wedding"
"2 tier white rose","2 tier white rose,2 tier white rose"
"2 tier white rose 21 februar","2 tier white rose 21 februar"
"2 tires chocolate children","2 tires chocolate children"
"2 tyre monginis","2 tyre monginis,2 tyre mongonus"
"2 year baby girl cakr","2 year baby girl cakr"
"2 year bday baby girl","2 year bday baby girl,3 year old baby girl"
"2 year birthady cack name","2 year birthady cack name"
"2 year daughter birthday","2 year daughter birthday,2 year doughter bithday"
"2 year old baby boy","2 year old baby boy"
"2 year old boy ckae","2 year old boy ckae"
"2 years kids birthday","2 years kids birthday,27 year old birthday,2tier kids birthday,9 years kids birthday"
"2 years old child ke liye","2 years old child ke liye"
"2 yrs baby boy","2 yrs baby boy,3 years baby boy 1,500 rs baby boy,5years baby boy,blue baby boy,blue baby boy,born baby boy,6 days baby boy,cales baby boy"
"2&amp;3 tier","2&amp;3 tier"
"2&quot; tier elsa theme 2","2&quot; tier elsa theme 2"
"2.5 birthday cream","2.5 birthday cream"
"2.5 pounds birthday","2.5 pounds birthday"
"2.btai ji","2.btai ji"
"20 year cakw","20 year cakw,20 years bank"
"20 beautiful roses","20 beautiful roses,20 beutiful roses"
"20 birthday , special","20 birthday , special,50th birthday special,birthday special"
"200 father day","200 father day,1 father day,fathers day,fathers day,fathers day,fathers day"
"200 cigrate","200 cigrate,200 rs range"
"200 gm chocolate","200 gm chocolate,200 grm chocolate,250 gm chocolate,250g chocolaty,250grms chocolate,500 gm chocolate,500 gm chocolate,500 gms cholate,500gms chocolate"
"200 gms ferrero rocher","200 gms ferrero rocher"
"200 gram red velvet","200 gram red velvet"
"200 hundred","200 hundred"
"200 ka ceca","200 ka ceca,200 ka ceka,200 rs cakr,200 wala ceke"
"200 price under strawberry","200 price under strawberry,200price under strawberry"
"200 price vanilla","200 price vanilla"
"200 red roses","200 red roses,25 red roses,5 red roses"
"200 rupees anniversary","200 rupees anniversary"
"200 under rs all types delhi uttam nagar","200 under rs all types delhi uttam nagar"
"200 wali ????","200 wali ????"
"200 ya 300 wala","200 ya 300 wala"
"200/- cale","200/- cale,200₹cake,30 be cale,300 hm cales,500gm cack,500gms cale,adult cale,bento cale,brand cale"
"2000rs note","2000rs note"
"200gm butterscotch","200gm butterscotch,250 gm butterscotch,500 gm butter scotch,500grams butterscotch,bear butterscotch,bento butterscotch,best butterscotch,choco butterscotch,choco butterscotch"
"2021 welcome","2021 welcome,baby welcome,baby welcome,baby welcome,big welcome,baby welcome"
"2023 new year","2023 new year,cheap new year"
"21st guy blue","21st guy blue,21st guy car"
"22 birthday son","22 birthday son,2nd birthday boys,2nd birthday boys,40 birthday women,50 birthday mom,50 birthday mom,60 birthday mom,car birthday men"
"24 hours","24 hours,40 plus,all yours"
"24/7 greater jnoida albpba","24/7 greater jnoida albpba,24/7 greater noida aloha"
"24k gold rose","24k gold rose"
"24th birthday boyfriend","24th birthday boyfriend,birthday boyfriend,birthday boyfriend,birthday boyfriend,birthday boyfriend,birthday boyfriend,birthday boyfriend,18 birthday boyfriend,birthday boyfriend"
"24×7 service cakers","24×7 service cakers"
"25 aniversary cale 2 floor red velvet","25 aniversary cale 2 floor red velvet"
"25 anniversary 2kg","25 anniversary 2kg,25 anniversary cake.,aaneversiry cacke,aniversary cakea"
"25 birthday brother","25 birthday brother,25 birthday silver,25th birthday brother,basic birthday brother,birtday brother,birthday brother',birthday brothers,bithday brothee,bithday brother"
"25 june neha","25 june neha"
"25 th annivasary parenets","25 th annivasary parenets"
"25 th anniversary 3 tier","25 th anniversary 3 tier,25th anniversary number"
"25 th bday","25 th bday,25 th bday,250gm bday,30yrs bday,40 th bday,40th b day,40th b’day,50 th bday,50 th bday,50 th brifay,50th b'day,65 th bday,6monthd bday,70 th bday,7months bday,60th b'day"
"25 th birthday chocolate","25 th birthday chocolate,small birthday chocolate"
"25 wife birthday","25 wife birthday,wife bithaday"
"25 year’s marriage anniversary","25 year’s marriage anniversary"
"25 year’s marriage anniversary 2 kgs","25 year’s marriage anniversary 2 kgs"
"25 ɑɳɳiѵɛʀรɑʀy","25 ɑɳɳiѵɛʀรɑʀy"
"25+ female","25+ female,boll female,35 people"
"250 g christmas","250 g christmas"
"250 gm blue berry","250 gm blue berry,250gm blue berry"
"250 gm blue berry cames","250 gm blue berry cames"
"250 gm anniversary chocolate","250 gm anniversary chocolate"
"250 gm chocolate flavour","250 gm chocolate flavour"
"250 gm husband","250 gm husband,500 gm husband,500 gm husband"
"250 gm pineapple","250 gm pineapple,500 gm pineapple"
"250 gram 150 rupees","250 gram 150 rupees,500 gram 700 rupees"
"250 gram available","250 gram available"
"250 gram cale","250 gram cale,250 gram cske"
"250 gram chocolate birthday","250 gram chocolate birthday"
"250 gram केक","250 gram केक"
"250 grams birthday","250 grams birthday,300 gram birthday,500 gm birthday,500 gms birthday,500 gram birthday,70 yrs birthday"
"250 ki range m","250 ki range m,250ki range"
"250 price vanilla flavor","250 price vanilla flavor"
"250 shin chan","250 shin chan,500 shin chan,bum shinchan,chin chain"
"250 400 tk","250 400 tk"
"250gm vanilla flavour","250gm vanilla flavour,choco vanilla flavour"
"250gms heart shape cale","250gms heart shape cale"
"250gram deliever","250gram deliever"
"25th number anniversary","25th number anniversary"
"25th anniverphoto customize 3tier","25th anniverphoto customize 3tier"
"25th anniversary pinata","25th anniversary pinata,25th anniversary party,25th anniversary pineapple"
"25th anniversary theme","25th anniversary theme,anniversary theme,anniversary theme"
"25th fabulous","25th fabulous,40 fablous,40th fabulous,50 fabulous,50 n fabulous"
"25th weddings anniversary mom dad","25th weddings anniversary mom dad"
"25th year fondant","25th year fondant"
"26 january","26 january"
"27 birthday acke design .","27 birthday acke design ."
"27 birthday sister ..","27 birthday sister ..,birthday sister ..,brithday sister"
"27 complete age","27 complete age"
"28gifts him","28gifts him"
"29 years women","29 years women,48 years women"
"2d character","2d character,anime character,anime character,bay character"
"2kg fruit doll","2kg fruit doll,2kg fruite"
"2kg 1birth dey","2kg 1birth dey"
"2kg birthday cakedegine","2kg birthday cakedegine"
"2kg birthday cakedegine baby boy 1","2kg birthday cakedegine baby boy 1"
"2kg how many rupees","2kg how many rupees"
"2kg mothers birthday","2kg mothers birthday,big brother birthday,brothers birthday,mothers burthday"
"2kg choco delhi","2kg choco delhi,2kg cocomelon"
"2kg doremon","2kg doremon,3kg dore mon,boys dorimon,cack dorimon"
"2kg pineapple price","2kg pineapple price"
"2kg swimming pool 1 layer birthday","2kg swimming pool 1 layer birthday"
"2nd b'day boy","2nd b'day boy,2nd bday boys"
"2nd birthday girl 500 gm","2nd birthday girl 500 gm"
"2nd birthday cream based","2nd birthday cream based"
"2nd birthday decent boys","2nd birthday decent boys"
"2nd birthday kid boy","2nd birthday kid boy"
"2nd birthday shark theme","2nd birthday shark theme"
"2nd birthday theme girl","2nd birthday theme girl"
"2nd floor design","2nd floor design"
"2nd floor design under 1000","2nd floor design under 1000"
"2nd floor design under 1000 baby boy","2nd floor design under 1000 baby boy"
"2nd year b’day cale","2nd year b’day cale"
"2pcs car shaped","2pcs car shaped,bmw car shape"
"2pcs car shaped cookis","2pcs car shaped cookis"
"2pcs car shaped cookis embossing mold","2pcs car shaped cookis embossing mold"
"2pound banella","2pound banella"
"2pound kids","2pound kids,3pond girl,baloons kids"
"2step panda shape","2step panda shape"
"2tier less price","2tier less price"
"2tier wedding cales","2tier wedding cales"
"2year bird hay boys","2year bird hay boys"
"2yr girl bday","2yr girl bday,baby girl bday"
"3 d makeup","3 d makeup,3 1 layer,3d cakecamp,500g makeup,but make up,cape make up"
"3 d customised chocolate","3 d customised chocolate"
"3 d customised chocolate birthday","3 d customised chocolate birthday"
"3 ditit design","3 ditit design"
"3 feet height","3 feet height,after eight"
"3 flavors tier","3 flavors tier"
"3 flavour dry pack","3 flavour dry pack"
"3 floor fruit","3 floor fruit,balloon fruit,cartoon fruit"
"3 idiot rasmalai","3 idiot rasmalai"
"3 unicorn birthday","3 unicorn birthday,4 unicorn birthday"
"3 kgs baby girl 1 month","3 kgs baby girl 1 month"
"3 kilo ka birthday chocolaty","3 kilo ka birthday chocolaty"
"3 layer bamboo","3 layer bamboo,3 layer doctor,3 layers cartoon"
"3 layer barbie thened 9 year old girl","3 layer barbie thened 9 year old girl"
"3 layer chocolate","3 layer chocolate,flower chocolate,caramel chocolate,caramel chocolate,caramel chocolate"
"3 layer lucky","3 layer lucky"
"3 layer's 600 price","3 layer's 600 price"
"3 layered","3 layered,48 layered,5 layered,biluberey,chartered,chartered"
"3 level politicians","3 level politicians"
"3 month aniversa","3 month aniversa"
"3 month bdy baby","3 month bdy baby,4 months old baby,6 months bday boy,6 months old baby,6 months old baby,7 month born baby,9 month old baby"
"3 months birthday sonn","3 months birthday sonn,6 months birthday cakk"
"3 months complete cup","3 months complete cup,6 months complete"
"3 pound baby shower","3 pound baby shower"
"3 pound image","3 pound image,5 pound veg"
"3 pound pineapple","3 pound pineapple"
"3 rd birthday girl pineapple flavour","3 rd birthday girl pineapple flavour"
"3 storey carnival","3 storey carnival"
"3 tier anniversary fondant","3 tier anniversary fondant"
"3 tier baby boy birthday","3 tier baby boy birthday,3 tier baby boy birthday"
"3 tier below 1000","3 tier below 1000"
"3 tier crane truck","3 tier crane truck"
"3 tier creamy truffle","3 tier creamy truffle"
"3 tier iron man","3 tier iron man"
"3 tier jungle theme","3 tier jungle theme,3 tier jungle theme"
"3 tier light middle","3 tier light middle"
"3 tier off white rose wedding","3 tier off white rose wedding"
"3 tier silver anniversary","3 tier silver anniversary"
"3 tier spiderman","3 tier spiderman,5 year spider man,5year spiderman"
"3 tier spiderman web - 5","3 tier spiderman web - 5"
"3 tier teachers day","3 tier teachers day"
"3 tier toddler boy birthday","3 tier toddler boy birthday"
"3 tier track","3 tier track,5 tier spacer"
"3 tier white fondant","3 tier white fondant"
"3 year kids birthday cack","3 year kids birthday cack"
"3 year old baby boy birthday","3 year old baby boy birthday"
"3 year old girls birthday","3 year old girls birthday"
"3 years together","3 years together,30 years teacher,35 years together,4 year together"
"3. step cale","3. step cale,30kg stepcale"
"30 single","30 single,33 digit,5kg jungle,bts simple,bts simple"
"30 marriage anniversary","30 marriage anniversary,500 gm marriage anniversary"
"30 not out","30 not out,40 not out,50 but not out,50 not out,60 not out,62 not out,70 not out,72 not out,82 not out,85 not out"
"30 number shape cake.","30 number shape cake."
"30 years man birthday","30 years man birthday"
"300 cartoo","300 cartoo,500 g cartoon,500 gm cartoon"
"300 gm ka caka","300 gm ka caka"
"300 range butter scotch","300 range butter scotch"
"300 rupa tak ka","300 rupa tak ka"
"300 rupees strawberry","300 rupees strawberry"
"300 tk n","300 tk n,300to350"
"300gm simple birthday under 300","300gm simple birthday under 300"
"300per chat","300per chat"
"300rupee red velvet","300rupee red velvet"
"300tak mrp ka","300tak mrp ka"
"30th anniversary mom nd dad","30th anniversary mom nd dad"
"30th birthday writer","30th birthday writer,40th birthday sister,50th birthday father,50th birthday father,50th birthday women,50th birthday cricket,60th birthday father,70th birthday father"
"30th birthday options","30th birthday options"
"30th birthday husband","30th birthday husband,40th birthaday husband,40th birthday husband,40th birthday husband,40th birthday husband,45 birthday husband,50 birthday husband,50 th birthday husband,500g birthday husband,50th birthday husband"
"30th b’day female","30th b’day female,40th birthday female"
"31 l block","31 l block,sell stock"
"31st december","31st december"
"31st march","31st march"
"32nd anniversary mom dad","32nd anniversary mom dad"
"35 years marriage","35 years marriage"
"35birthday theme","35birthday theme"
"3d annevarsary cale","3d annevarsary cale"
"3d 2pound","3d 2pound"
"3d mom age24","3d mom age24"
"3d crystal lamp","3d crystal lamp"
"3d diamond heart","3d diamond heart"
"3d jelly","3d jelly,ben holly,elderly"
"3d prism type stone heart shape","3d prism type stone heart shape"
"3d tiger carr","3d tiger carr"
"3kg engagement 3 tier","3kg engagement 3 tier"
"3m letter","3m letter,military,letter v"
"3rd annual day","3rd annual day"
"3rd birthday peppa pig","3rd birthday peppa pig"
"3rd both day","3rd both day"
"3rd year designer","3rd year designer"
"3th brithday baby boy","3th brithday baby boy"
"3tier boyfootball boy","3tier boyfootball boy"
"3tier cake.","3tier cake.,letter cke,adult cake.,banet cakey,beige cake',bento cake.,brief case,chips cake."
"3year boy barthday disain","3year boy barthday disain"
"3yr baby girl pineapple","3yr baby girl pineapple"
"3yrs baby girl special","3yrs baby girl special"
"4 building","4 building,body building,body building,body building,bodybuilding,bodybuilding,bse building,bodybuilding"
"4 building chocolate","4 building chocolate"
"4 letter word","4 letter word"
"4 month baby girl birthday","4 month baby girl birthday,6 month baby girl birthday"
"4 months daughter","4 months daughter,6 month daughter,mother daughter"
"4 pcs lilies","4 pcs lilies,4 pink lillies"
"4 step fondent","4 step fondent"
"4 year boy birthday car theam","4 year boy birthday car theam"
"4 year message","4 year message"
"4 years baby baby boy","4 years baby baby boy"
"4 years baby baby boy doremon","4 years baby baby boy doremon"
"40 th birthday fruit","40 th birthday fruit"
"40 years designed eggless","40 years designed eggless"
"400 below prize","400 below prize,500 gm low price"
"400 ke under","400 ke under"
"400 range cske","400 range cske,700 range 1kg"
"400 renj tak","400 renj tak"
"400 rs ar moddhe love","400 rs ar moddhe love"
"40s age old","40s age old"
"40th anniversary maa papa","40th anniversary maa papa"
"40th birthday cake/cup","40th birthday cake/cup"
"40th birthday girls","40th birthday girls,4th birthday kids,6 month birthday girls,6th birthday kids,18th birth day gilr,first birthday girls"
"40th bitrtgday","40th bitrtgday"
"40th ruby wedding anniversary","40th ruby wedding anniversary"
"40’s birthday","40’s birthday,ca’s. birthday"
"431 weight 2 kg 1000 true 0.00 + 0 + 0.00 +","431 weight 2 kg 1000 true 0.00 + 0 + 0.00 +"
"436/1 pc colony plot no 13 front hahadev apartment, jaganpura","436/1 pc colony plot no 13 front hahadev apartment, jaganpura"
"44 reasons","44 reasons,all season"
"45 ka kek","45 ka kek"
"45 year lazy boy","45 year lazy boy,18 year bday boy,one year baby boy"
"46 years birthday chocolate","46 years birthday chocolate"
"499 mas half","499 mas half"
"499 range","499 range,range 150 250"
"4@ year august","4@ year august"
"4kg 3stape normal","4kg 3stape normal"
"4kg baby girl birthday","4kg baby girl birthday"
"4years iron man","4years iron man"
"5 celebration","5 celebration,celebrities,celeberation,celebrations,celebrations"
"5 chocolate ferredo","5 chocolate ferredo"
"5 elements","5 elements,achievements"
"5 feet teddy bear","5 feet teddy bear"
"5 1 chocolate tored","5 1 chocolate tored"
"5 one torte","5 one torte"
"5 65th birthday butterscotch","5 65th birthday butterscotch"
"5 birthday boy 1 year","5 birthday boy 1 year,birthday boy 12 years,birthday boy 5 years,birthday boy one year"
"5 degisn","5 degisn,5yr girl,75 digit,belgiun,bohemian,5yr girl,car degine"
"5 arnav deep singh birthday","5 arnav deep singh birthday"
"5 low cost","5 low cost,blow job"
"5 little monkeys","5 little monkeys"
"5 nights freddie’s","5 nights freddie’s"
"5 rose flower bunch","5 rose flower bunch"
"5 star chocolate bunch","5 star chocolate bunch,small chocolate bunch"
"5 year girl vanilla","5 year girl vanilla"
"5 year girl vanilla rainbow","5 year girl vanilla rainbow"
"5 year girl birthdaycake","5 year girl birthdaycake,7 year girl birthday caje"
"5 year old makeup","5 year old makeup"
"50 birthday ladies","50 birthday ladies,50 birthday cales"
"50 anniversaries","50 anniversaries"
"50 marriage","50 marriage,after marriage"
"50 th birthday mother","50 th birthday mother,75th birthday father"
"50 th birthday special","50 th birthday special,50 th birthday special men"
"50 th femal birthday","50 th femal birthday,50 th female birthday,50th mom birthday"
"50 th wedding anniversary eggless","50 th wedding anniversary eggless"
"50 wedding anniversary 2kg","50 wedding anniversary 2kg"
"50 years birthday 2.5","50 years birthday 2.5,50 years birthday cale,60 years birthday ake"
50&amp;fabulous,"50&amp;fabulous,60 &amp; fabulous"
"500 g artist","500 g artist,500 g vakes,500g frut,mekup artist,music artist,nail artist,paint artist"
"500 g rs 2oo","500 g rs 2oo,500 gm boy,500 gm mom,500 gm dog"
"500 gm account","500 gm account,500 gm ballon,500 gm balloon,500 gm fondant,500 gm unicorn"
"500 gm anniversary couple","500 gm anniversary couple"
"500 gm birthday girlfriend","500 gm birthday girlfriend"
"500 gm gym","500 gm gym,500 gm kids,500 gm gems,500 gm half,500 gm kids,500 gm mango,500 gm minni,500 gm photo,500 rs girl,500gm boll,500gm kid,500gm doll,500 gm white"
"500 gm anniversary","500 gm anniversary,500 gm anniversary"
"500 gm father","500 gm father,500 gm mma theme,500 gm fathers,500 gm vanila,500 gms paneer"
"500 gm heart shape","500 gm heart shape,500 gm heart shape,500gm heart shaped"
"500 gm choco vanila","500 gm choco vanila"
"500 gm chocolate micky mouse","500 gm chocolate micky mouse"
"500 gm customise","500 gm customise,500 gm cutomise"
"500 gm exotica","500 gm exotica"
"500 gm exotica fruit","500 gm exotica fruit"
"500 gm football","500 gm football"
"500 gm girlfriend","500 gm girlfriend"
"500 gm kids under 500","500 gm kids under 500"
"500 gm low prices","500 gm low prices"
"500 gm low prices vanilla","500 gm low prices vanilla"
"500 gm strawberry photo","500 gm strawberry photo"
"500 gm truffle","500 gm truffle"
"500 gms cricket liver","500 gms cricket liver"
"500 gram alphabetic","500 gram alphabetic"
"500 gram kids","500 gram kids,500grams kids"
"500 gramm under 500","500 gramm under 500,500 gm under 350"
"500 grm 1 st birthday","500 grm 1 st birthday,500grm 1st birthday,500grms 1st birthday"
"500 grm car design","500 grm car design"
"500 grm half pineapple","500 grm half pineapple"
"500 heart vanila","500 heart vanila"
"500 heart vanila flavour","500 heart vanila flavour"
"500 unicorn mango flavour","500 unicorn mango flavour"
"500 rang best","500 rang best"
"500 range m makeup","500 range m makeup"
"500 rs maximum","500 rs maximum"
"500 tak criket","500 tak criket"
"500g chocolate truffle","500g chocolate truffle"
"500g janmashtami","500g janmashtami"
"500g chocolate gym theme","500g chocolate gym theme"
"500g mouse","500g mouse,500g panda,cat mouse"
"500g welcom back","500g welcom back"
"500gm cricket shpae","500gm cricket shpae"
"500gm beach theme","500gm beach theme"
"500gm birthday baby boy","500gm birthday baby boy"
"500gm father birthday","500gm father birthday"
"500gm fruit anniversary","500gm fruit anniversary,500gm parents anniversary,500gm parents anniversary"
"500gm harry potter","500gm harry potter"
"500gm simple","500gm simple,500gms bottle,baby simple,bday simple,blue simple"
"500gm unicorn","500gm unicorn,bento unicorn"
"500gms doctor theam","500gms doctor theam"
"500gms make up","500gms make up"
"500grm baby girl","500grm baby girl,500grm baby girl"
"500grm engineer","500grm engineer"
"500kg birthday wife","500kg birthday wife,5kg birthday price"
"500rs blackpink","500rs blackpink,bts blackpink,bts black pink,bts black pink"
"50th anniversary topper","50th anniversary topper,anniversary topper,anniversary topper"
"50th anniversary eggless pineapple","50th anniversary eggless pineapple"
"50th bday cakee","50th bday cakee"
"50th bday cakesfor men","50th bday cakesfor men"
"50th bdy liquor","50th bdy liquor"
"50th birthday fashion lover","50th birthday fashion lover"
"50th birthday cricket not out","50th birthday cricket not out"
"50th golden jublee","50th golden jublee"
50thannv,"50thannv,5th aveny"
"55th birthday ideas","55th birthday ideas"
"5bunch rose","5bunch rose,bunch flower,bunch lily"
"5hfh+c6v, yurthung rd, near shanti stupa,ladakh, leh, 194101","5hfh+c6v, yurthung rd, near shanti stupa,ladakh, leh, 194101"
"5kg name aarav","5kg name aarav"
"5kg ka kec garl","5kg ka kec garl"
"5th birthday party theme","5th birthday party theme"
"5th happy birthday pep pig","5th happy birthday pep pig"
"5th month togetherness","5th month togetherness"
"5year girls make up","5year girls make up"
"6 birthday fondant","6 birthday fondant,birthday fondant,birthday fondant,birthday fondant,birthday fondant,birthday fondant"
"6 month anniversary cale","6 month anniversary cale"
"6 month birthday half amount","6 month birthday half amount"
"6 month birthday half theme","6 month birthday half theme,6 month birthday jungle theme"
"6 month completed","6 month completed"
"6 month engagement hamper","6 month engagement hamper"
"6 month haplf","6 month haplf,6 monthcakee,6 months cakr,6 months came,6 months half,6 months half,6months half"
"6 months baby boy bday","6 months baby boy bday"
"6 months baby girl eggless","6 months baby girl eggless"
"6 months birthday eggless","6 months birthday eggless"
"6 months girl baby","6 months girl baby"
"6 months nany boy","6 months nany boy"
"6 months old baby boy","6 months old baby boy,6months half baby boy,7 months old baby boy"
"6 months twins","6 months twins"
"6 number baby boy","6 number baby boy"
"6 pcs orchid","6 pcs orchid,blue orchid"
"6 year girls under 800","6 year girls under 800"
"6 years ???? girls","6 years ???? girls"
"6 years deaign","6 years deaign"
"6 years old birthday easiest birthday","6 years old birthday easiest birthday"
"6 yellow lilies","6 yellow lilies"
"6 yrs old boycake","6 yrs old boycake"
"60 not out designer","60 not out designer,60 not out disgner"
"60 year birthday father","60 year birthday father"
"60 years bday design pinata cakd","60 years bday design pinata cakd"
"60 years bday pinata caje designs","60 years bday pinata caje designs"
"60 years birthday party","60 years birthday party"
"60 years birthday teacher mom","60 years birthday teacher mom,60 years birthday teaching mom"
"60 years complete","60 years complete"
"60+ million member","60+ million member"
"600 below makeup","600 below makeup"
"600rs girl","600rs girl,80 s girl,8yera girl,90's girl,90's girl,90s girl,90s girl,90s girl,90’s girl,aalsi girl,best girl,bikni girl,bts girl,btw girl,fir girls,smash girl,dog girl"
"60th birthday double story","60th birthday double story"
"60th dad birthday","60th dad birthday,8th kid birthday,best day birthday,6th girl birthday"
"60th newspaper","60th newspaper"
"61 st male birthday","61 st male birthday"
"649 rs anivasr","649 rs anivasr"
"65th birthady","65th birthady"
"6inch teddy bear","6inch teddy bear,big teddy bear"
"6mnths birthday baby girl","6mnths birthday baby girl"
"6month birthday celebration","6month birthday celebration"
"6th anniversary number","6th anniversary number"
"6th birthday chocolate kids","6th birthday chocolate kids"
"6th month bday","6th month bday,8th month boy"
"6th month birthday baby","6th month birthday baby"
"6th month 6 number","6th month 6 number"
"6yearboy jungle them","6yearboy jungle them"
"6years boy birthday 5 k","6years boy birthday 5 k"
"6years princess","6years princess,aurora princess"
"7 asiatic yellow lilly","7 asiatic yellow lilly"
"7 asiatic yellow lilly bunch","7 asiatic yellow lilly bunch"
"7 year boy name manik","7 year boy name manik"
"7 year child birthday","7 year child birthday"
"7 year girl all flavour","7 year girl all flavour"
"70 b day father","70 b day father,70 birth day father,bday father,bdy father"
"70 year ladies naughty","70 year ladies naughty"
"75 birthday singer theme","75 birthday singer theme"
"75 roses heart","75 roses heart"
"750gramblack forest b day chocolate round","750gramblack forest b day chocolate round"
"750gramchocolate round","750gramchocolate round"
"76人vs猛龙 推荐网址&gt;&gt;lk59.fun&lt;&lt; 雄鹿vs公牛 奇才vs热火 推荐网址&gt;&gt;lk59.fun&lt;&lt; 鹈鹕vs灰熊 步行者vs雷霆","76人vs猛龙 推荐网址&gt;&gt;lk59.fun&lt;&lt; 雄鹿vs公牛 奇才vs热火 推荐网址&gt;&gt;lk59.fun&lt;&lt; 鹈鹕vs灰熊 步行者vs雷霆"
"76人推单 推荐网址&gt;&gt;lk59.fun&lt;&lt; 76人盘口官网 76人盘口app 推荐网址&gt;&gt;lk59.fun&lt;&lt; 76人竞猜app 76人推荐网站yw","76人推单 推荐网址&gt;&gt;lk59.fun&lt;&lt; 76人盘口官网 76人盘口app 推荐网址&gt;&gt;lk59.fun&lt;&lt; 76人竞猜app 76人推荐网站yw"
"7th anniversary celebration","7th anniversary celebration"
"7th birthday custumize","7th birthday custumize"
"8 ball pool","8 ball pool"
"8 months old birthday","8 months old birthday"
"8 year child boy","8 year child boy"
"80 years old bday design","80 years old bday design"
"80th birthday champagne","80th birthday champagne"
"80th year dad","80th year dad"
"80’s boy","80’s boy,90’s boy"
"8683861368 chalu kare","8683861368 chalu kare,8683861368 chalu ke"
"8ģýi89py,-,,,'xmms11111","8ģýi89py,-,,,'xmms11111"
"8th canndle","8th canndle,bday candle"
"8year gils","8year gils,idea guns"
"9 birthday girl rasmalai","9 birthday girl rasmalai"
"9 month birthday ceke","9 month birthday ceke"
"9 pcs chocolate box","9 pcs chocolate box"
"9-august 11 12 pm","9-august 11 12 pm"
"90 ml royal stage whiskey","90 ml royal stage whiskey"
"90 ml royal stage whiskey price","90 ml royal stage whiskey price"
"9133497978 swati","9133497978 swati"
"9560277076 rishabh","9560277076 rishabh"
"9years artists","9years artists"
": graduate student",": graduate student"
":crescent lane,house no 94 ,dhanmondi,dhaka",":crescent lane,house no 94 ,dhanmondi,dhaka"
"???? 1kg","???? 1kg,???? chicks"
"???? hammer","???? hammer,boat hamper,box hammer,break hammer,bts hamper,kitty hammer"
"????????????????100 bala","????????????????100 bala,????????????????100 bala,below 200,below 300,below 300,below 400,below 450,below 400,below 1000,below 200,below 300,below 400,below 409,below 150,below 200,below 300,below 400,below 600,below 800,below 900"
@@jrjyy,"@@jrjyy,@@rhcsm,@@s0ev1"
"59, saraswati ganesh chs, ram mandir road, near kherwadi signal, bandra east, mumbai 51","59, saraswati ganesh chs, ram mandir road, near kherwadi signal, bandra east, mumbai 51"
"alphabet chocolate","alphabet chocolate,alphabet chocolates,alphabetic chocolates"
"alphabet irtidat","alphabet irtidat,alfabet birthday,alphabet birthday,alphabet crick"
"blue written it nelly","blue written it nelly"
"bottle moet champagne ice cater","bottle moet champagne ice cater"
"customised fondant mom's birthday where mom sitting peacefully her two daughters sardar husband standing front her trophies their hand says, &quot; happy birthday queen &quot;","customised fondant mom's birthday where mom sitting peacefully her two daughters sardar husband standing front her trophies their hand says, &quot; happy birthday queen &quot;"
"delectable treat - 1","delectable treat - 1"
"delectable treat - 500 gm","delectable treat - 500 gm,delectable treat - 500 gm"
"enters infinity war","enters infinity war,avengers infinity war,avengersinfinity war"
"ha wadi teacher","ha wadi teacher"
"letter rs 200","letter rs 200"
"level代考哪里有 (q薇296177582) toefl代考答案 toefl代考 (q薇296177582) n1保过 代考n2","level代考哪里有 (q薇296177582) toefl代考答案 toefl代考 (q薇296177582) n1保过 代考n2"
"person playing gutiar","person playing gutiar"
"puppy girls birthday","puppy girls birthday,chill girls birthday"
"puppy girls birthday party","puppy girls birthday party"
"shape truffle cakke","shape truffle cakke"
"small flower combo","small flower combo,single flower combo,cale flower combo"
"unicorn cake, flavour vanilla less decorated","unicorn cake, flavour vanilla less decorated"
"unicorn flat surface cute decorations","unicorn flat surface cute decorations"
"word photo 1kg","word photo 1kg"
aaa&amp;shards=http://hitbtnuwzyvvm3d460.bxss.me/solr,aaa&amp;shards=http://hitbtnuwzyvvm3d460.bxss.me/solr
"aadha kilo ka","aadha kilo ka,adha kilo ka"
"aadhar card type","aadhar card type"
"aadhars naghar delhi","aadhars naghar delhi"
"aafreen i 46 block i batla house delhi okhla delhi 110025 delhi india 9871736595","aafreen i 46 block i batla house delhi okhla delhi 110025 delhi india 9871736595"
"aahana seth","aahana seth,banana tea,chana swwets"
aanprasan,"aanprasan,aanprashan,anaprasan,anaprashan,anaprashan,ann prasan,ann prashan,anna prasana,annaparashan,annapraashan,annaprasan,annaprasan,annaprasana,annaprasana,annaprasana,annaprasanam,annaprasanna,annaprasanna,annaprasha,annaprashan,annaprashan,annaprashan,annaprashan,annaprashana,annaprassana,annprasan,annprashan,annprashan,anprashan,chandrayaan,chandrayaan,chandrayan"
"aarti mishra sector 82 vatika india next gurgaon 122004 haryana india 07355902782","aarti mishra sector 82 vatika india next gurgaon 122004 haryana india 07355902782"
"aate wala chocolate","aate wala chocolate"
"ab de villiers","ab de villiers"
"ab512d2f-1ad1-42a2-a167-379999096ca9.jpeg fgphotocake44","ab512d2f-1ad1-42a2-a167-379999096ca9.jpeg fgphotocake44"
"abby shower","abby shower,army shoes,babay shower,babay shower,babby shower,baby shaower,baby shawer,baby shiwer,baby shower 1,baby shower!,baby shower-1,baby showercup,bbay shower,bsby shower"
"abc kid tv","abc kid tv"
"abcd baby gorl","abcd baby gorl"
"abcd wala ke","abcd wala ke,bum wala cqke"
"abhijit happy birthday","abhijit happy birthday"
"abicy wonder girl","abicy wonder girl"
"abroad going brother","abroad going brother"
"abroad study","abroad study,abroad uk,abroad going"
"absolute vodka bottle","absolute vodka bottle"
"ac 149c shalimar bagh delhi 110088","ac 149c shalimar bagh delhi 110088"
accesories,"accesories,accessories,accessories,according,accserioes,accessories"
"account theme","account theme,accountant theam,accountant theme,accounting theme,accounts theme,accounts theme,adult them,advocate theme,advocate theme,alchohal theme,alchohol theme,alchol theme,alcholol theme,alcohal theme,alcohol theme,alcohol theme,alcohol theme,alcohol theme,alcohol themed,alcohol themed,alcohol themed,alocohol theme,balloon theme,bitcoin theme"
account's,"account's,accountancy"
"account's teacher","account's teacher,account's teacher"
"accountant customized","accountant customized"
"accounting girl","accounting girl,accounting cake]"
"accounts theme fondant","accounts theme fondant"
achievement,"achievement,bank achievement"
"achiever success","achiever success"
"acronym happy birthday","acronym happy birthday"
"acrylic topper","acrylic topper,alchol topper"
"acting queen","acting queen,acting queen,sleeping queen"
"actor profession","actor profession,ca profession"
acu10371＜s1﹥s2ʺs3ʹuca10371,"acu10371＜s1﹥s2ʺs3ʹuca10371,acu1387＜s1﹥s2ʺs3ʹuca1387,acu3882＜s1﹥s2ʺs3ʹuca3882,acu8712＜s1﹥s2ʺs3ʹuca8712"
acx[[${98991*97996}]]xca,"acx[[${98991*97996}]]xca,acx{{98991*97996}}xca"
acx__${98991*97996}__::.x,acx__${98991*97996}__::.x
"adams family","adams family,adam’s family,addams family,avanger family,animals family"
adandmja655,adandmja655
"adarsh colony near samsumg service 251001 muzaffarnagar","adarsh colony near samsumg service 251001 muzaffarnagar"
"add item","add item,add items,add tiara,all items,all white,arc tech,architech,bady sister,branded items,buddies,budwiser,budwiser"
"add couple","add couple,bed couple,best couple"
"add message bottle","add message bottle"
"add onnumber candle","add onnumber candle,candlesnumber candle"
"adda pao kace","adda pao kace"
additional,additional
"addmin sir","addmin sir"
"addon plant","addon plant,aero plain,aero plane,airoplan,areca plant,bambo plant,bamboo plant,bamboor plant,banana plant"
addonfg1vvvvvvvvvv,addonfg1vvvvvvvvvv
"address flavour guru","address flavour guru"
"adel coin","adel coin,adult ca,adult cack,adult man,adult cakr,adult cakw,adult cke,amex logo,apple icon,bday crown,canel lit"
"adha kilo ka black forest","adha kilo ka black forest"
"adidas full slee","adidas full slee"
"adm lucknow bipin kr mishra","adm lucknow bipin kr mishra"
admin@flavoursguru.com,admin@flavoursguru.com
administrative,administrative
admirable,"admirable,admirablee,admireable,anbirshe,assemble,available,breakable,breakable,fashionable"
"admirable beauty","admirable beauty,admirable besuty,admireble beauty"
"adorable choco cream","adorable choco cream,adorable choco cream - 2"
"adorable choco cream - 200 gm","adorable choco cream - 200 gm,adorable choco cream - 500 gm"
"adorable girl","adorable girl,adorable girl,adorable mic,adorable panda,adorable panda,adorable peppa,barbie girl,barbie girl"
"adorable mickey mouse","adorable mickey mouse,adorable mickey mouse,adorable mickey mouse - 1"
"adorable pegs pig","adorable pegs pig,adorable peppa pig,adorable peppa pig"
"adorable peppa pig cake-1.5","adorable peppa pig cake-1.5,adorable peppa pig cake-2,adorable peppa pig cake-3"
"adoreble peppa","adoreble peppa"
"adult bachelor party","adult bachelor party,bridal bachelor party"
"adult cacke","adult cacke,adult cajes,adult gitl,adult caker,adult cake],adult cames,adult ckaes,adult funny,adult groom,adult sex,anime cakke,army cackes,atul danker,candle acke"
"adult designs","adult designs,adult pennis"
"adult children birthday","adult children birthday"
"adult customise","adult customise,best customize,brand customise"
"adult erotic","adult erotic"
"adult naughty","adult naughty,boy naughty"
"adultcakefor male","adultcakefor male"
"adultery theme","adultery theme,adventure theme,avenger theme,avenger theme,avenger theme,avengers theme,avengers theme,avengers theme,builder theme,butterfly theme,butterfly theme,butterfly theme"
"advocate cate","advocate cate,advocate lawyer,advocate style,advocate theem,advocate theem,advocate type"
"advocates design","advocates design"
"aeronautic two tier","aeronautic two tier"
"aeronautic two tier - 2kg","aeronautic two tier - 2kg"
"aeroplane theme","aeroplane theme,aeroplane cakr,aeroplane cale,aeroplane ne theme,aeroplane shape,aeroplane shape,aeroplane theme,aeroplane theme,aeroplane theme 1kg,aeroplane theme,aeroplanecake,airlines theme,airlines theme,airoplane them,airoplane theme,airplane shape,airplane theme"
"aeroplane birthday","aeroplane birthday,choclate birthday"
"aeroplane under 1000 rs","aeroplane under 1000 rs"
"aeroplane clouds","aeroplane clouds,aeroplane clouds,airplane clouds"
"aeroplane pilot theme","aeroplane pilot theme,airplane pilot theme"
"aeroplane pinata","aeroplane pinata"
aeroplanes,"aeroplanes,aeroplanes,aerospace,air phones,airoplain"
"aesthetic birthday","aesthetic birthday,alcoholic birthday,asthetic birthday"
"aesthetic 2 layers","aesthetic 2 layers,aesthetic 3 layers"
"aesthetic circle long","aesthetic circle long"
"aesthetic designer","aesthetic designer"
"aesthetic happy birthday","aesthetic happy birthday"
"aesthetic heart shaped","aesthetic heart shaped"
"aesthetic mini lunch box","aesthetic mini lunch box"
"aesthetic simple","aesthetic simple"
"aesthetix blue","aesthetix blue"
"aevenger theme","aevenger theme,avengees theme,avenger assem,averngers stheme,balveer theme,bartender theme"
"affabala nutella","affabala nutella,affable nutella,affable nutella"
"affable nutella - 500 gm","affable nutella - 500 gm"
"affable nutella cale","affable nutella cale"
affairs,"affairs,aquarium,aquarium,bhujias"
affectionate,affectionate
"affectionate surprise","affectionate surprise,affectionate surprise box,affectionate surprisebox"
"african delight","african delight"
"after 8 mint chocolate","after 8 mint chocolate"
"after long time india","after long time india"
"after marriage 1st bdy","after marriage 1st bdy"
"agar agar jelly fruit","agar agar jelly fruit"
"age 13 boy","age 13 boy,age 22 boys,age 40 her,age 49 her"
"age 50 brother","age 50 brother,beat brother,best brother,came brother"
"age 6 years","age 6 years,boy 27 years,boy 7 years,boys 6 years,boy 6 yeras,cale 5 year,cars 2 years"
"age birthday 8 age","age birthday 8 age,age cirthdaycake"
"age perfection","age perfection"
"ageless jain","ageless jain"
"agg less only","agg less only"
agricultural,"agricultural,agriculture"
"agriculture field","agriculture field"
"ahinsa khand-2","ahinsa khand-2"
aiburobhat,"aiburobhat,ayiburo bhaat"
"air condition","air condition"
"air force colour","air force colour,air force pilot,air force us"
"air force day","air force day,air force theme,air force theme,air forcesh,air jordan,air jordan"
"air force officer","air force officer,airforce officer,airforce officer,airforce official"
"air force retirement","air force retirement"
"air hostage","air hostage,air hostees,air hosters,air hostes,air hostess,air hostess,air hotess,air hotess,airhostes,airhostes,airhostess,airhostess,alien stage,aur hosted,aur hostress,air hostess,airhostess,air hostes"
"air hostess vistara","air hostess vistara,air hostess birthday"
"air hostess 26 november 2023","air hostess 26 november 2023"
"air hostess cake-1.5","air hostess cake-1.5,air hostess cske,airhostess cacke"
"air hostess design","air hostess design"
"air hostess theme","air hostess theme,airhostess theme"
"air india crew","air india crew,air india theme"
"air jordan shoes","air jordan shoes,air jordans shoes"
"air ticket","air ticket,beer bucket,beer bucket"
"air ticket delhi badodera","air ticket delhi badodera"
"aircraft engineer","aircraft engineer,aircraft engineer"
"airforce theme","airforce theme,airforce theme,liquor theme,car race theme"
"airforce uniform","airforce uniform"
"airhostess birthday","airhostess birthday"
"airline captain","airline captain,airline go air"
"airline captain uniform","airline captain uniform"
"airlinee pilot","airlinee pilot"
"airlinee pilot uniforms","airlinee pilot uniforms"
"airplane cakr","airplane cakr,airplane cke,airplane shaped"
"airplane fondant","airplane fondant,apple fondant"
"airplane clouds - 2","airplane clouds - 2"
"airplane pilot theme cakea","airplane pilot theme cakea"
"airport plane","airport plane,airport staff"
"ajantha ellora","ajantha ellora"
"akhilesh yadav","akhilesh yadav"
aksharabhyasam,aksharabhyasam
"akshat named cupcakes","akshat named cupcakes"
"akshay kumar printed","akshay kumar printed"
"akshay photo","akshay photo,all baby photo,camera photo,camera photo,canada photo"
"aladdin cakk","aladdin cakk"
"alan walker","alan walker,alan walker,all wonder,amar bakery,bday banker,bear banker,bank worker"
"alax jason photo","alax jason photo"
"alchohal customized","alchohal customized,alcohol custamised"
"alchohol design","alchohol design,alchohol thine,alcohol design,alcohol design,alcohol design,alcohol designer,alcoholic design,alcoholic design,balloon design"
"alchol shape","alchol shape,alcholic cale,alcohol based,alcohol based,alcohol caked,alcohol shape,alcohol shape,alcohol shape,alcohol shaped,alcohol shaped,alcohol style,alcohol theam,animal shap,animal shape,animal shape,animal shaped"
"alcohal based","alcohal based,alcohal bottle,alcohol bottel,alcohol women,alcohol cskes,alcohol lover,alcohol lover"
"alcohol foundant","alcohol foundant,balloon fondant"
"alcohol cigarettes","alcohol cigarettes,alcohol ciggerate"
"alcohol birthday","alcohol birthday"
"alcohol bottels","alcohol bottels,alcohol bottle,alcohol bottle,alcohol bottle,alcohol bottles,alcohol combos,alochol bottle"
"alcohol bottle shape","alcohol bottle shape,alcohol bottle shaped,alcohol bottle theme,alcohol bottle theme"
"alcohol jack daniel's","alcohol jack daniel's"
"alcohol miniature","alcohol miniature"
"alcohol theme based","alcohol theme based,alcohol theme based,alcohol theme cale,alcohol theme cales,alcohol themed cak"
"alcoholic cales","alcoholic cales,alcoholic theme,alcoholic theme,alcoholic themed,alcoholic dad"
"alert father","alert father,babys father,best father,best father,best mother,grand father,grand father"
"alexis name","alexis name,anu name,apex game,ashish name,balls came"
"alfabate dejaian","alfabate dejaian"
"alfonso mango","alfonso mango"
"alia bhatt","alia bhatt"
"alice wonderland","alice wonderland,alice wonerland"
"all 500g","all 500g,all type,all types,bts 300,bts 300$,girl 200,call dutt,call duty,call duty,call duty,call duty"
"all blckforest","all blckforest"
"all recipes","all recipes,all fruits,all rounder"
"all beautiful","all beautiful,beautiful,beautiful,beautiful,beautiful,beautifull,combobeautiful"
"all cartoon theme","all cartoon theme"
"all chocolate mix","all chocolate mix,ball chocolate half"
"all disney princess","all disney princess"
"all mode cak","all mode cak,ballon cak,ballone cak"
"all love - 500 gm","all love - 500 gm"
"all pink theme","all pink theme,black pink theme,black pink theme,black pink them,black pink theme,black pink theme,black pink themed,blackpink theme,blackpink theme,blackpink theme,blackpink thene,blak pink theme,blippi theme"
"all products","all products,apple products,apple products,beaut product"
"all taip off","all taip off"
"all best exam","all best exam"
"all time janmashtam","all time janmashtam,all time janmashtami"
"all time janmashtami 07 september 2023 all time janmashtami","all time janmashtami 07 september 2023 all time janmashtami"
"all time love","all time love,all time love"
"all type good flavour","all type good flavour"
"all types 500gm","all types 500gm"
"all yours combo","all yours combo"
"almond caramel","almond caramel,almond caramel,almond normal,almond cale,almond caramel,almond caramel,almond glaze,banana caramel,banana caramel"
"almond milk","almond milk,almond chunk,almond chunk,almond flour,almond flour,almond honey,almond honey,almond rock,alon musk"
"almond anniversary","almond anniversary"
"almond biscuits","almond biscuits,atta biscuits"
"almond chunk - 1","almond chunk - 1"
"almond fresh fruit","almond fresh fruit"
"almond truffle","almond truffle"
"alochohol theme","alochohol theme"
"aloe vera plant","aloe vera plant"
"aloo mota bhalu","aloo mota bhalu"
"alovera gel","alovera gel"
"alphabet ballon’s","alphabet ballon’s"
"alphabet cupcakes","alphabet cupcakes,alphabet cupscake,alphabetical cupcakes"
"alphabetically name","alphabetically name"
"alsa ahana cale","alsa ahana cale"
"also lolly bag","also lolly bag"
"alvin chipmunks","alvin chipmunks"
"always forever","always forever,always forever,always there,always there-"
"always busy","always busy"
"always his favor","always his favor"
"always there-1","always there-1"
"am a, i,ra","am a, i,ra"
"amazon box theme","amazon box theme"
"amazon desgin","amazon desgin,amazon helpline,amazon logo,carton desin"
"amazon parcel","amazon parcel"
"amazon shopping","amazon shopping"
"amazon's seller","amazon's seller"
amazongoogle,amazongoogle
"ambedkar jayanti","ambedkar jayanti"
"ambulance police man","ambulance police man"
"ambulance shape","ambulance shape"
"america flag","america flag,america flag,american flag,american flag,american girl"
"american chocolate truffle","american chocolate truffle"
"american nuts ice cream","american nuts ice cream"
"american pride","american pride,american red v"
"american red velvet","american red velvet,american red velvet,american red velvet-1,american red velvet-1,american redvelvet"
"american red velvet-500 gm","american red velvet-500 gm"
"amidst clouds","amidst clouds,amidst clouds ₹6999"
"amiomore shop","amiomore shop"
"amma;s pasre","amma;s pasre"
"among us design","among us design"
"among us pineapple","among us pineapple"
"amour affa","amour affa"
"amul dark choclate","amul dark choclate"
"amul ice cream","amul ice cream,amul ice cream,cheap ice cream"
"amy barbie","amy barbie,bday babies"
"ananya tube","ananya tube,anna else,annaatthe,banana bob,banana cske,bananna pie"
"anaprashan cale","anaprashan cale,annaprashan theme"
"anasa restorent koshambi noida","anasa restorent koshambi noida"
anchalpari,"anchalpari,animal farm,batchelar,bechararl"
"anchor girl","anchor girl,boy or girl,boy or girl,boy or gurl,anchor symbol"
"andheri west","andheri west"
anewarssery,anewarssery
"angel demon theme","angel demon theme,angel demon themed"
"angel wings","angel wings,angelic twin,angelic twins"
"angels kitchen","angels kitchen"
"angry bird red velvet","angry bird red velvet"
"angry boy theme","angry boy theme,baby boy theme"
"angry girlfriend","angry girlfriend"
"angry lady boss","angry lady boss"
"animal 500 gm","animal 500 gm,animal design,animal design,animal pop up,animal theam,kids 500 gm,wife 500 gm,narnia - 500 gm"
"animal cak","animal cak,animal 4 year,animal zebra,animal ckae,animal cke,animal cup,animal floor,animal kids,animal pop,animal pop,animal safari,animal themw,animal thene,animal these,animals ake,animals kids,anime cales,anime came,anime caoes,caramal cakwe,chandilar cak"
"animal cute bento","animal cute bento"
"animal topper","animal topper,animal themed,animals theme,animals theme,animals theme"
"animal dyanasor","animal dyanasor"
"animal kingdom themed","animal kingdom themed"
"animal pop cake-1.5","animal pop cake-1.5"
"animal theme birthday","animal theme birthday,army theme birthday,candy theme birthday,car theme birthday,car theme birthday,cat theme birthday"
"animal theme cqke","animal theme cqke,animal theme cske,car theme cqke"
"animal.cake toppers","animal.cake toppers"
"animals jangal book","animals jangal book,animals jangalbook"
"animated airplane","animated airplane"
"animated dragons","animated dragons"
"animation company","animation company"
"animation theme","animation theme"
"anime lavender colour","anime lavender colour"
"anime charactwr","anime charactwr"
"anime fullmetal alchemist","anime fullmetal alchemist"
"anime luffy","anime luffy,animepotty"
"anime onepiece","anime onepiece"
"anime theme chocolate","anime theme chocolate"
"anivarsary photo","anivarsary photo,anniversary hotel,anniversery photo"
"aniversary pineapple","aniversary pineapple,anniversary pinaple,anniversary pineapple"
"aniversary cale","aniversary cale,aniversary candrl,aniversary fruit,anniversary blacake,anniversary cheese,anniversary couple,anniversary couple,anniversary cupcake,anniversary hamper,anniversery caje"
"aniversery mon dad","aniversery mon dad,annivarsary mom dad"
"aniversery gifts","aniversery gifts,aniversory 26 th"
"anna frozen","anna frozen,bella frozen,castlefrozen"
"anna featured","anna featured,banana flavored"
"anna pink","anna pink,army print,banana plum,barbie pink,blue pink,blue pink,dick pick"
"annaprasan theme","annaprasan theme,annaprasana theme"
"annaprashan decoration","annaprashan decoration"
"anneversary below rupees 300","anneversary below rupees 300"
"anniversary parents combo","anniversary parents combo"
"anniversary heart shape","anniversary heart shape,anniversary inheart shape,anniversary hard safe,anniversary heart shape,anniversary heart shape,anniversary heart shapes,anniversay heart shape"
"anniversary heart shape chocolates","anniversary heart shape chocolates"
"anniversary mama &amp; mami","anniversary mama &amp; mami,anniversary mom &amp; dad,anniversary maa &amp; papa"
"anniversary written","anniversary written,anniversary 2 tier,anniversary 2 tier,anniversary sister,anniversary two tier,anniversary wishes"
"anniversary 1 chocolate","anniversary 1 chocolate,anniversary chocklates,anniversary chocolate,anniversary choclate,anniversary chocolate,anniversary chocolate"
"anniversary 2 tier 2","anniversary 2 tier 2"
"anniversary 25 year","anniversary 25 year,anniversary 8 year,anniversary 3 layer,anniversary katihar,anniversary flower,anniversary flower"
"anniversary 34 mom dada","anniversary 34 mom dada"
"anniversary ballon light","anniversary ballon light"
"anniversary balloon","anniversary balloon,anniversary balloons"
"anniversary black forest","anniversary black forest,anniversary black forests"
"anniversary bouquets","anniversary bouquets"
"anniversary red velvet","anniversary red velvet,anniversary red velvate,anniversary red velvet,anniversary red velvet"
"anniversary 1 rs 600","anniversary 1 rs 600,anniversary rs 200,anniversary 200 rs 300"
"anniversary 10 year complete","anniversary 10 year complete"
"anniversary blueberry","anniversary blueberry"
"anniversary cream based","anniversary cream based"
"anniversary di jiju","anniversary di jiju,anniversary di nd jiju,anniversary vidios"
"anniversary eggless","anniversary eggless,anniversary eggless,anniversary flowers"
"anniversary mom dad chocolate flavour","anniversary mom dad chocolate flavour"
"anniversary muzaffarpur bihar","anniversary muzaffarpur bihar"
"anniversary photographer","anniversary photographer,anniversary photo roller"
"anniversary photographer theme","anniversary photographer theme"
"anniversary numeric number","anniversary numeric number"
"anniversary less than 500 gms","anniversary less than 500 gms"
"anniversary named pooja shiva","anniversary named pooja shiva"
"anniversary personalized","anniversary personalized"
"anniversary red velvet double layer","anniversary red velvet double layer"
"anniversary triple dekar","anniversary triple dekar"
"anniversary under price 500","anniversary under price 500"
"anniversary white colour tier","anniversary white colour tier"
"anniversary pictures","anniversary pictures"
"anniversary vombo","anniversary vombo"
"anniversary without fondent","anniversary without fondent"
"anniversary chocolate flavour","anniversary chocolate flavour,anniversary chocolate flavour,anniversary chocolate flavour,aniversary chocolate flavour"
"anniversary 400 rupees","anniversary 400 rupees"
"anniversary girlfriend","anniversary girlfriend"
"anniversary mom dad be","anniversary mom dad be"
"anniversary mother father law","anniversary mother father law"
"anniversary cupcakea","anniversary cupcakea,anniversary cupcakes"
"anniversary customize","anniversary customize,anniversary customized"
"anniversary descending","anniversary descending"
"anniversary love couple under 200","anniversary love couple under 200"
"anniversary lunchbox","anniversary lunchbox"
"anniversary ma papa","anniversary ma papa"
"anniversary muffin","anniversary muffin"
"anniversary photo 08 february 2024","anniversary photo 08 february 2024"
"anniversary photo 500gm","anniversary photo 500gm"
"anniversary pinata cak","anniversary pinata cak"
"anniversary pregnancy","anniversary pregnancy"
"anniversary restaurant","anniversary restaurant"
"anniversary surprise","anniversary surprise"
"anniversary wishes husband","anniversary wishes husband"
"anniversary without egg","anniversary without egg"
"anniversary, 1 pound","anniversary, 1 pound"
"anniversay calendar","anniversay calendar"
"anniversay cum birthday twin","anniversay cum birthday twin"
"anniversay topper","anniversay topper"
"anniverycake nani nani dadi dadu","anniverycake nani nani dadi dadu"
"annual celebration","annual celebration,cadbury celebration"
"anomie super hero’s","anomie super hero’s"
"answer keys practice cum work book","answer keys practice cum work book"
anthirium,"anthirium,anthuriam,anthurium,antique"
"anthurium faultline","anthurium faultline"
"anti garvity","anti garvity,anti gravity,anti gravity,antigravity,antigravity,antigravity,anyi gravity"
"anti gravity bud","anti gravity bud,antigravity bud"
"antiquity bottle shaped","antiquity bottle shaped"
antisocial,"antisocial,artist cale"
"anvika anvika mass bear","anvika anvika mass bear"
"anvika anvika mass cakes, ma bearand bear","anvika anvika mass cakes, ma bearand bear"
anyaluthra.23@gmail.com,anyaluthra.23@gmail.com
"apna photo wala birthday","apna photo wala birthday"
"apni family ko smbhal","apni family ko smbhal"
"apni photos dalne ke liye kya krna hoga","apni photos dalne ke liye kya krna hoga"
"apollo proton","apollo proton"
"apple tab","apple tab,apple brand,apple dry,apple fans,apple gadets,apple ipad,apple logo,apple eye,apple plum,apple tablate,apple tart"
"apple raspberry","apple raspberry"
"apple brand theme","apple brand theme,apple phone theme"
"apple cinamon","apple cinamon,apple cinnamon,apple cinnamon,apple cinnamon"
"apple cinnamon bread","apple cinnamon bread"
"apple decorate cakecakr","apple decorate cakecakr"
"apple decorated","apple decorated,car decorated,choklet decorated"
"apple flevour","apple flevour,apple lovers,apple lovers"
"apple gadget cale","apple gadget cale,apple gadgets"
"apple orchard","apple orchard"
"apple phone model","apple phone model,apple phone model came"
"apple pie dry","apple pie dry"
"apple products acke","apple products acke"
"april 6","april 6,sprinkles,sprinkles"
"aqua life photo","aqua life photo"
aquamarine,aquamarine
"ar535306 choudhary madical 7340495505","ar535306 choudhary madical 7340495505"
"arabian honey","arabian honey,arabian honey,arabic honey"
"aram karte huye men birthday","aram karte huye men birthday"
"arcade cke","arcade cke"
architecht,"architecht,architecht cq,architects,architects,architectural,architecture,architecture,architechture,architects"
"architect design","architect design"
"architect profession","architect profession"
"architect theme","architect theme,architecture theme,architecutre theme"
"architectural women","architectural women"
"architecture cale","architecture cale"
"arial mermaid cake-1","arial mermaid cake-1,arial mermaid cake-1.5"
"ariana grande","ariana grande,ariana grande"
"ariana grande makeup","ariana grande makeup"
"ariel cartoon","ariel cartoon,asterix cartoon,bento cartoon,bluey cartoon,bluey cartoon,booba cartoon"
"arjentina football theme birthday","arjentina football theme birthday"
"arjentina theme","arjentina theme,barcelona theme,barcelona theme"
"arjun kapoor","arjun kapoor"
"arjun looked like his grandfather past","arjun looked like his grandfather past"
"arm resling","arm resling,arm wrestling,car racing,car racing"
"armani exchange","armani exchange"
"armed forces","armed forces"
"army theme girls 8 years","army theme girls 8 years"
"army 30 gm","army 30 gm,army cup,army man,army pilot,army style,army trek"
"army general uniform","army general uniform"
"army officer","army officer,ias officer,navy officer,like army officer"
"army retirement 1 venilla flavour","army retirement 1 venilla flavour"
"army themecakes","army themecakes"
"army uniform","army uniform,army uniform"
arnav2187@gmail.com,arnav2187@gmail.com
"aroma diffuser","aroma diffuser"
"aromatic candles","aromatic candles"
"arsenal fan club","arsenal fan club"
"arsenal football","arsenal football,brazil football"
"art craft theme","art craft theme,astronaut theme,astronaut theme,astronaut theme"
"art theme girls","art theme girls,art theme girls,bts theme girls,bts theme girls,car theme kids"
"art theme paint theme","art theme paint theme"
"artest birthday recipe","artest birthday recipe"
"artificial creative flowers","artificial creative flowers,artificial creative flowersgifts"
"artificial floor","artificial floor,artificial flowers,artificial rose,artificial roses,artificial rose"
"artificial floral tiara","artificial floral tiara"
"artist so many","artist so many"
"artist cskes","artist cskes"
"artistic chocolate pleasure","artistic chocolate pleasure"
"artistic call","artistic call,artistic call duty,artistic call duty"
"arty crafty","arty crafty"
arun.lawaniya7@gmail.com,arun.lawaniya7@gmail.com
"aryan name cske","aryan name cske"
"as dr hhnnfg","as dr hhnnfg"
"ascending grow","ascending grow"
"âßdâddß kk q kk wmaaalllqkaa andax add add d q","âßdâddß kk q kk wmaaalllqkaa andax add add d q,âßdâddß kk qkk kk wmaaalllqkaa andkax add add d q"
"âßdâddß wax add add d aodoââ","âßdâddß wax add add d aodoââ"
"âßdâddß wmaaa andax add add d aodoââ","âßdâddß wmaaa andax add add d aodoââ,âßdâddß wmaaakka andax add add d aodoââ"
asdfgjharg,asdfgjharg
asdfgsdfhgwe,asdfgsdfhgwe
"ashok nagar","ashok nagar,ashok stambh"
"ashok park main","ashok park main"
"ashok vihar ilaqe code","ashok vihar ilaqe code"
"asian paints theme","asian paints theme"
"assain creed","assain creed,assasin creed,assason creed,assassin's creed"
"assorted choco arrangements","assorted choco arrangements"
"assorted chocolates","assorted chocolates"
"assorted dessert pack","assorted dessert pack,assorted dessert pack 4,assorted desserts pack"
"assorted dessert pack combo","assorted dessert pack combo"
"assortment choco cream cupcakes","assortment choco cream cupcakes"
"asthetic birthday capkes","asthetic birthday capkes"
"asthetic green","asthetic green"
"asthetic greengreen flower","asthetic greengreen flower"
"astral adventure","astral adventure"
"astronaut birthday","astronaut birthday,astronaut theam"
"astronaut design","astronaut design,austranaut design"
"astronaut space","astronaut space,astronauts cale"
"astronaut space theme","astronaut space theme"
"astronaut theme birthday","astronaut theme birthday"
"astronomy theme","astronomy theme,astronout themed,washroom theme"
"asus rog","asus rog,basic mom,came dog"
asymmetrical,asymmetrical
"athena cake-1","athena cake-1"
"atom bomb","atom bomb,automobile,gym booy,carton box"
"attack titan","attack titan,attack titan"
"attack titans theme","attack titans theme"
attitude,"attitude,attitude,attitude girl,attorney,buttiful,institute,prostitute,cat picture"
"attitude girl turns 19","attitude girl turns 19"
"atul bakers","atul bakers"
"atv drive theam","atv drive theam"
"audi car cale","audi car cale"
"audit finance","audit finance"
"auper man caje","auper man caje"
"australia kids","australia kids,australia flag,australia going,australia going,australia map,australia india,australian flag"
"australia safe journey","australia safe journey"
"australia india logo cale","australia india logo cale"
"australia india welcome","australia india welcome"
"australian cricket","australian cricket"
"authenic black","authenic black,authentic black,authentic love,authentic love"
"authentic red velvet","authentic red velvet"
"auto lover fondant","auto lover fondant"
"auto rickshaw","auto rickshaw,auto rickshaw,auto rishaw"
"auto rickshaw design","auto rickshaw design"
"auto theme cakr","auto theme cakr,beauty vtheme cakw,boys theme cakr"
"automobile engineer","automobile engineer,automobile engineer,mobile enginer"
automobiles,"automobiles,automobiles"
"avacado cheesecake","avacado cheesecake"
"availble offers","availble offers"
"avaingers cale","avaingers cale,avanger bike,avangers crash,avengers cool,avengers games"
"avenger assembly","avenger assembly,avengers assemble"
"avenger birth day cack","avenger birth day cack"
"avenger blue berry","avenger blue berry,avengers bluebarrys,cheese blue berry"
"avenger cupcake","avenger cupcake,avengers cupcakes"
"avenger double tier","avenger double tier"
"avenger marvel avenger","avenger marvel avenger"
"avenger photos","avenger photos"
"avenger smash","avenger smash,avengers crash-1,avergers crash,cakefor smash"
"avengers cartoon","avengers cartoon"
"avengers 500 grams","avengers 500 grams"
"avengers ????","avengers ????,flowers ????"
"avengers superman","avengers superman"
"avengers assemble pinata","avengers assemble pinata"
"avengers birthday","avengers birthday"
"avengers birthday cake-1.5","avengers birthday cake-1.5,avengers birthday cake-2"
"avengers birthday xake without foundent","avengers birthday xake without foundent"
"avengers avenger theme","avengers avenger theme"
"avengers 8 year boy","avengers 8 year boy"
"avengers captain marvel","avengers captain marvel"
"avengers cpokemon popsrash","avengers cpokemon popsrash"
"avengers eggless cupcake","avengers eggless cupcake"
"avengers endgame","avengers endgame"
"avengers photo cake-1","avengers photo cake-1,avengers photo cake-1"
"avengers theme 2 tier","avengers theme 2 tier,avengers theme blue"
"avengers theme blue bery","avengers theme blue bery,avengers theme bluebarri"
"avengers theme blue bery flaverflaver","avengers theme blue bery flaverflaver"
"avengers theme 1/2kg","avengers theme 1/2kg"
"avengers theme 7 year old","avengers theme 7 year old"
"avengers theme adults","avengers theme adults"
"avengers themed cup","avengers themed cup"
"avengersbaby boy","avengersbaby boy"
"average time make","average time make"
"aviation pattern","aviation pattern"
"aviation related","aviation related"
"aviation theme dad","aviation theme dad"
"avvenger infinty war no cream","avvenger infinty war no cream"
"awesome came","awesome came"
"ayurvedic treatment","ayurvedic treatment"
ayushi.mish22@gmail.com,ayushi.mish22@gmail.com
"azaan rauf","azaan rauf"
"b birthday three steps 1 yearirthday 3 steps","b birthday three steps 1 yearirthday 3 steps"
"b,day her","b,day her,b.day her,babay shark,bday brother,bday him,bday papa,bday papa,birday girl,break herat,budweiser,budweiser,budwieser,busy men,b’day him"
"b-day low price","b-day low price,b-day cheap price,birthday low price,birthday low prices,bomb low prices,start low price,girl low price"
"b. t. s unser 500","b. t. s unser 500"
"b.t.s army","b.t.s army,bta army,bts army v,bts army-1,but away,but. away"
"ba(h) insurance banking","ba(h) insurance banking"
"baa baa black sheep","baa baa black sheep,baa baa black sheep,baba black sheep,bas bas black sheep"
baahubali,"baahubali,baat pakki,bakarkhani,barabanki,budh badri,ca husband"
"baal mithaai","baal mithaai,bal mithaai,bal mithai"
"baba saheb statue","baba saheb statue,baba saheb photo"
"babka bread","babka bread,bakra eid,bakreed,bald head,banana bread,bunbread"
"bablu dablu","bablu dablu"
"baby 1 month","baby 1 month,baby 1 month,baby 1st month,baby 1st month,baby 6 month,baby 6 month,baby 6th month,baby boy 6 month,baby girl 1 month,half month"
"baby 1 year birthday","baby 1 year birthday,baby girl 1 year birthday,baby half year birthday"
"baby 100 day","baby 100 day,baby mundan,boy 1st bday"
"baby 3 month birthday","baby 3 month birthday,baby 4 month birthday"
"baby announcement","baby announcement"
"baby arival","baby arival,baby arrival,baby arrival -1,baby arrival,baby awaited,baby awaited,baby boy arrival,baby boy arrival,baby craddle,baby friendly,baby kitkat,baby knight,baby mackap,baby arrival"
"baby awaited cales","baby awaited cales,baby awaited combo"
"baby awaiting","baby awaiting,baby waiting,babyvawaited"
"baby bass smash","baby bass smash,baby boss case,baby boss half,baby boss major,baby girl smash"
"baby birthday girl cack","baby birthday girl cack"
"baby born cqke","baby born cqke,baby boss blue,baby boss cqke,baby boy cake.,baby doll cacke,baby doll caks,baby girl cak"
"baby boss fondant","baby boss fondant,baby bottle fondant,baby girl fondant,baby girl fondant"
"baby boss one year","baby boss one year,baby boy 1 year,baby boy 1 year"
"baby boss theam","baby boss theam,baby boss them,baby boss theme,baby boss theme,baby boss theme,babyboss theme"
"baby boss theme xakes","baby boss theme xakes"
"baby boy 1st bit","baby boy 1st bit,baby boyits bou"
"baby boy 2 years aeroplabe","baby boy 2 years aeroplabe,baby boy 2 years aeroplane"
"baby boy 2 yers","baby boy 2 yers,baby boy 3 years,baby boy 5 years,baby boy or girl,bay boy 2 years"
"baby boy 6 months","baby boy 6 months,baby boy 6 months cale,baby girl 6 months"
"baby boy balloons","baby boy balloons,boy baby balloon"
"baby boy bithday boy","baby boy bithday boy"
"baby boy cake-0.5","baby boy cake-0.5"
"baby boy chocolate","baby boy chocolate,ballon chocolate,boss baby chocolate,bubbly chocolate"
"baby boy cocomelon","baby boy cocomelon"
"baby boy cocommelon designed","baby boy cocommelon designed"
"baby boy cupcakes","baby boy cupcakes,baby girl cupcakes,baby shower cupcakes,boss baby cupcakes"
"baby boy half birthday","baby boy half birthday,boy half birthday"
"baby boy half year","baby boy half year"
"baby boy newborn","baby boy newborn"
"baby boy turning 1","baby boy turning 1,baby turning 1"
"baby bump bliss","baby bump bliss,baby bump bliss"
"baby cake-3","baby cake-3,baby chicken,beard cake-1"
"baby cakedoctor","baby cakedoctor"
"baby daughter first","baby daughter first"
"baby coming out","baby coming out,baby coming soon,baby coming soon"
"baby completing first month","baby completing first month"
"baby cycle design","baby cycle design,baby finn design,baby girl design"
"baby doll cacke strawerry","baby doll cacke strawerry"
"baby doll - 1kg","baby doll - 1kg,baby doll - 2,baby doll 1kg,baby doll half,barbie doll 1kg"
"baby doll choklet flaver","baby doll choklet flaver"
"baby doll pics birthday","baby doll pics birthday,baby doll shop birthday"
"baby elephant","baby elephant,baby elephant,baby elephant"
"baby first birthday bigg boss","baby first birthday bigg boss"
"baby first new year","baby first new year"
"baby first tv","baby first tv"
"baby footprint","baby footprint"
"baby gilr welcome","baby gilr welcome,baby girl welcome,baby girl welcome,baby girl welcone,baby tv welcome,baby tv welcome,baby tv welcomes,babytv welcome,bay tv welcome"
"baby girl dress","baby girl dress,baby girl 3 year,baby girl born,baby girl boy,baby girl cackes,baby girl doll,baby girl canes,baby girl crown,baby girl doll,baby girl half,baby girl kids,baby girl theme,baby girl theme,baby girl.cakes,baby girl doll"
"baby girl 1st bday","baby girl 1st bday,baby girl fist bdy"
"baby girl b'day design","baby girl b'day design"
"baby girl barbiedoll","baby girl barbiedoll"
"baby girl designer","baby girl designer,baby girl shower"
"baby girl 3 years old","baby girl 3 years old"
"baby girl third birthday","baby girl third birthday"
"baby girl welcome nani house","baby girl welcome nani house"
"baby girls under 800","baby girls under 800,girls under 800"
"baby girls mekeup","baby girls mekeup"
"baby gril doll cack","baby gril doll cack"
"baby haircut","baby haircut,baby shark 1,bouncy hair cut"
"baby dreamland","baby dreamland,baby dreramland"
"baby dreamland fondant","baby dreamland fondant"
"baby looney tunes","baby looney tunes"
"baby milestone","baby milestone,baby milestones"
"baby milestones theme","baby milestones theme"
"baby milk bottel theam","baby milk bottel theam"
"baby milk bottle shape","baby milk bottle shape"
"baby name ceremony","baby name ceremony,bangle ceremony"
"baby name pull up","baby name pull up"
"baby pink colour","baby pink colour,black pink colour"
"baby samples","baby samples"
"baby sea animal","baby sea animal,baby sea animals,baby sea animals,baby sea animals - 2"
"baby shark 3 layer","baby shark 3 layer"
"baby shark pintrest","baby shark pintrest,baby shark pink"
"baby shark fondant images","baby shark fondant images"
"baby shark music","baby shark music,baby shark theme,baby shark theme"
"baby shower bear theme","baby shower bear theme"
"baby shower bento","baby shower bento,baby shower cack,baby shower girl,baby shower 500gm,baby shower cup,baby shower cale,baby shower cup,baby shower cup,baby shower swing,baby shower twins"
"baby shower cupcake","baby shower cupcake,babyshower caked"
"baby shower decoration","baby shower decoration"
"baby shower hamper","baby shower hamper"
"baby shower muffin","baby shower muffin"
"baby showercake boy","baby showercake boy"
"baby theme cup","baby theme cup,car theme cke"
"baby tv decoration","baby tv decoration,balloon decoration,baloon decoration"
"baby tv welcomes-2","baby tv welcomes-2,babytv welcomes,bay tv welcomes"
"baby us panda","baby us panda"
"baby welcome back home","baby welcome back home,baby welcome back homm,baby welcome cak e"
"baby welcome cak","baby welcome cak,baby welcome girl,baby welcome girl,baby welcome party"
"baby welcome cak e half","baby welcome cak e half"
"baby pacifier","baby pacifier"
"baby's teddy","baby's teddy,baby’s daddy"
babyshowerbaby,babyshowerbaby
"baby’s breathe","baby’s breathe"
"bacardi boack","bacardi boack,bacardi lemon,card board"
"baccarat casino&gt;&gt;funslot.bet&lt;&lt;baccarat casino&gt;&gt;funslot.bet&lt;&lt;funslot situs judi slot teratas. agen aliansi dapat membalas hingga 200% setiap hari, member baru yang mendaftar dan download app berkesempatan mendapatkan rp 77,7","baccarat casino&gt;&gt;funslot.bet&lt;&lt;baccarat casino&gt;&gt;funslot.bet&lt;&lt;funslot situs judi slot teratas. agen aliansi dapat membalas hingga 200% setiap hari, member baru yang mendaftar dan download app berkesempatan mendapatkan rp 77,7"
"bachellorete cupcakes","bachellorete cupcakes,bacheloratte cupckaes,bachelorette cupcake,bachelors cupcakes"
"bachelor birthday","bachelor birthday,father's birthday"
"bachelor groom","bachelor groom,bachelor ovary,bachelors bride,bachelors groom,bachelors boys,bachelour bride,batchelor boys"
"bachelor couple","bachelor couple"
"bachelor cakesa naughty","bachelor cakesa naughty"
"bachelor fondant","bachelor fondant,ballon fondant,balon fondant"
"bachelor party bride","bachelor party bride,bachelor party men,bachelor party cales,bachelor party theme,bachelor'rette bride"
"bachelore theme cale","bachelore theme cale"
"bachelorette bride groom","bachelorette bride groom"
"bachelorette decoration","bachelorette decoration"
bachelorwhiskey,bachelorwhiskey
"bachleor bride","bachleor bride,beachler bride,bechlor bride"
"bachloratte theme","bachloratte theme"
"bachorlette them cale","bachorlette them cale"
"back forest romantic husband brithday","back forest romantic husband brithday"
"back normal them","back normal them"
"backdrop designs christining","backdrop designs christining"
"background design","background design"
"bad manager","bad manager,bad minton,badanamu,bank manager,bank manager,bts banner,event manager,female manager"
"badla 1080p","badla 1080p"
"badminton court","badminton court,badminton shape,badminton theme"
"badminton player","badminton player,badminton player"
"badminton theme choclate","badminton theme choclate"
"badminton themetheme","badminton themetheme"
"bady spray","bady spray,body parts,car supra"
"bahrain flag","bahrain flag,canada flag,canada flag,canada flag,canada flag,canadian flag,canadian flag"
"baibhav name","baibhav name,barbie came"
"bailey's cheesecake","bailey's cheesecake"
"baileys cream","baileys cream"
"bajarangi theme","bajarangi theme,bajrangi photo,biriyani theme,biriyani theme,biryani theme,biryani theme"
"bajrangi picture","bajrangi picture,barbie picture"
"bake rasgulla","bake rasgulla,baked rasgulla"
"bake studio","bake studio,baker street,cacke student"
"baked alaska","baked alaska,baked vcajw"
"baker chance","baker chance"
"bakeries all over world","bakeries all over world"
"bakeries near","bakeries near,bakery near"
"bakery location","bakery location"
"bakery banaras shop name","bakery banaras shop name"
"bakery food","bakery food,bakery tools"
"baking happyniss","baking happyniss"
"bal ganesh","bal ganesh,bal hanuman,board games"
"bal vikas pub. jr . high school","bal vikas pub. jr . high school"
"balbir picture","balbir picture,bike picture,box picture,bts picture,bunny picture,car picture"
"balck forest price","balck forest price,black forest 1 price"
"baleno car","baleno car,baleno car,ball 2 lear,balloon cakr,balloon cale,balloon cke,balloon air,balloon air,balloon air,baloon cale,belono car,bento cakr,bento cakrs,bento caks,bento cakw,bento came,bento ckae,bento ckar,breeza car"
"balentine shaped","balentine shaped"
balgerian,"balgerian,ballerote,beautician,beautician,belgiam,belgium,belgium,belgium,blueocean,bouldering,beautician,librarian"
"balgian choco","balgian choco,banana chocho,banana choco,belgian choco,belgian choco,candies choco,candies choco,candy n choco,candyand choco"
"ball shape cale","ball shape cale,ball shape kids,beer shape cak,beer shape cale,bike shape cack,bullet shape cales,burger shape cale,car shape cakea,car shape half"
"ball0ons rainbow","ball0ons rainbow,ballon rainbow,ballons rainbow,ballons rainbow,balloon rainbow,balloon rainbow,balloon rainbow,balloon ina rainbow,balloon rainbow,balloons rainbo,balloons rainboe,balloons rainbow,balloons rainbow 1,balloons rainbow,balloons rainbow-1,balloons rainbow-2,balloons rainbow,balloons rainbow,baloon rainbow,baloons rainbow"
"balle balle shinchan-1","balle balle shinchan-1"
"ballon icecream","ballon icecream"
"ballon boquet","ballon boquet,ballon brunch,ballon bunch,ballon ballon,ballon cales,balloon bouquet,balloon boquet,balloon bouquet,balloon bouquet,balloon bouquets,balloon bun,balloon buqayes,balloon love,balloon topper,balloon topper,balloon topper,balloons bouquet,baloon bouqet,baloon bucket,baloon packet,baloon topper,baloon topper,balloon topper"
"ballon under 1000","ballon under 1000,army under 1000,cartoon under 1000,cartoon under 1000"
"ballon chocolate decoresen","ballon chocolate decoresen"
"ballon decoration first birthday","ballon decoration first birthday"
"ballon surprise box","ballon surprise box"
"ballons bunch","ballons bunch,ballons bunch,balloon brunch,balloon bunch,balloon bunch,balloons bunch,balloons bunch,baloon bunch"
ballon’s,"ballon’s,balloon kids,selfie’s,women’s,calum’s"
"balloon parashute","balloon parashute"
"balloon alphabet","balloon alphabet,bolar alphabet"
"balloon barbie vake","balloon barbie vake"
"balloon candle","balloon candle,balloon purple,balloon combo,balloon hamper,balloon lavender,balloon prank,baloon cske,cartoon cale"
"balloon 500 gm","balloon 500 gm,below 500 gm,blooming 500 gm,cartoon 500 gram,cartoon 250 gm,cartoon 500 gm,cartoon 500gm"
"balloon baby boy","balloon baby boy"
"balloon deco","balloon deco,balloon pump,balloons air,balloons air,balloons love,baloon pump,balloons top"
"balloon decoration dwarka sector 7","balloon decoration dwarka sector 7"
"balloon decorations","balloon decorations,balloon decorators,balloons decoration,balloons decorations"
"balloon design girl","balloon design girl"
"balloon flower cakepink flowers balloon","balloon flower cakepink flowers balloon"
"balloon full love","balloon full love,basket full love"
"balloon wishes","balloon wishes,balloon toppers"
"balloon pull upe cale","balloon pull upe cale"
"balloon ride fondant","balloon ride fondant"
"balloon theme birthday","balloon theme birthday"
"balloons bunch cake","balloons bunch cake"
"balloons husband","balloons husband"
"baloon new born","baloon new born,born new boy"
"balwinder birthday","balwinder birthday"
"bam ke ek sasta wala","bam ke ek sasta wala"
"bamboo plant flower bouquet","bamboo plant flower bouquet"
"bamboo stick","bamboo stick,bamboo tree"
"banana crumble","banana crumble,banana roll"
"banana bob mini","banana bob mini,banana n bob minion,banana n bob minions,banana n bob minions,banana n bob minions"
"banana bob minion 29/07/2022 2:57 pm","banana bob minion 29/07/2022 2:57 pm"
"banana minion","banana minion,banana carrot,banana only"
"banana cream cheese","banana cream cheese,carrot cream cheese"
"banana choco chip","banana choco chip,black chocochip,black chocochip"
"banana choco chip cake-500 gms","banana choco chip cake-500 gms"
"banana chocolate pound","banana chocolate pound"
"banana dry","banana dry,bananofee,bhangra boy,bhavana bday,canada dlag"
"banana dry fruit","banana dry fruit,cassatta dry fruit"
"banana flavour","banana flavour,banana flavourcake,banana walnut,banana walnut,benela flawoer,brandy flavour,camera flavour,candy flavours"
"banana walnut dry","banana walnut dry"
"banata ka sansad kon h","banata ka sansad kon h"
"banbudh burubak","banbudh burubak"
"bang tan boys scout","bang tan boys scout"
"bangalipura banda near pankaj nale bahoran purwa banda uttar pradesh 210001","bangalipura banda near pankaj nale bahoran purwa banda uttar pradesh 210001"
"bank employees","bank employees,bank employee,zee employee"
"banker boyfriend","banker boyfriend,bday boyfriend,bday boyfriend,benta boyfriend,bento boyfriend,busy boyfriend,foe boyfriend,half boyfriend,dancer friend"
"banker customised","banker customised,batsman customised,books customized,canada customized"
bannoffee,"bannoffee,bannoffee pie,bannoffee pie,banofee pie,banofee pie,banoffe pie,banoffee pie,banoffee pie,banoffee pie,banofie pie,bento coffee,bunny face"
"bansuri ckae","bansuri ckae"
"bar y girl square shape","bar y girl square shape,barby girl square shape"
"barbe doll girl","barbe doll girl,barbie doll girls"
"barbecue nation price list janakpuri","barbecue nation price list janakpuri"
"barbeque design","barbeque design"
"barbeque theme","barbeque theme,barbie them,beybalde theme,boutique theme"
"barbi print","barbi print,barbie price,barbie cane,barbie photo,barbie print,bts print,car drift"
"barbie 1 year","barbie 1 year,barbie 1kg,barbie 1kg,barbie 3 tire,barbie 3 kares,barbie step,barbie style,girl 1 year"
"barbie cholate","barbie cholate,barbie half,barbie half,barbie half,barbie castle,barbie castle"
"barbie under 500","barbie under 500,barbie under 600,blue under 800,bomb under 700,matki under 200"
"barbie lengha","barbie lengha"
"barbie cake. 5","barbie cake. 5"
"barbie cake. 5 pine apple","barbie cake. 5 pine apple"
"barbie chocolate flavour","barbie chocolate flavour"
"barbie chocolate pastri","barbie chocolate pastri"
"barbie doll birthday","barbie doll birthday,barby doll birthday,beer bottle borthday"
"barbie doll chocolate","barbie doll chocolate,barbie doll chocolate"
"barbie dream house","barbie dream house"
"barbie drip ballon","barbie drip ballon,barbie drip balloon,barbie drip balloon"
"barbie drip balloon cale","barbie drip balloon cale"
"barbie floral garden","barbie floral garden,barbie floral roses,barbie floral roses"
"barbie floral princess","barbie floral princess"
"barbie girl 1st birthday","barbie girl 1st birthday"
"barbie floral roses - 2","barbie floral roses - 2"
"barbie little mermaid","barbie little mermaid"
"barbie minnie chota bheem","barbie minnie chota bheem"
"barbie pastry","barbie pastry,bomb pestry,carrot pastry"
"barbie shape 2 pound","barbie shape 2 pound"
"barbie style ek dedh kilo mein","barbie style ek dedh kilo mein"
"barbieque fondant","barbieque fondant"
"barcelona madrid","barcelona madrid,barcelona jacket,barcelona name"
"barcelona team","barcelona team"
"barral bonaza","barral bonaza,barrel bonanza"
"barrel 2kg","barrel 2kg"
"bart homer","bart homer,beard men,beatboxer,beauty hamper,best mom,best mom,board game,burn paper,para jumper"
"barthday husbend","barthday husbend,bday husband,bday husband,birth day husband,birth day husband,birthday friend,birthday husband.,birthday friend,birthday friend,birthday friend,birtthday husband,baday husband"
"baseball special fondant","baseball special fondant"
"basic between 500","basic between 500"
"basic cames","basic cames,bento cajes,bento cales"
"basket 10 chocolates","basket 10 chocolates"
"basket ball cream","basket ball cream,basket ball lover,basket ball lovers,basket ball theme,basket ball theme,basket ball theme.,basketball theme,basketball came,basketball court,basketball cskes,basketball them,basketball theme,basketball theme,basketball theme"
"basket hampers","basket hampers,broken hammer"
"basketball birthday","basketball birthday"
"basketball toppers","basketball toppers,basketball hammer,basketball lover,basketball player,basketball themed,basketball lover,basketball player,basketball players"
"basketball design","basketball design"
"basketball pitch","basketball pitch,basketball smash,basketball playe"
"basketball theme birthday","basketball theme birthday"
"basque cheese","basque cheese,bento cheese,biscoff cheese,carrot cheese"
"bass guitar","bass guitar"
"bat man low cost","bat man low cost"
"bat nd bowl cales","bat nd bowl cales"
"batar esochoch","batar esochoch,batar sochoch"
"bater icing","bater icing,beggibing,bike racing,blue icing,blue icing,bugar king,white icing"
"bathroom basin","bathroom basin,battroom kake"
"bathroom fittings","bathroom fittings"
"batman 2 layer","batman 2 layer,bts 3 layer,bts 2 layers"
"batman cakes'","batman cakes',batman cupcake"
"batman fondant","batman fondant,batman fondant,batman fondant,bento fondant,candy fondant"
"batman n gotham city","batman n gotham city"
"batman n superman","batman n superman,batman superman"
"batman superhero","batman superhero,batman superhero"
"batman superman spider man","batman superman spider man"
"batman symbol","batman symbol,batman symbol,batman thrill"
"batman symbol ecstasy","batman symbol ecstasy"
"batman without fondant","batman without fondant,bts without foundant"
"batmintion pitch girls","batmintion pitch girls"
batmintoncake,batmintoncake
"batterschoch chhocalte","batterschoch chhocalte"
"battery stickers","battery stickers"
"battle bus","battle bus,battlegrounds,bottom up,bottom ups,little baby,castle house"
"battle ground india","battle ground india"
"battle ground mobile theme","battle ground mobile theme"
"bayern munchen","bayern munchen,bayern munich"
"bayern munchen theme football","bayern munchen theme football"
"bbw forplay","bbw forplay"
"bbys gifts","bbys gifts,bday gifts,best gifts"
"bca coding","bca coding,blossoming,buds coming"
"bday accessories","bday accessories,birthday accessories"
"bday 21 year boy","bday 21 year boy,best 6 year boy,smash 1 year boy,kids 1 year boy"
"bday businessman","bday businessman,birthday businessman,birthday business man,businessman,businessman,businessman"
"bday husband son","bday husband son"
"bday men half","bday men half,bday mom law"
"bday teenager boy","bday teenager boy"
"bday image cigarettes","bday image cigarettes"
"bday image cigarettes alcohal","bday image cigarettes alcohal"
"bday quotes","bday quotes,bday music,bear budies"
"bday rainbow","bday rainbow,birthday rainbow,birthday rainbow"
"bday valena falour 500 gm","bday valena falour 500 gm"
"bday 14 uear old girls","bday 14 uear old girls"
"bday girl branded purse theme","bday girl branded purse theme"
"bday card love","bday card love"
"bday cards husband","bday cards husband,birthday card husband,birthday cards husband"
"bday decorations","bday decorations,beer decoration,birthday decoration,birthday decorations,brithday decoration,fruit decorations,cale decoration,car decoration"
"bday vega bts cak","bday vega bts cak"
"be healthy cke","be healthy cke"
"be jewelled photo","be jewelled photo"
"be judgemental","be judgemental"
"be lady - 2","be lady - 2,bullet 1,bullet 1/2"
"be valentine","be valentine,be valentine"
"be valentine cake-set 3","be valentine cake-set 3"
"bear chocolate hamper","bear chocolate hamper,bear n chocolate hamper"
"bear masha degin","bear masha degin,bear masha vake"
"bear barel","bear barel,bear bottel,bear bottle,bear bottle,bear bottle,bear buddies,bear cup,beared cale,beer bottle,beer bottle,beer barrel,beer botel,beer botle,beer bottle,beer bottle,beer bottle,beer theem,beer them,berr pices,blue label,blue label,beer bottle,beer bottle"
"bear botole shape cack","bear botole shape cack"
"bear masha bear 4 years old","bear masha bear 4 years old"
"bear or whisky","bear or whisky,bourbon whiskey"
"bear shape lemon","bear shape lemon,beer shape lemon cak,beer shape lemon"
"bear theam cack","bear theam cack,beer theme cale,car theam cacke"
"beard moustache cale","beard moustache cale"
"beard cake-500 gms","beard cake-500 gms"
"beard mustache","beard mustache,beard n mustache"
"bearded men","bearded men,brand wimen"
beashfull,"beashfull,beshfull,beutifull,blissful,blissful,blissfull"
"beast boy subh","beast boy subh"
beastboycake,"beastboycake,bento cakea,bento caked,bento cakew,bento xake"
"beat wishes","beat wishes,bento cskes,bento sister,best wife,best tastey,best wish,best wishees,best wishws,bright wishes,cheadle wishes"
"beat फ्लेवर केक इन दिल्ली","beat फ्लेवर केक इन दिल्ली,best फ्लेवर केक इन दिल्ली"
"beaterfly s","beaterfly s,beaterfly image,biutterfly,butterfly boys,butterfly box,butterfly kids,butterfly cup,butterfly’s,buttwrfly,buuterfly"
"beautiful birthday","beautiful birthday,beautiful birthday boys,beautiful mom birthday"
"beautiful girl","beautiful girl,beautiful cale,beautiful cupid,beautiful desire,beautiful girl,beautiful girl,beautiful heart,beautiful life,beautiful pink,beautoful pink,beutiful cale"
"beautiful hamper","beautiful hamper"
"beautiful heart sha","beautiful heart sha"
"beautiful pink desire","beautiful pink desire"
"beautiful pink desire-500 gms","beautiful pink desire-500 gms"
"beautiful surprise","beautiful surprise"
"beautiparolour deisgn","beautiparolour deisgn"
"beauty beast","beauty beast,beauty beast,beauty n beast,beauty queen,beauty queen,beauty salon,beauty set"
"beauty pink chocolate eggless 2","beauty pink chocolate eggless 2"
"beauty n cosmetics theme","beauty n cosmetics theme"
"beauty parlor","beauty parlor,beauty parlour,beauty parlour,beauty parlour"
"beauty products design","beauty products design"
"beauty queen themed","beauty queen themed"
"bebefinn theme","bebefinn theme,building theme"
"bebi savar","bebi savar,best sallar"
"became new father birthday","became new father birthday"
bechlattare,"bechlattare,becholar rate"
"becky beige","becky beige,becky biege,beicky beige"
"becky beige chocolate","becky beige chocolate,becky beige chocolate"
"bedmintan shape","bedmintan shape"
"beer 0.5","beer 0.5,beer 0.5,beer 0.5 lg,beer cheap,beer cup,beer cw,beer. mug,bow arrow,best frd"
"beer cigarette","beer cigarette,beer cigarette,beer cigarettes,bottle cigarette,cale cigarettes"
"beer attached","beer attached,beer themed"
"beer botle desin","beer botle desin"
"beer bottel ceke","beer bottel ceke,beer bottle caje,beer bottle theme,beer bottlee"
"beer bottle top cale","beer bottle top cale"
"beer bottle themed","beer bottle themed"
"beer buddies","beer buddies,beer buddies 14,beer buddies 1kg,beer buddies,beer buddies-1,best budget"
"beer car lovermug","beer car lovermug"
"beer furniutre","beer furniutre"
"beer partyholoc theme","beer partyholoc theme"
"beer price low","beer price low"
"beer car laptop","beer car laptop"
"beer cigrette design","beer cigrette design"
"beer design birthday","beer design birthday,car design birthday,chef design birthday"
"beer gravity","beer gravity,beer gravity,beer mug gravity"
"beer hotel shape","beer hotel shape,beer mug shape"
"beer king no kek","beer king no kek,beer no kek"
"beer mug 1kg","beer mug 1kg,beer mug 500 gm"
"beer tap cajes","beer tap cajes,beer theme cames"
"beer whiskey theme","beer whiskey theme,whiskey theme"
"beet bottle","beet bottle,best gorls,bheem cotton,bislery bottle,wine bottle,drink bottle,wine bottle,cakebottle,wine bottle,card bottle."
"before 1 pm kra paayenge + 100 charge bhi lene chahiye humein sir inse","before 1 pm kra paayenge + 100 charge bhi lene chahiye humein sir inse"
"before 10 old girl","before 10 old girl"
begininng,"begininng,beginnings,beginnning"
"beige green","beige green,bike sheet,bride groom,bride groom,bride groom,bride groom"
"belated birthday","belated birthday,choclates birthday"
"belated happy birthday","belated happy birthday"
"belding photo","belding photo,burning photo"
"belgian truffle","belgian truffle,belgium treble,belgium truffle,belgium waffle"
"belgian cacao berry chef spl","belgian cacao berry chef spl"
"belgian chocolate salted caramel","belgian chocolate salted caramel"
"belgian chocolate xake","belgian chocolate xake"
"belgian dark chocolate","belgian dark chocolate,belgian mat chocolate,belgian mat chocolate,belgian mat chocolate,belgian mat chocolate-1,belgian max chocolate,belgium drak chocolate,beligan mat chocolate"
"belgian evasion","belgian evasion,belgium evasion"
"belgian mat","belgian mat,belgian mat,belgium ca,belgium cakr,belgium mat,belgium.,design cat"
"belgian mat chocolate cake-500 gm","belgian mat chocolate cake-500 gm"
"belgium swiss chocolate","belgium swiss chocolate,belgium matte chocolate"
"belgium cheeses","belgium cheeses,belgium crackers"
"belgium chocolate designer","belgium chocolate designer"
"belgium chocolate hazelnut","belgium chocolate hazelnut,belgium chocolate hazelnut"
"belgium chocolate ice cream","belgium chocolate ice cream"
"belgium chocolate truffle","belgium chocolate truffle"
"belgium dark choclate powerball","belgium dark choclate powerball"
"belgium evasion chocolate","belgium evasion chocolate"
"belgium matt choco","belgium matt choco"
"belgium waffel","belgium waffel"
"bell air home baked","bell air home baked"
"bell charm","bell charm,bhut hard,billboard,billiard"
"bell pepper, hlnjz.cn ,chili,fig,squid,cherry,miso,almond,tomato,squash,cauliflower,beef,....2bb9","bell pepper, hlnjz.cn ,chili,fig,squid,cherry,miso,almond,tomato,squash,cauliflower,beef,....2bb9"
"belly blessing","belly blessing"
"ben 10 cae","ben 10 cae,ben 10 3 step,ben 10 cale,ben10 alien,bento calea,bento caled"
"ben holly theme","ben holly theme"
"benarsi lehnga","benarsi lehnga"
"bengali culture","bengali culture"
"bengali punjabi wedding custom","bengali punjabi wedding custom"
bengaluru,"bengaluru,bento guru,best luck,best luck,best luck"
"bento 20","bento 20,bento black,bento box,bento box,bento box,bento girls,bento hubby,bento girls,bento coffe,bento sorry"
"bento flowers","bento flowers,best flavors,best flawed,bunch flowers,&amp; flowers"
"bento brigade","bento brigade,bento cakebrigade"
"bento cup cales","bento cup cales"
"bento flower bouquet","bento flower bouquet"
"bento cupcakes combo","bento cupcakes combo,bento cupcakes set"
"bento 1 year anniversary","bento 1 year anniversary"
"bento baby toooth","bento baby toooth"
"bento girlsthree girls generation","bento girlsthree girls generation"
"bento happy birthday husband","bento happy birthday husband"
"bento husband","bento husband,best husband,best husband,best husbnd,bomb husband,busy husband,busy husband,cack husband,cacke husband,busy husband,cake. husband,cale husband,ceke husband"
"bento thankyou","bento thankyou"
"bento boyfriend birthday","bento boyfriend birthday,best friend birthday,best friend birthday,best friend birthday"
"bento within 300","bento within 300"
"bento car birthday","bento car birthday"
"bento cartoom","bento cartoom"
"bento cute mini","bento cute mini"
"bento spider man","bento spider man,bento spiderman,black spiderman"
"benz g class","benz g class,wine glass"
"benz mercedes","benz mercedes,bmw mercedes,car mercedes"
"berath milki","berath milki"
"berry mexc&gt;&gt;byd77.com&lt;&lt;2888u berry mexc&gt;&gt;byd77.com&lt;&lt;2888u berry mexc&gt;&gt;byd77.com&lt;&lt;2888u berry mexc","berry mexc&gt;&gt;byd77.com&lt;&lt;2888u berry mexc&gt;&gt;byd77.com&lt;&lt;2888u berry mexc&gt;&gt;byd77.com&lt;&lt;2888u berry mexc"
"besan laddu","besan laddu"
"bespoke bakery","bespoke bakery"
"best best shops delhicake customised shops delhi","best best shops delhicake customised shops delhi"
"best birthday 3 tier","best birthday 3 tier"
"best birthday templates","best birthday templates"
"best shop near tis hajari","best shop near tis hajari"
"best 15 year","best 15 year,best seller,best seller,design 18 year"
"best bakers gurugram","best bakers gurugram,bakers gurugram"
"best customised shops delhi","best customised shops delhi"
"best designs kids","best designs kids,best selling kids,bus design kid"
"best fir girls","best fir girls,best cale fir girls,best friend girl"
"best best friend","best best friend,girl best friend,male best friend,foe bestfriend"
"best loved one","best loved one"
"best twins baby","best twins baby"
"best cakebomb husband","best cakebomb husband"
"best cakefor ,","best cakefor ,"
"best college boys","best college boys,college boys"
"best 700 half eggless","best 700 half eggless"
"best chicken patties gurgaon","best chicken patties gurgaon,chicken patties gurgaon"
"best compliments","best compliments"
"best cook","best cook,best person,best person,best senior,best toffy,bhai dooj,bhai dooj,bestfrend"
"best costuming","best costuming,best selling"
"best credit card walmart purchases,【site: sig8.com】vclub carding,cvv2 bank america,barclay bank credit card,cc dump sites,working fullz,capitec cvv number,i need credit card today,high valid cvv shop,track 101 dumps,amazon cc chase,....4da4","best credit card walmart purchases,【site: sig8.com】vclub carding,cvv2 bank america,barclay bank credit card,cc dump sites,working fullz,capitec cvv number,i need credit card today,high valid cvv shop,track 101 dumps,amazon cc chase,....4da4"
"best cupalscake","best cupalscake"
"best dad cupcakes","best dad cupcakes,birthday cupcakes,birthday cupcakrs,birthday cupcaskes"
"best father world","best father world"
"best flavour make up theame","best flavour make up theame"
"best flever name","best flever name,best flewer cacke"
"best freind","best freind,best freing,best p innn,girlfreind"
"best friend anniversary","best friend anniversary"
"best friend boy","best friend boy,best friend cke"
"best friend pendant","best friend pendant"
"best friend special cupcakes","best friend special cupcakes"
"best friend themes","best friend themes"
"best golf game","best golf game,best golf player,best golf player"
"best husband dad","best husband dad,husband dad,husband dad"
"best yet come","best yet come,best yet cum,best yet cum"
"best mom ever","best mom ever"
"best luck we will miss","best luck we will miss"
"best pull up delhi","best pull up delhi"
"best quality engineer","best quality engineer"
"best quality camo flower","best quality camo flower"
"best romantic","best romantic,husban romantic"
"best sale rs 800","best sale rs 800,best sellers,best sellers,best sellers,bestsellers,bestsellers"
"best seller gurgaon","best seller gurgaon"
"best sellers fondant","best sellers fondant"
"best selling birthday pine apple","best selling birthday pine apple"
"best sister bady","best sister bady,best sister ever,big sister b day"
"best stylish birthday","best stylish birthday,bestselling birthday"
"best team lead","best team lead"
"best theme plaing game","best theme plaing game"
"best work place awards","best work place awards"
"bestfriend birthday","bestfriend birthday,bestfriends birthday,boyfriend brithday,boyfriend birthday,boyfriend birthday,boyfriend birthday,girl friend birthday"
"besties forever","besties forever"
bestseller,"bestseller,bestseller,bestseller kids,bestseller,bts fever,best leaders"
"better half","better half,bitter guard,brother cale"
"better together","better together"
"betterscoch chocolate falavour mixture","betterscoch chocolate falavour mixture,butterscotch chocolate falavour mixture"
"beuraucrat profession","beuraucrat profession"
"beverages hamper","beverages hamper"
"beyblade burst","beyblade burst"
"bhabhi g","bhabhi g,bhabhi rakhi,bhabhi bhai,chanel m"
"bhag ka striling","bhag ka striling"
"bhagwan god","bhagwan god"
"bhai behan photo","bhai behan photo"
"bhai birthday combo","bhai birthday combo"
"bhai dooj special","bhai dooj special"
"bhaiya babhi anniversary","bhaiya babhi anniversary"
"bhaiya bhabhi","bhaiya bhabhi"
"bhaiya bhabhi rakhi","bhaiya bhabhi rakhi,bhayiya bhabhi rakhi"
"bhaiya dooj","bhaiya dooj"
bharatnatyam,"bharatnatyam,bhartaynatam"
"bheem chutki","bheem chutki"
"bhej rahe","bhej rahe"
"bhirday stroberry","bhirday stroberry,birthday strawberry,birthday strawberry"
"bhirthay food theme","bhirthay food theme,birthday food theme,birthday son theme"
"bhool bhoolaiya2","bhool bhoolaiya2"
bhubaneshwar,"bhubaneshwar,bhubaneswar,bhuvneswar,bulandshahar"
"bí cò cheese","bí cò cheese"
"bibi didi","bibi didi,bid adieu,bike rider,bike rider,bike rider,bubu didi,bubududu,bum dick"
"bicep style cck","bicep style cck"
"bicycle lover","bicycle lover,bicycle lovers,bicycle lovers,bicycle ride,bicycle ru,bicycle run,bicycletheme,biryani lover,bullet lover,iphone lover"
"bid adieu farewell","bid adieu farewell,bid adieu farewell"
"bid farewell","bid farewell,boss fairwell,canada farewell"
"big pubg","big pubg,big chill,bts suga,bts suga,bul bule"
"big bang theory","big bang theory,big bang theory"
"big boss queen","big boss queen"
"big brother","big brother,bts clothes,busy brother,combo brother,big brother,elder brother,fr brothers,big brother,cakfe brother"
"big children ceck","big children ceck"
"big size car","big size car"
"big snake plant","big snake plant"
"bigcake strawberry","bigcake strawberry,choclate strawberry,choclate strawberry"
bigcakhttps://m.youtube.com/?gl=gb&amp;hl=en-gbe,bigcakhttps://m.youtube.com/?gl=gb&amp;hl=en-gbe
"bigg boss icecream","bigg boss icecream"
"bigg boss show","bigg boss show"
biju905109@gmail.com,biju905109@gmail.com
"bikaner sweers","bikaner sweers"
"bike gadgets","bike gadgets"
"bike red velvat","bike red velvat,boys red velvet"
"bike yamaha","bike yamaha,bike valina"
"bike honda hness","bike honda hness"
"bike love cake-1","bike love cake-1,bike love cake-1.5,bite love cale"
"bike lover 1","bike lover 1"
"bike raider design","bike raider design"
"bike triumph","bike triumph"
bikebullet,"bikebullet,bikers bullet,bluebutter"
"bikers bike design","bikers bike design,bullet bike design"
"bikes hondas","bikes hondas,bikes hondas"
"billiard shape","billiard shape,billiards theme,billiards theme,building shape"
"billie eiliesh","billie eiliesh,billie eiliesh,billie eilish,billie illish"
"bimb cakesunicorn","bimb cakesunicorn"
"bin gems ben","bin gems ben"
"binance futures bot&gt;&gt;byd77.com&lt;&lt;2888u binance futures bot&gt;&gt;byd77.com&lt;&lt;2888u binance futures bot&gt;&gt;byd77.com&lt;&lt;2888u binance futures botwr?hr=ak","binance futures bot&gt;&gt;byd77.com&lt;&lt;2888u binance futures bot&gt;&gt;byd77.com&lt;&lt;2888u binance futures bot&gt;&gt;byd77.com&lt;&lt;2888u binance futures botwr?hr=ak"
"binance swap fees &gt;&gt;byd77.com&lt;&lt;2888u crackin alcohol kucoin token staking &gt;&gt;byd77.com&lt;&lt;2888u binance credit card mana tour 2017 usa4y","binance swap fees &gt;&gt;byd77.com&lt;&lt;2888u crackin alcohol kucoin token staking &gt;&gt;byd77.com&lt;&lt;2888u binance credit card mana tour 2017 usa4y"
"bingo packet","bingo packet"
"biology student","biology student"
"biology teacher","biology teacher,yoga teacher"
"bipin &amp; reema","bipin &amp; reema"
"birday girl frozen","birday girl frozen"
"birday girl frozen chocolate","birday girl frozen chocolate"
"birhday glitter","birhday glitter,bithday flower"
"biriyani looked","biriyani looked,biryani themed"
"birsay see thems","birsay see thems,birthday see thems"
"birtdau pastel colors","birtdau pastel colors"
"birtday it employee","birtday it employee"
"birtday youngsters","birtday youngsters"
"birtday shell","birtday shell,birthday simple"
"birth 21 year old son","birth 21 year old son,birthday 21 years old son"
"birth day girlfriend","birth day girlfriend,birthday boy friend,birthday boy friend,birthday girlfriends,birthday girlfriend d"
"birth day white forest","birth day white forest"
"birthaday wine fernando","birthaday wine fernando"
"birthady cup","birthady cup"
"birthay under 300","birthay under 300,birthay under 400,birthday range 300,birthday under 100,birthday under 1000,birthday under 200,birthday under 250,birthday under 300,birthday under 300 rs,birthday under 400,birthday under 500,birthday under 600,birthday under 700,birthday under 800,birthday under400,birthday dad under 300,birthday under 400,birthday under 200,birthday under 300,birthday under 3000,birthday under 350,birthday under 400,birthday under 500,birthday under 600"
"birthday cake. super hero","birthday cake. super hero"
"birthday pineapple test wife","birthday pineapple test wife"
"birthday ???? bum","birthday ???? bum,birthday ???? bts"
"birthday car r1 5","birthday car r1 5,birthday carroon,birthday car truck,birthday candle 6,birthday car benz,birthday car xl 6,birthday card boss"
"birthday name aaradhya gupta girls","birthday name aaradhya gupta girls"
"birthday name girls","birthday name girls,birthday baby girl,birthday 2 nd girl,birthday baby girl,birthday fir girls,birthday baby girl,birthday big girl,birthday kids girls,birthday 17th girl,birthday baby girl,birthday fot girl,birthday sash girl"
"birthday boyfriend gifts","birthday boyfriend gifts"
"birthday old people","birthday old people,birthday elderly people"
"birthday o pond pinata","birthday o pond pinata"
"birthday sugar free","birthday sugar free"
"birthday 16th birthday","birthday 16th birthday,birthday 2nd birthday,birthday 50th birthday,birthday 60th birthday"
"birthday 2pound","birthday 2pound,birthday 2 pound,birthday 500 pound,birthday cooking,birthday friends,birthday frozen,birthday freind,birthday browine,birthday brownie,birthday friends,birthday cooking"
"birthday 6 months","birthday 6 months,birthday 2 manjil,birthday memories,birthday 6 months"
"birthday 60 rainbow","birthday 60 rainbow"
"birthday age 4kg","birthday age 4kg,birthday tea mug,birthday make up,birthday cale 200,birthday cale him,birthday make up,birthday vake 250g,birthdaycake men"
"birthday akes boyfriend","birthday akes boyfriend,birthday drunken boyfriend,birthday cke boyfriend"
"birthday anniversary","birthday anniversary,borthday + anniversary"
"birthday graduation","birthday graduation"
"birthday arsenal","birthday arsenal,birthday animals,birthday carpenter,birthday mariner,birthday caks dad,birthday present"
"birthday baalooon decoretion","birthday baalooon decoretion,birthday balloon decorating"
"birthday balloon dake","birthday balloon dake,birthday balloon fondant,birthday balloon fondant,birthday balloons,birthday balloons,birthday ballon wrap"
"birthday baloon fondant","birthday baloon fondant"
"birthday baloons hamper","birthday baloons hamper,birthday flowers hamper"
"birthday bento cale","birthday bento cale,birthday blue cale,birthday bat ball,birthday bat balk,birthday mini cale"
"birthday bestfriend 500gm","birthday bestfriend 500gm"
"birthday black forest 2 layer","birthday black forest 2 layer"
"birthday bollywood theme gorl","birthday bollywood theme gorl"
"birthday bonanaza","birthday bonanaza,birthday boy baby,birthday grandpa,birthday grandpa"
"birthday bonanza 28 august 2024","birthday bonanza 28 august 2024"
"birthday bonanza triple","birthday bonanza triple,birthday bonanza triple deck"
"birthday boy 2nd birthday","birthday boy 2nd birthday"
"birthday boy cream","birthday boy cream,birthday boy cute,birthday boyfruend"
"birthday boy double layer","birthday boy double layer"
"birthday boy five years complete","birthday boy five years complete"
"birthday boy, cake, fortnite football minecraft or robloxboys birthday","birthday boy, cake, fortnite football minecraft or robloxboys birthday"
"birthday brownies","birthday brownies,birthday princess,birthday bouquet,birthday dibeties,birthday recipes,birthday bouquet,birthday princess,birthday bouquet,birthday pastries,birthday princess"
"birthday bts design hiya","birthday bts design hiya,birthday bts design name hiya"
"birthday butterfly","birthday butterfly,birthday elderly,birthday butterfly,birthday blueberry,birthday elderly"
"birthday butterscotch","birthday butterscotch,birthday butterscotch,birthday butterscotch,birthday butterscotch,birthday butterscotcj,birthday mini butterscotch"
"birthday cack candi deckoresen","birthday cack candi deckoresen"
"birthday cacke &amp; hymper","birthday cacke &amp; hymper"
"birthday cacke butter scotoch mini","birthday cacke butter scotoch mini,birthday cacke butter scotoch250"
"birthday cacke hubby","birthday cacke hubby,birthday cacke husband"
"birthday cafe wofe be mother","birthday cafe wofe be mother"
"birthday caies dad","birthday caies dad,birthday new dad,birthday super dad,birthday cales wife,birthday coke man,borthday cae dad"
"birthday caje coding","birthday caje coding"
"birthday caje developer","birthday caje developer"
"birthday caje tennis racket &amp; ball","birthday caje tennis racket &amp; ball"
"birthday 500 gm","birthday 500 gm,birthday s 500 gm,birthday - 500 gm,birthday 500 grams,birthday dad 500gm,birthday new mom,birthday 500 gm,birthday 500 gm,birthday 500 gm kids"
"birthday flavour (pinaple)","birthday flavour (pinaple)"
"birthday baby boy","birthday baby boy,birthday baby boy,birthday 25th boy,birthday baby boy,birthday edult boy,birthday small boys,birthday baby boy,birthday day boys,birthday magic box,birthdaybaby boy,birtjday baby boy"
"birthday boys million","birthday boys million"
"birthday researcher","birthday researcher,birthday men teacher"
"birthday spiderman","birthday spiderman,birthday super man,birthday spiderman,birthday super man"
"birthday strawberry- 500 gm","birthday strawberry- 500 gm"
"birthday 1 below 1000","birthday 1 below 1000,birthday below 350,birthday below 400"
"birthday 1.5 jungle theme","birthday 1.5 jungle theme"
"birthday 10 no doll design","birthday 10 no doll design"
"birthday 10 year old girl","birthday 10 year old girl,birthday 1 year girl,birthday 10 year girl,birthday 13 year old boy,birthday 13 year old girl,birthday 18 years girl,birthday 3 yr old girl,birthday 6 year old gir,birthday 6 year old girl,birthday 6 years old girl,birthday 10years girl,birthday 1 year girl,birthday 10 years girls,birthday 5 year old girl,birthday 6 year old girls,birthday 6 yr old girls,birthday one year old girl,birthday 10 years girl,birthday 13 years old girl"
"birthday 1kg rs 300","birthday 1kg rs 300"
"birthday 1st year","birthday 1st year,birthday masha bear,bithday 1year"
"birthday 1year prince king 4","birthday 1year prince king 4"
"birthday 2 layer makeup ????","birthday 2 layer makeup ????"
"birthday 5 number","birthday 5 number,birthday shop number"
"birthday aesthetic","birthday aesthetic,birthday aesthetic"
"birthday purpose girlfriend","birthday purpose girlfriend"
"birthday as best boss","birthday as best boss"
"birthday avenger theme","birthday avenger theme"
"birthday bako 3 year","birthday bako 3 year"
"birthday bako designs","birthday bako designs,birthday bike design,birthday nasa design,birthday train design,birthday dog designs"
"birthday bank related chocolate flavorer","birthday bank related chocolate flavorer"
"birthday between rs 100 rs 150","birthday between rs 100 rs 150"
"birthday bicycel","birthday bicycel,birthday cricket,birthday cricket,birthday cricket,birthday cricket"
"birthday big size boys","birthday big size boys"
"birthday bike theme","birthday bike theme,birthday chicken theme,birthday math theme,birthday bike lovers,birthday family theme,birthday funny theme"
"birthday black forest chocolate","birthday black forest chocolate,birthday black forest chocolate 300/"
"birthday black forest girl","birthday black forest girl"
"birthday blackpink theme","birthday blackpink theme"
"birthday blue colour","birthday blue colour,birthday yellow colour,birthday purple colour,birthday sky blue colour,birthday green colour"
"birthday blue outside chocolate inside","birthday blue outside chocolate inside"
"birthday boys 9yrars","birthday boys 9yrars"
"birthday bride be","birthday bride be"
"birthday bts 2 layer","birthday bts 2 layer"
"birthday bubu dudu","birthday bubu dudu"
"birthday restaurant","birthday restaurant,birthday preganant"
"birthday cheesecake","birthday cheesecake,birthday pinecake"
"birthday chocklet trufal","birthday chocklet trufal,birthday chocolate truffle,birthday chocolate truffle"
"birthday choco truffle","birthday choco truffle"
"birthday chocolate 250 rate","birthday chocolate 250 rate,birthday chocolate 250 ka"
"birthday chuchi tv cartoon","birthday chuchi tv cartoon"
"birthday cigarette","birthday cigarette"
"birthday cocomelon theme","birthday cocomelon theme"
"birthday combo husband","birthday combo husband,birthday loving husband,birthday police husband,birthday fir husband,birthday cale husband"
"birthday cute animals","birthday cute animals"
"birthday design athletic","birthday design athletic"
"birthday design girl","birthday design girl,birthday tenger girl"
"birthday design dollars","birthday design dollars"
"birthday doll vala","birthday doll vala,birthday volleyball,birthday volleyball"
"birthday double floor furst year baby girl","birthday double floor furst year baby girl"
"birthday drink bottle","birthday drink bottle,birthday beer bottle,birthday wine bottles,birthday beer bottle,birthday wine bottle"
"birthday engineer","birthday engineer,birthday engineer,birthday engineer,birthday raindeers"
"birthday fm taj hotel","birthday fm taj hotel"
"birthday football design","birthday football design"
"birthday 1 year baby boy","birthday 1 year baby boy,birthday 3 years baby boy,birthday i year baby boy"
"birthday 1 year old baby girl name niramya","birthday 1 year old baby girl name niramya"
"birthday 1 year old named shiloh","birthday 1 year old named shiloh"
"birthday 10 year old boy , sola system","birthday 10 year old boy , sola system"
"birthday 10 years old girl roblox","birthday 10 years old girl roblox,birthday 10 years old girl roblox cute"
"birthday 11 month baby girl","birthday 11 month baby girl"
"birthday 17 teen year old","birthday 17 teen year old"
"birthday 18th birthday girl","birthday 18th birthday girl,birthday 24 birthday girl"
"birthday 2 year old safari","birthday 2 year old safari"
"birthday 2 years baby girls","birthday 2 years baby girls,birthday 4 years baby girl"
"birthday 2 yr baby","birthday 2 yr baby,birthday h r maam,birthday wife babby,birthday one year baby"
"birthday 6 months old boy","birthday 6 months old boy"
"birthday 6 year girl","birthday 6 year girl,birthday 9year girl,birthday one year girl,birthday 7 year girl,borthday 1year girl"
"birthday bollywood lover","birthday bollywood lover"
"birthday boy girl together","birthday boy girl together"
"birthday boy, pina tha","birthday boy, pina tha,birthday boy, tina nata"
"birthday friend name photo","birthday friend name photo"
"birthday male friend","birthday male friend,birthday best friend,birthday male best friend,birthday cale girlfriend"
"birthday male friend henessy","birthday male friend henessy"
"birthday pranic healer","birthday pranic healer"
"birthday as mom &amp; wife","birthday as mom &amp; wife"
"birthday baby girl 4year","birthday baby girl 4year,birthday baby girl dall"
"birthday bank manager","birthday bank manager"
"birthday big brother","birthday big brother,birthdaycakes brother"
"birthday boy best friend","birthday boy best friend,birthday boy bestfriend,birthday girl best friend,birthday cale best friend"
"birthday boys kids jcb toy shape","birthday boys kids jcb toy shape"
"birthday boys motorcycle","birthday boys motorcycle"
"birthday brother half","birthday brother half,birthday mother law,birthday brother latest,birthday mother kaw"
"birthday chai lover","birthday chai lover,birthday food lovers"
"birthday children girl","birthday children girl"
"birthday cids papatrol","birthday cids papatrol"
"birthday coleague","birthday coleague,birthday love one,birthday cale wife"
"birthday computer teacher","birthday computer teacher"
"birthday cricket lover","birthday cricket lover,birthday cricket pitch"
"birthday daddad birthday","birthday daddad birthday"
"birthday dentists","birthday dentists,birthday candiles"
"birthday entreprenuer","birthday entreprenuer"
"birthday father husband","birthday father husband,birthday father son,birthday sardar husband,birthday wishes husband"
"birthday first time dad","birthday first time dad"
"birthday first year child","birthday first year child"
"birthday girl 13 yrs","birthday girl 13 yrs,birthday girls 6years,birthday girls 3 years"
"birthday girl baby kids","birthday girl baby kids"
"birthday girl fondanat","birthday girl fondanat"
"birthday girl makeup vala","birthday girl makeup vala"
"birthday girl roblox","birthday girl roblox"
"birthday girl turning 18","birthday girl turning 18,birthday men turning 18,birthday turning 18"
"birthday girlfriend half","birthday girlfriend half"
"birthday gun officer","birthday gun officer,birthday gundri officer"
"birthday hubby 200","birthday hubby 200,birthday hubby rs200"
"birthday husband dad","birthday husband dad,birthday husband father,birthday husband party,birthday husband pets,birthday husband’s"
"birthday husband designed","birthday husband designed"
"birthday husband who likes cars","birthday husband who likes cars"
"birthday jym freek","birthday jym freek"
"birthday kid unicorn","birthday kid unicorn"
"birthday kids boys truck","birthday kids boys truck"
"birthday kids upto 400-)","birthday kids upto 400-)"
"birthday life partner","birthday life partner"
"birthday men 41 years old going be","birthday men 41 years old going be"
"birthday men lawyer","birthday men lawyer"
"birthday men under 600","birthday men under 600,birthday half under 200,birthday budget under 600,birthday cakr under 400,birthday day under 500,birthday mini under 200"
"birthday merchant navy bf","birthday merchant navy bf"
"birthday merry chrismas 5 kevin","birthday merry chrismas 5 kevin"
"birthday mom daughter","birthday mom daughter,birthday mother daughter,birthday mother daughter,birthday came daughter,birthday. daughter"
"birthday mom truffle choclate","birthday mom truffle choclate"
"birthday mother green garden","birthday mother green garden"
"birthday mother's day","birthday mother's day,birthday mother egg"
"birthday musician","birthday musician,birthday music design,birthday mountain"
"birthday office manager","birthday office manager"
"birthday one year baby 3","birthday one year baby 3"
"birthday papa specs","birthday papa specs"
"birthday pregnant lady","birthday pregnant lady,birthday pregnant women"
"birthday scientist mom","birthday scientist mom"
"birthday singer boyfrined","birthday singer boyfrined"
"birthday sleepy husband","birthday sleepy husband"
"birthday software engineer","birthday software engineer,birthday software engineer male"
"birthday teinscake twins","birthday teinscake twins"
"birthday tuition teacher","birthday tuition teacher"
"birthday twinnies date","birthday twinnies date"
"birthday wife pregnancy","birthday wife pregnancy"
"birthday wife vanilla","birthday wife vanilla"
"birthday wife babbu","birthday wife babbu"
"birthday working mom","birthday working mom"
"birthday fore bike","birthday fore bike,birthday fruite"
"birthday fore bike disengage","birthday fore bike disengage"
"birthday fr papa","birthday fr papa,birthday cakefor papa"
"birthday fresh fruit","birthday fresh fruit"
"birthday funny pics","birthday funny pics,birthday funnyy,birthday funky men,birthday funky men"
"birthday haff pond","birthday haff pond,birthday half pond"
"birthday hardware theme","birthday hardware theme"
"birthday idea teacher","birthday idea teacher"
"birthday butterscotch flover","birthday butterscotch flover"
"birthday chocolate raffles","birthday chocolate raffles"
"birthday rasmalai flavoured","birthday rasmalai flavoured"
"birthday much 500 too 600 price","birthday much 500 too 600 price"
"birthday jim desing","birthday jim desing"
"birthday jujutsu kaisen","birthday jujutsu kaisen"
"birthday khanaha ji","birthday khanaha ji"
"birthday laptop lover design","birthday laptop lover design"
"birthday laptop lover design painapple flavor","birthday laptop lover design painapple flavor"
"birthday less tha","birthday less tha"
"birthday less than 500₹","birthday less than 500₹"
"birthday like lazy boy themee","birthday like lazy boy themee"
"birthday lion king","birthday lion king,birthday shopping"
"birthday loist price","birthday loist price"
"birthday love love birthday","birthday love love birthday"
"birthday midnight tonite","birthday midnight tonite"
"birthday miky mouse","birthday miky mouse,birthday micky mouse"
"birthday minnie mouse sprinkles","birthday minnie mouse sprinkles"
"birthday motu patlu","birthday motu patlu"
"birthday nd bukey","birthday nd bukey"
"birthday newly married gilr","birthday newly married gilr"
"birthday no fontant","birthday no fontant"
"birthday normal creme","birthday normal creme,birthday normel cool"
"birthday jack daniels","birthday jack daniels"
"birthday krishna beam","birthday krishna beam"
"birthday rs200 under","birthday rs200 under"
"birthday one letter","birthday one letter"
"birthday only 300 rupees","birthday only 300 rupees,birthday under 200 rupees,birthday under 600 rupees"
"birthday pappa pig gorge pig","birthday pappa pig gorge pig"
"birthday phone laptop","birthday phone laptop"
"birthday pineapple 250 gm","birthday pineapple 250 gm"
"birthday pineapple ????","birthday pineapple ????,birthday pineapple"
"birthday pink white","birthday pink white"
"birthday prize 200 aadha kilo ka","birthday prize 200 aadha kilo ka"
"birthday prize 200 suhani name sa","birthday prize 200 suhani name sa"
"birthday pubg model","birthday pubg model"
"birthday purple","birthday purple,birthday truffle,birthday surprise,birthday candles,birthday canfles,birthday purple,birthday surprise"
"birthday rapunzel","birthday rapunzel"
"birthday ribbon small","birthday ribbon small"
"birthday sesign whiskey","birthday sesign whiskey"
"birthday snd flowers","birthday snd flowers"
"birthday sofia them","birthday sofia them"
"birthday steam engine","birthday steam engine"
"birthday survivor","birthday survivor,birthday survivor tag"
"birthday sweet 16","birthday sweet 16"
"birthday teacher profession","birthday teacher profession"
"birthday theme engineer","birthday theme engineer,birthday theme engineering"
"birthday theme makeup set","birthday theme makeup set"
"birthday three foler","birthday three foler"
"birthday today mohali","birthday today mohali"
"birthday turning 11","birthday turning 11"
"birthday under 1000 rs","birthday under 1000 rs"
"birthday upto 1000","birthday upto 1000"
"birthday victoria secret","birthday victoria secret"
"birthday which sugar free diabatic","birthday which sugar free diabatic"
"birthday face carved it","birthday face carved it"
"birthday apple logo","birthday apple logo"
"birthday beer bottle theme","birthday beer bottle theme"
"birthday blue berry flavour","birthday blue berry flavour"
"birthday candle roses red","birthday candle roses red,birthday candles es red"
"birthday cartoon image","birthday cartoon image"
"birthday chocolate vanilla flavour","birthday chocolate vanilla flavour"
"birthday combo men","birthday combo men,birthday combo’s,birthday hamper men"
"birthday dollar sign","birthday dollar sign"
"birthday flowers balloons","birthday flowers balloons"
"birthday football theme","birthday football theme,birthday foottball theme"
"birthday greeting card lover","birthday greeting card lover"
"birthday html code","birthday html code"
"birthday macaroon","birthday macaroon,bithday balloon"
"birthday mathematics theme","birthday mathematics theme"
"birthday photos photo","birthday photos photo,birthday photo boys"
"birthday rasmalai","birthday rasmalai"
"birthday stethoscope","birthday stethoscope"
"birthday texas cow boy","birthday texas cow boy"
"birthday train helecopter","birthday train helecopter"
"birthday without fond","birthday without fond"
"birthday cake-500gm","birthday cake-500gm,birthday cake40 th"
"birthday cake. pink colour","birthday cake. pink colour"
"birthday cakein mohali","birthday cakein mohali"
"birthday 250gms line","birthday 250gms line"
"birthday booquests","birthday booquests"
"birthday 3kg blue white theme","birthday 3kg blue white theme"
"birthday akatsuki","birthday akatsuki"
"birthday basket ball","birthday basket ball"
"birthday born shop","birthday born shop,birthday soon cup"
"birthday chocolate flavour 1 kilo","birthday chocolate flavour 1 kilo"
"birthday chocolate flavour gym","birthday chocolate flavour gym"
"birthday dark choclate","birthday dark choclate,birthday dad cocla5e,birthday mini chocalate"
"birthday fir her 18","birthday fir her 18"
"birthday 12 years old girl under 500","birthday 12 years old girl under 500"
"birthday best over photograpers","birthday best over photograpers"
"birthday big party 11 year boy","birthday big party 11 year boy"
"birthday boys police theme","birthday boys police theme"
"birthday dad 50th","birthday dad 50th,birthday day wife,birthday day wife"
"birthday doctor under 500","birthday doctor under 500"
"birthday engineer software","birthday engineer software"
"birthday friends under 300","birthday friends under 300"
"birthday girls 1 year girl","birthday girls 1 year girl"
"birthday girls 13 years headphones","birthday girls 13 years headphones"
"birthday girls chocolate vanilla","birthday girls chocolate vanilla"
"birthday girls colourful","birthday girls colourful"
"birthday judwa sisters","birthday judwa sisters"
"birthday man orange white chocolate","birthday man orange white chocolate"
"birthday men gurgaon","birthday men gurgaon"
"birthday sister law","birthday sister law"
"birthday twins girls age two .","birthday twins girls age two ."
"birthday near wrexham","birthday near wrexham"
"birthday princesses","birthday princesses"
"birthday rs.143 9years","birthday rs.143 9years"
"birthday sleeping girl","birthday sleeping girl"
"birthday starbucks","birthday starbucks"
"birthday look like butterfly","birthday look like butterfly"
"birthday tractor theme","birthday tractor theme,birthday tractor trolley"
"birthday veg pineapple","birthday veg pineapple,birthday half pine apple"
"birthday alcohol bottle","birthday alcohol bottle"
"birthday budget under 6000","birthday budget under 6000"
"birthday cakes, bts theme under ₹500","birthday cakes, bts theme under ₹500"
"birthday cakes. make up things.","birthday cakes. make up things."
"birthday cakr girlfriend","birthday cakr girlfriend,birthday claes girlfriend,birthday gifts girlfriend"
"birthday cale chartered accountant","birthday cale chartered accountant"
"birthday candle tople","birthday candle tople"
"birthday cap 1 year kids","birthday cap 1 year kids"
"birthday cartoon under 1000","birthday cartoon under 1000"
"birthday celebration","birthday celebration,birthfay decoration"
"birthday celebration things","birthday celebration things"
"birthday chocolate avengers kids","birthday chocolate avengers kids"
"birthday chocolate kid boy","birthday chocolate kid boy"
"birthday cream kids","birthday cream kids"
"birthday cskes 6 year boy","birthday cskes 6 year boy"
"birthday cupcake bouquet","birthday cupcake bouquet"
"birthday cupcakes set 4","birthday cupcakes set 4"
"birthday customised","birthday customised,birthday customised"
"birthday decoration varanasi home","birthday decoration varanasi home"
"birthday doll strawberry flavour","birthday doll strawberry flavour"
"birthday exposition","birthday exposition"
"birthday flower bouquet","birthday flower bouquet"
"birthday football","birthday football"
"birthday best freind","birthday best freind"
"birthday wife two manjil","birthday wife two manjil"
"birthday special person","birthday special person"
"birthday fot 15 year old daughter","birthday fot 15 year old daughter"
"birthday girl 1st birthday","birthday girl 1st birthday"
"birthday girls di zines","birthday girls di zines"
"birthday greeting card","birthday greeting card"
"birthday gym trainer","birthday gym trainer"
"birthday hamper him","birthday hamper him"
"birthday harry potter","birthday harry potter,birthday party poppers"
"birthday lavender color theme","birthday lavender color theme"
"birthday light candle","birthday light candle"
"birthday message bottle","birthday message bottle,birthday message niece"
"birthday message husband birthday","birthday message husband birthday"
"birthday mobile or bear","birthday mobile or bear"
"birthday ninja kids no fondant","birthday ninja kids no fondant"
"birthday nober candul","birthday nober candul,birthday number candle,birthday number cndle"
"birthday normal chocolate","birthday normal chocolate"
"birthday party twin girls","birthday party twin girls"
"birthday paw petrol","birthday paw petrol"
"birthday per man ki jabardasti chudai video bete ne","birthday per man ki jabardasti chudai video bete ne"
"birthday per man ki jabardasti sexy video chudai video bete ne","birthday per man ki jabardasti sexy video chudai video bete ne"
"birthday photo 500 gm","birthday photo 500 gm,birthday printed 500 gm"
"birthday pinata boyfriend","birthday pinata boyfriend"
"birthday pinata boys","birthday pinata boys"
"birthday pool party","birthday pool party"
"birthday rectangular","birthday rectangular"
"birthday small cup","birthday small cup"
"birthday song download","birthday song download"
"birthday surprise box","birthday surprise box,birthday surprise box"
"birthday surprise boyfriend","birthday surprise boyfriend"
"birthday thar car degine","birthday thar car degine"
"birthday theme babies","birthday theme babies"
"birthday under 500 aesthetic","birthday under 500 aesthetic"
"birthday under 500 aesthetic simple","birthday under 500 aesthetic simple"
"birthday unicorn two leyr","birthday unicorn two leyr"
"birthday valentine","birthday valentine"
"birthday vanilacake see thems","birthday vanilacake see thems"
"birthday venilla under 400","birthday venilla under 400"
"birthday video song","birthday video song,birthday videosongs"
"birthday wish mother guotes","birthday wish mother guotes"
"birthday, diet type","birthday, diet type"
"birthday, captain america theme","birthday, captain america theme"
"birthday,perpal colour , girl","birthday,perpal colour , girl"
"birthday. cakes. sast","birthday. cakes. sast"
"birthday/ eggless","birthday/ eggless"
"birthday???? nasa design","birthday???? nasa design"
"birthday????boy friend","birthday????boy friend"
"birthdaybabbirthdaybaby zoos cy boy","birthdaybabbirthdaybaby zoos cy boy"
"birthdaybcakes below 400","birthdaybcakes below 400"
"birthdaycake mother","birthdaycake mother"
birthdaycakeformom,birthdaycakeformom
"birthdaycakes cartoon","birthdaycakes cartoon"
"birthdy double decker","birthdy double decker"
"birthey peshawer","birthey peshawer"
"births day vegetation","births day vegetation"
"bisband bday","bisband bday,husband bank"
"biscoff cheese cale","biscoff cheese cale,biscoff cheesecake,biscoff cheeseckae"
"biscoff cheeze","biscoff cheeze,bisscoff cheese"
"bitcoin cale","bitcoin cale,blackpink cale,brownie cale"
"bitcoin.com login&gt;&gt;byd77.com&lt;&lt;2888u bitcoin.com login&gt;&gt;byd77.com&lt;&lt;2888u bitcoin.com login&gt;&gt;byd77.com&lt;&lt;2888u bitcoin.com loginf3","bitcoin.com login&gt;&gt;byd77.com&lt;&lt;2888u bitcoin.com login&gt;&gt;byd77.com&lt;&lt;2888u bitcoin.com login&gt;&gt;byd77.com&lt;&lt;2888u bitcoin.com loginf3,bitcoin.com login&gt;&gt;byd77.com&lt;&lt;2888u bitcoin.com login&gt;&gt;byd77.com&lt;&lt;2888u bitcoin.com login&gt;&gt;byd77.com&lt;&lt;2888u bitcoin.com loginf3'"
"bitfinex fees api &gt;&gt;byd77.com&lt;&lt;2888u plaintiffs allege bitcoin block time &gt;&gt;byd77.com&lt;&lt;2888u what tether bitfinex bsc portal","bitfinex fees api &gt;&gt;byd77.com&lt;&lt;2888u plaintiffs allege bitcoin block time &gt;&gt;byd77.com&lt;&lt;2888u what tether bitfinex bsc portal"
"bitfinex french&gt;&gt;byd77.com&lt;&lt;2888u bitfinex french&gt;&gt;byd77.com&lt;&lt;2888u bitfinex french&gt;&gt;byd77.com&lt;&lt;2888u bitfinex frenchpv","bitfinex french&gt;&gt;byd77.com&lt;&lt;2888u bitfinex french&gt;&gt;byd77.com&lt;&lt;2888u bitfinex french&gt;&gt;byd77.com&lt;&lt;2888u bitfinex frenchpv"
"bitfinex usd or tether&gt;&gt;byd77.com&lt;&lt;2888u bitfinex usd or tether&gt;&gt;byd77.com&lt;&lt;2888u bitfinex usd or tether&gt;&gt;byd77.com&lt;&lt;2888u bitfinex usd or tetheruh","bitfinex usd or tether&gt;&gt;byd77.com&lt;&lt;2888u bitfinex usd or tether&gt;&gt;byd77.com&lt;&lt;2888u bitfinex usd or tether&gt;&gt;byd77.com&lt;&lt;2888u bitfinex usd or tetheruh"
"bitget discord server&gt;&gt;byd77.com&lt;&lt;2888u bitget discord server&gt;&gt;byd77.com&lt;&lt;2888u bitget discord server&gt;&gt;byd77.com&lt;&lt;2888u bitget discord server","bitget discord server&gt;&gt;byd77.com&lt;&lt;2888u bitget discord server&gt;&gt;byd77.com&lt;&lt;2888u bitget discord server&gt;&gt;byd77.com&lt;&lt;2888u bitget discord server"
"bithday husband gentleman","bithday husband gentleman"
"bithday husband jameson","bithday husband jameson,bithday husband jamson"
"bitmex lending usd &gt;&gt;byd77.com&lt;&lt;2888u kraken monero new crypto coins 2022 &gt;&gt;byd77.com&lt;&lt;2888u bitfinex margin fees wallet coin","bitmex lending usd &gt;&gt;byd77.com&lt;&lt;2888u kraken monero new crypto coins 2022 &gt;&gt;byd77.com&lt;&lt;2888u bitfinex margin fees wallet coin"
"bitsy rosette","bitsy rosette,bitsy rosette"
"bitter scotch cale","bitter scotch cale,bitterscotch cale,butter scotch makeup,butterscotch cackes,butterscotch live,butterscotch cale,butterscotch comb,butterscotch doll,butterscotch half,butterscotch half"
"bitzy owl","bitzy owl,boozy moet"
bl4pzh0f,bl4pzh0f
"blaack label desire","blaack label desire,black label de,black label desire,black lable desire,blacklabel desire"
"black &amp; white","black &amp; white,black &amp; go,black &amp; gold,black &amp; gold,black &amp; golden,black &amp; white,black &amp; white,black &amp; white rose,black amd white,black amd white,black n white,black n white,black n white,black&amp;white"
"black forest upto 300rs","black forest upto 300rs,black forest under 200rs"
"black &amp; gold 05 march 2025","black &amp; gold 05 march 2025"
"black &amp; gold theme cale","black &amp; gold theme cale"
"black &amp; white theme","black &amp; white theme,black &amp;white rose,black&amp; white rose"
"black &amp; white wedding","black &amp; white wedding,black&amp;white wedding"
"black &amp;amp; gold","black &amp;amp; gold"
"black &amp;white fantasy","black &amp;white fantasy"
"black gold birthday","black gold birthday,black colour birthday,black label birthday,black pink birthday,blackpink birthday"
"black gold unicorn 1kg","black gold unicorn 1kg"
"black golden colour","black golden colour"
"black gray theme","black gray theme,black color theme,black gold theme,blank space theme"
"black silver theme","black silver theme,black yellow theme"
"black white chocolate","black white chocolate,black label chocolate"
"black white drinks","black white drinks,black white drinks,black white rose,black white rose,black white wedding"
"black white fgcmb45","black white fgcmb45"
"black white flavour","black white flavour,black white flavour,black white flower"
"black white forest","black white forest"
"black white forest heart heart shaped shaped","black white forest heart heart shaped shaped"
"black white forest heart shaped","black white forest heart shaped"
"black white theme designs 1 st birthday","black white theme designs 1 st birthday"
"black yellow","black yellow,black yellow 2kg,black yellow,black yellow,black ballons,black desire,black ribbon,black silver,fat fellow"
"black angry bird","black angry bird,blue angry birds,blue angry burd"
"black barbi simpal","black barbi simpal"
"black beauty balloon","black beauty balloon,black beauty balloon,black beauty baloon,black beauty baloon"
"black big boss","black big boss,black pink bts"
"black chocolate boy's","black chocolate boy's,black chocolate men,black chocolate cards,black chocolate photo"
"black color 11 year old","black color 11 year old"
"black colour white abstract design mini","black colour white abstract design mini"
"black colour cakr","black colour cakr"
"black current 4kg","black current 4kg"
"black current bon voyage","black current bon voyage"
"black curreny pastry","black curreny pastry"
"black dog bottomcake","black dog bottomcake"
"black engagement","black engagement"
"black fgphotocake28","black fgphotocake28"
"black filters m","black filters m"
"black forest 500gram","black forest 500gram,black forest 50gram,black forest 250 gm,black forest 300 rs,black forest 500 gm,black forest 250 gm,black forest 250 rs,black forest 250garm,black forest 500 gm,black forest 1000 gms,black forest creamy,black forest creamy"
"black forest delight","black forest delight,black forest designer,black forest delight,blackforest delight,blackforest desire"
"black forest 1 pound","black forest 1 pound,black forest 1/2 pound,black forest 1/2 pounds"
"black forest 4 pieces","black forest 4 pieces"
"black forest anniversary","black forest anniversary,black forest anniversary"
"black forest best custom","black forest best custom"
"black forest birthday friend","black forest birthday friend"
"black forest birthday papa","black forest birthday papa"
"black forest blue cartoon","black forest blue cartoon,black forest blue colour"
"black forest , circle flower shape birthday party","black forest , circle flower shape birthday party"
"black forest 1/4 round shape","black forest 1/4 round shape"
"black forest butter scotch flavour","black forest butter scotch flavour"
"black forest eggless","black forest eggless,black forest flowers,black forest eggless,black forest eggless,black forest eggless 1,black forest egless,black forest jungle,blackflrest eggless"
"black forest full black","black forest full black"
"black forest fully chocolate","black forest fully chocolate"
"black forest half kf","black forest half kf"
"black forest under 300","black forest under 300,black forest under 300,black forest under325"
"black forest chocolate chips","black forest chocolate chips,black forest chocolate 0.5kg"
"black forest cake, monkey","black forest cake, monkey"
"black forest cake, motivation","black forest cake, motivation"
"black forest programmers","black forest programmers"
"black forest photo lowest price","black forest photo lowest price"
"black forest unique designs","black forest unique designs"
"black forest without egg","black forest without egg,black forest without bread,black forest without sugar"
"black forest cracker","black forest cracker,blackforest caked,blackforest cracker"
"black forest double story","black forest double story,black forest double story"
"black forest farari","black forest farari"
"black forest children","black forest children"
"black forest heart photo","black forest heart photo,black forest heart shape"
"black forest heart shape birthday","black forest heart shape birthday"
"black forest herd sab","black forest herd sab"
"black forest ice cream","black forest ice cream,black forest ice cream,blackcurrant ice cream,blackforest icecream"
"black forest lover type lake","black forest lover type lake"
"black forest more than 500 gm","black forest more than 500 gm"
"black forest peppa pog","black forest peppa pog"
"black forest pinapple","black forest pinapple"
"black forest small egg","black forest small egg"
"black forest sonic character","black forest sonic character"
"black forest tripple laier","black forest tripple laier"
"black forest truffle","black forest truffle,blackforest jungle"
"black forest two tier","black forest two tier"
"black forest under 250 rupees","black forest under 250 rupees"
"black forest car theme","black forest car theme"
"black forest without fondant 1kg","black forest without fondant 1kg"
"black fotest kids","black fotest kids"
"black golden combination","black golden combination"
"black got dreams","black got dreams"
"black heart shaped","black heart shaped"
"black jack themed vake","black jack themed vake"
"black jack [cc6.bet]black jack [cc6.bet]black jack [cc6.bet]black jack [cc6.bet]black jack [cc6.bet]black jack [cc6.bet]black jacks3","black jack [cc6.bet]black jack [cc6.bet]black jack [cc6.bet]black jack [cc6.bet]black jack [cc6.bet]black jack [cc6.bet]black jacks3"
"black label fondant","black label fondant,black label gold,black label normal"
"black moon emoji","black moon emoji"
"black myth wukong","black myth wukong"
"black n white elegance","black n white elegance"
"black panther","black panther,black panther,black panther,boack panther"
"black pink 13th birthday","black pink 13th birthday"
"black pink army","black pink army,black pink arya,black pink k pop,blackpink bts,blackpink girls,blackpink girls,blackpink group"
"black pink balloon","black pink balloon"
"black pink band design","black pink band design"
"black pink chocolate flavour","black pink chocolate flavour"
"black pink coloured themed","black pink coloured themed"
"black pink designer","black pink designer"
"black pink korean band","black pink korean band"
"black pink members","black pink members,black pink members cak"
"black scorpio car","black scorpio car"
"black temptation","black temptation"
"black&amp;white rose","black&amp;white rose"
"blackbery nuts","blackbery nuts"
"blackforest birthday","blackforest birthday"
"blackforest - 500 gm","blackforest - 500 gm"
"blackforest 6 k.g","blackforest 6 k.g,blackforest drip,blackforest drip,blackforest makeup,blackforest treat"
"blackforest 6 k.g christmas","blackforest 6 k.g christmas"
"blackforest cracker 500 gm","blackforest cracker 500 gm,blackforest cracker-500 gm"
"blackforest delight heart","blackforest delight heart,blackforest delight heart"
"blackforest wisdom","blackforest wisdom"
"blackforest choclate red roses","blackforest choclate red roses"
"blackpink idols","blackpink idols"
"blade runner 2049","blade runner 2049"
"blank space","blank space,blank space,blank spacr"
"blank space taylor swift","blank space taylor swift,blank space taylor swift,blank space taylor swift"
"blaze monster machines","blaze monster machines"
"blaze machines","blaze machines"
"bleeding heart came","bleeding heart came"
"blended chocolate","blended chocolate,blended chocolate,brownie chocolate,brownie chocolate,brownie chocolate,brownies chocolate,candies chocolate"
"blended chocolate - 500 gm","blended chocolate - 500 gm"
"blender pride","blender pride,blender pride cale,blenders pride,blenders pride,blenderspride"
"blenders pride ciggrate","blenders pride ciggrate"
"blessed beginnings","blessed beginnings"
"blessed mother","blessed mother"
"blessings hamper","blessings hamper"
"blissful bloom","blissful bloom,blissful bloom,blissful blooms,blissful blooms c,blissful blooms,blissful blossom,blissful sun"
"bloc fruits","bloc fruits,blox fruits,blox fruits,low pries"
"block nd gold","block nd gold,blockman go,blockman go"
"blocka jagat pura jaipur poncoad","blocka jagat pura jaipur poncoad"
"blood throwing","blood throwing,bloody thorne,bloody throne,bloody throne"
"blooming buterscotch flowers","blooming buterscotch flowers"
"blooming i love","blooming i love,blooming love,blooming love 1,blossoming love,brimming love"
blossim,"blossim,brownies,brownies,brownies,browniew,btownie,bxss.me"
"blossom flower fruit flavour.","blossom flower fruit flavour."
"blossom flower cake-0.5","blossom flower cake-0.5"
"blossoming love - 1","blossoming love - 1"
"blossoming love - 500 gm","blossoming love - 500 gm"
"blossoms woo","blossoms woo"
"blow job cacke","blow job cacke"
"bluberry cakr","bluberry cakr,bluberry jelly,blueberries cak,blueberry pastry,blurbeery cane"
"bluberry yum treat","bluberry yum treat,blueberry yum treat"
"blue new born baby boy","blue new born baby boy,new born baby boy"
"blue rossetti","blue rossetti"
"blue white","blue white,blue white,blue bento,blue booties,blue cricket,blue cricket,blue dippy,blue drippy,blue hukka,blue purple,blue sapphire,blue shads,blue shirt,blue shirt,blue tick,blue tick,blue waves,blue whale,blue whale,blue white,bone chili,pink white"
"blue white 2 tier","blue white 2 tier,blue white colour"
"blue white name baba shaheb","blue white name baba shaheb"
"blue white colour blue white colour","blue white colour blue white colour"
"blue beet pastry","blue beet pastry,blue berry pastry"
"blue berrery","blue berrery,blue berries,bluebarry,bluebeery,blueberries,blurbeery"
"blue berry cheese pastry","blue berry cheese pastry,blue berry cheese cale,blueberry cheesecake pastry"
"blue berry - half","blue berry - half,blue berry simple"
"blue berry birthday caie","blue berry birthday caie,blue berry birthday design"
"blue berry flower","blue berry flower,blue berry flowers,blueberry flowers,blueberry flowers,blueberry flowers,blueberry flavour"
"blue berry chessecake","blue berry chessecake,bluebbery chesse cale,blueberry cheese cake-2,blueberry chesse cale"
"blue berry egg less","blue berry egg less"
"blue berry fondant","blue berry fondant,blue berry semi fondant,blue shirt fondant"
"blue berry mango","blue berry mango,blue berry muffin"
"blue berry pastries","blue berry pastries,blueberry pastry123"
"blue berry ite chclate","blue berry ite chclate,blueberry white chocolate"
"blue boot - 5","blue boot - 5"
"blue briny berroes","blue briny berroes,blue drippy berries,blue drippy berroes"
"blue candies","blue candies"
"blue clinched top","blue clinched top"
"blue colour 3rd birthday","blue colour 3rd birthday"
"blue cream cales","blue cream cales,blue heart cale"
"blue drippy berr","blue drippy berr"
"blue drippy berries 500 gm","blue drippy berries 500 gm,blue drippy berries - 500 gm"
"blue flowers aesthetic","blue flowers aesthetic"
"blue fondant barbie","blue fondant barbie"
"blue foundain","blue foundain"
"blue label bottle","blue label bottle,bluelabel bottle"
"blue label bottle cake-1.5","blue label bottle cake-1.5"
"blue lable arack","blue lable arack"
"blue or silver coour","blue or silver coour"
"blue pink fantasy","blue pink fantasy,blue pink fantasy"
"blue pink fantasy cupcakes","blue pink fantasy cupcakes"
"blue pink fantasy cupcakes-set 6","blue pink fantasy cupcakes-set 6"
"blue platinum","blue platinum"
"blue roses barbie","blue roses barbie"
"blue sea theme","blue sea theme,busy men theme"
"blue sprinkle","blue sprinkle"
"blue theme ckae","blue theme ckae,book theme cale"
"blue tshirt cupcakes","blue tshirt cupcakes"
"blueberry birthday","blueberry birthday,butterfly birthday"
"blueberry combo rose chocolate","blueberry combo rose chocolate"
"blueberry heart shape","blueberry heart shape,blueberry heart shape"
"blueberry cheese treat","blueberry cheese treat,blueberry cheese treat - 1"
"blueberry cheese cake-1kg","blueberry cheese cake-1kg"
"blueberry cheese ice cream","blueberry cheese ice cream"
"blueberry cream cheese","blueberry cream cheese"
"blueberry cupcakes","blueberry cupcakes"
"blueberry flavour birthday","blueberry flavour birthday"
"blueberry football cale","blueberry football cale"
"blueberry icecream","blueberry icecream"
"blueberry jelly - 500 gm","blueberry jelly - 500 gm"
"blueberry jelly 21 december 2023","blueberry jelly 21 december 2023"
"blueberry new year","blueberry new year"
"blueberry oatmeal","blueberry oatmeal,blueberry oatsmeal"
"blueberry pastry set 4","blueberry pastry set 4"
"blueberry red velvet","blueberry red velvet,blueberry redvelvet"
"blueberry treat-500 gm","blueberry treat-500 gm"
"blueberry unicorn","blueberry unicorn"
"blueberry vanilla","blueberry vanilla"
bluedrippy,bluedrippy
"bluetooth speaker","bluetooth speaker"
"bluey bingo","bluey bingo"
"blye white stars","blye white stars"
"bmi calculator","bmi calculator"
"bmw 7 series","bmw 7 series"
"bmw, tommy, lv","bmw, tommy, lv"
"bob builder","bob builder,bob builder,bod builder,body bilder,body budider,body builder,body builder,body builders,bodybliuder,bodybuilder,bodybuilder,bomb blaster,body builder,body builders,bodybuilder"
"bob voyage cales","bob voyage cales,bon voyage canada,bon voyage cakew"
"bobber bike","bobber bike,bubble vake,bullet bike,bullet bike,bullet bikes"
"bobble head","bobble head,boobs near"
"bobiboy cartoon","bobiboy cartoon"
"body builder shaped","body builder shaped,body builder cale,body builder theme"
"body bulider theme","body bulider theme"
"body filter girl","body filter girl"
"body lotion fondant","body lotion fondant"
"bodybuilder design","bodybuilder design"
"bodybuilding fondant","bodybuilding fondant"
bollywood,"bollywood,bollywood,bolywood.,lollipops,lollipop"
"bollywood birthday","bollywood birthday"
"bollywood lover","bollywood lover"
"bollywood movie scene theme","bollywood movie scene theme"
"bomb caka heart shape","bomb caka heart shape"
"bomb cheapest price","bomb cheapest price,cheapest price,cheapest price"
"bomb price 700","bomb price 700,less price 200"
"bomb cake, caramel blast","bomb cake, caramel blast"
"bomb computer sir","bomb computer sir"
"bomb explosion","bomb explosion"
"bomb packing","bomb packing,bomb plastic,boob sucking,boys playing,bomb sating,boys gaming"
"bomb shell image","bomb shell image,bomb shell photo,bomb shell photo"
"bombay fruit mart","bombay fruit mart"
"bombay sapphire","bombay sapphire"
"bon voyage theme","bon voyage theme"
bonanza,"bonanza,brezza,browinee,browinee"
"bonn delieght 500 gm","bonn delieght 500 gm,bonn delieght 500gm,bonn delight 500gm,bonn delight-500 gms"
"bonn delight vanilla","bonn delight vanilla"
"bonsai karma plant","bonsai karma plant"
"bonsai plant","bonsai plant,bonsai plants"
"bonvage uk","bonvage uk,boys age 19,boy age 22"
"bonvayage customised","bonvayage customised"
"bonvoyage birthday","bonvoyage birthday"
"boobs peacock","boobs peacock,boobs penis"
"book launch","book launch,cho crunch"
"book orinted it","book orinted it,book printed it"
"book overloded","book overloded,books overloaded"
"book theme cakel","book theme cakel"
"books reading studious","books reading studious"
"bookster theme","bookster theme"
"boondi laddoo","boondi laddoo,boondi ladoo"
"boozy moet bottle","boozy moet bottle"
"boque n chocolate","boque n chocolate"
"born be dance","born be dance"
"born drink beer","born drink beer"
"born shop birthday","born shop birthday"
"born shop price 1000","born shop price 1000,born shop price 500"
"born shop, internet surfing","born shop, internet surfing"
"born sparkle","born sparkle,born travel,born travel"
"born too shine","born too shine"
"borthdat topper","borthdat topper"
"boss babg birthday cales","boss babg birthday cales"
"boss baby 19 january","boss baby 19 january"
"boss baby 500 gm","boss baby 500 gm"
"boss baby toppers","boss baby toppers,boss baby theme,boss baby theme"
"boss baby half month","boss baby half month"
"boss baby high low","boss baby high low"
"boss baby linata","boss baby linata"
"boss baby major cakee","boss baby major cakee"
"boss baby wala chocolate","boss baby wala chocolate"
"boss birthday bottle shape","boss birthday bottle shape"
"boss day designer","boss day designer"
"boss day varti","boss day varti"
"boss lady cale","boss lady cale"
"boss turning 40","boss turning 40,boy turning 18"
"boston terrier poppies","boston terrier poppies"
"boston university","boston university"
"bot bitmex&gt;&gt;byd77.com&lt;&lt;2888u bot bitmex&gt;&gt;byd77.com&lt;&lt;2888u bot bitmex&gt;&gt;byd77.com&lt;&lt;2888u bot bitmex","bot bitmex&gt;&gt;byd77.com&lt;&lt;2888u bot bitmex&gt;&gt;byd77.com&lt;&lt;2888u bot bitmex&gt;&gt;byd77.com&lt;&lt;2888u bot bitmex"
"bottal cigarettes","bottal cigarettes"
"bottel lookalike","bottel lookalike"
"bottel lookalike butter scotch","bottel lookalike butter scotch"
"bottle pineapple flavor","bottle pineapple flavor,bottle pineapple flavor"
"bottle 500 gram","bottle 500 gram"
"bottle calelegend","bottle calelegend"
"bottle designer","bottle designer,bottle drinker"
"bottle jack daniels","bottle jack daniels"
"bottle shaped candles","bottle shaped candles"
"bottoms up","bottoms up,bottoms up-1"
bougainville,bougainville
"bouncy hairs","bouncy hairs"
"bouquet floers","bouquet floers,bouquet flower,bouquet flowers,bouquet fresh,bouquet ful,bouquet full,bouquet l,bouquet flowers,bouquet photo,bullet lovers"
"bouquet pull","bouquet pull,bouqet photo"
"bouquet rose chocolates","bouquet rose chocolates"
"bourbon cheesecake","bourbon cheesecake,boyfriend cheesecake,carrot cheesecake"
"bournville chocolate","bournville chocolate"
"bournville combo","bournville combo"
"boutique type","boutique type"
"bow ribbon","bow ribbon,bow ribbon,bow ribbon,bow tiful"
"bow ribbon theme","bow ribbon theme"
"bowled over","bowled over,bowled over,bulldozer,loved ones,nonveg lover"
"box butterfly","box butterfly"
"boxing gloves","boxing gloves,boxing sport"
"boy girl twins","boy girl twins"
"boy cricket vinay name","boy cricket vinay name"
"boy cakename vinay","boy cakename vinay"
"boy facecake","boy facecake,boyfriendcake"
"boy freind cakemobile lovers","boy freind cakemobile lovers"
"boy king thesme","boy king thesme"
"boy leing bed","boy leing bed,breaking bed"
"boy nirthday 1 year","boy nirthday 1 year,boys birthday 9 year"
"boy or girl baby shower","boy or girl baby shower"
"boy sitting scooty","boy sitting scooty"
"boy square spider man","boy square spider man"
"boy turns one","boy turns one"
"boy undergarment","boy undergarment"
"boy using laptop","boy using laptop,boy usking laptop"
"boy's micky mouse birthday","boy's micky mouse birthday"
"boyfriend bday gifts","boyfriend bday gifts"
"boyfriend beer bday","boyfriend beer bday,boyfriend bday"
"boyfriend birthday cupcake","boyfriend birthday cupcake"
"boyfriend sname","boyfriend sname"
"boyfriend gym birthday","boyfriend gym birthday"
"boyfriend gym birthday cake-1.5","boyfriend gym birthday cake-1.5"
boyfriend’s,boyfriend’s
"boys jungle","boys jungle,bts purple,smash jungle,chocho jungle"
"boys 22 birthday","boys 22 birthday,boys 2nd birthday"
"boys bachelorate","boys bachelorate"
"boys birthday 7 year old","boys birthday 7 year old"
"boys birthday minion","boys birthday minion"
"boys green colour","boys green colour"
"boys two layer","boys two layer"
"braai master","braai master,brand sister,brawl star,brawl star"
"branch forabr","branch forabr"
"brand depicted","brand depicted"
"brand lover bots","brand lover bots,brand lover boys"
"brand lover teenager","brand lover teenager"
"brand shopping boys","brand shopping boys"
"brand theme like louise vetune","brand theme like louise vetune"
"brand thene caje","brand thene caje"
"branded hand bag","branded hand bag"
"branded makeup theme","branded makeup theme"
"branded purse","branded purse"
"branded theme boys","branded theme boys"
"brawl stars","brawl stars,brawl stars,brown bear,brown sugar"
"brawl stars cartoon","brawl stars cartoon"
"brawl stars theme","brawl stars theme"
"bread egg free","bread egg free"
"break it hammer","break it hammer,break hamor"
"break up cosmise design","break up cosmise design"
"breakfast items","breakfast items"
"breaking bad","breaking bad,breaking bad,breaking heart,greeting card"
"breazy peachy","breazy peachy,breezi pichi,breezy peachy,breezy peachy 2,breezy peachy,breezy peachy-4,brigy pitchy"
"breezing heart","breezing heart,breezing hearts"
"breezing heart cakin vanilla flavour","breezing heart cakin vanilla flavour"
"breezing hearts-500 gms","breezing hearts-500 gms"
"brezza car design","brezza car design"
"brick house","brick house,brick plum,bride ro be,bride tobe"
"bridal combos","bridal combos,bridal chura,bridal showers,buique combo"
"bridal floral","bridal floral,bridal shower,bridal shower,bridal shower,bridal shower"
"bride groom be","bride groom be,bride n groom,bride t obe"
"bride b dirty","bride b dirty,bride be party"
"bride be banner","bride be banner,bride be barbie,bride be half,bride be toppers,bride be caked,bride be ba,bride be cale,bride be cales,bride be candle,bride be cwke,bride be half,bride be pinnata,bride be sash,bride be sashe,bride be things,bride be topper"
"bride be 500kg","bride be 500kg,bride be egg,bride be m"
"bride be under 1000","bride be under 1000,bride be under 700,bride be under 300"
"bride be kathmandu","bride be kathmandu"
"bride be without fondant","bride be without fondant"
"bride be chocolate 1/2","bride be chocolate 1/2"
"bride be cupcake","bride be cupcake,bride be cupcakes"
"bride be decoration","bride be decoration"
"bride be eggless","bride be eggless,bride be googles,brownie eggless"
"bride be naughty","bride be naughty"
"bride be piñata","bride be piñata"
"bride be ribbon","bride be ribbon"
bridezilla,bridezilla
"bridge construction","bridge construction"
"bridge road","bridge road,bridget ton"
"briefcase dollars","briefcase dollars"
"brigadeiro heaven","brigadeiro heaven"
brigadiero,"brigadiero,buileders"
"bright affair","bright affair"
"bright airplane","bright airplane"
"brilliant ring bling","brilliant ring bling"
"brimmimg love","brimmimg love,brithday love"
"brithday cacke 11 yera girl","brithday cacke 11 yera girl"
"brithday girls","brithday girls,brithday girl"
"brithday love design","brithday love design,brithday love design"
"brithday singer male","brithday singer male"
"brithday out ages","brithday out ages"
"british empire beer theme","british empire beer theme"
"briyani design","briyani design,chivas design"
"broken cales","broken cales,broken leg"
brokliyn99,"brokliyn99,brokylnn 99,brookly 99,brooklyn,brooklyn 99"
"brooklyn nine nine","brooklyn nine nine"
"brother sister","brother sister,brother best,brother photo,brother sister,brother sister,brother sister,elder sister,brother or sister"
"brother arams","brother arams,brother arms,brother bands,brother bomb,brother pubg,brother arms,brother arms,brother law,brothers arams,brothers day,brothers day,brother law,brothers bday"
"brother bhabi anniversary","brother bhabi anniversary"
"brother b’day","brother b’day"
"brother special cupcakes","brother special cupcakes"
"browine chocolate","browine chocolate,business chocolate"
"brown moustache up","brown moustache up"
"brown rice","brown rice,brownie 1,browny base"
"brown theme baby shower","brown theme baby shower"
"browni chocolate foto","browni chocolate foto"
"brownie bhabhi","brownie bhabhi,brownie half,brownie chese,brownie hamper"
"brownie caramel","brownie caramel,brownie cookies"
"brownie choco pastry","brownie choco pastry"
"brownie red velvet","brownie red velvet,brownie redvelver"
"brownie vanilla","brownie vanilla"
"brownie vanilla icecream","brownie vanilla icecream"
"brun away","brun away,burnt away"
"brush stroke","brush stroke,brush strokes"
"bsnl ki call details kaiser nikale","bsnl ki call details kaiser nikale"
"bsy person","bsy person,busy person,35. person,media person,two person,yoga person,two person"
"bterfly flower dising 3 lyer price","bterfly flower dising 3 lyer price"
"bts character. birthday","bts character. birthday"
"bts touch","bts touch,bts teens,bts groove,bts jimin,bts quins,bts v c"
"bts 11th anniversary","bts 11th anniversary"
"bts anniversary 200 ₹","bts anniversary 200 ₹"
"bts anniversary under 150 rp","bts anniversary under 150 rp"
"bts army bomb","bts army bomb,bts army theme"
"bts army day 150","bts army day 150"
"bts army day 150 price","bts army day 150 price"
"bts band logo","bts band logo,husband love"
"bts birthday half kh","bts birthday half kh"
"bts birthday under 500 rupees free dilvery","bts birthday under 500 rupees free dilvery"
"bts birthday chokalat","bts birthday chokalat"
"bts 1kg lowest price","bts 1kg lowest price"
"bts 200 rs","bts 200 rs,bts 200 ₹,bts members,bts photers"
"bts chocolate bts choco chips bts","bts chocolate bts choco chips bts"
"bts chollete","bts chollete"
"bts low money","bts low money"
"bts under 500 rupees","bts under 500 rupees,under 300 rupees,under 100 rupees"
"bts under 150 rp","bts under 150 rp"
"bts customized cack","bts customized cack"
"bts designed girl","bts designed girl"
"bts galaxy","bts galaxy,bts related"
"bts girl theme","bts girl theme,lazy girl theme"
"bts girls star","bts girls star"
"bts groove p8875","bts groove p8875"
"bts image ideas","bts image ideas"
"bts jk love","bts jk love,bts v wife"
"bts jk model purple ????","bts jk model purple ????"
"bts jungkook birthday","bts jungkook birthday,bts jungkook name birthday"
"bts jungkook","bts jungkook"
"bts korean band","bts korean band"
"bts photo print cool how much cost","bts photo print cool how much cost"
"bts purpul","bts purpul"
"bts them under 500","bts them under 500,bts theme under 700"
"bts theme birthday","bts theme birthday,bts theme birthday,bugatti theme birthday"
"bts theme half","bts theme half,bts theme purple,bts theme half"
"bts theme image ideas","bts theme image ideas"
"bts theme 1 pound","bts theme 1 pound"
"bts theme name hiya","bts theme name hiya,bts theme name shahinna"
"bts theme less price","bts theme less price"
"bts theme miniature","bts theme miniature"
"bts theme eggless","bts theme eggless"
bts????,bts????
"bua bhatija","bua bhatija,burj khalifa,burj khalifa"
"bubble gum crush","bubble gum crush"
"bubble gum flavor","bubble gum flavor,bubblegum flavour"
bubblegum,"bubblegum,bubblegum,bubullgam"
"bubu dudu birthday","bubu dudu birthday"
"bubu dudu design","bubu dudu design"
"bubu dudu theme","bubu dudu theme,bubu dudu theme"
"buche de noel","buche de noel"
"bucket full blast","bucket full blast,bucketful blast"
bucketful,"bucketful,buckingha,buckeye,cheerful"
buckwheats,buckwheats
"budweiser bottle","budweiser bottle"
"budwiser magnum","budwiser magnum"
"buffer fly","buffer fly"
"bugaati veyron","bugaati veyron"
"bugati theme","bugati theme,cigarate theme"
"bugatti shaped car","bugatti shaped car"
"builder ce","builder ce,bullet cke"
"building near 200","building near 200"
"building vala","building vala"
"buisness man","buisness man,buisnessman,business mam,business man,business man,business man,business man,business men,business women,businessmen,businesswoman,bussiness man,bussiness man,bussnessman,business man,business mens,business menz,business women,businessmen"
"bul bule cartoon","bul bule cartoon"
"bull crushing scorpio","bull crushing scorpio"
"bullet bike birthday","bullet bike birthday"
"bullet bike shape","bullet bike shape,bullet bike theme"
"bullet or bike","bullet or bike,bullet rani,bullet rider"
"bullet patterm","bullet patterm"
"bullet royal enfield","bullet royal enfield,bullet royal enfild"
"bullet theme xake","bullet theme xake"
"bulu cular palen","bulu cular palen"
"bumble bee fondant","bumble bee fondant"
"bumblebee cke","bumblebee cke"
"bunch cupcake","bunch cupcake,bunch rose cupcake"
"bunch books càke","bunch books càke"
"bunch whiskey bottle","bunch whiskey bottle"
bunchfgdcake33,bunchfgdcake33
"bundle love-500 gms","bundle love-500 gms"
"bundle ofblove","bundle ofblove"
"bunny rabbit","bunny rabbit"
"burberry logo","burberry logo"
bureaucrat,bureaucrat
"burger fries shape","burger fries shape"
"burger shape cske","burger shape cske"
"burn away cale","burn away cale,burn away came,burn away cames,burn away photo,burnaway cale"
"burnaway photo","burnaway photo"
"burning customized","burning customized"
"burning paper","burning paper"
"bursting candle","bursting candle"
"burthday mummy","burthday mummy,burthday preety"
"burthday preetyhappy birthday preety","burthday preetyhappy birthday preety"
"burthday teedy beear flowers","burthday teedy beear flowers"
"bus calke tor kids","bus calke tor kids"
"business analyst","business analyst,business anyalist"
"business design","business design,business man design,business taykon,businesses"
"business them","business them,business man theme,business theme,business theme,business themes,businessman theme,bussines theme,bussiness theme"
"business man birthday","business man birthday,business manbirthday"
"business toding man","business toding man"
"businesses man k liye","businesses man k liye"
bussiness,"bussiness,muscians"
"butter bean cafe","butter bean cafe,butter bean cartoon,butter beans cafe,butter beans theme,butterbean's cafe,butterbeans cafe"
"butter bean cafe half eggless","butter bean cafe half eggless"
"butter bean cafe theme","butter bean cafe theme"
"butter biscuit","butter biscuit"
"butter chicken","butter chicken,butter chiken,butter cookies"
"butter cookie craving","butter cookie craving"
"butter cream chocolate","butter cream chocolate,butter cream chocolate,butter scotch chocolate,buttercream chocolate,butterscotch chocolate,butterscotch chocolate,butterscotch chocolate"
"butter frosting","butter frosting,buttercream frosting"
"butter icing boys","butter icing boys,butter icing study"
"butter schooch flavour bike","butter schooch flavour bike"
"butter scoatch low price","butter scoatch low price"
"butter scorch ice cream","butter scorch ice cream,butter scotch ice cream,butter scotch ice cream,butterscotch ice cream,butterscotch ice cream,butterscotch icecream"
"butter scot flavor","butter scot flavor,butterscotch flavored,butterscotch flavour,butterscotch flavour"
"butter scotch anniversary","butter scotch anniversary,butterscotch anniversary,butterscotch anniversary"
"butter scotch bts design","butter scotch bts design,butterscotch design"
"butter scotch only 100 ₹","butter scotch only 100 ₹"
"butter scotch eggless","butter scotch eggless,butter scotch eggless,butterscotch eggless,butterscotch egg less,butterscotch eggless,butterscotch eggless"
"butter scotch two lawer teacher day under 500 rs","butter scotch two lawer teacher day under 500 rs"
"butter scotch under 200","butter scotch under 200,butter scotch under 350,butterscotch under 300,butterscotch under 300"
"butter scotch father birthday","butter scotch father birthday"
"butter scotch pastry","butter scotch pastry,butter scotch photo,butter scotch yummy,butterscotch photo,butterscotch pastry,butterscotch pastry,butterscotch pestry,butterscotch photo,butterscotch photo,butterscotch photo,butterscotch step"
"butter scotch piñata","butter scotch piñata,butter scotch treat"
"butter scotch small cup","butter scotch small cup,butter scotch small size"
"butter scotch red velvet","butter scotch red velvet"
"butter scotch yummh","butter scotch yummh,butterscotch combo,butterscotch crunch,butterscotch crunch,butterscotch crush,butterscotch yumm,butterscotch yummy"
"butter sthit kids","butter sthit kids"
"buttercream birthday boys","buttercream birthday boys"
"butterflies flower","butterflies flower,butterflies flower,butterfly flowers,butterfly flower,butterfly lover"
"butterfly theme cakr","butterfly theme cakr"
"butterfly barbie","butterfly barbie,butterfly image,butterfly cakess,butterfly cale"
"butterfly blue 7 year girls","butterfly blue 7 year girls"
"butterfly butterscotch flavour","butterfly butterscotch flavour"
"butterfly design","butterfly design,butterfly design,butterfly pink"
"butterfly 1st birthday","butterfly 1st birthday"
"butterfly eggless","butterfly eggless,butterfly explode,butterfly toppers,butterfly toppers"
"butterfly fly fairy","butterfly fly fairy,butterflyfairy"
"butterfly fondant","butterfly fondant"
"butterfly lavender","butterfly lavender"
"butterfly pink theme","butterfly pink theme"
"butterfly shaped","butterfly shaped,butterfly shaped"
"butterfly shaped cales","butterfly shaped cales"
"butterscotch caramel","butterscotch caramel,butterscotch cricket,butterscotch aadha,butterscotch caramel,butterscotch caramel,butterscotch caramel,butterscotch cupcakes,butterscotch truffel,butterscotch caramel"
"butterscotch cricket photos","butterscotch cricket photos"
"butterscotch + chocolate .chip","butterscotch + chocolate .chip,butterscotch + chocolatechip"
"butterscotch + chocolate","butterscotch + chocolate,butterscotch choclate"
"butterscotch -1kg","butterscotch -1kg,butterscotch 250 gm,butterscotch 500 gm,butterscotch 500 gm,butterscotch 500g,butterscotch 500gm,butterscotch bookay,butterscotch fruit,butterscotch heart,butterscotch treat,butterscotchcake 1kg"
"butterscotch 1 pound","butterscotch 1 pound"
"butterscotch aadha kilo","butterscotch aadha kilo"
"butterscotch choco chips","butterscotch choco chips"
"butterscotch birthday","butterscotch birthday,butterscotch birthday kids,butterscotch birthday,butterscotch birthday,butterscotch birthday,buttoeacotch birthday,buttrscotch birthday"
"butterscotch birthday photo","butterscotch birthday photo"
"butterscotch blueberry pineapple birthday","butterscotch blueberry pineapple birthday"
"butterscotch bodybuilding","butterscotch bodybuilding"
"butterscotch 2 layers","butterscotch 2 layers,butterscotch flowers,butterscotch n flower,butterscotch flower,butterscotch latest"
"butterscotch 250 grams","butterscotch 250 grams"
"butterscotch 13 year","butterscotch 13 year"
"butterscotch kid brother advent","butterscotch kid brother advent"
"butterscotch kids birthdya","butterscotch kids birthdya"
"butterscotch 200 ruppess","butterscotch 200 ruppess"
"butterscotch under 600 rupees","butterscotch under 600 rupees"
"butterscotch dancing theme","butterscotch dancing theme"
"butterscotch jack danials","butterscotch jack danials"
"butterscotch without egg","butterscotch without egg,butterscotch without egg"
"butterscotch cake40 birthday","butterscotch cake40 birthday"
"butterscotch female friend","butterscotch female friend"
"butterscotch under 300 price","butterscotch under 300 price"
"butterscotch chocolate lava","butterscotch chocolate lava"
"butterscotch cookie craving","butterscotch cookie craving,butterscotch cookie craving"
"butterscotch crunch 05 july 2024","butterscotch crunch 05 july 2024"
"butterscotch customised","butterscotch customised"
"butterscotch delight","butterscotch delight,butterscotch delight - 1,butterscotch delight,butterscotch designer"
"butterscotch delight photo","butterscotch delight photo"
"butterscotch delight photo - 500 gm","butterscotch delight photo - 500 gm"
"butterscotch dinosaur","butterscotch dinosaur"
"butterscotch dori mon","butterscotch dori mon"
"butterscotch fresh fruits","butterscotch fresh fruits"
"butterscotch half photo","butterscotch half photo,butterscotchcake photo"
"butterscotch icecream cakr","butterscotch icecream cakr"
"butterscotch peppa pig","butterscotch peppa pig"
"butterscotch rasmalai","butterscotch rasmalai"
"butterscotch step 3kg","butterscotch step 3kg,butterscotch treat 1kg"
"butterscotch swirls","butterscotch swirls,butterscotch swirls - 1,butterscotch fruits"
"butterscotch swirls - 500 gm","butterscotch swirls - 500 gm"
"butterscotch treat - 500 gm","butterscotch treat - 500 gm"
"butterscotch's fruit","butterscotch's fruit"
"butterscotch, birthday, heart location","butterscotch, birthday, heart location"
"butterscotch, birthday, ar here","butterscotch, birthday, ar here"
"butterscotch, birthday, ar here heart location","butterscotch, birthday, ar here heart location"
"butterscoth photo","butterscoth photo"
"buttersctoch flavours","buttersctoch flavours"
"butterskautch small size","butterskautch small size"
"buttiful 2tire","buttiful 2tire"
"non vbv cc,【site: sig8.com】amex cvv code,snb mada card cvv number,amazon shopping credit card,best non vbv cc shop,briansdump ru domains,first time credit card build credit,walmart store only credit card,cc fresh carding,cvv mm yy,cardable sites no","non vbv cc,【site: sig8.com】amex cvv code,snb mada card cvv number,amazon shopping credit card,best non vbv cc shop,briansdump ru domains,first time credit card build credit,walmart store only credit card,cc fresh carding,cvv mm yy,cardable sites no"
"sell stock cakr","sell stock cakr"
"wow gold, wow classic gold,buy wow classic gold","wow gold, wow classic gold,buy wow classic gold"
"buzz lightyear","buzz lightyear"
bxss.me/t/xss.html?%00,bxss.me/t/xss.html?%00
"bye india","bye india"
"c cricket cricket theme","c cricket cricket theme"
"c. students","c. students,ca student,ca students,ca students"
"c2bit cvv,【site: sig8.com】cvv sites fullz,cvv bajaj emi card,best secured credit cards building credit,new cc dump sites,cvc credit card,comparing credit cards,cvv seller website,free fullz 2021,ssn dob cvv,bin list 2020,....b0e7","c2bit cvv,【site: sig8.com】cvv sites fullz,cvv bajaj emi card,best secured credit cards building credit,new cc dump sites,cvc credit card,comparing credit cards,cvv seller website,free fullz 2021,ssn dob cvv,bin list 2020,....b0e7"
"ca completion","ca completion"
"ca trademark","ca trademark,central park"
"caakes dj","caakes dj,cackes gym,caked dogs,cakee him,candles 30"
"cabin crew","cabin crew,cabin crew,cabincrew"
"cack design baby girl","cack design baby girl"
"cack brother chocolate","cack brother chocolate"
"cack home use","cack home use"
"cack make up under 300","cack make up under 300,cack make up under 400"
"cack teacher","cack teacher,dance teacher,music teacher,science teacher"
"cack pace spong cack","cack pace spong cack"
"cack price 350","cack price 350"
"cacke dentist","cacke dentist"
"cacke foe 5 year girl","cacke foe 5 year girl"
"cacke social media","cacke social media"
"cackefor advocate","cackefor advocate,cale advocate"
"cactus plat","cactus plat"
"cadbury celebration pack","cadbury celebration pack"
"cadbury celebrations 200rs","cadbury celebrations 200rs"
"cadbury chocolate","cadbury chocolate,carmell chocolate"
"cadbury dairy milk chocolate gifts","cadbury dairy milk chocolate gifts"
"cadbury dairy milk silk","cadbury dairy milk silk"
"cadbury gems","cadbury gems,cadbury shot"
"cael考试替考 (q薇296177582) jlpe可以替考吗 cae网上代考 (q薇296177582) igcse代考答案 toefl远程代考答案ml","cael考试替考 (q薇296177582) jlpe可以替考吗 cae网上代考 (q薇296177582) igcse代考答案 toefl远程代考答案ml"
"cae代考哪里有(q薇296177582) cae代考哪里有(q薇296177582) cae代考哪里有(q薇296177582) cae代考哪里有(q薇296177582)da?ayop=ikyn","cae代考哪里有(q薇296177582) cae代考哪里有(q薇296177582) cae代考哪里有(q薇296177582) cae代考哪里有(q薇296177582)da?ayop=ikyn"
"cafe 18 year boy","cafe 18 year boy,car 5 years boy"
"cafe coffee day","cafe coffee day"
"cafe mocha","cafe mocha"
"cafe mocha flavour","cafe mocha flavour"
"caje mothersday","caje mothersday,came mother’s"
"caje physiotherapist","caje physiotherapist,physiotherapist"
"cak egles 250","cak egles 250"
"plants combo","plants combo,flowers combo,flowers combo,flowers combo,flowers combo,flowers combo"
"proce below 200","proce below 200,cale below 200"
"excersize un hnji h hh","excersize un hnji h hh"
"hearts-500 gms","hearts-500 gms,her 500 gms"
"miniature bottle","miniature bottle,miniatures bottle"
"named smaira","named smaira"
"only icon on. top","only icon on. top"
"plane 300","plane 300,above 200,straing 300"
"toppers mommy","toppers mommy,toppers uk"
"without icing","without icing,without icing,without sugar,without toping,without founding,without icing,cale without icing,car without icing"
"&amp; roses","&amp; roses"
",flowers choklayt",",flowers choklayt"
",roses n bear",",roses n bear"
"1 kh under 700 chocolates","1 kh under 700 chocolates"
"10k complete","10k complete"
"2 pounds under 350","2 pounds under 350"
"3 hours geeson hotel delhi","3 hours geeson hotel delhi"
"500gm micky mouse art","500gm micky mouse art"
"adelt fundent video","adelt fundent video"
"alcohol malboro","alcohol malboro"
"ballons twin sisters","ballons twin sisters"
"bouquet red rose","bouquet red rose"
"choclate hamper","choclate hamper,chcolate hamper,choclate almond,choclate sister,choclate marvels,choclate raspberry,choclate velvet,choco hamper,choco love hamper,chocolate 2 tier,chocolate 3 tier,chocolate 2 tier,chocolate sister,chocolate ginger,chocolate hampers,chocolate hampper,chocolate number,chocolate pastery,cholchate hazel,choloct hamper"
"flowers combos","flowers combos,flowercombo,flowers decor"
"lowest price","lowest price,lowest price,lowest range,lowest price,low prizes,cheap price"
"based cricket","based cricket,related cricket"
"based ipl kids","based ipl kids"
"batter powder","batter powder"
"birthday barbie doll","birthday barbie doll"
"birthday boy simple not fondant 1000","birthday boy simple not fondant 1000"
"birthday chocolate black forest","birthday chocolate black forest"
"birthday dehradun","birthday dehradun"
"birthday edult under 300","birthday edult under 300"
"birthday fimail frnd 1kg","birthday fimail frnd 1kg"
"black pink combination","black pink combination"
"blueberry cheese egg less","blueberry cheese egg less"
"board 15 inch","board 15 inch"
"book today 12 o'clock","book today 12 o'clock"
"bread type","bread type,jean style"
"bts design under 600","bts design under 600"
"bts theme 10years","bts theme 10years"
"butterscoch dry fruites","butterscoch dry fruites"
"iron man image","iron man image"
"boys, super boy4","boys, super boy4"
"cars without fobdant","cars without fobdant"
"cartoon chocolate flavor oh","cartoon chocolate flavor oh"
"castle gurgaon","castle gurgaon"
"chocolate whit one one hour","chocolate whit one one hour"
"chocolate teddy combo","chocolate teddy combo,chocolate box combo"
"choko chips","choko chips,chcocochip,cho cochip,chocho chips,chochochips,choco cherry,choco cherry,choco chip 1,choco chip dry,choco chip nest,chocochip 3,choko chips,choko chips,choo charles"
"combo boyfriend","combo boyfriend"
"combo sister","combo sister,combo flowe,twins sister,wife sister,cale sister,came sister"
"computer engineer","computer engineer,computer engineers,computer engineer"
"concentrater eggless","concentrater eggless"
congratulations,"congratulations,congratulations"
"cost only 300","cost only 300"
coustamized,coustamized
"customised name","customised name"
dairymilk,"dairymilk,cdairy milk"
"decorated mobile laptop image","decorated mobile laptop image"
"decorated non edible butterfly","decorated non edible butterfly"
"decorating accessories","decorating accessories"
"decoration hamper gym design","decoration hamper gym design"
"dedh sau dedh sau 150","dedh sau dedh sau 150"
"dekivery delhi","dekivery delhi"
"delight 500 gram","delight 500 gram"
"delivered midnights","delivered midnights"
"alkapur township, manikonda","alkapur township, manikonda"
"gandhinagar gujarat","gandhinagar gujarat"
"samudragarh nabwadip.","samudragarh nabwadip."
"shivaji nagar","shivaji nagar"
"desgin female 60th birthday","desgin female 60th birthday"
"design 2 tier 900 ra","design 2 tier 900 ra,design 2 tier 900 rs"
"design coeur pour anniversaire","design coeur pour anniversaire"
"design first letter reading","design first letter reading"
"design children","design children,designs children"
"design men","design men,design mom,designs boys,disign titi,design coffee,design glas,design glass,design thar,design men"
"design science student","design science student"
"design for5year girl","design for5year girl"
"design insired gadgets","design insired gadgets"
"design motor pang bata","design motor pang bata"
"design number 6","design number 6"
"design bank manager them","design bank manager them"
"design police","design police,design square,delhi police"
"design jet planes","design jet planes"
"design written 1","design written 1"
"designs girl child","designs girl child"
"desion bottals","desion bottals"
"dilvery saket delhi","dilvery saket delhi"
"dog girl it","dog girl it,durga sir it"
"editing name alphabet","editing name alphabet"
"eggless husband","eggless husband"
engeneering,"engeneering,engineer-1.5,engineering,open ring"
"fdor twins","fdor twins,cale twins"
"fiends drink","fiends drink"
"filling melted flavour","filling melted flavour"
"fir beer lover","fir beer lover,fir boy love,balveer lover"
"flower n","flower n,father son,flowers wine,flower mrp"
"fo apple lover","fo apple lover,fo iphone lover"
"fo rgirls","fo rgirls,young girls"
"book publisher","book publisher,publisher"
"car foodies","car foodies,car fortuner"
pharmacist,"pharmacist,journalist,pharmacist,physicist,charmander,charmander"
"26 years old brother","26 years old brother,27 years old brother"
"39 th birthday women","39 th birthday women"
"3rd anniversary boyfriend","3rd anniversary boyfriend"
"3rd birthday bay","3rd birthday bay"
"5th anniversary bhai bhabhi","5th anniversary bhai bhabhi"
"60 people gathering","60 people gathering"
"6month old girl","6month old girl,6month old kid"
"covid doctor","covid doctor,movie director,metro doctor"
"airlines staff","airlines staff"
"army officer retirement","army officer retirement"
audiologist,"audiologist,nephrologist,pathologist,psychologist,radiologist,psychologist,cardiologist,cardiologist"
"ayurvedic doctor","ayurvedic doctor"
"baby boy two stat","baby boy two stat"
"baby boy who like car","baby boy who like car"
"baby's 1st.monyh","baby's 1st.monyh"
"being sucess","being sucess"
"birth day feancee","birth day feancee"
"birthday age 35 makeup","birthday age 35 makeup"
"birthday name abhijeet","birthday name abhijeet"
"boy 14 yeras","boy 14 yeras"
"boyfriend birthday half","boyfriend birthday half"
"boys birthday pine apple","boys birthday pine apple"
"bro elder bro","bro elder bro"
"brother's wife","brother's wife"
"bullet bike lovers","bullet bike lovers"
"ca professional","ca professional,it professional,professions"
cameraoeraon,"cameraoeraon,cameraperson,camera small,camera cale,camera reel"
"canada going","canada going,canada design,canada degin,canada design,canada design,canada falg,canada going,canada going,canada india,canada visa"
"celebrating teen","celebrating teen,celebrating chef,celebrating chef-2,celebration deli"
"chain smokers","chain smokers,cale smokers,chain smoke"
chandigarh,"chandigarh,candyland,candyland,chadilier,chand rat,chanda mama,chanda nagar,chandelier,chandelier,chandelier,chandigard,chandigarh,chandiler,chandilier,chandilier,chandilier,chandiller,chandlier,chandlier,chandlier"
"charactered accountant","charactered accountant,charted accountant,charter accountant,chartered accountant,chartered accountants,chartered accountsnt,chartered accounttant,chatred accountant,charted accountant,chartered accountant,charterted accountant,charated accountants,charted accountant,charted accountant,charted accountant,charted accountants,charted accountent,charted accountent,charter accountant,chartered account,chartered accountant,chartered accountant,chartered accountant,chartered accountants,chartered accountnat,chartes accountant,chattered accountant"
choreographer,"choreographer,photographer,photographers,photographer,photographers"
"cigarette lover","cigarette lover,cigarette theme,cigarette beer,cigarette cae"
"civil engineer","civil engineer,desing engineer,it engineer,devops engineer,it engineer"
"civil servant","civil servant"
"co worker","co worker,topprrler,chef work,choco wonder"
"coffee lovers","coffee lovers,dogs lovers,food lovers,iphone lovers,non veg lovers,clothes lover,food lovers"
"coming baby father","coming baby father"
"company directto","company directto"
"company secretary","company secretary"
"computer lover","computer lover,computer teacher"
"computer science","computer science"
"corporate employee","corporate employee,private employee"
"couch potato","couch potato,shape potato,chilli potato,chily potato"
"cricket civil engineer","cricket civil engineer"
"cricket under 300","cricket under 300"
"custom officer","custom officer"
"dad under rs 200","dad under rs 200"
"daughter 1","daughter 1"
"daughter daughter","daughter daughter,father daughter"
"daughter turning 6 month old","daughter turning 6 month old"
"11:30 pm today","11:30 pm today"
"diabetes educator","diabetes educator"
dietician,"dietician,dietitian,electrician,politician"
"doctors drinks","doctors drinks"
"dog lover husband","dog lover husband"
"double layers","double layers,double floor"
"dragon ball","dragon ball,cartoon all"
"drawing lover","drawing lover,drinks lover,shopping lover"
"drugs dellers","drugs dellers"
"eighteen year old","eighteen year old"
electrical,electrical
"electrical engineer","electrical engineer,mechanical engineer"
"electricity lover","electricity lover"
"english teacher","english teacher"
entpreneur,"entpreneur,entrepreneur,entreprenurt,entrepreneur"
entuperrea,entuperrea
"event managers","event managers"
"fashion gifls","fashion gifls,fashion girls"
"father husband","father husband,papa n husband"
"father retirement","father retirement"
"father’s day","father’s day,mother's day,mother’s day,mother's day,mother's day,father's bday,father's day,father's day"
"female friend 500","female friend 500"
"female friend manager","female friend manager"
"first jiju anniversary","first jiju anniversary"
"fitness freak","fitness freak,fitness freak,fitness freak boy"
"fitness trainer","fitness trainer"
"food lover's","food lover's"
"football lovers","football lovers,football player"
"free fire player","free fire player"
"gadget person","gadget person"
"girl 24 years","girl 24 years,girls 12 years"
"girl 2nd birthday","girl 2nd birthday,girl's 1st birthday,girl 13 birthday"
"girl child","girl child,girlfrind,girls ik kld"
"girl child 3years","girl child 3years"
"girl friend 21 years","girl friend 21 years"
"girlfriend photo","girlfriend photo"
"girls 20kg","girls 20kg,girl rs 400,girls face"
"girls named samaira","girls named samaira"
"going canada","going canada"
"grand fther","grand fther,grand maa,grandfather,grandfathwr,grandmother,grandfather,grandmother"
grandparents,"grandparents,grandprengs,grandparents,grandparents,grand parents,grandparents"
"grandson suger free","grandson suger free"
"graphic designer","graphic designer,graphics designer,graphic designer"
"gym addicted","gym addicted"
"gym pubg lover","gym pubg lover"
"gym freak","gym freak,gym freaky,gym freak,gym freaks"
"gym trainer","gym trainer"
gymnastics,gymnastics
"hair stylist","hair stylist"
"happy journey","happy journey,usa journey"
"household mother","household mother"
"housewarming party","housewarming party"
housewifes,housewifes
"hukkah lovers","hukkah lovers"
"human brain","human brain"
"human resource","human resource"
husabnd,"husabnd,husband 24,husbandsca,husbanf,hushband"
"husbamd birthday","husbamd birthday,huasband birthday"
"husband 500 gm","husband 500 gm"
"husband or dad","husband or dad"
"husband pinnata","husband pinnata"
"husband who likes paint","husband who likes paint"
"husband flowers","husband flowers"
husbandworkholic,husbandworkholic
"i phone lover","i phone lover,internet lover"
"ias aspirant","ias aspirant,neet aspirants,upsc aspirant"
immigration,immigration
"intelligent person","intelligent person"
"interior design","interior design"
"internet operator","internet operator"
"internet surffing","internet surffing"
"it enginners","it enginners"
"jal nigam contreacter","jal nigam contreacter"
journalists,"journalists,guitarists"
"kid age 11","kid age 11"
"kids 3 year’s girl","kids 3 year’s girl"
"kids cream bas3sd","kids cream bas3sd"
"kids girl without fondant","kids girl without fondant"
"kids 400 rupee","kids 400 rupee"
"kids under 800","kids under 800,kids under 700"
"kids vannila","kids vannila"
"kids white green","kids white green"
"kidscake naughty kid","kidscake naughty kid"
"lab technician","lab technician"
"ladies party","ladies party,card party"
"lazy fellow men","lazy fellow men"
"little girls","little girls,little girls"
"long distance","long distance"
"love ones","love ones,love sorry,love date,love oreo"
"mac dolnalds","mac dolnalds"
"makeup artisr","makeup artisr,makeup artist,makeup artists,dor makeup artist,makeup artist"
"male body parts","male body parts"
"manager director","manager director,managing director"
"manager mam","manager mam"
"marchant navy","marchant navy"
"married bro","married bro"
"married daughter","married daughter"
"martial arts","martial arts"
"marvel fans","marvel fans"
"medical student","medical student"
"mehdi crekony","mehdi crekony"
"men friendship","men friendship"
"merchant navy officer","merchant navy officer"
"mma champion","mma champion,champions"
"monntain lovers","monntain lovers,mountain lovers"
"mother low","mother low,mothers day.,motu fellow,mother son"
"mother kitchen","mother kitchen"
"motu patlu","motu patlu,moto patlu,motu patlu"
"movie artists","movie artists"
multitasking,multitasking
"mummy's birthday","mummy's birthday"
"mundan ceremony","mundan ceremony,mundane ceremony"
"one year mrs reacheal","one year mrs reacheal,one year mrs reaches"
myself,myself
"naughty bro","naughty bro,naughty kid"
"new baby girl arrival","new baby girl arrival"
"new born baby","new born baby,new born boy"
"newborn celebration","newborn celebration"
nutritionist,nutritionist
"office boss","office boss,office girl,female boss"
"old women","old women,cales woman"
"one year baby boy birthday","one year baby boy birthday"
"parents anniversary","parents anniversary"
"parents b'day","parents b'day"
"permanent residence","permanent residence"
"phd degree","phd degree"
phlebotomist,phlebotomist
physiotherapy,physiotherapy
"play school","play school"
"police husband","police husband"
"politicians husband","politicians husband"
"pregnant lady","pregnant lady"
"pregnent women","pregnent women"
programmer,"programmer,programmers,programmer"
"pufg। lover","pufg। lover"
"punjabi fellow","punjabi fellow"
"railway employees","railway employees"
"railway retirement","railway retirement"
"real estate","real estate"
restaurant,"restaurant,lietaunt,restaurant"
"restroo opening","restroo opening"
rokafied,"rokafied,rokafied"
scienctist,"scienctist,scientists"
shopkeepe,"shopkeepe,shopkeeper,ship tupe"
shopperholic,"shopperholic,shoppholics"
"silver bday boy","silver bday boy"
"silver jubilee","silver jubilee"
"sister 30th birthday","sister 30th birthday"
"sister fruit","sister fruit"
"sneaker lover","sneaker lover"
"social media lover","social media lover"
"software developer","software developer,software developers,software employee"
"software engineer","software engineer,software engineers,software engineer"
"someone always call","someone always call"
"someone i love","someone i love"
"son daunghter","son daunghter"
"special education teacher","special education teacher"
"special educator","special educator"
"sports lover","sports lover,desserts lover,carrom lover"
"stock trader","stock trader"
"stylish man","stylish man"
"tarrot card readees","tarrot card readees"
"teenage girls","teenage girls,teenage son,teenager girl,teen ager girls,teenage boys,teenage kids,teenager girl"
"tennis player","tennis player"
"prettiest girl","prettiest girl"
"thirteen year hirl","thirteen year hirl"
"tiktok artist","tiktok artist"
"twins boy girl","twins boy girl,twins boyn girl,twins boy girl,twins boy girl 11th"
"twins dino unicorn","twins dino unicorn"
"two people","two people,gym people"
"two person only","two person only"
"wedding aamiversary","wedding aamiversary"
"wedding anivry","wedding anivry"
"welcome baby girl","welcome baby girl"
"wife birthday 500 gram","wife birthday 500 gram"
"women price 230rs/","women price 230rs/"
workaholics,"workaholics,workalcolic,workoholics"
"working wife","working wife"
"younger brother","younger brother"
"for10yrs boy","for10yrs boy"
forteenager,forteenager
"frends series theme","frends series theme"
"delhi near palam colony","delhi near palam colony"
"fully dry fruites","fully dry fruites"
"ganja patta","ganja patta"
"gor bachelor's party","gor bachelor's party,girls bachelor's party"
"gor husbanf","gor husbanf"
"harry potter theme","harry potter theme"
"having drinks","having drinks"
"home dilevry lower price","home dilevry lower price"
"husband wife","husband wife,husband nd wife"
"shape dick","shape dick,shape book"
"shirt form","shirt form"
"between 300 rupees","between 300 rupees,between 400 rupees"
"champhin design","champhin design,shanpin design,chai cup design,champagne design,chicken design,chicken design"
chanakyapuri,"chanakyapuri,chankyapuri"
"cicular sky blue","cicular sky blue"
"dwaraka sector 13","dwaraka sector 13"
marcedes,marcedes
"pink blue clour twins","pink blue clour twins"
"shape wine bottle","shape wine bottle,cale wine bottel,cale wine bottle"
"three style shape","three style shape"
"transparent box","transparent box"
innovations,innovations
"inside pictures","inside pictures,food pictures"
"khatu shyam","khatu shyam"
"krishna jee under 500","krishna jee under 500,krishna jee under 600"
"laddus hamper","laddus hamper,chips hamper"
"less than200","less than200"
"limit 200","limit 200"
"low high prices","low high prices"
"made wheat","made wheat,more heigt"
"making charges","making charges"
"mariage anwarsari","mariage anwarsari"
"marlboro love","marlboro love"
"maximum 250","maximum 250"
"mickey mouse chocolate","mickey mouse chocolate"
"mikap rs. 200 300","mikap rs. 200 300"
"minimum price cochleat","minimum price cochleat"
"minimum price vanila","minimum price vanila,minimum price vanilla"
"movie buff","movie buff"
"n bakery franchise","n bakery franchise"
"n flower sector 10","n flower sector 10"
"n flowers boke","n flowers boke"
"nd boucket","nd boucket"
"nd bouquet combo","nd bouquet combo,cale bouquet combo"
"nd choclate combo","nd choclate combo,rose chocolate combo,chocolates combo"
"near sonipat","near sonipat"
"new year’s","new year’s"
"engeenier tools","engeenier tools"
"500 gm price within 400","500 gm price within 400,500 gm price within 500"
"cup saucer","cup saucer"
"pineapple under 300","pineapple under 300"
"pineapple under 300 happy new year","pineapple under 300 happy new year"
"radha krishna","radha krishna"
"radha krishna theme","radha krishna theme"
"techno gamerz","techno gamerz"
"unicorn near 500 rupees","unicorn near 500 rupees"
"i am 19 written","i am 19 written"
"it photo vir robot boy","it photo vir robot boy"
"rolex watch theam","rolex watch theam"
"one chocolt","one chocolt"
"panda face","panda face,man's face,camra made,canvascake"
"panic disine","panic disine"
"pawar lifting","pawar lifting"
"pe pic banana","pe pic banana"
"pic stand wala","pic stand wala"
"pic friend female","pic friend female"
"pink box","pink box"
"pink rose flowers teddy","pink rose flowers teddy"
"pink rose love","pink rose love"
"point paschim puri","point paschim puri"
"pop moulds","pop moulds,popsicles"
"pops stand","pops stand"
"price 100 delhi","price 100 delhi"
"prise lowest","prise lowest"
"prize low high","prize low high"
"puppet 1 boys","puppet 1 boys"
"realted canada","realted canada"
redwelwait,redwelwait
"related 10 bot","related 10 bot,related 10 boy"
"related pokemon","related pokemon"
"same one sepecil","same one sepecil"
"saprete word","saprete word"
"sasta 150 rupya","sasta 150 rupya"
"shape like smirked off bottle","shape like smirked off bottle"
"shape butter chicken","shape butter chicken"
"shop india habitat indirapuram","shop india habitat indirapuram"
"shop khanna market","shop khanna market"
"shop near rohania","shop near rohania"
"shop ptodi road","shop ptodi road"
"shops bhogal","shops bhogal"
"shops malviya nagar","shops malviya nagar"
sprinklers,sprinklers
"stabery flever","stabery flever"
"store shyam nagar jaiur","store shyam nagar jaiur"
"suitable 10 persons","suitable 10 persons,suitable 30 persons"
"be delivered today","be delivered today"
"celebrate snapstreak 999","celebrate snapstreak 999"
"too be mom","too be mom"
"topper hapy fathers day","topper hapy fathers day"
"topper thirty","topper thirty"
"under 200hunder","under 200hunder"
"under 400 chocolate","under 400 chocolate,under 400 chocolate"
"under price 300","under price 300,under range 200,under 300 500 price"
"under rupees 200","under rupees 200,under 250 rupees"
"under1000 1kg chocolate","under1000 1kg chocolate"
"up rs.300","up rs.300"
"valentines day","valentines day"
"vanilla 1000gm price","vanilla 1000gm price"
"wid gifts n flowers","wid gifts n flowers"
wighbname,wighbname
"wirh metallic balloons","wirh metallic balloons"
"suspenders bow tie","suspenders bow tie"
"mobile phone","mobile phone"
"whisky miniature","whisky miniature,drink miniature,drinks miniature"
"above hangings","above hangings"
"atifical rose","atifical rose"
"beer ciggarate matchbox chicken","beer ciggarate matchbox chicken"
"bottle wine inside","bottle wine inside"
"camera, bike, car, mobile phone, laptop","camera, bike, car, mobile phone, laptop"
"chocolate bars loaded","chocolate bars loaded,chocolated bars loaded,chocolate lays lover"
"cycle image","cycle image,clock image"
"different pastries","different pastries"
"doggy pic","doggy pic"
"engineering theme","engineering theme"
"flower drink combo","flower drink combo"
"foriegn dream","foriegn dream"
"foriegn dream pictures","foriegn dream pictures"
"girls lying bed","girls lying bed"
"guitar onnit","guitar onnit"
"hsuabdn wife kid","hsuabdn wife kid"
"laptop headphone lipstic","laptop headphone lipstic"
"laptop pictures","laptop pictures"
"melted flavour","melted flavour"
"message card","message card"
"mini alcohol bottles","mini alcohol bottles"
"miniature jd","miniature jd,miniatures"
"mustang gt design","mustang gt design"
"natural sugars","natural sugars"
"personalised mug","personalised mug"
"photo 500gm","photo 500gm,choclate 500gm,choco 500 gms"
"photos inside","photos inside"
"pic celebrities","pic celebrities"
"police man playing cards","police man playing cards"
"princes teddy","princes teddy"
"real liquor top","real liquor top"
"sezuure onit","sezuure onit"
shampiyan,"shampiyan,champaign,champaign,champaigne,champangne,champegene"
"shri krishna photo","shri krishna photo"
"skate ground","skate ground"
"statue liberty","statue liberty"
"whiskey made it","whiskey made it"
"whisky bottle","whisky bottle,wishky bottle,ith whisky bottles,chivas bottle"
"wine bottle boyfriend","wine bottle boyfriend"
"within 200 rupees","within 200 rupees"
"without cream 500gm","without cream 500gm"
"without cream eggless","without cream eggless"
"without fondant","without fondant,without fondant,without fondent"
"without icing cream","without icing cream"
"writing e mother law","writing e mother law"
"cake, shape wine container plastic","cake, shape wine container plastic"
"cake,chips,coldrink","cake,chips,coldrink"
"cake. for. sister","cake. for. sister"
"cakea zirakpur","cakea zirakpur"
cakeapalooza,cakeapalooza
"cakebaby boss major","cakebaby boss major"
"cakebfor doctors","cakebfor doctors"
"caked swimmer","caked swimmer"
"cakefor women","cakefor women,cakeforbrother,cakesfor mother"
"cakefor women makeup","cakefor women makeup"
cakegamedownload,cakegamedownload
cakelivcioud,cakelivcioud
"cakeof pilot","cakeof pilot,captain pilot"
"pastry sarath city mall","pastry sarath city mall"
"below 200 wth chocolate flavour","below 200 wth chocolate flavour"
decorative,decorative
"dor makeup artist birthday","dor makeup artist birthday"
"father speacial","father speacial"
"fir grandmother","fir grandmother"
"flower decoration","flower decoration,flower decorations"
"mom dad be","mom dad be"
"1st birthday numeric","1st birthday numeric"
"39 years old swift car","39 years old swift car"
"5 year old boy without fondant","5 year old boy without fondant"
"alchohol lover","alchohol lover"
"anniversary daughter laws","anniversary daughter laws"
"bithday drinker boyfriend","bithday drinker boyfriend"
"boyfriend or girlfriend","boyfriend or girlfriend"
"brother 18th birthday","brother 18th birthday"
"businessman husband","businessman husband"
colleagues,"colleagues,champagnes"
"expecting mother","expecting mother"
"farewell cs","farewell cs"
"fashion designers","fashion designers"
"father birthday butterscotch","father birthday butterscotch"
"footballers barcelona","footballers barcelona"
"gadget freek person","gadget freek person"
"girl 1st birthday 3rd floor","girl 1st birthday 3rd floor"
"girl bedtfriend","girl bedtfriend"
"girl cedervela","girl cedervela"
"girl chocolate n roses","girl chocolate n roses"
"girls turning 16","girls turning 16"
"grandfathers birthday","grandfathers birthday"
"guest marriage party","guest marriage party"
handicapped,handicapped
"hifz compeletetion","hifz compeletetion"
"house inaugrations","house inaugrations"
"kathak dancer","kathak dancer"
"mother under 250","mother under 250"
"mother's birthday chocolate flavoue","mother's birthday chocolate flavoue,mother's birthday chocolate flavour"
"mother's day heart shape vanilla flavour","mother's day heart shape vanilla flavour"
"mother's day vanilla flavour","mother's day vanilla flavour"
"mukammal quran","mukammal quran"
"selfie queen","selfie queen"
"singer or musician","singer or musician"
"social media addicted","social media addicted"
"studious student","studious student"
"teachers under rs 500","teachers under rs 500"
"turning teenagers","turning teenagers"
"twin babies","twin babies"
"twins boy girl 11th birthday","twins boy girl 11th birthday"
"would be mother","would be mother"
youtubers,youtubers
"having liquor bottles","having liquor bottles"
"greater noida","greater noida"
"rectangle shape","rectangle shape"
"form cheque","form cheque"
"nonliving objects","nonliving objects"
"range. up 350","range. up 350"
"related cricket pitch","related cricket pitch"
"related games","related games"
"theme businessmen","theme businessmen"
"turning 16 theme k drama","turning 16 theme k drama"
"under 1000 birthday","under 1000 birthday,under 700 birthday"
"under rs. 1000","under rs. 1000"
"under300 0.5 or less","under300 0.5 or less"
"black outline","black outline"
"bookey balloons","bookey balloons,choco balloons"
"candles knife","candles knife,cales wife,candles 8 age,candles number"
"cherry topping","cherry topping,cherry top"
"creative ideas","creative ideas"
"miniature alcohol bottle","miniature alcohol bottle"
"name written it","name written it"
"shoes blue nd pink","shoes blue nd pink"
"within cost rs. 500/-","within cost rs. 500/-"
"written ankita","written ankita"
"cakes/central delhi","cakes/central delhi"
"cakesf hotelier","cakesf hotelier"
cakesfordaad,cakesfordaad
cakesicels,"cakesicels,cakesickle,cale singers,cales lead"
"cake’s nail artist","cake’s nail artist"
"cakw money box inside","cakw money box inside"
"calander theme october","calander theme october"
"calculator books related","calculator books related"
"calculator n books","calculator n books,calculator n booms"
"cale 5 year old boy","cale 5 year old boy"
"cale 7 years old","cale 7 years old"
"cale best husband","cale best husband"
"cale drummers","cale drummers"
"cale fire man","cale fire man"
"cale it guy","cale it guy"
"cale nurse","cale nurse,cale wifi,candle number"
"cale son law","cale son law"
"cale shop south ex","cale shop south ex"
"cale smashfirst birthday","cale smashfirst birthday"
"calendar burn away edible","calendar burn away edible"
"calendar cale","calendar cale,calendar cales,calendar made,calender shape,car fan cale"
"calender theme anniversary","calender theme anniversary"
"cales dad’s birthday","cales dad’s birthday"
"calestian unicorn","calestian unicorn,celestial unicorn"
"call center agent","call center agent"
"call girl just dial","call girl just dial"
"call duty mobile","call duty mobile"
calligraphy,calligraphy
callofduty,callofduty
"calvin hobbes","calvin hobbes,calvin hobbes"
"calvin klein","calvin klein"
"cambo rose cacke","cambo rose cacke"
"came him","came him,came spot,camera gym,capichno,case kid,chef mom"
"camera painting","camera painting,car painting"
"camera instagram","camera instagram"
"can have custord apple empty stomach","can have custord apple empty stomach"
"can't have enough","can't have enough,cant have enough,can’t have enoufe"
"canada ????????","canada ????????"
"canada flag 1","canada flag 1,canada flag theme"
"canada flag design","canada flag design"
"canada have safe journey","canada have safe journey"
"canada theme ake","canada theme ake"
"canada travel theme","canada travel theme"
"canadian dollar","canadian dollar"
"candel sparkle","candel sparkle,candle sparkle"
candelsrick,"candelsrick,chandellier,chandellier"
"candid n choco feast","candid n choco feast,candie choco feast,candies choco feast,candies choco feast,candies choco feats,candies choco fiest,candies chocofeast,candies choco feast,candies n choco feast,candies n choco feast 1,candies n choco feast,candies n choco feast-1,candies n choco fiest,candy coco feast"
"candies &amp; choco fesat","candies &amp; choco fesat"
"candies chocho","candies chocho,candies chocos,candies n choco,candies n chocos"
"candies chocho feast 1","candies chocho feast 1"
"candies feas","candies feas,candies feast"
"candies n chocolate feast","candies n chocolate feast"
candiesnchokofasst,candiesnchokofasst
"candle happy birthday","candle happy birthday"
"candle baloon","candle baloon,candle magic"
"candle birthday 24 years","candle birthday 24 years"
"candle one year baby","candle one year baby"
"candle number 1","candle number 1,candle number 5,cantek number"
"candleiit cale","candleiit cale"
"candlelit wishes 11 may 2024","candlelit wishes 11 may 2024"
"candy cakecakes","candy cakecakes"
"candy castlr","candy castlr"
"candy crush birthday","candy crush birthday"
"candy crush design","candy crush design"
"candy crush theme","candy crush theme"
"candy decorations chocolate","candy decorations chocolate"
"candy kunafa chocolates","candy kunafa chocolates"
"candyand coco","candyand coco"
candycrush,"candycrush,candyfloss"
"candyland strawberry","candyland strawberry"
"cannada cakr","cannada cakr,cartoon cakr"
"cannaught place","cannaught place"
"cant have enough-500 gms","cant have enough-500 gms"
"cant have half","cant have half"
"can’t have","can’t have"
"capitan america","capitan america,captain amarica,captain america,captain america,captain america,captain america -,captain american,captan america,capten america,captian america,captian america,caption america,captions american,captqin america,catain america"
"capiton pliot","capiton pliot"
cappuccino,cappuccino
"captain america cak","captain america cak,captain america cakr,captain america pinata,captain america theme,captain america theme,captain american - 1"
"captain america pinnata","captain america pinnata"
"captain america sheild","captain america sheild"
"captain marvel","captain marvel,captain planet"
"captain planet kids","captain planet kids"
"captain underpants","captain underpants"
"captian america themecake","captian america themecake,caption america theme"
"caption amrica birthday","caption amrica birthday"
"captured -1","captured -1"
"car china flag photo","car china flag photo"
"car lamborghini","car lamborghini"
"car lighting macquin","car lighting macquin"
"car remote control","car remote control"
"car cake.for.kids","car cake.for.kids"
"car cakehookah","car cakehookah"
"car white dark chocolate","car white dark chocolate"
"car decor lights","car decor lights"
"car fararri","car fararri,car frarri"
"car lover theme","car lover theme,car lover theme"
"car mechanic \","car mechanic \"
"car photocake","car photocake,cartoon-cake"
"car poster cale","car poster cale,caracter caje"
"car race birthday","car race birthday,car race birthday,car type birthday"
"car race cak","car race cak,car topped cak,carporche car"
"car race winner","car race winner"
"car racing kick","car racing kick"
"car scorpio","car scorpio"
"car shape boys","car shape boys,car shape kids,car shape fruit"
"car shape rs.1000","car shape rs.1000"
"car speakers","car speakers"
"car theme topper","car theme topper,car theme 2 year"
"car theme fondant","car theme fondant"
"car theme mini","car theme mini"
"cara merusak sistem slot&gt;&gt;funslot.bet&lt;&lt;cara merusak sistem slot&gt;&gt;funslot.bet&lt;&lt;funslot situs judi slot teratas. agen aliansi dapat membalas hingga 200% setiap hari, member baru yang mendaftar dan download app berkesempatan m","cara merusak sistem slot&gt;&gt;funslot.bet&lt;&lt;cara merusak sistem slot&gt;&gt;funslot.bet&lt;&lt;funslot situs judi slot teratas. agen aliansi dapat membalas hingga 200% setiap hari, member baru yang mendaftar dan download app berkesempatan m"
caramalised,caramalised
"caramel honeycrunch","caramel honeycrunch,caramel crunch"
"caramel butter scotch","caramel butter scotch,caramel butterscotch,cartoon butterscotch"
"caramel coffee","caramel coffee,caramel sponge"
"caramel espresso","caramel espresso"
"caramel popcorn","caramel popcorn,caramel popcorn"
"caramel vanilla","caramel vanilla,cheapest vanilla,cheese vanilla,chique vanilla"
"caramello - 500 gm","caramello - 500 gm"
"caramilised chocolate","caramilised chocolate"
"caravan road trip","caravan road trip"
"card mek up birthday","card mek up birthday"
"cardle wish","cardle wish"
"career oriented","career oriented"
"carfitti ballon","carfitti ballon"
caricature,"caricature,caricatures,cars 2 tyre"
"carkat mach","carkat mach"
"carmel jack denial","carmel jack denial"
"carnation boquet","carnation boquet,carnations bouquet"
"carnival 3stear","carnival 3stear"
"carnival themed","carnival themed"
"carpio game","carpio game"
"carrom board","carrom board,carrom pool,chess board,chess board"
"carrot dry no maida no sugar","carrot dry no maida no sugar"
"carrot nuts","carrot nuts,carryminati,carved out"
"carrot cheeseckae","carrot cheeseckae"
"carrot cinnamon","carrot cinnamon"
"carrot eggless","carrot eggless"
"carrot orange","carrot orange,choco orange,choco orange"
"cars birthday - 2","cars birthday - 2"
"carton sex","carton sex,cartoon 3d,cartoon kids,cartoon 5kg,cartoon boy,cartoon boys,cartoon kids,cartoon half,cartoon cream,cartoon shaped,cartoon under"
"cartoon characters","cartoon characters,cartoon ka character,cartoon carecter,cartoon carector,cartoon character,cartoons character"
"cartoon 1 bday","cartoon 1 bday,cartoon diana"
"cartoon ben 10","cartoon ben 10,cartoon theme 1"
"cartoon pooh bear","cartoon pooh bear,cartoon masha bear,cartoon footbal"
"cartoon singham","cartoon singham,cartoon shinchan,cartoon figure"
"cartoon under 400","cartoon under 400"
"cartoon without icing","cartoon without icing"
"cartoon birthday anniversay kids theme hampers","cartoon birthday anniversay kids theme hampers"
"cartoon boys 500 kgs","cartoon boys 500 kgs"
"cartoon boys fruits","cartoon boys fruits"
"cartoon red velvet","cartoon red velvet,choco red velvet,choco red velvet"
"cartoon motu patlu","cartoon motu patlu"
"cartoon cakes/minnie mouse","cartoon cakes/minnie mouse"
"cartoon chocolate printerest","cartoon chocolate printerest"
"cartoon confection","cartoon confection"
"cartoon effect","cartoon effect"
"cartoon flavors","cartoon flavors"
"cartoon hammer","cartoon hammer"
"cartoon miky mini","cartoon miky mini"
"cartoon pineapple","cartoon pineapple"
"cartoon prints","cartoon prints"
"cartoon theme butter scotch","cartoon theme butter scotch"
"cartoongoku cartoon","cartoongoku cartoon"
"carved out heart","carved out heart"
"cash delivered","cash delivered"
"cash payment","cash payment"
"cashapp ssn,【visit site: sig8.com】cash app flips legit,cash app flipping method,cash app money flip real,use cashapp without ssn,random ssn cashapp,cash app flip real,cash app flip messages,cashapp ssn,cash app cash flip,cash app money flip scams,....","cashapp ssn,【visit site: sig8.com】cash app flips legit,cash app flipping method,cash app money flip real,use cashapp without ssn,random ssn cashapp,cash app flip real,cash app flip messages,cashapp ssn,cash app cash flip,cash app money flip scams,...."
"casino bookie","casino bookie"
"cassata ice cream slice","cassata ice cream slice"
"castle doll","castle doll,chinese doll"
"castle model fountain","castle model fountain"
"cat lover defence lover theme","cat lover defence lover theme"
"cat shape coconut flavour","cat shape coconut flavour"
"cat shape design","cat shape design"
"cat themed cale","cat themed cale,cat themed cales"
"catch teenieping","catch teenieping"
"category head","category head"
caterpilkar,"caterpilkar,caterpillar,caterpillar"
"cbaby boy pound design","cbaby boy pound design"
"cc6 casino[cc6.bet] cc6 casino[cc6.bet] top casinos philippines. highest daily rebate alliance agent 30%, new user registers download app get free bonus 666₱,fast payment, good benefits, many games, wo","cc6 casino[cc6.bet] cc6 casino[cc6.bet] top casinos philippines. highest daily rebate alliance agent 30%, new user registers download app get free bonus 666₱,fast payment, good benefits, many games, wo"
"ccricket pitch","ccricket pitch,ccricket pitch"
"ceiling fan chocolate flavour","ceiling fan chocolate flavour"
"ceiling fan type","ceiling fan type"
"cekas foldar wale","cekas foldar wale"
"celbration love combo","celbration love combo"
"celbration potli","celbration potli,celebration box,celebration pack,celebration potli"
celebra,"celebra,celebrity"
"celebrate delight","celebrate delight,celebration de;ight,celebration delight,celebration delight,celebration delights,celibration delight,chocolate delight,chocolate delight"
"celebrating adult hood birthday","celebrating adult hood birthday"
"celebrating chef day","celebrating chef day"
"celebration basket","celebration basket,celebration begins,celebration begins"
"celebration begins-5","celebration begins-5"
"celebration cup","celebration cup"
"celebration delight 1.5","celebration delight 1.5"
"celebration delight - 500 gm","celebration delight - 500 gm"
"celebration good marks","celebration good marks"
"celebrity cricketer","celebrity cricketer"
"celestial sweets","celestial sweets,celestial sweets"
cellphone,"cellphone,cellphone"
centerfresh,centerfresh
certificate,"certificate,certification"
"ch chocolate drink thodi si variety mein","ch chocolate drink thodi si variety mein"
"chachu cale","chachu cale,chanel make,chicken came"
"chaco play dad","chaco play dad,choco play dad,choco play day"
"chagan magan","chagan magan"
"chai bolo chai","chai bolo chai"
"chai cup","chai cup,chai rusj,chai rusk,chaina ram,chat noir,cherry cup"
"chai flavour came","chai flavour came"
"chainsaw man","chainsaw man"
chaitanyasagar.golla@gmail.com,chaitanyasagar.golla@gmail.com
"cham cham flavour","cham cham flavour"
"chamomile plant","chamomile plant"
"champagne flowers","champagne flowers,champagne glasses"
"champagne cakr","champagne cakr"
"champagne themed","champagne themed"
"champions league football design","champions league football design"
"chandelier wedding","chandelier wedding"
"chandellier\","chandellier\"
"chander vihar","chander vihar"
"chandigarh bakery connects no","chandigarh bakery connects no"
"chandrayaan birthday","chandrayaan birthday"
"chandrayaan theme","chandrayaan theme"
"chandrayan 3","chandrayan 3"
"chandrayan design","chandrayan design"
"chanel make up","chanel make up,chanel make up,chanel make-up,chanel makeup,channel make up,channel makeup,channel makeup"
"chanel make up cachanel make up","chanel make up cachanel make up"
"chanel make-up cake-1.0","chanel make-up cake-1.0,chanel make-up cake-1.5,chanel makeup cak3"
"change address name aadhar card","change address name aadhar card"
"change weight","change weight"
"channa barfi","channa barfi"
"channels upto rupees 200","channels upto rupees 200"
"char manjil","char manjil,char manjil ka,choke mania"
"character kids","character kids"
"characters): happy birthday sabina fgccake367","characters): happy birthday sabina fgccake367"
"charcoal black","charcoal black"
"charger android","charger android"
"charibaala ceke","charibaala ceke"
"charlie puth","charlie puth"
"charly chocalet fatry","charly chocalet fatry"
"charm affair","charm affair,charm affairs,charmed aff,charmed affair,charmed affair,charmed affair-1,charmed affairs"
"charm ballons","charm ballons,charm ballons,charm baloons,charms ballon,charms ballon,charms ballon,charms balloons"
"charm balloons - 500 gm","charm balloons - 500 gm"
"charmed affair 1kg","charmed affair 1kg"
"charming chocolate","charming chocolate,chilli chocolate"
"charned aff","charned aff"
"charted account","charted account,chartend accounted,chattered account"
"charted accountant theme","charted accountant theme,chartered accountant theme,chartered accountant theme"
"chartered accountant cale","chartered accountant cale"
"chatt pooja","chatt pooja,chatterbox"
"chaudhary sahab","chaudhary sahab"
"chclate flvr photo","chclate flvr photo"
"chcocate fondant","chcocate fondant"
"chcoclate mouse","chcoclate mouse,choclate donuts,choklate shose"
chcolateparadise,"chcolateparadise,choclate paradise,chocolate paradaise,chocolate paradis,chocolate paradise,chocolate praadise,chocolate pradise"
"cheap avenger","cheap avenger"
"cheap 300 gm","cheap 300 gm,cheapest 500gm,cheese 500 gm"
"cheap rate bomb","cheap rate bomb"
"cheap vhoca","cheap vhoca"
"cheapest janmashtami","cheapest janmashtami"
cheapsmall,cheapsmall
"check status","check status,choc star-1"
"cheecakes under rs 400","cheecakes under rs 400"
"cheeky boss baby","cheeky boss baby,cheeky boss baby"
"cheeky monkey","cheeky monkey"
"cheep best","cheep best,cheers beer,chena toast,chep best,chesse bento"
"cheerful cupcakes","cheerful cupcakes"
"cheerful emotions","cheerful emotions"
"cheerful emotions 500 gms","cheerful emotions 500 gms,cheerful emotions-500 gms"
"cheers 10 years","cheers 10 years"
"cheers 10 years topper","cheers 10 years topper"
"chees fathers day","chees fathers day"
"cheese pastery","cheese pastery,cheese bluberry,cheese pastery,cheese pastory,cheese pastries,cheese pastries,cheese pastries,cheesec pastry,cheesecake pastry,cheesepaestry"
"cheese blueberry","cheese blueberry"
"cheese dry fruit","cheese dry fruit"
"cheese red valvet","cheese red valvet,cheese red velvet,cheess red velvet,chess red velvet"
"cheesecake veg","cheesecake veg,cheesecake 1/2kg,cheesecake combo,cheesecake plain,cheesecake slice"
"cheesecake birthday","cheesecake birthday,cheetah birthday"
"cheesecake pastries","cheesecake pastries"
"cheesecake vanilla","cheesecake vanilla"
"cheetah prinr","cheetah prinr,cheetah print"
"chef dission","chef dission"
"chef mother","chef mother,chef relted,chief cloths"
chef’s,"chef’s,ch’esse"
"chelesea football","chelesea football,chelsea football,chelsea football"
"chelsea team","chelsea team"
"chemist theme","chemist theme,christmas theme,christmas theme"
"chemistry student","chemistry student"
"chennai super kings","chennai super kings"
"cherished love","cherished love,cherished love"
"cherry blossom","cherry blossom,cherry blossom,cherry bow"
"cherry bow cakebow","cherry bow cakebow"
"cherry top chocolate cream","cherry top chocolate cream"
"cherry tree","cherry tree,cherry xake"
"chess blackforest","chess blackforest"
"chess king","chess king,chessboard,chessboard"
"chess pieces ake","chess pieces ake"
"chhatarpur mp","chhatarpur mp"
"chhena poda","chhena poda"
"chhole bhature","chhole bhature,chole bathure,chole bhature,chole bhature,chole bthure"
"chi as whale","chi as whale,chivas regal"
"chia seeds benefit","chia seeds benefit"
"chia seeds benefitminions","chia seeds benefitminions"
"chic cokky","chic cokky"
"chici chico love","chici chico love,chick choco love,chick choo love,chickey choco love,chicki choco love,chicky chico llve,chicky chocho love,chicky chocho love-,chicky chocky love,chicky choco love\,chicky coco love,chicky\ choco love,chicly choco lava,chiki chocho love,chiki choco love,chiki choco lover,chiki choko love,chiku choco love,chiky choco love,chinky chocho love,chucky choco love,chunky choco love"
"chicken ckae","chicken ckae,chicken 65,chicken desine,chicken leg,chicken roll,chicken shape,chicken shape,chicken shaped,chicken shaped,chicken shaped,chicken style,chicken themed,chicken thene,chicken wings"
"chicken eggs tgeme","chicken eggs tgeme"
"chicken pepsi design","chicken pepsi design"
"chicken biryani","chicken biryani"
"chicken biryani theme","chicken biryani theme"
"chicken decorating","chicken decorating"
"chicken dinner pubg","chicken dinner pubg,chicken dinner pubg, 1kg"
"chicken dinner pubg, 500 gm","chicken dinner pubg, 500 gm"
"chicken leg piece","chicken leg piece"
"chicky chocolate love","chicky chocolate love,chicky chocolate love,chicly chocolate love,chinky chocolate love"
"chicky chocho chocolate","chicky chocho chocolate"
"chicky chocho love-500 gms","chicky chocho love-500 gms"
"chicky choco chips","chicky choco chips"
"chicky choco love flavours guru","chicky choco love flavours guru"
"chico strawberry love","chico strawberry love,choco strawberry love,choco starwbeery lov,choco starwbeery love,choco starwberry love,choco stawberry love,choco strawberry love,choco strawberry cale,choco strawberry love,choco strawberry love-,choco strawberry love-1,choco strawbery love,chocolate strawberry love,chocolate strawberry love,chocolate strawberry love,chocos strawberry love"
"chief officer theme","chief officer theme"
"chikoo bunty","chikoo bunty"
"chiku bunty cartoon","chiku bunty cartoon"
"children simple","children simple,children so mole"
"children so mole cak","children so mole cak"
"children, birthday present","children, birthday present"
"children’s special","children’s special"
childwellfare,childwellfare
chilibili,chilibili
"chilibili pastery","chilibili pastery"
"chilli patao","chilli patao,chinki gattu"
"chilling beauty","chilling beauty"
"chinese cgecker","chinese cgecker"
"chinese cook cale","chinese cook cale"
"chingchan shingnaisui","chingchan shingnaisui"
"chiran jit paria","chiran jit paria"
"chiristian wedding","chiristian wedding,christian wedding cac,christian wedding,christianity wedding,christmas pudding"
"chivas design cale","chivas design cale"
"chives regal","chives regal"
"chocalate flavour cricket design","chocalate flavour cricket design"
"chocalety fiestas","chocalety fiestas"
"chocalte kitkat","chocalte kitkat,chocholate kitkat,choclate kitkat,choco kitkat,chocolate kit kat"
chocchocoolate,chocchocoolate
"chochate aesthetic","chochate aesthetic"
"chochlate 250 gm","chochlate 250 gm,choclate 500 gm,chocolate - 500 gm,chocolate - 500gms,chocolate 200 tp,chocolate 250 gm,chocolate 250 gms,chocolate 250 gram,chocolate 300 gm,chocolate 500 gm,chocolate 500 gram,chocolate 500 grms,chocolate 500gms,chocolate 500gmw"
"chochlate desire","chochlate desire,choco desire,chocolate designer,chocolate designer,chocolate designer,chocolate pastrie"
"chocho chip chocolate","chocho chip chocolate,choco chips chocolate"
"chocho larva","chocho larva,chocho pinata,choco marbel,choco marvel"
"chocholate photo rill","chocholate photo rill,chocolate photo cak,chocolate photo - 1,chocolate photo 1,chocolate photo print,chocolate photo roll,chocolate photos half"
"chocholate fresh fruit","chocholate fresh fruit,chocolate dry fruit"
"chocholate hazlenut","chocholate hazlenut,choclate hazelnut,chocolate hazelnut,chocolate hazelnut,chocolate hazulnut,chocolates hazelnut"
"chock browni","chock browni,choco brownie,choco brownie,choco frostin,chocobrownie"
"chockate nagin","chockate nagin"
"chocklate flavor royal enfield theme","chocklate flavor royal enfield theme"
"chocklet taste","chocklet taste,chocklet nuts"
"choclate , dinousar","choclate , dinousar,chocolate dinosaur"
"choclate anniversary cack","choclate anniversary cack"
"choclate belgium","choclate belgium,choclate belgium"
"choclate bhirthday","choclate bhirthday,chocolate birthday,chocolate birthday,chocolate birthday,chocolate birthday,chocolate birthday,chocolate birthday"
"choclate birthday girl","choclate birthday girl,chocolate birthday 300,chocolate birthday 2kgs,chocolate birthday wife,chocolate birthday anime,chocolate birthday party"
"choclate bookah","choclate bookah,choclate photo"
"choclate heart shaped surprise","choclate heart shaped surprise"
"choclate 200only","choclate 200only"
"choclate birthday surprise","choclate birthday surprise"
"choclate micky mouse","choclate micky mouse,chocolate miki mouse,chocolate minnie mouse"
"choclate happy birthday father","choclate happy birthday father"
"choclate heart shape birthday","choclate heart shape birthday"
"choclate heart shape red rose","choclate heart shape red rose"
"choclate mix strawberry mixture","choclate mix strawberry mixture"
"choclate small size","choclate small size"
"choclate without egg","choclate without egg,chocolate out egg,chocolate without cream,chocolate without egg"
"choclate cale black label","choclate cale black label"
"choclate cream wedding","choclate cream wedding,choclate cream wedding cale,choclate creamy icing,chocolate cream wedding"
"choclate cream ww","choclate cream ww"
"choclate factory theme","choclate factory theme"
"choclate ganache","choclate ganache,chocolate elgance,chocolate ganache,chocolate ganache,chocolate gannache,chocolate pikachu"
"choclate orange mouse","choclate orange mouse"
"choclate pastries","choclate pastries,choclates pastry,chocolate pesticides,chocolate pastries"
"choclate peanut butter","choclate peanut butter,chocolate oeanutbutter"
"choclate rose egg","choclate rose egg,chocolate mose 1kg,chocolate rose ake,chocolate rose caek,chocolate rose caje,chocolate rose - 1,chocolate rose guru"
"choclate se decorate","choclate se decorate,chocolate decorated"
"choclate strawbeery","choclate strawbeery,choco love strawberry,choco strawbery,chocolate strawberry,chocolate strawberry,chocolate strawberry,chocolate stawberry,chocolate strawberries,chocolate strawberry,chocolate strawberry,chocolate strwaberry,chocolate strawberries,chocolate strawberry,chocolte strawberry"
"choclate tabur raising","choclate tabur raising"
"choclate theobroma","choclate theobroma"
"choclate truffle bear bottle","choclate truffle bear bottle"
"choclate truffle half heart shape","choclate truffle half heart shape,choclate truffle heart shape"
"choclate trufle delight","choclate trufle delight,chocolate truffle designs"
"choclates nuts","choclates nuts"
"choclates flowers n tedy bouqek","choclates flowers n tedy bouqek,choclates flowers n tedy bunch"
"choclaye fudge","choclaye fudge,chocolava fudge,chocolete fudge"
"choco bisscoff","choco bisscoff"
"choco brownie dry","choco brownie dry"
"choco brownie red valvet","choco brownie red valvet"
"choco butterscotch cup","choco butterscotch cup"
"choco buzz - 500 gm","choco buzz - 500 gm,choco mania - 500 gm,choco surge 500 gm"
"choco buzz choco buzz ₹499 weight: 0.5 message: hbd singla sahib","choco buzz choco buzz ₹499 weight: 0.5 message: hbd singla sahib"
"choco ceshew","choco ceshew,choco cracker,choco golden,choco leisure,choco lesuire,choco velvet,choco velvety,choco venila,choco weddin"
"choco cherry 500 gm","choco cherry 500 gm"
"choco chip 2 pounds","choco chip 2 pounds"
"choco chip cake500grams","choco chip cake500grams"
"choco chip cales","choco chip cales,choco chip mousse,choco chips cale,chocochipcake,choo choo charles"
"choco chip truffle","choco chip truffle,choco fudge truffle"
"choco chips teddy","choco chips teddy"
"choco chips vanilla","choco chips vanilla"
"choco church fruit","choco church fruit"
"choco ciphs chocolate under 400","choco ciphs chocolate under 400"
"choco cracker-1","choco cracker-1"
"choco cream christmas cupcake","choco cream christmas cupcake"
"choco creamcake","choco creamcake,choco lava cakr,chocomaniacake"
"choco dribble","choco dribble,choco dribbled,choco praline,choco trible,choco trofule,choco waffle,choko rumble"
"choco dry plum cake-1","choco dry plum cake-1"
"choco dry plum cake-250 gm","choco dry plum cake-250 gm,choco dry plum cake-500 gm"
"choco dry plum.","choco dry plum."
"choco ecstacy 2","choco ecstacy 2"
"choco ecstacy - 500 gm","choco ecstacy - 500 gm"
"choco express","choco express"
"choco fam ₹1,899","choco fam ₹1,899"
"choco flakes cal","choco flakes cal"
"choco flavour cristmas","choco flavour cristmas"
"choco flavour includes dry fruit","choco flavour includes dry fruit"
"choco flavour music","choco flavour music,choco flavour music"
"choco frostimg","choco frostimg,choco frosting,choco frosting,chocofrosting"
"choco fruity combo","choco fruity combo"
"choco fudge cake-500 gm","choco fudge cake-500 gm,choco jungle cake-500 gm,choco surge cake-500 gm,choco surge cake-500 gms"
"choco fudge brownie","choco fudge brownie,choco truffle brownie,chocolate brownie,chocolate brownie,chocolate brownie,chocolate brownie,chocolate fudge brownie"
"choco gulab jamun","choco gulab jamun,choco gulabjamun,choco gulabjamun"
"choco hazelnut","choco hazelnut,choco walnut,choco walnut"
"choco lava 250 gram","choco lava 250 gram,choco lava 500 gm"
"choco leisure-1","choco leisure-1,choco surge-1"
"choco leisure-500 gms","choco leisure-500 gms,choco surge 500 gms,choco surge-500 gms"
"choco love redvelvet","choco love redvelvet,chocolate red velvet,chocolate red velvet,chocolate red velvet"
"choco mango delig","choco mango delig,choco mango delight"
"choco mango delight-500 gm","choco mango delight-500 gm"
"choco mouse pinata","choco mouse pinata"
"choco nunance","choco nunance"
"choco nuts box","choco nuts box"
"choco pinata 1/2","choco pinata 1/2,choco pinata heart"
"choco pizza theme","choco pizza theme"
"choco scotch sensation","choco scotch sensation"
"choco starwberry","choco starwberry,choco stawberry,choco stawberry,choco strawberr,choco strawerry,choco strewberry,chocostrwberry"
"choco stawberry love 500 gms","choco stawberry love 500 gms,choco strawberry love -500 gms,choco strawberry love-500 gms"
"choco straw love","choco straw love,choco straw love,chocolate straw love"
"choco strawberry love-500 gms - only 30 characters allowed: happy birthday","choco strawberry love-500 gms - only 30 characters allowed: happy birthday"
"choco tailor","choco tailor,choco wallfe"
"choco treat teacher","choco treat teacher"
"choco truffel","choco truffel,choco truffle 1,choco truffle 1kg,choco trufflecake,choco trufful,choko tuffle,chose travel"
"choco truffkes passtery","choco truffkes passtery,choco truffkes passterye,choco truffle pastry"
"choco truffle fake","choco truffle fake,choco truffle vcake"
"choco truffle overloaded","choco truffle overloaded"
"choco truffle, share market","choco truffle, share market"
"choco vanilla '","choco vanilla ',choco vanilla 500,choco vanilla chess,choco vanilla chess"
"choco vanilla 500 gm","choco vanilla 500 gm,choco vanilla cake-500 gm,chocolate vanilla 500 gm"
"choco vanilla birthday girl","choco vanilla birthday girl"
"choco vanilla football","choco vanilla football"
"choco vanilla football print","choco vanilla football print"
"choco vanilla cheese jar","choco vanilla cheese jar"
"choco vanilla chess cake-500 gms","choco vanilla chess cake-500 gms"
"choco walnut jar","choco walnut jar,choco walnut twist"
"choco wedding cake-3","choco wedding cake-3"
"choco wonder - 500 gm","choco wonder - 500 gm"
"chocoalte pinatas","chocoalte pinatas,chocolate pinatas"
"chocochips heart shape","chocochips heart shape"
chocolacious,"chocolacious,chocolalious,chocolicious"
"chocolat &amp; strawberry","chocolat &amp; strawberry,chocolate &amp; strawberry"
"chocolate 250 ruppes","chocolate 250 ruppes,chocolate 250 ruppess,chocolate 1 500 rupees,chocolate 300rupees,chocolate 500 rupees,chocolate 100 rupees,chocolate 1000 rupees"
"chocolate &amp; vanilla flavored","chocolate &amp; vanilla flavored"
"chocolate strawberry mixed","chocolate strawberry mixed,chocolate strawberry mix,chocolate strawberry dip,chocolate strawberry icing"
"chocolate india kako","chocolate india kako"
"chocolate ferrro rocher","chocolate ferrro rocher,chocolate ferrero rocher"
"chocolate flavor rainbow dash","chocolate flavor rainbow dash"
"chocolate flavour dry fruit veg","chocolate flavour dry fruit veg"
"chocolate 3 years girl","chocolate 3 years girl"
"chocolate truffle - 500 gm","chocolate truffle - 500 gm,chocolate rose - 500 gm"
"chocolate , birthday,age","chocolate , birthday,age"
"chocolate 1 bike lover","chocolate 1 bike lover"
"chocolate boyfriend","chocolate boyfriend,chocolate boyfriend,chocolate boyfriend"
"chocolate cream pinata","chocolate cream pinata"
"chocolate fruit mix","chocolate fruit mix,chocolate fruit mix,chocolate fault line,chocolate fault line"
"chocolate pineapple","chocolate pineapple,chocolate pineapple,chocolate 4 people,chocolate 2 people,chocolate mini cale,chocolate pineapple"
"chocolate red velvet combination","chocolate red velvet combination"
"chocolate rose bouquet","chocolate rose bouquet,chocolate truffle bouquet"
"chocolate arrangement","chocolate arrangement,chocolate engagement,chocolate engagement,chocolate, engagement"
"chocolate avenger theme 10 years boys","chocolate avenger theme 10 years boys"
"chocolate avengers","chocolate avengers,chocolate brothers,chocolate sponge,chocolate sponge"
"chocolate baby shower","chocolate baby shower"
"chocolate ball cacke","chocolate ball cacke,chocolate balls cale,chocolate egg cack,chocolate cat face"
"chocolate ball - 500 gm","chocolate ball - 500 gm,chocolate ball - 500 gm,chocolate hat - 500 gm,chocolate photo - 500 gm,chocolate walnut - 500 gm,chocolaty heart - 500 gm"
"chocolate ball broken hammer","chocolate ball broken hammer"
"chocolate basket addon","chocolate basket addon,chocolate basket hamper,chocolate basket small,chocolate basketball"
"chocolate basketball theme","chocolate basketball theme"
"chocolate birthday less 200","chocolate birthday less 200"
"chocolate birthday under 500","chocolate birthday under 500"
"chocolate birthday 21 yer girl","chocolate birthday 21 yer girl"
"chocolate blast-500 gms","chocolate blast-500 gms"
"chocolate blue colour","chocolate blue colour"
"chocolate blueberry","chocolate blueberry,chocolate blueberry,chocolate cherry,chocolate cherry,chocolate cherry"
"chocolate brawl stars","chocolate brawl stars"
"chocolate bread cakr","chocolate bread cakr,chocolate long cakr"
"chocolate brownie truffle","chocolate brownie truffle"
"chocolate brownies","chocolate brownies,chocolatr brownie"
"chocolate bts theme","chocolate bts theme,chocolate shirt theme,chocolate, goco theme"
"chocolate butter cream","chocolate butter cream,chocolate butter scotch,chocolate buttercream,chocolate buttercream,chocolate butterscotch"
"chocolate cacks 4oo rs rang","chocolate cacks 4oo rs rang"
"chocolate fora moter day","chocolate fora moter day"
"chocolate black pink them","chocolate black pink them"
"chocolate price 300","chocolate price 300,chocolate price 1500,chocolate price 400,chocolate price 500,chocolate range 600,chocolate upto 300,chocolate cake300,chocolate princesss,chocolate renj 500"
"chocolate under 550 rupees","chocolate under 550 rupees"
"chocolate under rs 300","chocolate under rs 300,chocolate under 300rs,chocolate under rs 400"
"chocolate - 500gns","chocolate - 500gns"
"chocolate 1 pound","chocolate 1 pound,chocolate 4poundsd,chocolate 1 pound"
"chocolate 1kg under 700 ruppe","chocolate 1kg under 700 ruppe"
"chocolate 1st bday","chocolate 1st bday,chocolate usa flag,chocolaty 1st birthday"
"chocolate 3 tier 2kg","chocolate 3 tier 2kg"
"chocolate 3rd birthday","chocolate 3rd birthday,chocolate kids birthday,chocolate 36th birthday,chocolate gems birthday,chocolate happy birthday,chocolate ice birthday,chocolate orange birthday,chocolate pack birthday,chocolate photo birthday"
"chocolate 500 g anniversary","chocolate 500 g anniversary"
"chocolate 500 grams","chocolate 500 grams,chocolate 500 range"
"chocolate around 200","chocolate around 200,chocolate around 400,chocolate around 400"
"chocolate 250 or 300 rupees","chocolate 250 or 300 rupees"
"chocolate baby turning one","chocolate baby turning one"
"chocolate big size","chocolate big size,chocolate large size,chocolate wings fire"
"chocolate big size 4 pounds","chocolate big size 4 pounds"
"chocolate chocolate chocolate","chocolate chocolate chocolate"
"chocolate design oreo","chocolate design oreo"
"chocolate desine bany","chocolate desine bany"
"chocolate flower wine","chocolate flower wine"
"chocolate 19th birthday son","chocolate 19th birthday son"
"chocolate 1st birthday baby girl","chocolate 1st birthday baby girl"
"chocolate 9 years old boy","chocolate 9 years old boy"
"chocolate babies cartoon cakes.","chocolate babies cartoon cakes."
"chocolate girl cartoon","chocolate girl cartoon,chocolate cartoon,chocolate cartoon,chocolate cartoon"
"chocolate husband birthday","chocolate husband birthday,chocolate husband birthday"
"chocolate minecraft theme","chocolate minecraft theme"
"chocolate son 8 year","chocolate son 8 year,chocolaty new year"
"chocolate heart shap 2kg","chocolate heart shap 2kg,chocolate heart shape cale,chocolate heart shapecake"
"chocolate heart shape red colour","chocolate heart shape red colour,chocolate heart shape red colour"
"chocolate rectangular","chocolate rectangular,chocolate rectangular"
"chocolate low price","chocolate low price,chocolate least prize,chocolaye less price"
"chocolate make up artist","chocolate make up artist"
"chocolate make up theme","chocolate make up theme,chocolate make up cke"
"chocolate miniature jd","chocolate miniature jd"
"chocolate minimum price","chocolate minimum price"
"chocolate nikah mubarak","chocolate nikah mubarak"
"chocolate not eggless","chocolate not eggless,chocolate chip eggless"
"chocolate barbie doll theme","chocolate barbie doll theme"
"chocolate heart shape 500 gm","chocolate heart shape 500 gm"
"chocolate pic bloom-1","chocolate pic bloom-1"
"chocolate second number","chocolate second number,chocolate second number"
"chocolate spiderman","chocolate spiderman,chocolate shinchan,chocolate spiderman"
"chocolate theme advocate","chocolate theme advocate"
"chocolate theme anime","chocolate theme anime"
"chocolate theme avengers","chocolate theme avengers"
"chocolate theme one piece","chocolate theme one piece"
"chocolate triple storey","chocolate triple storey"
"chocolate upto 600","chocolate upto 600"
"chocolate upto 600 rupees","chocolate upto 600 rupees"
"chocolate see kit kats loaded","chocolate see kit kats loaded"
"chocolate candy chocolate","chocolate candy chocolate"
"chocolate choco chips","chocolate choco chips,chocolate chocolates,chocolate chico chip,chocolate choco chip,chocolate choco chip,chocolate choco chips,chocolate choco lava,chocolate chocochips"
"chocolate chocolate","chocolate chocolate"
"chocolate coffee frosting","chocolate coffee frosting"
"chocolate double chocolate ganache","chocolate double chocolate ganache"
"chocolate kit kat gems","chocolate kit kat gems"
"chocolate lemon yellow frosting","chocolate lemon yellow frosting"
"chocolate photo heart shape","chocolate photo heart shape,chocolate photo heart shape"
"chocolate red flowers","chocolate red flowers,chocolate,card, flowers"
"chocolate red flowers teddy","chocolate red flowers teddy"
"chocolate vanila red dressing cherrry top","chocolate vanila red dressing cherrry top"
"chocolate vanila red velvet dressing","chocolate vanila red velvet dressing"
"chocolate white cream top","chocolate white cream top"
"chocolate cake, birthday,","chocolate cake, birthday,,chocolate cakes, birthday"
"chocolate cake599ruppes","chocolate cake599ruppes"
"chocolate captain america","chocolate captain america"
"chocolate exclusive","chocolate exclusive"
"chocolate jack daniel","chocolate jack daniel,chocolate jack daniel"
"chocolate picture","chocolate picture,chocolate snicker,chocolate unicorn,chocolate unicorn"
"chocolate without cherry","chocolate without cherry"
"chocolate cakes, birthday, wife","chocolate cakes, birthday, wife"
"chocolate calke girls","chocolate calke girls"
"chocolate carrot cale","chocolate carrot cale"
"chocolate cartoon character","chocolate cartoon character"
"chocolate cheese pastries","chocolate cheese pastries,chocolate cheese pastry"
"chocolate cherry cupcakes","chocolate cherry cupcakes,chocolate star cupcakes"
"chocolate chiips","chocolate chiips,chocolate christmas,chocolate cricket,chocolate muffins,chocolate whisky"
"chocolate chip fudge","chocolate chip fudge"
"chocolate chip pastry","chocolate chip pastry"
"chocolate chips 11 november 2023","chocolate chips 11 november 2023"
"chocolate chips cake- 500 gm","chocolate chips cake- 500 gm"
"chocolate cigarette","chocolate cigarette"
"chocolate cinabun","chocolate cinabun,chocolate rainbow"
"chocolate coffee spread","chocolate coffee spread"
"chocolate coles photo","chocolate coles photo"
"chocolate costomised","chocolate costomised,chocolate costomised,chocolate customized"
"chocolate covered strawberries","chocolate covered strawberries"
"chocolate cream cheese","chocolate cream cheese,chocolate cream cheese"
"chocolate cup cakecup","chocolate cup cakecup"
"chocolate decorative","chocolate decorative"
"chocolate delicacy","chocolate delicacy,chocolate elagance,chocolate elegance,chocolate elegance,chocolate eligance,chocolate volcano"
"chocolate delight 5 star - 500 gm","chocolate delight 5 star - 500 gm"
"chocolate doll type","chocolate doll type"
"chocolate elegance cale","chocolate elegance cale"
"chocolate emoji????","chocolate emoji????"
"chocolate express 17 march 2024","chocolate express 17 march 2024"
"chocolate express - 500 gm","chocolate express - 500 gm"
"chocolate falvour ghutkha theme","chocolate falvour ghutkha theme"
"chocolate father's day","chocolate father's day"
"chocolate ferari rolling pin","chocolate ferari rolling pin"
"chocolate flavor carton","chocolate flavor carton"
"chocolate flavor boyfriend","chocolate flavor boyfriend"
"chocolate flavour 500gm","chocolate flavour 500gm"
"chocolate flavour birthday cack husband","chocolate flavour birthday cack husband"
"chocolate flavour birthday","chocolate flavour birthday,chocolate walnut birthday"
"chocolate flavour boy friend laptop","chocolate flavour boy friend laptop"
"chocolate flavour 5kg three tier","chocolate flavour 5kg three tier"
"chocolate flavour cricket theme","chocolate flavour cricket theme"
"chocolate flavour doctor theme","chocolate flavour doctor theme"
"chocolate flavour heart shaped","chocolate flavour heart shaped"
"chocolate flavour under 200","chocolate flavour under 200"
"chocolate flavour write happy birthday aarti di","chocolate flavour write happy birthday aarti di"
"chocolate florina gogoi super dancer ch 4","chocolate florina gogoi super dancer ch 4"
"chocolate fondant beautyparlour","chocolate fondant beautyparlour"
"chocolate fondant heart shape","chocolate fondant heart shape"
"chocolate fruity freshness","chocolate fruity freshness"
"chocolate fudge nigella","chocolate fudge nigella"
"chocolate fudge jar","chocolate fudge jar,chocolate surge 1kg,chocolate tuffels jar"
"chocolate girls cke","chocolate girls cke"
"chocolate hair color loreal","chocolate hair color loreal"
"chocolate hazelnut bat ball","chocolate hazelnut bat ball"
"chocolate heart's","chocolate heart's"
"chocolate hello kitty","chocolate hello kitty"
"chocolate high low","chocolate high low"
"chocolate ice cream 500 gms","chocolate ice cream 500 gms,chocolate ice cream 500gms"
"chocolate ice-cream cake-500 gms","chocolate ice-cream cake-500 gms"
"chocolate indulgence","chocolate indulgence,chocolate indulgence,chocolaty indulgence"
"chocolate ivwrload","chocolate ivwrload,chocolate over load,chocolate overload,chocolate overload,chocolate overload,chocolate overloded,chocoloate overload,chocoloate overload"
"chocolate laptop design","chocolate laptop design"
"chocolate layer lava cack","chocolate layer lava cack"
"chocolate layered 1.5","chocolate layered 1.5"
"chocolate long cale","chocolate long cale,chocolate mouse cace,chocolate mud came"
"chocolate make up","chocolate make up"
"chocolate mirror glaze","chocolate mirror glaze"
"chocolate mocha almond","chocolate mocha almond"
"chocolate mousse flake","chocolate mousse flake"
"chocolate n butterscotch cske","chocolate n butterscotch cske"
"chocolate n guitars theme","chocolate n guitars theme"
"chocolate nougatine","chocolate nougatine"
"chocolate oreo mousse","chocolate oreo mousse"
"chocolate overload kinda","chocolate overload kinda"
"chocolate overloaded pullme up","chocolate overloaded pullme up,chocolate overloaded pullme up"
"chocolate overloded drip sickle topper","chocolate overloded drip sickle topper"
"chocolate paradise 500 gms","chocolate paradise 500 gms,chocolate paradise-500 gms,chocolate paradise-500 gms"
"chocolate photo barbique- 500 gm","chocolate photo barbique- 500 gm"
"chocolate photo square","chocolate photo square"
"chocolate piñata birthday","chocolate piñata birthday"
"chocolate pineapple flavour","chocolate pineapple flavour"
"chocolate plum 16 december 2022","chocolate plum 16 december 2022"
"chocolate plum cake-500 gm","chocolate plum cake-500 gm"
"chocolate pull up cale","chocolate pull up cale"
"chocolate romantic cakr","chocolate romantic cakr"
"chocolate rose happy anniversary","chocolate rose happy anniversary"
"chocolate rose single","chocolate rose single"
"chocolate royal enfield","chocolate royal enfield"
"chocolate simple degian","chocolate simple degian"
"chocolate small low price","chocolate small low price"
"chocolate small under 300","chocolate small under 300"
"chocolate snd almond cskes","chocolate snd almond cskes"
"chocolate sponge dark chocolate.","chocolate sponge dark chocolate."
"chocolate squared cupcakes","chocolate squared cupcakes"
"chocolate strawberry cake-500 gms","chocolate strawberry cake-500 gms"
"chocolate tart big","chocolate tart big"
"chocolate thick cream","chocolate thick cream"
"chocolate tiramisu","chocolate tiramisu"
"chocolate traffle 1kg","chocolate traffle 1kg,chocolate turffle cakee"
"chocolate truffle anniversary","chocolate truffle anniversary,chocolate truffle anniversary,chocolate truffle anniversary"
"chocolate truffle baloon","chocolate truffle baloon,chocolate truffle bonbons,chocolate truffle flavor,chocolate truffle pastry,chocolate truffle walnet"
"chocolate truffle birthday","chocolate truffle birthday,chocolate truffle birthday,chocolate truffle birthday kids"
"chocolate truffle 1 price","chocolate truffle 1 price,chocolate truffle cupcake"
"chocolate truffle under 300","chocolate truffle under 300"
"chocolate truffle girl's theme","chocolate truffle girl's theme,chocolate truffle bts theme"
"chocolate truffle hard shave","chocolate truffle hard shave,chocolate truffle heart shape,chocolate truffle heart shoe"
"chocolate truffle coconut mint","chocolate truffle coconut mint"
"chocolate truffle customised","chocolate truffle customised"
"chocolate truffle eggless","chocolate truffle eggless,chocolate truffle eggless,chocolate truffle cheese,chocolate truffles eggless"
"chocolate truffle 18 year girl","chocolate truffle 18 year girl,chocolate truffle 20 year girl"
"chocolate truffle pastries","chocolate truffle pastries,chocolate trufflepastry"
"chocolate truffle photocake","chocolate truffle photocake"
"chocolate truffle pull up","chocolate truffle pull up"
"chocolate truffle royal eggless","chocolate truffle royal eggless"
"chocolate truffle sugarfree","chocolate truffle sugarfree"
"chocolate truffle chocolate chips","chocolate truffle chocolate chips"
"chocolate truffles fruits","chocolate truffles fruits,chocolate truffles fruits"
"chocolate under 300 250 gms","chocolate under 300 250 gms,chocolate under 500 250 gms"
"chocolate unicorn theme","chocolate unicorn theme"
"chocolate vanilla flavour","chocolate vanilla flavour"
"chocolate vanilla gym lover","chocolate vanilla gym lover"
"chocolate velvet truffle","chocolate velvet truffle,chocolate walnut trufle"
"chocolate velvet cheese","chocolate velvet cheese"
"chocolate viral lava","chocolate viral lava"
"chocolate waffle chocolates","chocolate waffle chocolates"
"chocolate waffle strawberry","chocolate waffle strawberry"
"chocolate waterfall","chocolate waterfall,chocolate waterfall cale"
"chocolate coconut types topping","chocolate coconut types topping"
"chocolate marvel customised","chocolate marvel customised"
"chocolate message card","chocolate message card"
"chocolate raspberry truffle","chocolate raspberry truffle"
"chocolate vanila anniversary","chocolate vanila anniversary"
"chocolate,birthday ,elephant theme","chocolate,birthday ,elephant theme"
"chocolate. photo.","chocolate. photo."
chocolateexprace,chocolateexprace
"chocolates black pink colour","chocolates black pink colour"
"chocolates cake, 1 kg.","chocolates cake, 1 kg."
"chocolates flavours small size","chocolates flavours small size"
"chocolaty birth day - 250 gm","chocolaty birth day - 250 gm"
"chocolaty happy new year","chocolaty happy new year"
"chocolaty heart - 250 gm","chocolaty heart - 250 gm"
chocolatyfgccake403heart,chocolatyfgccake403heart
"chocopinata heart","chocopinata heart"
"chocotella cake-1.5","chocotella cake-1.5"
"chocotrumpler pastry","chocotrumpler pastry"
"choda vadai","choda vadai,choda vadhai,chooda vadhai,choodha wadhai,choora wadhai,chopra vadhai,chuda wadhai,chura vadai,chura vidai,chura vidai"
"chodne wali ladkiyon ke photo","chodne wali ladkiyon ke photo"
"chokelate rs 500","chokelate rs 500"
"choklet flewer","choklet flewer"
"chokolate cheap 300 half","chokolate cheap 300 half"
"chokolate jesy car","chokolate jesy car"
"cholate theme cone","cholate theme cone"
"cholate vanilaa","cholate vanilaa"
"cholchate hazel affair","cholchate hazel affair"
"chole bhature theme","chole bhature theme"
"cholesterol 2 700 rupee under","cholesterol 2 700 rupee under"
"chololates heart shapa","chololates heart shapa"
"choo-choo under 350","choo-choo under 350"
"choora badhana","choora badhana"
"choose choo train","choose choo train"
"chot bheem photo","chot bheem photo,chota bheem theme,chotabheem photo"
"chota bheem all movies","chota bheem all movies"
"chota bheem &amp; chutki","chota bheem &amp; chutki,chota bheem + chutki"
"chota bheem 3tier","chota bheem 3tier,chota bheem design,chota bheem design"
"chota bheem chocolate","chota bheem chocolate"
"chota bheem team cake\","chota bheem team cake\"
"chota bhim type","chota bhim type"
"chota hanuman","chota hanuman"
"chotabheem hanuman ganesh krishna","chotabheem hanuman ganesh krishna"
"chottabheem design","chottabheem design"
"chotu ganesha","chotu ganesha"
"chris all design","chris all design"
"chrismas tree","chrismas tree,christmas marvel,christmas beers,christmas wines,christmas wines,christmas fruit,chritsmas tree"
"chrisrmas cupcake","chrisrmas cupcake,christmas cupcakes,christmas-cup-cakes"
"christain fatger","christain fatger,christain father"
"christening baby girl","christening baby girl"
"christian dior","christian dior"
"christian wedding cacke","christian wedding cacke"
"christmas accessories","christmas accessories"
"christmas new year","christmas new year"
"christmas baloon","christmas baloon,christmas 1 pound,christmas hamper,christmas holly,christmas plump,christmas santa,christmas santa"
"christmas chocolate delhi","christmas chocolate delhi"
"christmas cream based","christmas cream based"
"christmas wine raisin","christmas wine raisin"
"christmas rum soaked","christmas rum soaked"
"christmas christmas tree","christmas christmas tree"
"christmas without cream","christmas without cream,christmas without creame"
"christmas wines beers","christmas wines beers"
"christmas caramel cupcakes","christmas caramel cupcakes"
"christmas celebrations","christmas celebrations"
"christmas chocolate","christmas chocolate,christmas cookie"
"christmas cookies","christmas cookies"
"christmas dry made wine dry","christmas dry made wine dry"
"christmas fondant","christmas fondant,christmas fondant,christmas fondant,christmas snowman"
"christmas gifts","christmas gifts,christmas printed,christms photo"
"christmas hampers","christmas hampers"
"christmas pineapple","christmas pineapple"
"christmas red velvet","christmas red velvet"
"christmas snowman cupcakes","christmas snowman cupcakes,christmas special cupcakes"
"christmas special","christmas special"
"christmas special cupcakes-set 8","christmas special cupcakes-set 8"
"christmas tree green tree","christmas tree green tree"
"christmas tree plum","christmas tree plum"
"christmas tree plum cake-1.5","christmas tree plum cake-1.5"
"christmas two cupcakes","christmas two cupcakes"
"chrysler 300","chrysler 300"
"chu chu tv","chu chu tv,chu chu tv sign"
"chubby cheeks","chubby cheeks"
"chuchu tv design","chuchu tv design"
"chup withour icing","chup withour icing"
"chut ki foto","chut ki foto"
"chutki chocolate rectangle","chutki chocolate rectangle"
"cibical affair 1.5","cibical affair 1.5"
"cicus carnival","cicus carnival"
"cig grateful","cig grateful"
"cigarette customized","cigarette customized"
"cigarette design","cigarette design"
"cigarette birthday design","cigarette birthday design"
"cigarette buds beer botle","cigarette buds beer botle"
